booking_id,resident_id,facility,booking_timestamp,usage_timestamp,household_size,has_kids,move_in_date
B-000001,R-0265,Clubhouse,2023-11-13 17:45:00.000000,2024-02-11 17:45:00,3.0,False,2023-04-02
B-000002,R-0258,Multipurpose Hall,2023-11-16 14:47:59.773972,2024-01-12 10:00:00,2.0,True,2023-04-04
B-000003,R-0011,Multipurpose Hall,2023-11-27 10:34:05.455938,2024-01-25 19:00:00,4.0,False,2022-01-15
B-000004,R-0181,Clubhouse,2023-11-28 18:29:42.990702,2024-01-13 11:00:00,4.0,True,2022-08-08
B-000005,R-0248,Clubhouse,2023-12-01 18:14:00.977235,2024-01-22 11:45:00,2.0,True,2022-12-30
B-000006,R-0275,Multipurpose Hall,2023-12-05 10:47:38.398857,2024-01-02 19:00:00,4.0,True,2020-05-07
B-000007,R-0297,Multipurpose Hall,2023-12-06 03:58:30.473651,2024-01-11 10:15:00,1.0,False,2021-05-14
B-000008,R-0212,Clubhouse,2023-12-18 05:08:57.300561,2024-01-17 11:15:00,5.0,False,2023-06-20
B-000009,R-0061,Clubhouse,2023-12-19 14:44:09.286248,2024-02-18 20:45:00,1.0,False,2022-11-06
B-000010,R-0275,Multipurpose Hall,2023-12-21 09:04:34.692224,2024-01-13 19:45:00,4.0,True,2020-05-07
B-000011,R-0121,Clubhouse,2023-12-22 02:31:58.208428,2024-01-09 11:30:00,4.0,False,2023-04-27
B-000012,R-0134,Clubhouse,2023-12-25 08:05:35.874527,2024-01-10 17:30:00,4.0,False,2020-03-31
B-000013,R-0069,Clubhouse,2023-12-25 15:36:07.971783,2024-01-25 18:15:00,1.0,False,2023-11-30
B-000014,R-0012,Clubhouse,2023-12-26 00:55:43.482447,2024-01-13 20:00:00,4.0,True,2020-11-21
B-000015,R-0311,Clubhouse,2023-12-26 09:07:56.908762,2024-01-07 11:30:00,5.0,False,2021-06-05
B-000016,R-0040,Badminton Court,2023-12-27 08:45:00.000000,2024-01-03 20:45:00,2.0,True,2023-09-02
B-000017,R-0125,Multipurpose Hall,2023-12-28 10:35:29.633828,2024-02-02 11:00:00,5.0,True,2020-12-19
B-000018,R-0240,Clubhouse,2023-12-29 02:56:28.887351,2024-01-19 17:15:00,4.0,True,2021-08-25
B-000019,R-0116,Multipurpose Hall,2023-12-30 19:41:13.304134,2024-01-07 19:00:00,4.0,False,2020-04-11
B-000020,R-0240,Squash Court,2023-12-30 20:28:14.198828,2024-01-03 20:15:00,4.0,True,2021-08-25
B-000021,R-0024,Clubhouse,2024-01-01 15:31:28.177406,2024-01-20 20:15:00,1.0,False,2020-09-16
B-000022,R-0061,Multipurpose Hall,2024-01-01 16:52:14.162439,2024-01-06 17:00:00,1.0,False,2022-11-06
B-000023,R-0063,Badminton Court,2024-01-02 04:47:50.820003,2024-01-02 18:00:00,2.0,False,2020-11-01
B-000024,R-0170,Swimming Pool,2024-01-02 06:23:53.460455,2024-01-04 18:30:00,4.0,False,2023-02-04
B-000025,R-0291,Badminton Court,2024-01-02 09:01:18.765172,2024-01-02 21:00:00,5.0,False,2020-11-14
B-000026,R-0267,Multipurpose Hall,2024-01-02 10:46:42.551183,2024-01-11 17:45:00,3.0,False,2021-09-07
B-000027,R-0013,Clubhouse,2024-01-02 11:19:47.744538,2024-01-07 12:30:00,1.0,True,2023-10-18
B-000028,R-0284,Gym,2024-01-02 12:59:51.898688,2024-01-03 09:30:00,1.0,False,2023-06-19
B-000029,R-0032,Tennis Court,2024-01-02 13:04:21.293084,2024-01-06 06:45:00,4.0,False,2020-08-02
B-000030,R-0311,Multipurpose Hall,2024-01-02 16:44:55.946742,2024-01-15 18:45:00,5.0,False,2021-06-05
B-000031,R-0208,Gym,2024-01-03 15:24:44.692061,2024-01-04 19:00:00,5.0,False,2021-08-16
B-000032,R-0083,Kids Play Area,2024-01-03 15:47:19.329526,2024-01-03 18:30:00,1.0,True,2020-03-12
B-000033,R-0182,Gym,2024-01-03 17:59:23.001352,2024-01-04 08:00:00,2.0,True,2022-11-04
B-000034,R-0245,Squash Court,2024-01-03 18:45:00.000000,2024-01-09 18:45:00,1.0,False,2022-02-09
B-000035,R-0129,Gym,2024-01-03 20:58:12.291425,2024-01-04 09:00:00,2.0,False,2022-06-19
B-000036,R-0032,Tennis Court,2024-01-03 23:09:35.717573,2024-01-04 06:00:00,4.0,False,2020-08-02
B-000037,R-0135,Badminton Court,2024-01-03 23:19:43.928379,2024-01-07 17:00:00,2.0,True,2021-05-18
B-000038,R-0003,Tennis Court,2024-01-04 00:29:41.636678,2024-01-06 18:45:00,1.0,False,2020-06-06
B-000039,R-0273,Multipurpose Hall,2024-01-04 00:38:27.907852,2024-01-31 17:00:00,5.0,False,2020-10-30
B-000040,R-0052,Badminton Court,2024-01-04 02:33:00.888981,2024-01-04 17:15:00,3.0,True,2022-09-27
B-000041,R-0190,Kids Play Area,2024-01-04 05:11:05.374428,2024-01-04 09:45:00,4.0,True,2022-05-02
B-000042,R-0204,Gym,2024-01-04 05:29:00.372678,2024-01-04 14:00:00,4.0,False,2022-05-24
B-000043,R-0229,Squash Court,2024-01-04 11:07:38.315145,2024-01-06 07:15:00,2.0,False,2020-02-16
B-000044,R-0111,Swimming Pool,2024-01-04 12:39:22.704145,2024-01-04 19:30:00,2.0,True,2022-01-10
B-000045,R-0193,Badminton Court,2024-01-04 18:49:52.479245,2024-01-04 20:00:00,2.0,True,2021-06-16
B-000046,R-0225,Clubhouse,2024-01-04 23:46:53.788572,2024-01-10 11:30:00,2.0,False,2021-03-31
B-000047,R-0085,Badminton Court,2024-01-05 02:30:07.649438,2024-01-05 20:45:00,1.0,False,2022-03-24
B-000048,R-0309,Kids Play Area,2024-01-05 06:57:30.476837,2024-01-05 10:00:00,1.0,True,2022-05-22
B-000049,R-0263,Clubhouse,2024-01-05 07:11:16.216722,2024-02-14 20:15:00,3.0,True,2022-08-11
B-000050,R-0128,Tennis Court,2024-01-05 11:12:47.900720,2024-01-05 17:15:00,4.0,False,2021-12-26
B-000051,R-0259,Gym,2024-01-05 11:49:58.374931,2024-01-05 15:15:00,3.0,False,2023-12-21
B-000052,R-0249,Multipurpose Hall,2024-01-05 16:38:42.379709,2024-02-02 18:30:00,4.0,True,2021-04-14
B-000053,R-0022,Badminton Court,2024-01-05 21:49:04.405064,2024-01-10 19:00:00,2.0,True,2022-11-11
B-000054,R-0003,Badminton Court,2024-01-06 01:25:53.561291,2024-01-08 19:00:00,1.0,False,2020-06-06
B-000055,R-0064,Squash Court,2024-01-06 07:09:33.000667,2024-01-06 18:45:00,2.0,False,2022-10-17
B-000056,R-0188,Swimming Pool,2024-01-06 08:53:03.359623,2024-01-06 16:15:00,1.0,False,2023-02-11
B-000057,R-0203,Multipurpose Hall,2024-01-06 09:06:40.722162,2024-01-18 11:30:00,4.0,False,2023-10-19
B-000058,R-0235,Clubhouse,2024-01-06 10:39:51.107906,2024-01-20 19:30:00,2.0,False,2020-08-24
B-000059,R-0141,Squash Court,2024-01-06 13:07:52.747641,2024-01-07 19:15:00,1.0,False,2020-01-06
B-000060,R-0267,Multipurpose Hall,2024-01-07 06:29:15.588448,2024-01-15 18:15:00,3.0,False,2021-09-07
B-000061,R-0300,Badminton Court,2024-01-07 10:36:14.067456,2024-01-08 19:30:00,4.0,False,2023-10-05
B-000062,R-0042,Squash Court,2024-01-07 13:58:24.453464,2024-01-07 20:45:00,3.0,False,2022-11-14
B-000063,R-0137,Kids Play Area,2024-01-07 15:16:38.658064,2024-01-07 17:00:00,2.0,True,2020-08-26
B-000064,R-0265,Kids Play Area,2024-01-07 15:22:41.065771,2024-01-07 18:15:00,3.0,False,2023-04-02
B-000065,R-0178,Clubhouse,2024-01-07 16:51:16.618094,2024-01-10 11:00:00,2.0,True,2023-06-30
B-000066,R-0293,Badminton Court,2024-01-07 17:48:32.713663,2024-01-08 21:15:00,3.0,True,2023-08-16
B-000067,R-0057,Gym,2024-01-07 18:15:18.952178,2024-01-08 08:45:00,2.0,False,2022-06-23
B-000068,R-0279,Multipurpose Hall,2024-01-07 18:50:01.393697,2024-01-14 11:00:00,1.0,False,2023-11-24
B-000069,R-0203,Tennis Court,2024-01-07 21:46:31.827487,2024-01-08 07:00:00,4.0,False,2023-10-19
B-000070,R-0056,Badminton Court,2024-01-07 22:33:24.870020,2024-01-09 17:15:00,2.0,True,2020-07-16
B-000071,R-0302,Multipurpose Hall,2024-01-07 23:02:26.659874,2024-01-29 19:00:00,2.0,True,2023-05-11
B-000072,R-0271,Squash Court,2024-01-07 23:26:02.758771,2024-01-08 08:15:00,1.0,True,2021-04-08
B-000073,R-0088,Multipurpose Hall,2024-01-08 02:00:28.580449,2024-01-24 17:00:00,5.0,False,2023-05-21
B-000074,R-0233,Badminton Court,2024-01-08 04:55:15.527215,2024-01-13 21:30:00,4.0,True,2021-11-14
B-000075,R-0274,Gym,2024-01-08 05:20:58.243049,2024-01-08 10:45:00,1.0,False,2021-08-07
B-000076,R-0240,Kids Play Area,2024-01-08 08:39:32.929498,2024-01-10 17:30:00,4.0,True,2021-08-25
B-000077,R-0288,Tennis Court,2024-01-08 12:51:25.286206,2024-01-10 07:45:00,4.0,False,2023-09-08
B-000078,R-0125,Tennis Court,2024-01-08 14:35:25.245693,2024-01-09 19:45:00,5.0,True,2020-12-19
B-000079,R-0076,Gym,2024-01-08 15:09:48.692833,2024-01-09 10:30:00,2.0,False,2020-08-07
B-000080,R-0036,Kids Play Area,2024-01-08 15:32:13.383230,2024-01-08 18:45:00,3.0,True,2021-02-14
B-000081,R-0076,Swimming Pool,2024-01-08 23:06:20.651115,2024-01-10 07:45:00,2.0,False,2020-08-07
B-000082,R-0139,Tennis Court,2024-01-09 00:10:42.107464,2024-01-16 18:30:00,4.0,True,2022-06-23
B-000083,R-0194,Badminton Court,2024-01-09 03:26:06.571589,2024-01-09 19:45:00,1.0,False,2023-01-19
B-000084,R-0317,Gym,2024-01-09 03:34:21.920122,2024-01-09 10:00:00,1.0,False,2023-02-18
B-000085,R-0117,Squash Court,2024-01-09 07:09:45.340721,2024-01-10 08:45:00,4.0,False,2020-10-16
B-000086,R-0159,Kids Play Area,2024-01-09 09:13:45.653494,2024-01-09 10:00:00,3.0,True,2022-11-14
B-000087,R-0092,Multipurpose Hall,2024-01-10 02:03:04.665189,2024-01-22 19:00:00,3.0,False,2023-07-28
B-000088,R-0232,Kids Play Area,2024-01-10 03:28:13.102935,2024-01-10 10:30:00,5.0,True,2022-05-16
B-000089,R-0084,Swimming Pool,2024-01-10 10:53:57.808871,2024-01-14 07:15:00,1.0,False,2021-03-07
B-000090,R-0011,Tennis Court,2024-01-10 11:23:22.205804,2024-01-11 17:30:00,4.0,False,2022-01-15
B-000091,R-0288,Squash Court,2024-01-10 16:54:43.501471,2024-01-11 07:30:00,4.0,False,2023-09-08
B-000092,R-0178,Clubhouse,2024-01-10 18:05:12.012570,2024-01-14 12:00:00,2.0,True,2023-06-30
B-000093,R-0005,Kids Play Area,2024-01-10 20:56:29.229846,2024-01-11 10:45:00,3.0,True,2021-05-16
B-000094,R-0139,Squash Court,2024-01-11 00:43:24.690358,2024-01-11 18:45:00,4.0,True,2022-06-23
B-000095,R-0192,Badminton Court,2024-01-11 04:29:41.312063,2024-01-16 20:30:00,4.0,True,2023-07-01
B-000096,R-0062,Badminton Court,2024-01-11 08:45:00.000000,2024-01-18 20:45:00,2.0,False,2020-06-01
B-000097,R-0039,Kids Play Area,2024-01-11 09:14:59.162606,2024-01-11 16:00:00,,False,2020-08-27
B-000098,R-0101,Badminton Court,2024-01-11 10:09:56.272857,2024-01-13 19:00:00,2.0,False,2021-06-13
B-000099,R-0092,Kids Play Area,2024-01-11 12:23:52.084789,2024-01-12 17:15:00,3.0,False,2023-07-28
B-000100,R-0120,Tennis Court,2024-01-11 15:37:21.818153,2024-01-12 17:00:00,2.0,True,2023-09-11
B-000101,R-0237,Kids Play Area,2024-01-11 18:13:44.683891,2024-01-12 09:30:00,2.0,False,2020-12-11
B-000102,R-0174,Gym,2024-01-11 19:18:50.348898,2024-01-12 11:15:00,3.0,False,2022-11-22
B-000103,R-0032,Multipurpose Hall,2024-01-11 19:35:31.521537,2024-01-16 11:00:00,4.0,False,2020-08-02
B-000104,R-0278,Tennis Court,2024-01-11 19:58:09.531409,2024-01-12 07:00:00,4.0,False,2023-06-25
B-000105,R-0274,Gym,2024-01-12 01:23:29.365860,2024-01-12 12:30:00,1.0,False,2021-08-07
B-000106,R-0024,Squash Court,2024-01-12 02:19:49.583773,2024-01-13 07:45:00,1.0,False,2020-09-16
B-000107,R-0276,Tennis Court,2024-01-12 11:33:50.305131,2024-01-14 17:30:00,1.0,False,2021-12-03
B-000108,R-0259,Kids Play Area,2024-01-12 13:52:07.460452,2024-01-12 18:00:00,3.0,False,2023-12-21
B-000109,R-0217,Tennis Court,2024-01-12 16:37:07.593331,2024-01-13 17:45:00,1.0,False,2020-11-09
B-000110,R-0283,Kids Play Area,2024-01-12 18:00:00.000000,2024-01-15 18:00:00,1.0,False,2020-02-28
B-000111,R-0248,Gym,2024-01-12 18:04:55.609293,2024-01-13 08:45:00,2.0,True,2022-12-30
B-000112,R-0220,Badminton Court,2024-01-12 20:07:42.715674,2024-01-15 18:00:00,5.0,False,2021-05-12
B-000113,R-0022,Multipurpose Hall,2024-01-12 20:53:49.021084,2024-01-25 10:45:00,2.0,True,2022-11-11
B-000114,R-0215,Gym,2024-01-12 22:03:06.072420,2024-01-13 07:30:00,2.0,True,2023-03-17
B-000115,R-0066,Badminton Court,2024-01-12 23:35:01.784116,2024-01-14 20:45:00,2.0,False,2021-02-13
B-000116,R-0122,Badminton Court,2024-01-13 02:39:29.612013,2024-01-14 21:15:00,1.0,False,2022-11-04
B-000117,R-0144,Badminton Court,2024-01-13 04:49:36.091520,2024-01-13 17:15:00,3.0,False,2022-07-09
B-000118,R-0166,Gym,2024-01-13 05:10:50.302727,2024-01-13 11:00:00,4.0,False,2022-10-13
B-000119,R-0124,Badminton Court,2024-01-13 08:31:17.043719,2024-01-13 17:30:00,3.0,False,2022-08-31
B-000120,R-0018,Tennis Court,2024-01-13 09:30:32.061790,2024-01-13 19:30:00,,False,2020-12-01
B-000121,R-0035,Gym,2024-01-13 11:07:54.137459,2024-01-15 15:45:00,1.0,False,2023-05-21
B-000122,R-0114,Swimming Pool,2024-01-13 11:55:18.285383,2024-01-15 18:45:00,3.0,True,2021-10-04
B-000123,R-0176,Squash Court,2024-01-13 12:17:21.681377,2024-01-13 20:15:00,5.0,True,2022-03-04
B-000124,R-0149,Kids Play Area,2024-01-13 13:09:32.473426,2024-01-13 16:00:00,2.0,False,2020-09-09
B-000125,R-0175,Multipurpose Hall,2024-01-13 16:50:10.804498,2024-01-21 19:15:00,1.0,False,2020-01-26
B-000126,R-0186,Multipurpose Hall,2024-01-13 18:23:25.091194,2024-01-19 17:30:00,2.0,False,2020-11-10
B-000127,R-0096,Gym,2024-01-13 22:30:25.622259,2024-01-14 15:00:00,1.0,False,2022-10-22
B-000128,R-0269,Tennis Court,2024-01-13 23:59:40.137678,2024-01-14 17:30:00,5.0,False,2023-11-18
B-000129,R-0056,Tennis Court,2024-01-14 00:17:10.988332,2024-01-17 06:45:00,2.0,True,2020-07-16
B-000130,R-0296,Squash Court,2024-01-14 00:40:31.442125,2024-01-14 19:00:00,5.0,False,2021-02-23
B-000131,R-0255,Tennis Court,2024-01-14 02:00:16.876232,2024-01-14 19:30:00,4.0,False,2021-08-19
B-000132,R-0167,Swimming Pool,2024-01-14 04:23:07.081635,2024-01-14 07:45:00,2.0,False,2020-02-05
B-000133,R-0260,Swimming Pool,2024-01-14 05:17:57.573465,2024-01-14 17:15:00,5.0,False,2020-02-11
B-000134,R-0146,Kids Play Area,2024-01-14 07:07:47.273889,2024-01-14 09:30:00,4.0,False,2020-03-14
B-000135,R-0183,Badminton Court,2024-01-14 08:27:10.789539,2024-01-14 19:15:00,5.0,False,2021-12-25
B-000136,R-0180,Kids Play Area,2024-01-14 13:36:20.949137,2024-01-14 16:30:00,2.0,False,2020-05-11
B-000137,R-0182,Gym,2024-01-14 13:48:59.583038,2024-01-15 08:45:00,2.0,True,2022-11-04
B-000138,R-0247,Swimming Pool,2024-01-14 15:04:41.581632,2024-01-14 17:00:00,3.0,True,2021-09-01
B-000139,R-0100,Kids Play Area,2024-01-14 15:11:43.206519,2024-01-14 17:15:00,5.0,True,2020-08-16
B-000140,R-0158,Kids Play Area,2024-01-14 17:07:30.000000,2024-01-14 17:15:00,1.0,True,2021-11-01
B-000141,R-0277,Gym,2024-01-14 18:11:08.270130,2024-01-15 06:15:00,1.0,True,2022-11-26
B-000142,R-0177,Gym,2024-01-14 18:37:24.692880,2024-01-15 20:45:00,1.0,False,2021-12-08
B-000143,R-0249,Swimming Pool,2024-01-14 18:46:06.297871,2024-01-15 16:30:00,4.0,True,2021-04-14
B-000144,R-0292,Badminton Court,2024-01-14 20:06:21.580608,2024-01-15 20:30:00,3.0,False,2020-01-30
B-000145,R-0270,Multipurpose Hall,2024-01-15 04:07:26.464405,2024-02-03 10:00:00,2.0,True,2023-11-01
B-000146,R-0127,Kids Play Area,2024-01-15 08:05:10.512205,2024-01-15 09:30:00,3.0,False,2020-06-15
B-000147,R-0256,Swimming Pool,2024-01-15 08:12:11.316806,2024-01-15 16:30:00,3.0,True,2021-06-07
B-000148,R-0221,Tennis Court,2024-01-15 10:02:23.825015,2024-01-16 07:00:00,1.0,True,2023-09-29
B-000149,R-0016,Kids Play Area,2024-01-15 21:07:57.569849,2024-01-16 16:30:00,1.0,True,2020-04-13
B-000150,R-0052,Multipurpose Hall,2024-01-15 23:46:22.566162,2024-01-17 10:45:00,3.0,True,2022-09-27
B-000151,R-0113,Tennis Court,2024-01-16 01:45:56.364233,2024-01-17 07:15:00,4.0,False,2022-06-28
B-000152,R-0099,Badminton Court,2024-01-16 02:56:51.890115,2024-01-16 18:45:00,2.0,False,2022-07-13
B-000153,R-0102,Squash Court,2024-01-16 04:13:41.923452,2024-01-16 07:15:00,1.0,False,2022-05-02
B-000154,R-0023,Kids Play Area,2024-01-16 05:08:52.852551,2024-01-16 10:15:00,1.0,False,2022-12-13
B-000155,R-0138,Tennis Court,2024-01-16 05:43:29.766680,2024-01-17 19:00:00,3.0,False,2021-08-01
B-000156,R-0110,Badminton Court,2024-01-16 05:51:13.671288,2024-01-17 19:15:00,4.0,False,2022-06-09
B-000157,R-0267,Kids Play Area,2024-01-16 06:47:58.677726,2024-01-16 09:15:00,3.0,False,2021-09-07
B-000158,R-0076,Badminton Court,2024-01-16 11:39:18.737384,2024-01-16 17:00:00,2.0,False,2020-08-07
B-000159,R-0229,Tennis Court,2024-01-16 14:16:45.527833,2024-01-23 07:45:00,2.0,False,2020-02-16
B-000160,R-0139,Squash Court,2024-01-16 14:20:18.490937,2024-01-17 18:15:00,4.0,True,2022-06-23
B-000161,R-0018,Tennis Court,2024-01-16 14:30:34.100759,2024-01-25 19:00:00,3.0,False,2020-12-01
B-000162,R-0305,Tennis Court,2024-01-16 15:01:14.299303,2024-01-17 07:00:00,5.0,False,2023-08-05
B-000163,R-0014,Squash Court,2024-01-16 16:01:19.281901,2024-01-18 08:30:00,3.0,False,2023-02-21
B-000164,R-0188,Swimming Pool,2024-01-16 19:35:27.819132,2024-01-18 16:00:00,1.0,False,2023-02-11
B-000165,R-0085,Swimming Pool,2024-01-16 19:44:53.705694,2024-01-17 16:15:00,1.0,False,2022-03-24
B-000166,R-0189,Squash Court,2024-01-16 20:02:10.785773,2024-01-17 18:45:00,1.0,False,2022-07-11
B-000167,R-0056,Multipurpose Hall,2024-01-16 20:44:58.584493,2024-01-24 11:00:00,2.0,True,2020-07-16
B-000168,R-0059,Kids Play Area,2024-01-17 03:25:00.223349,2024-01-17 10:45:00,2.0,True,2021-11-08
B-000169,R-0090,Kids Play Area,2024-01-17 03:42:16.368546,2024-01-17 16:00:00,3.0,False,2020-03-27
B-000170,R-0276,Tennis Court,2024-01-17 05:26:16.473181,2024-01-18 17:30:00,1.0,False,2021-12-03
B-000171,R-0259,Gym,2024-01-17 07:28:33.646916,2024-01-17 15:30:00,3.0,False,2023-12-21
B-000172,R-0033,Gym,2024-01-17 07:55:31.778284,2024-01-17 17:15:00,1.0,False,2022-09-12
B-000173,R-0054,Badminton Court,2024-01-17 09:56:42.103017,2024-01-17 17:30:00,2.0,False,2022-02-13
B-000174,R-0193,Badminton Court,2024-01-17 13:28:52.551840,2024-01-17 20:15:00,2.0,True,2021-06-16
B-000175,R-0046,Badminton Court,2024-01-17 15:28:09.840074,2024-01-17 18:30:00,1.0,True,2021-11-08
B-000176,R-0303,Multipurpose Hall,2024-01-17 15:28:24.532673,2024-01-18 18:30:00,2.0,False,2020-02-09
B-000177,R-0087,Clubhouse,2024-01-17 15:34:55.323332,2024-01-19 19:45:00,1.0,False,2023-02-22
B-000178,R-0317,Gym,2024-01-17 16:14:09.298311,2024-01-18 10:00:00,1.0,False,2023-02-18
B-000179,R-0012,Clubhouse,2024-01-17 18:12:33.761585,2024-02-06 20:15:00,4.0,True,2020-11-21
B-000180,R-0070,Swimming Pool,2024-01-18 01:09:37.601904,2024-01-18 06:45:00,3.0,False,2020-04-24
B-000181,R-0151,Gym,2024-01-18 03:12:50.360768,2024-01-19 17:00:00,4.0,True,2020-08-06
B-000182,R-0274,Clubhouse,2024-01-18 05:40:33.209968,2024-01-21 12:15:00,1.0,False,2021-08-07
B-000183,R-0212,Clubhouse,2024-01-18 07:09:33.038046,2024-02-10 19:15:00,5.0,False,2023-06-20
B-000184,R-0265,Swimming Pool,2024-01-18 07:16:05.883117,2024-01-19 17:45:00,3.0,False,2023-04-02
B-000185,R-0073,Gym,2024-01-18 08:10:44.129781,2024-01-19 10:45:00,1.0,True,2021-06-20
B-000186,R-0190,Badminton Court,2024-01-18 12:55:35.872287,2024-01-18 19:30:00,4.0,True,2022-05-02
B-000187,R-0154,Gym,2024-01-18 13:19:03.499535,2024-01-19 09:45:00,4.0,False,2020-04-23
B-000188,R-0206,Tennis Court,2024-01-18 14:06:55.168973,2024-01-19 18:00:00,3.0,False,2021-06-14
B-000189,R-0018,Tennis Court,2024-01-19 01:47:22.920682,2024-01-19 19:15:00,3.0,False,2020-12-01
B-000190,R-0163,Kids Play Area,2024-01-19 02:57:38.428789,2024-01-19 18:45:00,3.0,True,2022-11-25
B-000191,R-0265,Clubhouse,2024-01-19 05:09:49.414231,2024-01-27 17:00:00,3.0,False,2023-04-02
B-000192,R-0234,Squash Court,2024-01-19 07:52:47.568048,2024-01-19 19:00:00,4.0,False,2022-03-24
B-000193,R-0205,Badminton Court,2024-01-19 11:30:59.191011,2024-01-20 20:15:00,3.0,False,2023-01-19
B-000194,R-0082,Gym,2024-01-19 13:58:36.093516,2024-01-19 19:00:00,4.0,False,2020-08-31
B-000195,R-0292,Badminton Court,2024-01-19 17:16:24.715316,2024-01-20 18:00:00,3.0,False,2020-01-30
B-000196,R-0224,Clubhouse,2024-01-19 17:22:08.608666,2024-01-20 19:15:00,1.0,False,2021-05-19
B-000197,R-0076,Multipurpose Hall,2024-01-19 18:09:02.051049,2024-01-26 10:15:00,2.0,False,2020-08-07
B-000198,R-0132,Tennis Court,2024-01-19 18:27:30.273138,2024-01-22 18:30:00,3.0,True,2020-10-06
B-000199,R-0026,Multipurpose Hall,2024-01-19 19:17:50.769089,2024-01-23 19:30:00,2.0,False,2022-01-18
B-000200,R-0157,Squash Court,2024-01-19 21:31:29.268590,2024-01-20 18:00:00,3.0,True,2020-05-01
B-000201,R-0155,Kids Play Area,2024-01-19 22:40:57.499500,2024-01-20 09:15:00,5.0,True,2021-02-12
B-000202,R-0215,Gym,2024-01-20 00:54:57.957783,2024-01-21 07:15:00,2.0,True,2023-03-17
B-000203,R-0153,Gym,2024-01-20 02:59:37.695732,2024-01-20 08:30:00,5.0,False,2023-03-03
B-000204,R-0139,Squash Court,2024-01-20 03:58:25.411978,2024-01-22 20:45:00,4.0,True,2022-06-23
B-000205,R-0030,Badminton Court,2024-01-20 08:04:21.661630,2024-01-21 17:30:00,2.0,True,2023-02-05
B-000206,R-0180,Clubhouse,2024-01-20 10:10:37.651590,2024-01-21 18:30:00,2.0,False,2020-05-11
B-000207,R-0122,Badminton Court,2024-01-20 11:54:04.471820,2024-01-21 21:00:00,1.0,False,2022-11-04
B-000208,R-0038,Multipurpose Hall,2024-01-20 19:44:48.499716,2024-02-02 19:30:00,5.0,False,2020-08-26
B-000209,R-0036,Multipurpose Hall,2024-01-20 20:31:18.357323,2024-01-22 10:00:00,3.0,True,2021-02-14
B-000210,R-0057,Gym,2024-01-20 21:04:43.826619,2024-01-21 08:15:00,2.0,False,2022-06-23
B-000211,R-0038,Badminton Court,2024-01-20 22:03:39.875641,2024-01-21 17:15:00,5.0,False,2020-08-26
B-000212,R-0117,Swimming Pool,2024-01-20 23:00:56.702991,2024-01-21 08:00:00,4.0,False,2020-10-16
B-000213,R-0170,Swimming Pool,2024-01-21 00:12:55.063215,2024-01-21 18:15:00,4.0,False,2023-02-04
B-000214,R-0272,Squash Court,2024-01-21 00:44:22.862731,2024-01-21 20:30:00,3.0,False,2021-11-30
B-000215,R-0233,Squash Court,2024-01-21 02:23:36.444803,2024-01-21 20:00:00,4.0,True,2021-11-14
B-000216,R-0086,Swimming Pool,2024-01-21 03:13:32.620231,2024-01-21 08:30:00,3.0,False,2023-06-29
B-000217,R-0069,Clubhouse,2024-01-21 11:23:06.364105,2024-01-27 20:45:00,1.0,False,2023-11-30
B-000218,R-0124,Squash Court,2024-01-21 12:57:56.830417,2024-01-21 20:00:00,3.0,False,2022-08-31
B-000219,R-0128,Squash Court,2024-01-21 13:15:42.406985,2024-01-22 19:30:00,4.0,False,2021-12-26
B-000220,R-0100,Kids Play Area,2024-01-21 13:56:54.672399,2024-01-21 17:00:00,5.0,True,2020-08-16
B-000221,R-0220,Badminton Court,2024-01-21 15:27:04.072150,2024-01-23 18:45:00,5.0,False,2021-05-12
B-000222,R-0141,Multipurpose Hall,2024-01-21 15:41:15.942498,2024-01-24 10:45:00,1.0,False,2020-01-06
B-000223,R-0052,Badminton Court,2024-01-21 17:12:42.075623,2024-01-22 19:30:00,3.0,True,2022-09-27
B-000224,R-0305,Clubhouse,2024-01-21 18:50:10.399900,2024-01-26 11:00:00,5.0,False,2023-08-05
B-000225,R-0083,Squash Court,2024-01-21 19:55:48.045963,2024-01-22 08:15:00,1.0,True,2020-03-12
B-000226,R-0291,Clubhouse,2024-01-21 22:09:57.003377,2024-01-24 18:15:00,5.0,False,2020-11-14
B-000227,R-0225,Squash Court,2024-01-21 22:51:47.711397,2024-01-22 07:30:00,2.0,False,2021-03-31
B-000228,R-0295,Badminton Court,2024-01-22 03:44:01.379780,2024-01-22 21:45:00,3.0,False,2023-02-14
B-000229,R-0211,Squash Court,2024-01-22 04:28:47.038239,2024-01-22 19:45:00,5.0,True,2021-11-19
B-000230,R-0144,Badminton Court,2024-01-22 05:30:43.611617,2024-01-24 17:45:00,3.0,False,2022-07-09
B-000231,R-0261,Tennis Court,2024-01-22 08:02:26.971121,2024-01-22 17:00:00,5.0,True,2023-07-12
B-000232,R-0195,Tennis Court,2024-01-22 12:49:46.217898,2024-01-23 18:30:00,3.0,True,2022-06-30
B-000233,R-0080,Gym,2024-01-22 13:01:51.955976,2024-01-23 18:45:00,4.0,True,2021-01-23
B-000234,R-0090,Badminton Court,2024-01-22 15:15:53.807666,2024-01-23 20:30:00,3.0,False,2020-03-27
B-000235,R-0293,Gym,2024-01-22 22:01:35.553422,2024-01-23 10:30:00,3.0,True,2023-08-16
B-000236,R-0310,Multipurpose Hall,2024-01-22 22:14:19.563967,2024-02-05 18:30:00,3.0,False,2022-10-15
B-000237,R-0129,Squash Court,2024-01-23 01:23:17.114035,2024-01-23 08:45:00,2.0,False,2022-06-19
B-000238,R-0312,Gym,2024-01-23 03:14:16.501897,2024-01-23 11:30:00,1.0,False,2022-09-04
B-000239,R-0304,Clubhouse,2024-01-23 06:48:03.159916,2024-01-24 20:15:00,1.0,False,2022-12-16
B-000240,R-0013,Gym,2024-01-23 08:07:42.050048,2024-01-23 16:00:00,1.0,True,2023-10-18
B-000241,R-0232,Multipurpose Hall,2024-01-23 08:35:27.591327,2024-01-29 10:00:00,5.0,True,2022-05-16
B-000242,R-0174,Clubhouse,2024-01-23 08:49:47.909417,2024-01-28 11:15:00,3.0,False,2022-11-22
B-000243,R-0146,Kids Play Area,2024-01-23 08:50:41.458685,2024-01-23 09:15:00,4.0,False,2020-03-14
B-000244,R-0166,Gym,2024-01-23 09:50:22.884039,2024-01-24 11:45:00,4.0,False,2022-10-13
B-000245,R-0045,Squash Court,2024-01-23 12:49:09.397658,2024-01-23 20:00:00,4.0,False,2020-05-15
B-000246,R-0208,Gym,2024-01-23 17:33:26.151712,2024-01-23 19:00:00,5.0,False,2021-08-16
B-000247,R-0109,Kids Play Area,2024-01-23 22:36:46.554463,2024-01-24 10:15:00,3.0,False,2022-10-11
B-000248,R-0231,Clubhouse,2024-01-24 03:39:02.656246,2024-03-05 17:00:00,1.0,False,2021-10-30
B-000249,R-0266,Kids Play Area,2024-01-24 03:45:42.938469,2024-01-24 18:15:00,4.0,True,2023-12-21
B-000250,R-0221,Gym,2024-01-24 04:15:00.000000,2024-01-28 16:15:00,1.0,True,2023-09-29
B-000251,R-0190,Tennis Court,2024-01-24 11:23:58.394365,2024-01-25 17:00:00,4.0,True,2022-05-02
B-000252,R-0228,Gym,2024-01-24 19:16:51.030420,2024-01-25 15:45:00,4.0,False,2023-09-10
B-000253,R-0184,Gym,2024-01-24 23:31:20.225409,2024-01-25 16:00:00,1.0,False,2022-11-30
B-000254,R-0229,Clubhouse,2024-01-24 23:40:49.514306,2024-02-10 11:45:00,2.0,False,2020-02-16
B-000255,R-0092,Kids Play Area,2024-01-25 00:00:38.129131,2024-01-25 17:45:00,3.0,False,2023-07-28
B-000256,R-0307,Gym,2024-01-25 00:22:09.707213,2024-01-25 06:15:00,2.0,True,2022-03-13
B-000257,R-0253,Swimming Pool,2024-01-25 00:48:34.421481,2024-01-25 06:15:00,4.0,True,2023-11-16
B-000258,R-0145,Tennis Court,2024-01-25 00:48:36.860028,2024-01-25 06:30:00,1.0,False,2021-10-20
B-000259,R-0209,Gym,2024-01-25 01:54:00.082008,2024-01-25 11:00:00,3.0,False,2023-07-20
B-000260,R-0029,Badminton Court,2024-01-25 04:47:12.981909,2024-01-25 20:45:00,1.0,False,2020-03-01
B-000261,R-0135,Kids Play Area,2024-01-25 07:48:48.805778,2024-01-26 18:00:00,2.0,True,2021-05-18
B-000262,R-0252,Kids Play Area,2024-01-25 08:44:27.417952,2024-01-25 10:15:00,2.0,True,2021-11-26
B-000263,R-0187,Squash Court,2024-01-25 08:54:13.023545,2024-01-25 20:00:00,4.0,False,2020-04-30
B-000264,R-0012,Gym,2024-01-25 11:22:52.783208,2024-01-26 17:15:00,4.0,True,2020-11-21
B-000265,R-0121,Kids Play Area,2024-01-25 13:05:57.974366,2024-01-25 17:00:00,4.0,False,2023-04-27
B-000266,R-0210,Badminton Court,2024-01-25 16:22:31.242860,2024-01-25 20:45:00,1.0,False,2022-05-08
B-000267,R-0207,Gym,2024-01-25 17:41:20.315679,2024-01-26 11:00:00,3.0,False,2021-04-11
B-000268,R-0290,Squash Court,2024-01-25 18:53:23.781776,2024-01-26 19:30:00,3.0,False,2021-02-25
B-000269,R-0138,Tennis Court,2024-01-25 21:41:43.559907,2024-01-29 19:15:00,3.0,False,2021-08-01
B-000270,R-0151,Gym,2024-01-26 01:01:11.738577,2024-01-26 17:15:00,4.0,True,2020-08-06
B-000271,R-0294,Clubhouse,2024-01-26 01:10:51.373174,2024-01-27 20:15:00,4.0,False,2021-02-22
B-000272,R-0281,Tennis Court,2024-01-26 02:02:05.702854,2024-01-29 19:45:00,4.0,False,2022-02-14
B-000273,R-0240,Gym,2024-01-26 06:36:58.499133,2024-01-29 16:15:00,4.0,True,2021-08-25
B-000274,R-0158,Swimming Pool,2024-01-26 09:15:23.191697,2024-01-26 16:30:00,1.0,True,2021-11-01
B-000275,R-0206,Tennis Court,2024-01-26 12:08:38.298029,2024-01-28 18:45:00,3.0,False,2021-06-14
B-000276,R-0280,Clubhouse,2024-01-26 12:11:23.287977,2024-02-20 18:45:00,3.0,False,2020-03-31
B-000277,R-0027,Tennis Court,2024-01-26 12:21:12.072002,2024-02-04 06:30:00,2.0,False,2023-03-12
B-000278,R-0176,Multipurpose Hall,2024-01-26 12:45:39.030728,2024-01-29 18:30:00,5.0,True,2022-03-04
B-000279,R-0010,Clubhouse,2024-01-26 12:53:13.763584,2024-02-03 11:30:00,3.0,True,2020-10-23
B-000280,R-0196,Kids Play Area,2024-01-26 14:03:07.558853,2024-01-27 17:00:00,2.0,True,2022-01-24
B-000281,R-0237,Gym,2024-01-26 15:56:15.367019,2024-01-27 11:15:00,2.0,False,2020-12-11
B-000282,R-0130,Multipurpose Hall,2024-01-26 18:26:30.230326,2024-02-01 11:45:00,3.0,False,2022-05-02
B-000283,R-0014,Swimming Pool,2024-01-26 18:54:42.953813,2024-01-27 06:30:00,3.0,False,2023-02-21
B-000284,R-0279,Multipurpose Hall,2024-01-26 21:25:20.299274,2024-02-02 11:00:00,1.0,False,2023-11-24
B-000285,R-0012,Gym,2024-01-26 22:22:16.165081,2024-01-28 17:45:00,4.0,True,2020-11-21
B-000286,R-0275,Kids Play Area,2024-01-26 23:40:15.510948,2024-01-27 17:45:00,4.0,True,2020-05-07
B-000287,R-0066,Kids Play Area,2024-01-27 01:02:49.255339,2024-01-27 10:30:00,2.0,False,2021-02-13
B-000288,R-0010,Kids Play Area,2024-01-27 02:50:50.164598,2024-01-27 09:15:00,3.0,True,2020-10-23
B-000289,R-0054,Squash Court,2024-01-27 03:03:25.302872,2024-01-27 08:00:00,2.0,False,2022-02-13
B-000290,R-0101,Badminton Court,2024-01-27 05:38:11.004361,2024-01-27 19:00:00,2.0,False,2021-06-13
B-000291,R-0060,Badminton Court,2024-01-27 07:55:57.293872,2024-01-27 19:30:00,4.0,False,2021-10-21
B-000292,R-0095,Tennis Court,2024-01-27 08:26:03.882609,2024-01-27 17:30:00,4.0,False,2020-03-19
B-000293,R-0105,Gym,2024-01-27 10:06:59.897243,2024-01-28 09:00:00,1.0,False,2021-09-14
B-000294,R-0019,Squash Court,2024-01-27 11:24:36.785753,2024-01-27 20:15:00,5.0,False,2022-02-09
B-000295,R-0188,Badminton Court,2024-01-27 13:08:44.733683,2024-02-01 17:00:00,1.0,False,2023-02-11
B-000296,R-0064,Gym,2024-01-27 13:11:15.442870,2024-01-28 18:30:00,2.0,False,2022-10-17
B-000297,R-0062,Badminton Court,2024-01-27 16:22:47.960575,2024-01-30 18:15:00,2.0,False,2020-06-01
B-000298,R-0040,Swimming Pool,2024-01-27 17:56:25.830743,2024-01-29 08:30:00,2.0,True,2023-09-02
B-000299,R-0309,Multipurpose Hall,2024-01-27 20:52:48.021888,2024-02-01 10:00:00,1.0,True,2022-05-22
B-000300,R-0057,Gym,2024-01-27 21:54:24.918082,2024-01-28 08:45:00,2.0,False,2022-06-23
B-000301,R-0036,Tennis Court,2024-01-28 00:53:54.811310,2024-01-29 07:15:00,3.0,True,2021-02-14
B-000302,R-0212,Gym,2024-01-28 01:30:24.544066,2024-01-30 08:45:00,5.0,False,2023-06-20
B-000303,R-0158,Badminton Court,2024-01-28 01:32:05.438753,2024-01-28 21:15:00,1.0,True,2021-11-01
B-000304,R-0077,Swimming Pool,2024-01-28 05:02:36.996428,2024-01-28 17:30:00,5.0,False,2020-09-28
B-000305,R-0271,Kids Play Area,2024-01-28 05:46:18.934327,2024-01-28 10:00:00,1.0,True,2021-04-08
B-000306,R-0148,Tennis Court,2024-01-28 07:29:32.359208,2024-01-29 18:45:00,3.0,False,2020-09-02
B-000307,R-0307,Kids Play Area,2024-01-28 08:09:09.099500,2024-01-28 10:00:00,2.0,True,2022-03-13
B-000308,R-0098,Kids Play Area,2024-01-28 11:34:53.094163,2024-01-29 10:15:00,4.0,False,2022-10-31
B-000309,R-0032,Kids Play Area,2024-01-28 12:07:56.439749,2024-01-28 17:00:00,4.0,False,2020-08-02
B-000310,R-0048,Kids Play Area,2024-01-28 13:11:33.386788,2024-01-28 16:30:00,1.0,True,2023-12-12
B-000311,R-0177,Tennis Court,2024-01-28 15:36:37.630044,2024-01-29 07:00:00,1.0,False,2021-12-08
B-000312,R-0026,Tennis Court,2024-01-29 01:27:33.097892,2024-01-29 18:15:00,2.0,False,2022-01-18
B-000313,R-0142,Tennis Court,2024-01-29 02:20:01.552012,2024-01-29 06:00:00,5.0,False,2020-05-05
B-000314,R-0194,Badminton Court,2024-01-29 06:03:14.090297,2024-02-01 19:45:00,1.0,False,2023-01-19
B-000315,R-0304,Gym,2024-01-29 09:39:47.337237,2024-01-29 18:30:00,1.0,False,2022-12-16
B-000316,R-0096,Squash Court,2024-01-29 10:32:24.086071,2024-01-30 07:30:00,1.0,False,2022-10-22
B-000317,R-0102,Tennis Court,2024-01-29 16:19:34.426054,2024-01-30 06:00:00,1.0,False,2022-05-02
B-000318,R-0163,Kids Play Area,2024-01-29 17:31:22.243371,2024-01-29 18:30:00,3.0,True,2022-11-25
B-000319,R-0263,Badminton Court,2024-01-29 18:43:59.894503,2024-01-30 19:30:00,3.0,True,2022-08-11
B-000320,R-0066,Clubhouse,2024-01-29 20:18:52.786028,2024-02-12 18:30:00,2.0,False,2021-02-13
B-000321,R-0303,Multipurpose Hall,2024-01-29 20:21:48.058261,2024-01-31 19:00:00,2.0,False,2020-02-09
B-000322,R-0216,Badminton Court,2024-01-29 20:36:57.190615,2024-01-30 18:15:00,2.0,True,2022-08-14
B-000323,R-0144,Badminton Court,2024-01-29 21:10:27.288652,2024-02-02 21:30:00,3.0,False,2022-07-09
B-000324,R-0184,Badminton Court,2024-01-29 22:43:07.359240,2024-02-02 21:30:00,1.0,False,2022-11-30
B-000325,R-0259,Tennis Court,2024-01-30 01:04:48.293107,2024-01-31 06:30:00,3.0,False,2023-12-21
B-000326,R-0239,Kids Play Area,2024-01-30 04:59:19.139590,2024-01-30 10:45:00,5.0,True,2023-01-01
B-000327,R-0133,Clubhouse,2024-01-30 06:29:36.727813,2024-01-31 17:00:00,4.0,False,2020-03-10
B-000328,R-0267,Multipurpose Hall,2024-01-30 07:17:00.722413,2024-02-02 18:45:00,3.0,False,2021-09-07
B-000329,R-0033,Squash Court,2024-01-30 07:38:06.267166,2024-01-30 19:15:00,1.0,False,2022-09-12
B-000330,R-0159,Kids Play Area,2024-01-30 09:34:40.760605,2024-01-30 10:45:00,3.0,True,2022-11-14
B-000331,R-0156,Tennis Court,2024-01-30 11:05:58.876372,2024-01-31 06:15:00,2.0,False,2020-05-03
B-000332,R-0283,Kids Play Area,2024-01-30 11:11:16.428053,2024-01-30 18:45:00,1.0,False,2020-02-28
B-000333,R-0067,Badminton Court,2024-01-30 11:24:55.129103,2024-01-30 18:15:00,3.0,False,2020-11-02
B-000334,R-0232,Kids Play Area,2024-01-30 12:17:45.721678,2024-01-30 16:30:00,5.0,True,2022-05-16
B-000335,R-0288,Kids Play Area,2024-01-30 13:16:27.611754,2024-01-30 18:45:00,4.0,False,2023-09-08
B-000336,R-0043,Gym,2024-01-30 17:44:27.684171,2024-02-01 11:30:00,5.0,False,2023-06-13
B-000337,R-0311,Multipurpose Hall,2024-01-30 18:03:10.840627,2024-02-16 18:45:00,5.0,False,2021-06-05
B-000338,R-0295,Clubhouse,2024-01-30 18:41:35.025922,2024-02-13 11:00:00,3.0,False,2023-02-14
B-000339,R-0099,Swimming Pool,2024-01-30 19:09:52.965002,2024-01-31 07:30:00,2.0,False,2022-07-13
B-000340,R-0233,Badminton Court,2024-01-30 19:21:27.348121,2024-02-01 17:00:00,4.0,True,2021-11-14
B-000341,R-0120,Tennis Court,2024-01-30 21:43:34.084890,2024-02-01 17:15:00,2.0,True,2023-09-11
B-000342,R-0117,Swimming Pool,2024-01-30 22:30:55.316087,2024-01-31 08:45:00,4.0,False,2020-10-16
B-000343,R-0020,Gym,2024-01-31 01:04:20.828526,2024-01-31 08:30:00,1.0,False,2021-04-01
B-000344,R-0244,Squash Court,2024-01-31 02:08:23.365674,2024-01-31 20:45:00,2.0,True,2022-07-27
B-000345,R-0106,Gym,2024-01-31 02:33:03.837149,2024-01-31 07:45:00,1.0,True,2020-01-23
B-000346,R-0278,Tennis Court,2024-01-31 03:37:11.593843,2024-01-31 07:45:00,4.0,False,2023-06-25
B-000347,R-0221,Gym,2024-01-31 04:38:27.534410,2024-01-31 14:00:00,,True,2023-09-29
B-000348,R-0058,Kids Play Area,2024-01-31 05:28:29.541637,2024-01-31 09:45:00,3.0,False,2023-09-11
B-000349,R-0059,Tennis Court,2024-01-31 05:35:00.707058,2024-02-02 18:15:00,2.0,True,2021-11-08
B-000350,R-0220,Tennis Court,2024-01-31 05:55:14.127005,2024-02-02 06:45:00,5.0,False,2021-05-12
B-000351,R-0060,Badminton Court,2024-01-31 06:39:17.430768,2024-02-01 19:30:00,4.0,False,2021-10-21
B-000352,R-0253,Kids Play Area,2024-01-31 08:33:32.104503,2024-01-31 10:45:00,4.0,True,2023-11-16
B-000353,R-0262,Kids Play Area,2024-01-31 12:10:51.330214,2024-01-31 16:45:00,5.0,False,2023-08-23
B-000354,R-0090,Badminton Court,2024-01-31 14:10:57.509391,2024-02-01 20:15:00,3.0,False,2020-03-27
B-000355,R-0046,Kids Play Area,2024-01-31 16:05:31.946208,2024-01-31 18:15:00,1.0,True,2021-11-08
B-000356,R-0263,Kids Play Area,2024-01-31 22:01:04.850642,2024-02-01 10:00:00,3.0,True,2022-08-11
B-000357,R-0295,Squash Court,2024-01-31 22:49:30.172075,2024-02-01 08:45:00,3.0,False,2023-02-14
B-000358,R-0088,Tennis Court,2024-02-01 01:57:28.136583,2024-02-03 07:30:00,5.0,False,2023-05-21
B-000359,R-0307,Kids Play Area,2024-02-01 04:14:50.420857,2024-02-01 10:00:00,2.0,True,2022-03-13
B-000360,R-0057,Kids Play Area,2024-02-01 07:03:29.885782,2024-02-01 17:00:00,2.0,False,2022-06-23
B-000361,R-0061,Swimming Pool,2024-02-01 07:29:13.240542,2024-02-01 18:30:00,1.0,False,2022-11-06
B-000362,R-0032,Kids Play Area,2024-02-01 15:29:04.653847,2024-02-01 17:15:00,4.0,False,2020-08-02
B-000363,R-0181,Badminton Court,2024-02-01 16:46:43.773734,2024-02-04 18:00:00,4.0,True,2022-08-08
B-000364,R-0131,Badminton Court,2024-02-01 17:37:58.243531,2024-02-02 19:15:00,1.0,True,2023-10-18
B-000365,R-0265,Swimming Pool,2024-02-01 18:03:10.869548,2024-02-04 17:45:00,3.0,False,2023-04-02
B-000366,R-0260,Gym,2024-02-01 18:50:52.170076,2024-02-01 20:30:00,5.0,False,2020-02-11
B-000367,R-0129,Clubhouse,2024-02-01 19:41:21.030763,2024-02-11 11:00:00,2.0,False,2022-06-19
B-000368,R-0145,Tennis Court,2024-02-01 21:09:03.104012,2024-02-02 07:15:00,1.0,False,2021-10-20
B-000369,R-0162,Clubhouse,2024-02-02 01:20:56.670270,2024-02-12 19:15:00,5.0,True,2020-05-09
B-000370,R-0020,Clubhouse,2024-02-02 01:47:19.868214,2024-02-04 20:15:00,1.0,False,2021-04-01
B-000371,R-0240,Kids Play Area,2024-02-02 01:51:02.037940,2024-02-02 17:00:00,4.0,True,2021-08-25
B-000372,R-0112,Tennis Court,2024-02-02 05:21:12.654438,2024-02-02 18:30:00,5.0,False,2020-06-02
B-000373,R-0029,Kids Play Area,2024-02-02 05:56:41.911714,2024-02-02 16:45:00,1.0,False,2020-03-01
B-000374,R-0066,Squash Court,2024-02-02 07:24:04.723969,2024-02-02 19:30:00,2.0,False,2021-02-13
B-000375,R-0269,Tennis Court,2024-02-02 08:14:21.880174,2024-02-03 18:00:00,5.0,False,2023-11-18
B-000376,R-0024,Swimming Pool,2024-02-02 08:45:02.041914,2024-02-03 07:15:00,1.0,False,2020-09-16
B-000377,R-0168,Kids Play Area,2024-02-02 08:49:24.809337,2024-02-03 18:15:00,3.0,True,2022-09-23
B-000378,R-0053,Badminton Court,2024-02-02 09:20:38.138770,2024-02-04 20:00:00,3.0,False,2021-04-10
B-000379,R-0164,Multipurpose Hall,2024-02-02 14:42:03.135582,2024-02-04 17:00:00,5.0,False,2021-03-15
B-000380,R-0255,Badminton Court,2024-02-02 15:06:38.987100,2024-02-03 18:30:00,4.0,False,2021-08-19
B-000381,R-0005,Badminton Court,2024-02-02 19:30:08.340234,2024-02-04 21:45:00,3.0,True,2021-05-16
B-000382,R-0196,Kids Play Area,2024-02-02 21:56:45.605646,2024-02-04 17:30:00,2.0,True,2022-01-24
B-000383,R-0090,Badminton Court,2024-02-02 23:47:57.565253,2024-02-06 20:00:00,3.0,False,2020-03-27
B-000384,R-0215,Gym,2024-02-03 00:56:39.051679,2024-02-03 07:30:00,2.0,True,2023-03-17
B-000385,R-0100,Tennis Court,2024-02-03 02:57:24.107385,2024-02-04 17:00:00,5.0,True,2020-08-16
B-000386,R-0248,Gym,2024-02-03 03:43:47.447670,2024-02-03 08:45:00,2.0,True,2022-12-30
B-000387,R-0157,Squash Court,2024-02-03 04:20:21.080740,2024-02-04 18:30:00,3.0,True,2020-05-01
B-000388,R-0064,Clubhouse,2024-02-03 06:05:29.368181,2024-02-05 20:15:00,2.0,False,2022-10-17
B-000389,R-0183,Multipurpose Hall,2024-02-03 07:00:12.707523,2024-02-04 11:00:00,5.0,False,2021-12-25
B-000390,R-0016,Swimming Pool,2024-02-03 07:02:48.952650,2024-02-04 07:45:00,1.0,True,2020-04-13
B-000391,R-0186,Clubhouse,2024-02-03 07:27:51.778416,2024-03-21 11:15:00,2.0,False,2020-11-10
B-000392,R-0175,Gym,2024-02-03 07:42:17.319415,2024-02-04 10:00:00,1.0,False,2020-01-26
B-000393,R-0238,Kids Play Area,2024-02-03 08:43:32.964838,2024-02-03 10:30:00,3.0,True,2023-07-13
B-000394,R-0120,Clubhouse,2024-02-03 08:48:49.085479,2024-03-19 17:00:00,2.0,True,2023-09-11
B-000395,R-0268,Squash Court,2024-02-03 09:14:10.568633,2024-02-05 07:15:00,5.0,False,2022-10-01
B-000396,R-0033,Squash Court,2024-02-03 09:49:09.271280,2024-02-03 18:00:00,1.0,False,2022-09-12
B-000397,R-0122,Gym,2024-02-03 14:14:42.339099,2024-02-03 16:45:00,1.0,False,2022-11-04
B-000398,R-0173,Gym,2024-02-03 14:19:10.021652,2024-02-05 20:45:00,2.0,False,2021-03-09
B-000399,R-0018,Squash Court,2024-02-03 14:47:43.731129,2024-02-04 20:00:00,3.0,False,2020-12-01
B-000400,R-0167,Badminton Court,2024-02-03 14:49:49.026323,2024-02-03 19:15:00,2.0,False,2020-02-05
B-000401,R-0146,Badminton Court,2024-02-03 15:00:19.134340,2024-02-03 18:45:00,4.0,False,2020-03-14
B-000402,R-0028,Gym,2024-02-03 16:13:18.657319,2024-02-03 20:00:00,4.0,False,2023-12-08
B-000403,R-0003,Swimming Pool,2024-02-03 19:14:49.239960,2024-02-05 19:45:00,1.0,False,2020-06-06
B-000404,R-0086,Swimming Pool,2024-02-03 20:59:52.587992,2024-02-04 08:30:00,3.0,False,2023-06-29
B-000405,R-0166,Tennis Court,2024-02-03 21:50:24.864583,2024-02-05 07:15:00,4.0,False,2022-10-13
B-000406,R-0026,Gym,2024-02-04 01:49:14.994390,2024-02-04 17:00:00,2.0,False,2022-01-18
B-000407,R-0132,Tennis Court,2024-02-04 03:24:19.304358,2024-02-12 18:15:00,3.0,True,2020-10-06
B-000408,R-0180,Kids Play Area,2024-02-04 05:29:11.633577,2024-02-04 16:45:00,2.0,False,2020-05-11
B-000409,R-0194,Swimming Pool,2024-02-04 06:36:55.608597,2024-02-08 08:15:00,1.0,False,2023-01-19
B-000410,R-0209,Gym,2024-02-04 06:51:20.665591,2024-02-04 11:30:00,3.0,False,2023-07-20
B-000411,R-0019,Badminton Court,2024-02-04 09:50:07.108698,2024-02-04 18:30:00,5.0,False,2022-02-09
B-000412,R-0083,Tennis Court,2024-02-04 10:45:28.224077,2024-02-05 18:45:00,1.0,True,2020-03-12
B-000413,R-0045,Gym,2024-02-04 11:11:35.979683,2024-02-04 15:45:00,4.0,False,2020-05-15
B-000414,R-0168,Kids Play Area,2024-02-04 11:21:01.969835,2024-02-04 18:45:00,3.0,True,2022-09-23
B-000415,R-0235,Clubhouse,2024-02-04 12:49:30.731193,2024-02-11 18:15:00,2.0,False,2020-08-24
B-000416,R-0160,Kids Play Area,2024-02-04 17:06:56.163981,2024-02-04 17:30:00,1.0,True,2020-08-11
B-000417,R-0158,Swimming Pool,2024-02-04 20:56:40.617633,2024-02-05 16:30:00,1.0,True,2021-11-01
B-000418,R-0013,Clubhouse,2024-02-04 22:34:02.789211,2024-02-15 19:00:00,1.0,True,2023-10-18
B-000419,R-0288,Multipurpose Hall,2024-02-05 01:09:30.467396,2024-02-16 10:45:00,4.0,False,2023-09-08
B-000420,R-0311,Badminton Court,2024-02-05 03:14:29.117681,2024-02-05 18:00:00,5.0,False,2021-06-05
B-000421,R-0273,Gym,2024-02-05 03:30:00.000000,2024-02-09 15:30:00,5.0,False,2020-10-30
B-000422,R-0252,Kids Play Area,2024-02-05 06:07:50.320014,2024-02-05 10:00:00,2.0,True,2021-11-26
B-000423,R-0161,Tennis Court,2024-02-05 07:07:22.989289,2024-02-07 07:45:00,4.0,True,2022-05-10
B-000424,R-0186,Badminton Court,2024-02-05 07:47:32.323836,2024-02-05 20:00:00,2.0,False,2020-11-10
B-000425,R-0126,Gym,2024-02-05 09:53:48.122104,2024-02-05 17:15:00,4.0,False,2020-12-04
B-000426,R-0261,Tennis Court,2024-02-05 10:32:25.131031,2024-02-05 17:30:00,5.0,True,2023-07-12
B-000427,R-0256,Gym,2024-02-05 13:08:50.373779,2024-02-06 08:30:00,3.0,True,2021-06-07
B-000428,R-0176,Swimming Pool,2024-02-05 15:27:33.656734,2024-02-05 19:15:00,5.0,True,2022-03-04
B-000429,R-0272,Clubhouse,2024-02-05 17:30:00.000000,2024-05-05 17:30:00,3.0,False,2021-11-30
B-000430,R-0190,Squash Court,2024-02-05 19:21:54.343708,2024-02-06 08:00:00,4.0,True,2022-05-02
B-000431,R-0049,Kids Play Area,2024-02-05 20:43:33.491502,2024-02-06 10:15:00,3.0,True,2020-11-28
B-000432,R-0039,Kids Play Area,2024-02-05 20:48:39.161302,2024-02-06 16:30:00,5.0,False,2020-08-27
B-000433,R-0277,Swimming Pool,2024-02-05 21:41:43.264298,2024-02-07 19:00:00,1.0,True,2022-11-26
B-000434,R-0152,Tennis Court,2024-02-05 21:55:52.076261,2024-02-09 18:45:00,1.0,True,2020-03-08
B-000435,R-0119,Kids Play Area,2024-02-05 22:13:08.054354,2024-02-07 09:00:00,5.0,False,2023-12-08
B-000436,R-0225,Squash Court,2024-02-06 01:06:12.240646,2024-02-08 07:45:00,2.0,False,2021-03-31
B-000437,R-0184,Tennis Court,2024-02-06 01:09:39.830250,2024-02-12 07:45:00,1.0,False,2022-11-30
B-000438,R-0280,Kids Play Area,2024-02-06 02:29:51.751503,2024-02-06 10:15:00,3.0,False,2020-03-31
B-000439,R-0110,Multipurpose Hall,2024-02-06 03:21:58.811845,2024-02-14 10:15:00,4.0,False,2022-06-09
B-000440,R-0205,Clubhouse,2024-02-06 04:05:56.654092,2024-02-10 20:15:00,3.0,False,2023-01-19
B-000441,R-0207,Clubhouse,2024-02-06 04:34:34.026622,2024-03-15 12:30:00,3.0,False,2021-04-11
B-000442,R-0234,Kids Play Area,2024-02-06 09:22:25.247691,2024-02-06 16:15:00,4.0,False,2022-03-24
B-000443,R-0105,Badminton Court,2024-02-06 09:35:16.899844,2024-02-06 19:45:00,1.0,False,2021-09-14
B-000444,R-0293,Tennis Court,2024-02-06 10:37:43.474878,2024-02-07 07:45:00,3.0,True,2023-08-16
B-000445,R-0111,Swimming Pool,2024-02-06 10:58:58.286079,2024-02-07 08:45:00,2.0,True,2022-01-10
B-000446,R-0297,Multipurpose Hall,2024-02-06 11:03:29.307387,2024-02-22 10:15:00,1.0,False,2021-05-14
B-000447,R-0180,Kids Play Area,2024-02-06 12:21:28.642478,2024-02-07 16:30:00,2.0,False,2020-05-11
B-000448,R-0293,Multipurpose Hall,2024-02-06 13:29:00.788786,2024-02-21 17:15:00,3.0,True,2023-08-16
B-000449,R-0143,Kids Play Area,2024-02-06 16:52:37.050990,2024-02-06 18:15:00,5.0,True,2022-08-13
B-000450,R-0036,Tennis Court,2024-02-06 20:41:57.546781,2024-02-07 07:15:00,3.0,True,2021-02-14
B-000451,R-0066,Gym,2024-02-06 21:40:48.314800,2024-02-07 08:15:00,2.0,False,2021-02-13
B-000452,R-0056,Squash Court,2024-02-06 22:54:36.697961,2024-02-07 08:00:00,2.0,True,2020-07-16
B-000453,R-0052,Multipurpose Hall,2024-02-07 02:53:46.039392,2024-02-09 10:30:00,3.0,True,2022-09-27
B-000454,R-0278,Gym,2024-02-07 03:23:06.494819,2024-02-07 09:00:00,4.0,False,2023-06-25
B-000455,R-0028,Gym,2024-02-07 04:06:42.495472,2024-02-07 20:00:00,4.0,False,2023-12-08
B-000456,R-0256,Swimming Pool,2024-02-07 05:07:29.156700,2024-02-07 17:30:00,3.0,True,2021-06-07
B-000457,R-0296,Squash Court,2024-02-07 08:10:55.904341,2024-02-11 18:15:00,5.0,False,2021-02-23
B-000458,R-0204,Badminton Court,2024-02-07 08:33:34.422073,2024-02-07 17:15:00,4.0,False,2022-05-24
B-000459,R-0228,Gym,2024-02-07 10:19:39.674940,2024-02-07 16:45:00,4.0,False,2023-09-10
B-000460,R-0232,Kids Play Area,2024-02-07 11:39:13.029129,2024-02-07 16:30:00,5.0,True,2022-05-16
B-000461,R-0206,Gym,2024-02-07 12:57:03.278872,2024-02-07 20:45:00,3.0,False,2021-06-14
B-000462,R-0090,Badminton Court,2024-02-07 18:48:16.699294,2024-02-08 20:00:00,3.0,False,2020-03-27
B-000463,R-0104,Gym,2024-02-07 21:01:48.661766,2024-02-11 17:45:00,5.0,True,2023-02-09
B-000464,R-0259,Gym,2024-02-08 00:04:59.567088,2024-02-08 15:15:00,3.0,False,2023-12-21
B-000465,R-0144,Badminton Court,2024-02-08 00:32:13.194665,2024-02-09 19:30:00,3.0,False,2022-07-09
B-000466,R-0138,Swimming Pool,2024-02-08 01:16:20.385256,2024-02-08 16:15:00,3.0,False,2021-08-01
B-000467,R-0230,Swimming Pool,2024-02-08 08:23:38.171920,2024-02-10 18:30:00,5.0,False,2021-08-29
B-000468,R-0253,Kids Play Area,2024-02-08 08:42:29.288118,2024-02-08 10:30:00,4.0,True,2023-11-16
B-000469,R-0175,Squash Court,2024-02-08 13:32:02.099524,2024-02-11 08:15:00,1.0,False,2020-01-26
B-000470,R-0299,Tennis Court,2024-02-08 16:43:09.139751,2024-02-09 19:00:00,5.0,False,2020-07-29
B-000471,R-0290,Badminton Court,2024-02-08 16:50:09.017733,2024-02-08 20:30:00,3.0,False,2021-02-25
B-000472,R-0066,Clubhouse,2024-02-08 18:46:58.444943,2024-02-20 18:30:00,2.0,False,2021-02-13
B-000473,R-0092,Multipurpose Hall,2024-02-08 21:22:38.438737,2024-02-21 19:00:00,3.0,False,2023-07-28
B-000474,R-0188,Tennis Court,2024-02-09 00:45:51.022412,2024-02-11 17:15:00,1.0,False,2023-02-11
B-000475,R-0060,Swimming Pool,2024-02-09 01:18:19.672640,2024-02-09 16:45:00,4.0,False,2021-10-21
B-000476,R-0121,Swimming Pool,2024-02-09 04:09:30.278397,2024-02-10 18:45:00,4.0,False,2023-04-27
B-000477,R-0069,Tennis Court,2024-02-09 06:08:36.716902,2024-02-10 18:30:00,1.0,False,2023-11-30
B-000478,R-0080,Gym,2024-02-09 06:40:05.701667,2024-02-09 18:45:00,4.0,True,2021-01-23
B-000479,R-0309,Kids Play Area,2024-02-09 07:41:50.633029,2024-02-09 10:15:00,1.0,True,2022-05-22
B-000480,R-0090,Badminton Court,2024-02-09 10:10:20.531290,2024-02-10 20:30:00,3.0,False,2020-03-27
B-000481,R-0230,Clubhouse,2024-02-09 11:29:12.893905,2024-02-26 20:15:00,5.0,False,2021-08-29
B-000482,R-0279,Multipurpose Hall,2024-02-09 12:47:16.470503,2024-02-13 11:00:00,1.0,False,2023-11-24
B-000483,R-0120,Gym,2024-02-09 15:42:18.938875,2024-02-10 16:30:00,2.0,True,2023-09-11
B-000484,R-0243,Squash Court,2024-02-09 15:42:45.322703,2024-02-09 20:45:00,2.0,False,2022-10-01
B-000485,R-0042,Kids Play Area,2024-02-09 17:27:30.573752,2024-02-09 18:30:00,3.0,False,2022-11-14
B-000486,R-0218,Multipurpose Hall,2024-02-09 19:45:00.000000,2024-02-10 19:45:00,1.0,False,2022-10-26
B-000487,R-0117,Badminton Court,2024-02-09 21:04:52.952243,2024-02-10 18:00:00,4.0,False,2020-10-16
B-000488,R-0070,Gym,2024-02-09 21:57:00.254124,2024-02-10 19:15:00,3.0,False,2020-04-24
B-000489,R-0087,Clubhouse,2024-02-09 21:59:17.816781,2024-02-17 19:15:00,1.0,False,2023-02-22
B-000490,R-0174,Gym,2024-02-09 23:19:59.814136,2024-02-10 11:45:00,3.0,False,2022-11-22
B-000491,R-0248,Clubhouse,2024-02-09 23:22:27.007193,2024-02-11 11:15:00,2.0,True,2022-12-30
B-000492,R-0166,Gym,2024-02-10 01:15:18.590192,2024-02-10 11:15:00,4.0,False,2022-10-13
B-000493,R-0023,Kids Play Area,2024-02-10 09:29:25.861967,2024-02-10 10:30:00,1.0,False,2022-12-13
B-000494,R-0127,Tennis Court,2024-02-10 10:54:23.195053,2024-02-10 17:15:00,3.0,False,2020-06-15
B-000495,R-0078,Swimming Pool,2024-02-10 11:50:52.247602,2024-02-11 16:45:00,3.0,False,2020-11-08
B-000496,R-0267,Multipurpose Hall,2024-02-10 15:48:15.466720,2024-02-16 18:00:00,3.0,False,2021-09-07
B-000497,R-0199,Multipurpose Hall,2024-02-10 15:49:24.730220,2024-02-22 18:00:00,1.0,False,2023-07-24
B-000498,R-0105,Badminton Court,2024-02-10 21:42:04.042291,2024-02-12 19:45:00,1.0,False,2021-09-14
B-000499,R-0273,Multipurpose Hall,2024-02-10 22:51:53.489622,2024-02-26 18:45:00,5.0,False,2020-10-30
B-000500,R-0029,Badminton Court,2024-02-10 23:17:47.916021,2024-02-13 21:30:00,1.0,False,2020-03-01
B-000501,R-0252,Kids Play Area,2024-02-10 23:18:28.675779,2024-02-11 10:15:00,2.0,True,2021-11-26
B-000502,R-0082,Gym,2024-02-11 00:04:10.147508,2024-02-11 15:45:00,4.0,False,2020-08-31
B-000503,R-0062,Badminton Court,2024-02-11 01:10:56.499331,2024-02-13 20:30:00,2.0,False,2020-06-01
B-000504,R-0146,Badminton Court,2024-02-11 02:46:29.105286,2024-02-11 18:45:00,4.0,False,2020-03-14
B-000505,R-0303,Gym,2024-02-11 09:47:06.233966,2024-02-11 11:30:00,2.0,False,2020-02-09
B-000506,R-0223,Badminton Court,2024-02-11 09:52:50.411802,2024-02-11 18:30:00,1.0,False,2021-12-28
B-000507,R-0002,Tennis Court,2024-02-11 10:14:05.740947,2024-02-13 06:30:00,1.0,False,2022-03-21
B-000508,R-0163,Kids Play Area,2024-02-11 11:22:49.451613,2024-02-11 18:00:00,3.0,True,2022-11-25
B-000509,R-0271,Squash Court,2024-02-11 11:28:22.361900,2024-02-12 08:15:00,1.0,True,2021-04-08
B-000510,R-0180,Gym,2024-02-11 11:36:04.284992,2024-02-12 11:00:00,2.0,False,2020-05-11
B-000511,R-0161,Squash Court,2024-02-11 12:35:56.631154,2024-02-13 07:30:00,4.0,True,2022-05-10
B-000512,R-0121,Clubhouse,2024-02-11 12:54:00.017768,2024-03-01 11:00:00,4.0,False,2023-04-27
B-000513,R-0276,Kids Play Area,2024-02-11 13:21:18.039103,2024-02-11 16:00:00,1.0,False,2021-12-03
B-000514,R-0285,Squash Court,2024-02-11 14:16:30.591455,2024-02-11 20:00:00,1.0,False,2021-10-06
B-000515,R-0086,Squash Court,2024-02-11 14:59:11.424180,2024-02-11 19:00:00,3.0,False,2023-06-29
B-000516,R-0054,Badminton Court,2024-02-11 15:38:36.045668,2024-02-11 18:00:00,2.0,False,2022-02-13
B-000517,R-0135,Badminton Court,2024-02-11 18:13:35.494242,2024-02-12 17:45:00,2.0,True,2021-05-18
B-000518,R-0092,Kids Play Area,2024-02-11 19:50:09.721218,2024-02-12 17:15:00,3.0,False,2023-07-28
B-000519,R-0059,Kids Play Area,2024-02-11 21:58:45.078084,2024-02-12 10:45:00,2.0,True,2021-11-08
B-000520,R-0245,Squash Court,2024-02-11 22:18:07.351790,2024-02-13 18:45:00,1.0,False,2022-02-09
B-000521,R-0203,Squash Court,2024-02-12 00:36:22.530543,2024-02-12 08:15:00,4.0,False,2023-10-19
B-000522,R-0211,Clubhouse,2024-02-12 01:55:30.250489,2024-03-05 12:15:00,5.0,True,2021-11-19
B-000523,R-0058,Swimming Pool,2024-02-12 02:15:58.134407,2024-02-12 08:15:00,3.0,False,2023-09-11
B-000524,R-0139,Tennis Court,2024-02-12 03:56:11.302724,2024-02-13 18:30:00,4.0,True,2022-06-23
B-000525,R-0114,Kids Play Area,2024-02-12 05:51:24.330999,2024-02-12 10:45:00,3.0,True,2021-10-04
B-000526,R-0032,Tennis Court,2024-02-12 06:30:53.500722,2024-02-13 18:45:00,4.0,False,2020-08-02
B-000527,R-0114,Swimming Pool,2024-02-12 09:52:23.780079,2024-02-14 18:30:00,3.0,True,2021-10-04
B-000528,R-0193,Badminton Court,2024-02-12 10:53:17.122507,2024-02-12 20:30:00,2.0,True,2021-06-16
B-000529,R-0191,Clubhouse,2024-02-12 13:37:08.211261,2024-02-13 20:30:00,2.0,True,2020-01-20
B-000530,R-0133,Swimming Pool,2024-02-12 14:00:11.313640,2024-02-12 17:00:00,4.0,False,2020-03-10
B-000531,R-0055,Swimming Pool,2024-02-12 15:04:01.660854,2024-02-12 18:45:00,3.0,False,2020-04-03
B-000532,R-0046,Kids Play Area,2024-02-12 15:11:54.789075,2024-02-12 18:30:00,1.0,True,2021-11-08
B-000533,R-0058,Multipurpose Hall,2024-02-12 17:29:34.296253,2024-02-28 10:45:00,3.0,False,2023-09-11
B-000534,R-0212,Tennis Court,2024-02-12 19:50:00.253569,2024-02-18 18:45:00,5.0,False,2023-06-20
B-000535,R-0175,Squash Court,2024-02-12 22:38:20.153270,2024-02-14 08:30:00,1.0,False,2020-01-26
B-000536,R-0176,Swimming Pool,2024-02-13 01:33:06.459872,2024-02-13 06:15:00,5.0,True,2022-03-04
B-000537,R-0006,Swimming Pool,2024-02-13 02:08:23.541116,2024-02-13 16:00:00,1.0,True,2022-03-03
B-000538,R-0196,Kids Play Area,2024-02-13 06:33:34.471193,2024-02-13 16:00:00,2.0,True,2022-01-24
B-000539,R-0144,Tennis Court,2024-02-13 07:04:05.728395,2024-02-14 07:30:00,3.0,False,2022-07-09
B-000540,R-0314,Kids Play Area,2024-02-13 08:27:25.174566,2024-02-14 16:00:00,2.0,False,2022-04-28
B-000541,R-0076,Swimming Pool,2024-02-13 14:11:30.024739,2024-02-14 07:00:00,2.0,False,2020-08-07
B-000542,R-0302,Swimming Pool,2024-02-13 15:27:25.134385,2024-02-14 18:30:00,2.0,True,2023-05-11
B-000543,R-0238,Squash Court,2024-02-13 15:31:57.586674,2024-02-13 20:45:00,3.0,True,2023-07-13
B-000544,R-0187,Squash Court,2024-02-13 17:35:08.086223,2024-02-15 07:00:00,4.0,False,2020-04-30
B-000545,R-0142,Tennis Court,2024-02-13 18:04:36.529329,2024-02-14 06:15:00,5.0,False,2020-05-05
B-000546,R-0190,Squash Court,2024-02-13 22:02:36.564679,2024-02-14 08:45:00,4.0,True,2022-05-02
B-000547,R-0020,Gym,2024-02-13 22:22:01.255224,2024-02-15 09:00:00,1.0,False,2021-04-01
B-000548,R-0190,Squash Court,2024-02-14 01:48:43.251968,2024-02-15 08:45:00,4.0,True,2022-05-02
B-000549,R-0170,Swimming Pool,2024-02-14 02:08:49.395236,2024-02-14 18:15:00,4.0,False,2023-02-04
B-000550,R-0267,Multipurpose Hall,2024-02-14 02:11:05.182157,2024-02-28 18:00:00,3.0,False,2021-09-07
B-000551,R-0004,Squash Court,2024-02-14 03:59:55.814781,2024-02-14 07:15:00,2.0,True,2023-10-13
B-000552,R-0055,Multipurpose Hall,2024-02-14 04:07:04.754091,2024-02-25 18:00:00,3.0,False,2020-04-03
B-000553,R-0211,Clubhouse,2024-02-14 08:11:46.118490,2024-02-16 12:15:00,5.0,True,2021-11-19
B-000554,R-0255,Swimming Pool,2024-02-14 08:20:32.535682,2024-02-15 18:00:00,4.0,False,2021-08-19
B-000555,R-0189,Gym,2024-02-14 12:23:16.339949,2024-02-15 06:30:00,1.0,False,2022-07-11
B-000556,R-0098,Kids Play Area,2024-02-14 13:06:03.395908,2024-02-15 10:45:00,4.0,False,2022-10-31
B-000557,R-0157,Swimming Pool,2024-02-14 13:37:47.512012,2024-02-14 19:15:00,3.0,True,2020-05-01
B-000558,R-0260,Swimming Pool,2024-02-14 14:12:31.850508,2024-02-14 17:00:00,5.0,False,2020-02-11
B-000559,R-0240,Tennis Court,2024-02-14 14:15:26.105498,2024-02-15 17:15:00,4.0,True,2021-08-25
B-000560,R-0177,Gym,2024-02-14 18:58:45.361517,2024-02-15 10:30:00,1.0,False,2021-12-08
B-000561,R-0206,Gym,2024-02-15 00:41:13.243991,2024-02-15 16:00:00,3.0,False,2021-06-14
B-000562,R-0221,Clubhouse,2024-02-15 02:36:26.246152,2024-03-01 19:15:00,1.0,True,2023-09-29
B-000563,R-0276,Tennis Court,2024-02-15 03:04:30.483192,2024-02-17 18:15:00,1.0,False,2021-12-03
B-000564,R-0100,Gym,2024-02-15 05:40:32.768883,2024-02-16 14:45:00,,True,2020-08-16
B-000565,R-0251,Kids Play Area,2024-02-15 06:35:59.639883,2024-02-15 10:15:00,4.0,True,2023-12-13
B-000566,R-0111,Swimming Pool,2024-02-15 07:54:24.694929,2024-02-15 19:00:00,2.0,True,2022-01-10
B-000567,R-0164,Tennis Court,2024-02-15 11:21:07.515135,2024-02-15 19:30:00,5.0,False,2021-03-15
B-000568,R-0133,Swimming Pool,2024-02-15 13:20:47.826220,2024-02-15 17:00:00,,False,2020-03-10
B-000569,R-0083,Gym,2024-02-15 13:42:24.801697,2024-02-16 20:45:00,,True,2020-03-12
B-000570,R-0044,Clubhouse,2024-02-15 13:49:46.673933,2024-02-18 12:00:00,1.0,False,2021-10-23
B-000571,R-0245,Tennis Court,2024-02-15 14:55:10.440769,2024-02-19 06:30:00,1.0,False,2022-02-09
B-000572,R-0052,Badminton Court,2024-02-15 15:05:38.323745,2024-02-15 17:30:00,3.0,True,2022-09-27
B-000573,R-0272,Badminton Court,2024-02-15 15:44:09.934918,2024-02-16 21:45:00,3.0,False,2021-11-30
B-000574,R-0031,Badminton Court,2024-02-15 17:43:47.820100,2024-02-16 17:45:00,1.0,False,2020-10-02
B-000575,R-0195,Multipurpose Hall,2024-02-15 21:38:16.453643,2024-02-17 19:15:00,3.0,True,2022-06-30
B-000576,R-0039,Multipurpose Hall,2024-02-15 22:17:59.541059,2024-03-02 10:45:00,5.0,False,2020-08-27
B-000577,R-0233,Badminton Court,2024-02-16 03:53:30.265354,2024-02-18 17:00:00,4.0,True,2021-11-14
B-000578,R-0093,Tennis Court,2024-02-16 03:57:57.156456,2024-02-17 07:45:00,5.0,False,2020-04-20
B-000579,R-0186,Swimming Pool,2024-02-16 04:55:07.782691,2024-02-16 17:15:00,2.0,False,2020-11-10
B-000580,R-0101,Squash Court,2024-02-16 05:57:45.343057,2024-02-16 18:30:00,2.0,False,2021-06-13
B-000581,R-0209,Gym,2024-02-16 07:30:01.010705,2024-02-16 10:30:00,3.0,False,2023-07-20
B-000582,R-0069,Squash Court,2024-02-16 08:33:24.178464,2024-02-18 18:45:00,1.0,False,2023-11-30
B-000583,R-0063,Badminton Court,2024-02-16 10:13:45.599026,2024-02-16 19:15:00,2.0,False,2020-11-01
B-000584,R-0003,Swimming Pool,2024-02-16 12:30:06.952214,2024-02-17 19:15:00,1.0,False,2020-06-06
B-000585,R-0045,Badminton Court,2024-02-16 15:21:03.725549,2024-02-16 21:30:00,4.0,False,2020-05-15
B-000586,R-0057,Swimming Pool,2024-02-16 15:38:53.148232,2024-02-18 06:15:00,2.0,False,2022-06-23
B-000587,R-0145,Gym,2024-02-16 15:45:21.361390,2024-02-16 18:30:00,,False,2021-10-20
B-000588,R-0222,Tennis Court,2024-02-16 16:04:05.775302,2024-02-17 17:00:00,3.0,False,2021-06-30
B-000589,R-0202,Gym,2024-02-16 16:06:47.762284,2024-02-17 15:45:00,3.0,True,2021-04-27
B-000590,R-0143,Kids Play Area,2024-02-16 16:35:42.025848,2024-02-16 18:15:00,5.0,True,2022-08-13
B-000591,R-0196,Swimming Pool,2024-02-16 18:50:54.035869,2024-02-18 18:45:00,2.0,True,2022-01-24
B-000592,R-0236,Gym,2024-02-16 21:57:37.543201,2024-02-19 06:15:00,1.0,True,2021-05-07
B-000593,R-0027,Gym,2024-02-16 22:06:10.793576,2024-02-17 09:45:00,2.0,False,2023-03-12
B-000594,R-0155,Gym,2024-02-16 22:23:19.711797,2024-02-17 13:45:00,5.0,True,2021-02-12
B-000595,R-0253,Multipurpose Hall,2024-02-17 01:00:04.410267,2024-02-20 11:45:00,4.0,True,2023-11-16
B-000596,R-0225,Clubhouse,2024-02-17 02:29:47.636462,2024-02-26 11:30:00,2.0,False,2021-03-31
B-000597,R-0124,Swimming Pool,2024-02-17 10:39:29.561596,2024-02-17 17:30:00,3.0,False,2022-08-31
B-000598,R-0309,Multipurpose Hall,2024-02-17 11:19:21.503299,2024-02-20 19:30:00,1.0,True,2022-05-22
B-000599,R-0229,Multipurpose Hall,2024-02-17 11:48:51.271089,2024-02-25 11:30:00,2.0,False,2020-02-16
B-000600,R-0172,Kids Play Area,2024-02-17 12:56:09.450875,2024-02-17 17:15:00,2.0,False,2020-03-14
B-000601,R-0258,Badminton Court,2024-02-17 13:43:30.456118,2024-02-18 21:30:00,2.0,True,2023-04-04
B-000602,R-0315,Kids Play Area,2024-02-17 13:46:06.197258,2024-02-17 16:15:00,5.0,True,2022-01-23
B-000603,R-0032,Tennis Court,2024-02-17 14:01:53.906159,2024-02-20 06:15:00,4.0,False,2020-08-02
B-000604,R-0220,Badminton Court,2024-02-18 00:04:28.071334,2024-02-20 18:45:00,5.0,False,2021-05-12
B-000605,R-0128,Clubhouse,2024-02-18 00:24:20.657042,2024-02-22 19:00:00,4.0,False,2021-12-26
B-000606,R-0269,Badminton Court,2024-02-18 02:45:25.746994,2024-02-18 19:00:00,5.0,False,2023-11-18
B-000607,R-0215,Gym,2024-02-18 03:04:32.573873,2024-02-18 10:30:00,2.0,True,2023-03-17
B-000608,R-0054,Squash Court,2024-02-18 03:35:21.707133,2024-02-18 08:30:00,2.0,False,2022-02-13
B-000609,R-0099,Swimming Pool,2024-02-18 05:19:39.788251,2024-02-19 07:30:00,2.0,False,2022-07-13
B-000610,R-0265,Gym,2024-02-18 07:07:03.546128,2024-02-22 19:00:00,3.0,False,2023-04-02
B-000611,R-0008,Squash Court,2024-02-18 07:21:49.124989,2024-02-19 19:00:00,2.0,False,2022-06-01
B-000612,R-0290,Gym,2024-02-18 10:18:33.356117,2024-02-18 16:15:00,3.0,False,2021-02-25
B-000613,R-0289,Gym,2024-02-18 12:02:01.359082,2024-02-19 09:15:00,2.0,True,2021-04-03
B-000614,R-0077,Kids Play Area,2024-02-18 12:52:21.044766,2024-02-18 16:45:00,5.0,False,2020-09-28
B-000615,R-0182,Gym,2024-02-18 13:22:01.956677,2024-02-18 15:45:00,2.0,True,2022-11-04
B-000616,R-0157,Kids Play Area,2024-02-18 14:15:06.427209,2024-02-18 16:15:00,3.0,True,2020-05-01
B-000617,R-0210,Tennis Court,2024-02-18 14:53:02.240469,2024-02-18 19:00:00,1.0,False,2022-05-08
B-000618,R-0304,Badminton Court,2024-02-18 16:03:21.061905,2024-02-18 20:15:00,1.0,False,2022-12-16
B-000619,R-0134,Gym,2024-02-18 16:45:14.124627,2024-02-19 20:15:00,4.0,False,2020-03-31
B-000620,R-0023,Tennis Court,2024-02-18 19:57:10.928064,2024-02-20 06:00:00,1.0,False,2022-12-13
B-000621,R-0247,Swimming Pool,2024-02-18 21:52:27.908589,2024-02-19 06:00:00,3.0,True,2021-09-01
B-000622,R-0141,Swimming Pool,2024-02-18 22:54:35.438045,2024-02-19 07:30:00,1.0,False,2020-01-06
B-000623,R-0018,Squash Court,2024-02-19 03:34:08.373743,2024-02-19 20:45:00,3.0,False,2020-12-01
B-000624,R-0151,Gym,2024-02-19 05:27:58.145514,2024-02-19 18:30:00,4.0,True,2020-08-06
B-000625,R-0189,Swimming Pool,2024-02-19 06:14:21.615174,2024-02-19 19:00:00,1.0,False,2022-07-11
B-000626,R-0205,Gym,2024-02-19 08:50:24.475693,2024-02-19 17:30:00,3.0,False,2023-01-19
B-000627,R-0180,Kids Play Area,2024-02-19 11:40:44.965806,2024-02-19 16:00:00,2.0,False,2020-05-11
B-000628,R-0038,Badminton Court,2024-02-19 12:12:13.830423,2024-02-20 17:30:00,5.0,False,2020-08-26
B-000629,R-0036,Tennis Court,2024-02-19 12:32:25.656129,2024-02-21 07:00:00,3.0,True,2021-02-14
B-000630,R-0115,Kids Play Area,2024-02-19 13:19:11.927308,2024-02-19 17:15:00,2.0,False,2021-08-17
B-000631,R-0259,Kids Play Area,2024-02-19 13:55:58.558822,2024-02-19 18:30:00,3.0,False,2023-12-21
B-000632,R-0303,Gym,2024-02-19 22:15:58.313817,2024-02-20 11:45:00,2.0,False,2020-02-09
B-000633,R-0255,Squash Court,2024-02-20 02:33:53.801696,2024-02-21 08:45:00,4.0,False,2021-08-19
B-000634,R-0240,Gym,2024-02-20 03:22:13.107366,2024-02-21 16:00:00,4.0,True,2021-08-25
B-000635,R-0108,Kids Play Area,2024-02-20 06:30:54.116842,2024-02-20 09:00:00,2.0,False,2020-05-18
B-000636,R-0232,Badminton Court,2024-02-20 06:31:44.799204,2024-02-20 17:00:00,5.0,True,2022-05-16
B-000637,R-0073,Kids Play Area,2024-02-20 06:55:37.286730,2024-02-20 10:00:00,1.0,True,2021-06-20
B-000638,R-0159,Tennis Court,2024-02-20 16:01:20.793231,2024-02-20 19:30:00,3.0,True,2022-11-14
B-000639,R-0020,Gym,2024-02-20 17:03:22.677656,2024-02-21 09:15:00,1.0,False,2021-04-01
B-000640,R-0039,Gym,2024-02-20 18:00:27.787834,2024-02-22 17:00:00,5.0,False,2020-08-27
B-000641,R-0178,Badminton Court,2024-02-20 19:00:00.000000,2024-02-20 20:00:00,2.0,True,2023-06-30
B-000642,R-0244,Squash Court,2024-02-21 13:04:16.844186,2024-02-21 20:45:00,2.0,True,2022-07-27
B-000643,R-0249,Swimming Pool,2024-02-21 13:48:06.650497,2024-02-21 18:00:00,4.0,True,2021-04-14
B-000644,R-0184,Tennis Court,2024-02-21 14:22:28.094932,2024-02-27 07:30:00,1.0,False,2022-11-30
B-000645,R-0052,Badminton Court,2024-02-21 15:17:05.414380,2024-02-21 17:00:00,3.0,True,2022-09-27
B-000646,R-0281,Gym,2024-02-21 17:52:22.690875,2024-02-21 20:15:00,4.0,False,2022-02-14
B-000647,R-0181,Clubhouse,2024-02-21 19:27:46.283710,2024-03-23 11:45:00,4.0,True,2022-08-08
B-000648,R-0103,Gym,2024-02-21 21:43:11.076428,2024-02-23 19:00:00,2.0,True,2021-01-15
B-000649,R-0234,Squash Court,2024-02-21 22:58:07.605511,2024-02-22 19:45:00,4.0,False,2022-03-24
B-000650,R-0066,Kids Play Area,2024-02-22 01:45:45.932319,2024-02-22 10:15:00,2.0,False,2021-02-13
B-000651,R-0267,Kids Play Area,2024-02-22 05:51:00.882562,2024-02-22 16:30:00,3.0,False,2021-09-07
B-000652,R-0136,Swimming Pool,2024-02-22 06:28:39.175607,2024-02-22 19:00:00,5.0,False,2021-06-17
B-000653,R-0018,Tennis Court,2024-02-22 07:02:11.291930,2024-02-24 18:00:00,3.0,False,2020-12-01
B-000654,R-0237,Badminton Court,2024-02-22 14:50:18.294891,2024-02-23 18:00:00,2.0,False,2020-12-11
B-000655,R-0182,Kids Play Area,2024-02-22 14:51:59.147838,2024-02-22 18:45:00,2.0,True,2022-11-04
B-000656,R-0142,Tennis Court,2024-02-22 15:45:57.258387,2024-02-23 18:00:00,5.0,False,2020-05-05
B-000657,R-0132,Tennis Court,2024-02-22 16:11:24.592887,2024-02-25 06:00:00,3.0,True,2020-10-06
B-000658,R-0278,Squash Court,2024-02-22 16:27:43.681004,2024-02-23 08:15:00,4.0,False,2023-06-25
B-000659,R-0166,Squash Court,2024-02-22 19:06:54.283713,2024-02-24 07:00:00,4.0,False,2022-10-13
B-000660,R-0164,Multipurpose Hall,2024-02-23 01:06:25.621551,2024-02-25 17:45:00,5.0,False,2021-03-15
B-000661,R-0049,Kids Play Area,2024-02-23 03:11:18.178786,2024-02-24 10:15:00,3.0,True,2020-11-28
B-000662,R-0207,Clubhouse,2024-02-23 04:50:40.192903,2024-02-29 18:30:00,3.0,False,2021-04-11
B-000663,R-0180,Badminton Court,2024-02-23 08:13:42.197327,2024-02-24 21:15:00,2.0,False,2020-05-11
B-000664,R-0288,Badminton Court,2024-02-23 08:28:18.301825,2024-02-23 20:15:00,4.0,False,2023-09-08
B-000665,R-0175,Gym,2024-02-23 09:51:33.390039,2024-02-24 10:15:00,1.0,False,2020-01-26
B-000666,R-0187,Kids Play Area,2024-02-23 12:25:07.938839,2024-02-23 16:15:00,4.0,False,2020-04-30
B-000667,R-0030,Squash Court,2024-02-23 13:38:40.907492,2024-02-24 08:15:00,2.0,True,2023-02-05
B-000668,R-0163,Kids Play Area,2024-02-23 13:57:43.984710,2024-02-23 18:15:00,3.0,True,2022-11-25
B-000669,R-0101,Squash Court,2024-02-23 14:24:18.050197,2024-02-24 08:15:00,2.0,False,2021-06-13
B-000670,R-0137,Kids Play Area,2024-02-23 14:42:18.882189,2024-02-23 17:30:00,2.0,True,2020-08-26
B-000671,R-0146,Badminton Court,2024-02-23 16:00:47.241666,2024-02-24 18:15:00,4.0,False,2020-03-14
B-000672,R-0260,Tennis Court,2024-02-23 17:00:00.000000,2024-02-23 19:00:00,5.0,False,2020-02-11
B-000673,R-0135,Gym,2024-02-23 17:07:54.564724,2024-02-25 17:30:00,2.0,True,2021-05-18
B-000674,R-0222,Tennis Court,2024-02-23 19:52:55.439694,2024-02-25 07:45:00,,False,2021-06-30
B-000675,R-0230,Clubhouse,2024-02-23 23:34:56.261833,2024-03-24 18:45:00,5.0,False,2021-08-29
B-000676,R-0105,Tennis Court,2024-02-24 03:20:37.672251,2024-03-02 07:00:00,1.0,False,2021-09-14
B-000677,R-0089,Tennis Court,2024-02-24 05:37:03.103881,2024-02-24 18:30:00,1.0,False,2023-02-25
B-000678,R-0279,Badminton Court,2024-02-24 05:41:37.606870,2024-02-25 20:45:00,1.0,False,2023-11-24
B-000679,R-0254,Squash Court,2024-02-24 05:49:48.549014,2024-02-25 18:00:00,2.0,False,2020-09-25
B-000680,R-0263,Tennis Court,2024-02-24 06:29:02.994541,2024-02-26 07:30:00,3.0,True,2022-08-11
B-000681,R-0033,Swimming Pool,2024-02-24 09:35:42.087817,2024-02-24 17:00:00,1.0,False,2022-09-12
B-000682,R-0090,Badminton Court,2024-02-24 10:05:42.328354,2024-02-26 20:30:00,3.0,False,2020-03-27
B-000683,R-0183,Multipurpose Hall,2024-02-24 11:30:00.000000,2024-02-25 11:30:00,5.0,False,2021-12-25
B-000684,R-0006,Multipurpose Hall,2024-02-24 12:19:00.589936,2024-05-05 11:00:00,1.0,True,2022-03-03
B-000685,R-0019,Squash Court,2024-02-24 14:40:39.888950,2024-02-24 20:45:00,5.0,False,2022-02-09
B-000686,R-0077,Kids Play Area,2024-02-24 15:44:03.413806,2024-02-24 17:00:00,5.0,False,2020-09-28
B-000687,R-0012,Clubhouse,2024-02-24 18:07:50.826022,2024-03-06 11:15:00,4.0,True,2020-11-21
B-000688,R-0016,Gym,2024-02-24 18:14:57.772940,2024-02-27 17:15:00,1.0,True,2020-04-13
B-000689,R-0066,Squash Court,2024-02-25 00:51:16.857162,2024-02-25 19:00:00,2.0,False,2021-02-13
B-000690,R-0032,Swimming Pool,2024-02-25 01:21:13.865848,2024-02-25 07:15:00,4.0,False,2020-08-02
B-000691,R-0024,Swimming Pool,2024-02-25 02:14:55.906595,2024-02-25 07:00:00,1.0,False,2020-09-16
B-000692,R-0064,Gym,2024-02-25 02:33:00.981848,2024-02-25 19:00:00,2.0,False,2022-10-17
B-000693,R-0190,Swimming Pool,2024-02-25 02:49:12.686817,2024-02-25 16:15:00,4.0,True,2022-05-02
B-000694,R-0292,Badminton Court,2024-02-25 03:11:24.386057,2024-02-25 18:30:00,3.0,False,2020-01-30
B-000695,R-0065,Clubhouse,2024-02-25 05:12:24.687518,2024-03-02 19:30:00,4.0,False,2023-02-14
B-000696,R-0117,Kids Play Area,2024-02-25 05:12:49.076691,2024-02-25 10:00:00,4.0,False,2020-10-16
B-000697,R-0158,Tennis Court,2024-02-25 07:02:08.025352,2024-02-25 19:45:00,1.0,True,2021-11-01
B-000698,R-0072,Badminton Court,2024-02-25 08:36:19.527518,2024-03-01 18:30:00,4.0,False,2022-05-01
B-000699,R-0300,Tennis Court,2024-02-25 09:01:31.255002,2024-02-26 19:30:00,4.0,False,2023-10-05
B-000700,R-0212,Gym,2024-02-25 09:45:03.817436,2024-02-28 08:30:00,5.0,False,2023-06-20
B-000701,R-0219,Tennis Court,2024-02-25 10:32:40.493228,2024-02-25 19:30:00,1.0,False,2022-08-10
B-000702,R-0276,Kids Play Area,2024-02-25 11:00:38.213148,2024-02-25 16:15:00,1.0,False,2021-12-03
B-000703,R-0048,Kids Play Area,2024-02-25 11:41:04.448898,2024-02-25 16:00:00,1.0,True,2023-12-12
B-000704,R-0267,Multipurpose Hall,2024-02-25 11:52:43.368232,2024-03-21 18:15:00,3.0,False,2021-09-07
B-000705,R-0194,Kids Play Area,2024-02-25 13:35:28.487994,2024-02-26 09:00:00,1.0,False,2023-01-19
B-000706,R-0112,Multipurpose Hall,2024-02-25 14:46:02.608509,2024-03-07 17:15:00,5.0,False,2020-06-02
B-000707,R-0054,Badminton Court,2024-02-25 16:34:18.745082,2024-02-25 18:00:00,2.0,False,2022-02-13
B-000708,R-0044,Kids Play Area,2024-02-25 16:37:30.855065,2024-02-25 17:30:00,1.0,False,2021-10-23
B-000709,R-0208,Gym,2024-02-25 18:28:24.739360,2024-02-26 19:30:00,5.0,False,2021-08-16
B-000710,R-0106,Badminton Court,2024-02-26 00:26:03.631520,2024-02-26 19:30:00,1.0,True,2020-01-23
B-000711,R-0105,Badminton Court,2024-02-26 01:01:49.997899,2024-02-26 17:30:00,1.0,False,2021-09-14
B-000712,R-0169,Gym,2024-02-26 01:48:02.315915,2024-02-26 14:00:00,2.0,True,2020-03-26
B-000713,R-0256,Gym,2024-02-26 04:36:56.725632,2024-02-26 08:15:00,3.0,True,2021-06-07
B-000714,R-0194,Swimming Pool,2024-02-26 06:52:59.108442,2024-02-27 08:00:00,1.0,False,2023-01-19
B-000715,R-0052,Kids Play Area,2024-02-26 07:48:27.118709,2024-02-26 10:30:00,3.0,True,2022-09-27
B-000716,R-0122,Swimming Pool,2024-02-26 08:01:33.339748,2024-02-27 07:30:00,1.0,False,2022-11-04
B-000717,R-0186,Clubhouse,2024-02-26 10:31:50.636468,2024-03-05 11:45:00,2.0,False,2020-11-10
B-000718,R-0064,Swimming Pool,2024-02-26 11:13:12.647672,2024-02-26 17:15:00,2.0,False,2022-10-17
B-000719,R-0059,Gym,2024-02-26 12:44:13.880959,2024-02-27 12:15:00,2.0,True,2021-11-08
B-000720,R-0163,Kids Play Area,2024-02-26 14:26:56.096009,2024-02-26 17:00:00,3.0,True,2022-11-25
B-000721,R-0139,Squash Court,2024-02-26 16:30:07.241385,2024-02-27 18:45:00,4.0,True,2022-06-23
B-000722,R-0005,Badminton Court,2024-02-26 19:41:01.939868,2024-03-01 17:45:00,3.0,True,2021-05-16
B-000723,R-0312,Badminton Court,2024-02-27 00:17:10.555544,2024-03-01 17:15:00,1.0,False,2022-09-04
B-000724,R-0202,Gym,2024-02-27 03:32:40.155705,2024-02-27 15:45:00,3.0,True,2021-04-27
B-000725,R-0076,Tennis Court,2024-02-27 05:32:21.049133,2024-02-29 07:30:00,2.0,False,2020-08-07
B-000726,R-0269,Badminton Court,2024-02-27 05:53:39.002905,2024-02-27 19:00:00,5.0,False,2023-11-18
B-000727,R-0177,Gym,2024-02-27 10:34:47.617450,2024-02-28 10:15:00,1.0,False,2021-12-08
B-000728,R-0283,Kids Play Area,2024-02-27 11:14:12.831962,2024-02-28 18:30:00,1.0,False,2020-02-28
B-000729,R-0271,Gym,2024-02-27 13:26:50.011685,2024-02-28 07:30:00,1.0,True,2021-04-08
B-000730,R-0303,Multipurpose Hall,2024-02-27 14:39:45.898398,2024-03-01 11:45:00,2.0,False,2020-02-09
B-000731,R-0275,Swimming Pool,2024-02-27 15:19:56.516640,2024-02-28 18:00:00,4.0,True,2020-05-07
B-000732,R-0125,Badminton Court,2024-02-27 15:51:43.669614,2024-02-28 20:15:00,5.0,True,2020-12-19
B-000733,R-0279,Multipurpose Hall,2024-02-27 17:21:07.045675,2024-03-06 10:15:00,1.0,False,2023-11-24
B-000734,R-0067,Swimming Pool,2024-02-27 17:28:18.231824,2024-02-27 18:15:00,,False,2020-11-02
B-000735,R-0075,Gym,2024-02-27 19:45:00.000000,2024-03-03 07:45:00,2.0,False,2023-01-11
B-000736,R-0161,Kids Play Area,2024-02-27 22:16:47.315269,2024-02-28 10:00:00,4.0,True,2022-05-10
B-000737,R-0232,Kids Play Area,2024-02-28 00:57:02.581243,2024-02-28 09:15:00,5.0,True,2022-05-16
B-000738,R-0038,Multipurpose Hall,2024-02-28 03:51:36.170664,2024-03-06 19:45:00,5.0,False,2020-08-26
B-000739,R-0062,Gym,2024-02-28 04:27:55.362597,2024-02-29 14:15:00,2.0,False,2020-06-01
B-000740,R-0160,Gym,2024-02-28 05:03:54.431473,2024-02-28 17:45:00,1.0,True,2020-08-11
B-000741,R-0045,Multipurpose Hall,2024-02-28 08:58:00.374192,2024-03-02 19:15:00,4.0,False,2020-05-15
B-000742,R-0142,Gym,2024-02-28 09:32:40.312222,2024-02-28 14:00:00,5.0,False,2020-05-05
B-000743,R-0240,Kids Play Area,2024-02-28 10:28:54.662892,2024-02-28 17:45:00,4.0,True,2021-08-25
B-000744,R-0046,Badminton Court,2024-02-28 10:35:25.924248,2024-02-28 18:45:00,1.0,True,2021-11-08
B-000745,R-0268,Squash Court,2024-02-28 11:57:16.826299,2024-03-02 07:00:00,5.0,False,2022-10-01
B-000746,R-0056,Multipurpose Hall,2024-02-28 12:00:24.158628,2024-03-06 11:30:00,2.0,True,2020-07-16
B-000747,R-0021,Tennis Court,2024-02-28 18:21:04.060712,2024-03-02 07:30:00,5.0,False,2021-06-16
B-000748,R-0263,Squash Court,2024-02-28 19:24:14.382540,2024-02-29 07:45:00,3.0,True,2022-08-11
B-000749,R-0259,Clubhouse,2024-02-28 20:00:57.613827,2024-03-04 19:45:00,3.0,False,2023-12-21
B-000750,R-0159,Multipurpose Hall,2024-02-28 21:25:18.095260,2024-03-06 19:30:00,3.0,True,2022-11-14
B-000751,R-0203,Tennis Court,2024-02-28 22:37:05.221289,2024-03-05 07:00:00,4.0,False,2023-10-19
B-000752,R-0261,Tennis Court,2024-02-28 23:32:49.992774,2024-02-29 17:30:00,5.0,True,2023-07-12
B-000753,R-0069,Multipurpose Hall,2024-02-29 02:08:50.654791,2024-03-15 18:15:00,1.0,False,2023-11-30
B-000754,R-0221,Gym,2024-02-29 02:50:56.172072,2024-03-01 16:30:00,1.0,True,2023-09-29
B-000755,R-0026,Squash Court,2024-02-29 07:05:56.697383,2024-02-29 18:45:00,2.0,False,2022-01-18
B-000756,R-0171,Badminton Court,2024-02-29 07:29:21.709485,2024-03-02 17:00:00,4.0,False,2020-03-16
B-000757,R-0308,Gym,2024-02-29 10:04:23.113433,2024-03-01 08:30:00,5.0,False,2021-05-11
B-000758,R-0146,Badminton Court,2024-02-29 12:05:59.286741,2024-02-29 18:30:00,4.0,False,2020-03-14
B-000759,R-0214,Badminton Court,2024-02-29 14:52:46.755167,2024-02-29 18:00:00,1.0,False,2023-10-23
B-000760,R-0218,Squash Court,2024-02-29 15:06:46.382317,2024-02-29 19:00:00,1.0,False,2022-10-26
B-000761,R-0090,Squash Court,2024-02-29 15:44:33.563979,2024-03-03 08:00:00,3.0,False,2020-03-27
B-000762,R-0220,Swimming Pool,2024-02-29 15:49:34.672534,2024-03-03 19:15:00,5.0,False,2021-05-12
B-000763,R-0311,Clubhouse,2024-02-29 15:53:38.174592,2024-04-13 11:45:00,5.0,False,2021-06-05
B-000764,R-0180,Clubhouse,2024-02-29 15:55:55.346899,2024-03-21 20:30:00,2.0,False,2020-05-11
B-000765,R-0281,Multipurpose Hall,2024-02-29 16:37:54.087573,2024-03-28 18:45:00,4.0,False,2022-02-14
B-000766,R-0304,Gym,2024-02-29 16:51:39.190430,2024-02-29 17:30:00,1.0,False,2022-12-16
B-000767,R-0283,Gym,2024-02-29 19:15:00.000000,2024-03-05 07:15:00,1.0,False,2020-02-28
B-000768,R-0166,Squash Court,2024-03-01 00:02:33.234598,2024-03-02 07:45:00,4.0,False,2022-10-13
B-000769,R-0104,Gym,2024-03-01 01:20:42.529264,2024-03-01 16:45:00,5.0,True,2023-02-09
B-000770,R-0144,Badminton Court,2024-03-01 02:07:14.102609,2024-03-01 17:00:00,3.0,False,2022-07-09
B-000771,R-0038,Badminton Court,2024-03-01 02:13:33.697681,2024-03-01 17:15:00,5.0,False,2020-08-26
B-000772,R-0091,Squash Court,2024-03-01 06:10:50.521264,2024-03-01 20:15:00,2.0,True,2023-12-22
B-000773,R-0302,Swimming Pool,2024-03-01 06:12:27.156710,2024-03-01 19:30:00,2.0,True,2023-05-11
B-000774,R-0003,Tennis Court,2024-03-01 06:17:10.391342,2024-03-02 18:00:00,1.0,False,2020-06-06
B-000775,R-0096,Badminton Court,2024-03-01 06:32:26.426987,2024-03-01 17:00:00,1.0,False,2022-10-22
B-000776,R-0313,Gym,2024-03-01 08:17:59.115907,2024-03-01 09:30:00,2.0,False,2022-01-03
B-000777,R-0073,Kids Play Area,2024-03-01 09:23:17.908491,2024-03-01 10:45:00,1.0,True,2021-06-20
B-000778,R-0118,Gym,2024-03-01 11:40:24.003591,2024-03-01 19:15:00,4.0,True,2021-08-22
B-000779,R-0149,Tennis Court,2024-03-01 12:04:39.025188,2024-03-02 17:30:00,2.0,False,2020-09-09
B-000780,R-0055,Tennis Court,2024-03-01 13:08:59.197529,2024-03-01 18:45:00,3.0,False,2020-04-03
B-000781,R-0133,Swimming Pool,2024-03-01 13:28:29.643372,2024-03-01 19:15:00,4.0,False,2020-03-10
B-000782,R-0158,Swimming Pool,2024-03-01 14:36:24.709532,2024-03-01 16:30:00,1.0,True,2021-11-01
B-000783,R-0098,Kids Play Area,2024-03-01 18:45:00.000000,2024-03-04 18:45:00,4.0,False,2022-10-31
B-000784,R-0011,Gym,2024-03-01 20:00:15.803630,2024-03-02 20:45:00,4.0,False,2022-01-15
B-000785,R-0222,Swimming Pool,2024-03-02 02:07:35.929523,2024-03-02 19:45:00,3.0,False,2021-06-30
B-000786,R-0139,Tennis Court,2024-03-02 02:23:54.628776,2024-03-06 18:30:00,4.0,True,2022-06-23
B-000787,R-0006,Swimming Pool,2024-03-02 04:25:10.886229,2024-03-02 16:30:00,1.0,True,2022-03-03
B-000788,R-0280,Squash Court,2024-03-02 05:08:03.375695,2024-03-02 18:30:00,3.0,False,2020-03-31
B-000789,R-0061,Swimming Pool,2024-03-02 05:11:49.848412,2024-03-03 16:00:00,1.0,False,2022-11-06
B-000790,R-0235,Squash Court,2024-03-02 08:58:27.912984,2024-03-02 18:00:00,2.0,False,2020-08-24
B-000791,R-0121,Multipurpose Hall,2024-03-02 09:19:24.264932,2024-03-16 17:00:00,4.0,False,2023-04-27
B-000792,R-0112,Tennis Court,2024-03-02 10:17:01.909070,2024-03-04 18:15:00,5.0,False,2020-06-02
B-000793,R-0175,Swimming Pool,2024-03-02 11:15:49.669941,2024-03-02 18:45:00,1.0,False,2020-01-26
B-000794,R-0100,Kids Play Area,2024-03-02 12:20:42.911532,2024-03-02 17:00:00,5.0,True,2020-08-16
B-000795,R-0235,Clubhouse,2024-03-02 12:21:25.927847,2024-03-30 17:15:00,2.0,False,2020-08-24
B-000796,R-0255,Gym,2024-03-02 12:31:34.958489,2024-03-04 12:30:00,,False,2021-08-19
B-000797,R-0156,Badminton Court,2024-03-02 12:40:15.801975,2024-03-02 20:45:00,2.0,False,2020-05-03
B-000798,R-0204,Gym,2024-03-02 13:09:32.181456,2024-03-02 14:15:00,4.0,False,2022-05-24
B-000799,R-0126,Badminton Court,2024-03-02 13:43:06.385038,2024-03-02 18:30:00,4.0,False,2020-12-04
B-000800,R-0023,Tennis Court,2024-03-02 19:25:09.741634,2024-03-03 06:45:00,1.0,False,2022-12-13
B-000801,R-0311,Badminton Court,2024-03-02 22:14:00.367955,2024-03-03 18:45:00,5.0,False,2021-06-05
B-000802,R-0130,Clubhouse,2024-03-03 04:26:21.808604,2024-03-07 11:30:00,3.0,False,2022-05-02
B-000803,R-0174,Gym,2024-03-03 04:48:38.289915,2024-03-04 11:45:00,3.0,False,2022-11-22
B-000804,R-0076,Multipurpose Hall,2024-03-03 06:07:29.279919,2024-03-16 11:30:00,2.0,False,2020-08-07
B-000805,R-0078,Squash Court,2024-03-03 06:54:39.782224,2024-03-04 20:00:00,3.0,False,2020-11-08
B-000806,R-0168,Kids Play Area,2024-03-03 08:44:58.388100,2024-03-03 18:45:00,3.0,True,2022-09-23
B-000807,R-0069,Kids Play Area,2024-03-03 10:16:29.059338,2024-03-03 17:00:00,1.0,False,2023-11-30
B-000808,R-0290,Gym,2024-03-03 13:12:13.610614,2024-03-03 16:15:00,3.0,False,2021-02-25
B-000809,R-0066,Clubhouse,2024-03-03 16:50:09.432690,2024-03-12 18:00:00,2.0,False,2021-02-13
B-000810,R-0302,Multipurpose Hall,2024-03-03 20:17:52.826863,2024-03-18 19:00:00,2.0,True,2023-05-11
B-000811,R-0109,Squash Court,2024-03-03 22:23:00.726042,2024-03-04 08:45:00,3.0,False,2022-10-11
B-000812,R-0003,Badminton Court,2024-03-04 00:22:21.778263,2024-03-08 19:30:00,1.0,False,2020-06-06
B-000813,R-0266,Kids Play Area,2024-03-04 02:47:18.753734,2024-03-04 18:15:00,4.0,True,2023-12-21
B-000814,R-0037,Squash Court,2024-03-04 04:02:41.930189,2024-03-04 18:45:00,1.0,False,2021-10-22
B-000815,R-0187,Gym,2024-03-04 05:40:15.399644,2024-03-04 15:15:00,4.0,False,2020-04-30
B-000816,R-0192,Kids Play Area,2024-03-04 06:13:31.429521,2024-03-04 10:15:00,4.0,True,2023-07-01
B-000817,R-0302,Gym,2024-03-04 06:46:03.354771,2024-03-05 15:30:00,2.0,True,2023-05-11
B-000818,R-0317,Swimming Pool,2024-03-04 07:32:42.755631,2024-03-04 18:45:00,1.0,False,2023-02-18
B-000819,R-0311,Kids Play Area,2024-03-04 07:37:05.613335,2024-03-05 16:30:00,5.0,False,2021-06-05
B-000820,R-0306,Kids Play Area,2024-03-04 08:51:25.063056,2024-03-04 10:00:00,3.0,True,2022-09-30
B-000821,R-0032,Multipurpose Hall,2024-03-04 09:33:26.394915,2024-03-14 11:45:00,4.0,False,2020-08-02
B-000822,R-0309,Kids Play Area,2024-03-04 09:51:10.211620,2024-03-04 10:15:00,1.0,True,2022-05-22
B-000823,R-0146,Badminton Court,2024-03-04 11:52:14.443017,2024-03-04 18:30:00,4.0,False,2020-03-14
B-000824,R-0135,Gym,2024-03-04 14:56:02.430056,2024-03-05 07:00:00,2.0,True,2021-05-18
B-000825,R-0086,Squash Court,2024-03-04 15:59:27.288633,2024-03-04 19:45:00,3.0,False,2023-06-29
B-000826,R-0293,Swimming Pool,2024-03-04 16:40:49.961062,2024-03-05 07:15:00,3.0,True,2023-08-16
B-000827,R-0202,Gym,2024-03-04 19:01:08.405519,2024-03-06 15:15:00,3.0,True,2021-04-27
B-000828,R-0012,Tennis Court,2024-03-04 19:44:06.264678,2024-03-09 06:30:00,4.0,True,2020-11-21
B-000829,R-0121,Kids Play Area,2024-03-05 02:39:31.907483,2024-03-05 09:45:00,4.0,False,2023-04-27
B-000830,R-0211,Multipurpose Hall,2024-03-05 04:02:07.722088,2024-03-12 17:00:00,5.0,True,2021-11-19
B-000831,R-0028,Gym,2024-03-05 04:06:42.722930,2024-03-05 10:45:00,4.0,False,2023-12-08
B-000832,R-0162,Kids Play Area,2024-03-05 04:18:48.979691,2024-03-05 09:00:00,5.0,True,2020-05-09
B-000833,R-0231,Clubhouse,2024-03-05 05:11:41.508470,2024-04-24 17:00:00,1.0,False,2021-10-30
B-000834,R-0111,Swimming Pool,2024-03-05 08:05:40.457997,2024-03-05 17:00:00,2.0,True,2022-01-10
B-000835,R-0101,Badminton Court,2024-03-05 09:49:33.798697,2024-03-05 18:45:00,2.0,False,2021-06-13
B-000836,R-0180,Multipurpose Hall,2024-03-05 12:35:34.765757,2024-03-14 10:00:00,2.0,False,2020-05-11
B-000837,R-0243,Swimming Pool,2024-03-05 15:06:03.716829,2024-03-05 18:15:00,2.0,False,2022-10-01
B-000838,R-0165,Squash Court,2024-03-05 15:41:41.929753,2024-03-05 19:30:00,2.0,False,2021-12-19
B-000839,R-0102,Tennis Court,2024-03-05 18:00:30.463580,2024-03-06 06:45:00,1.0,False,2022-05-02
B-000840,R-0181,Badminton Court,2024-03-05 18:28:57.360949,2024-03-06 20:15:00,4.0,True,2022-08-08
B-000841,R-0042,Tennis Court,2024-03-05 19:34:59.774798,2024-03-06 19:45:00,3.0,False,2022-11-14
B-000842,R-0265,Swimming Pool,2024-03-05 21:13:38.221858,2024-03-10 17:45:00,3.0,False,2023-04-02
B-000843,R-0288,Squash Court,2024-03-05 23:53:32.910676,2024-03-06 07:45:00,4.0,False,2023-09-08
B-000844,R-0195,Clubhouse,2024-03-06 00:14:08.274200,2024-03-08 12:00:00,3.0,True,2022-06-30
B-000845,R-0194,Swimming Pool,2024-03-06 01:43:11.608640,2024-03-07 08:15:00,1.0,False,2023-01-19
B-000846,R-0248,Clubhouse,2024-03-06 04:35:40.644784,2024-03-24 11:45:00,2.0,True,2022-12-30
B-000847,R-0151,Gym,2024-03-06 05:52:27.716197,2024-03-07 17:00:00,4.0,True,2020-08-06
B-000848,R-0030,Squash Court,2024-03-06 06:51:32.129187,2024-03-07 08:45:00,2.0,True,2023-02-05
B-000849,R-0106,Swimming Pool,2024-03-06 07:34:21.756699,2024-03-07 08:30:00,1.0,True,2020-01-23
B-000850,R-0234,Swimming Pool,2024-03-06 09:22:57.852039,2024-03-06 19:00:00,4.0,False,2022-03-24
B-000851,R-0314,Tennis Court,2024-03-06 11:40:18.556126,2024-03-11 18:15:00,2.0,False,2022-04-28
B-000852,R-0083,Kids Play Area,2024-03-06 13:24:43.121061,2024-03-06 18:15:00,1.0,True,2020-03-12
B-000853,R-0284,Squash Court,2024-03-06 19:01:20.896771,2024-03-10 07:15:00,1.0,False,2023-06-19
B-000854,R-0188,Gym,2024-03-06 23:18:25.880431,2024-03-07 18:30:00,1.0,False,2023-02-11
B-000855,R-0258,Swimming Pool,2024-03-06 23:59:53.973687,2024-03-07 19:45:00,2.0,True,2023-04-04
B-000856,R-0163,Kids Play Area,2024-03-07 01:05:21.322583,2024-03-07 18:30:00,3.0,True,2022-11-25
B-000857,R-0206,Swimming Pool,2024-03-07 02:19:56.429618,2024-03-07 19:15:00,3.0,False,2021-06-14
B-000858,R-0229,Squash Court,2024-03-07 02:47:53.103906,2024-03-08 07:45:00,2.0,False,2020-02-16
B-000859,R-0022,Kids Play Area,2024-03-07 04:12:26.474791,2024-03-08 09:00:00,2.0,True,2022-11-11
B-000860,R-0205,Badminton Court,2024-03-07 06:18:43.495062,2024-03-07 20:15:00,3.0,False,2023-01-19
B-000861,R-0127,Kids Play Area,2024-03-07 07:09:55.888586,2024-03-07 09:00:00,3.0,False,2020-06-15
B-000862,R-0090,Squash Court,2024-03-07 09:21:34.849113,2024-03-10 08:45:00,3.0,False,2020-03-27
B-000863,R-0080,Gym,2024-03-07 11:14:52.945155,2024-03-07 18:15:00,4.0,True,2021-01-23
B-000864,R-0013,Clubhouse,2024-03-07 13:30:04.997699,2024-03-13 19:45:00,1.0,True,2023-10-18
B-000865,R-0134,Clubhouse,2024-03-07 16:19:21.809147,2024-04-01 17:15:00,4.0,False,2020-03-31
B-000866,R-0313,Kids Play Area,2024-03-07 17:00:52.112643,2024-03-07 18:30:00,2.0,False,2022-01-03
B-000867,R-0135,Kids Play Area,2024-03-07 19:26:46.336011,2024-03-08 09:15:00,2.0,True,2021-05-18
B-000868,R-0096,Gym,2024-03-07 22:01:22.614432,2024-03-08 19:45:00,1.0,False,2022-10-22
B-000869,R-0213,Badminton Court,2024-03-08 01:27:59.258481,2024-03-08 19:00:00,5.0,True,2022-11-19
B-000870,R-0157,Kids Play Area,2024-03-08 01:59:19.278787,2024-03-08 16:00:00,3.0,True,2020-05-01
B-000871,R-0154,Multipurpose Hall,2024-03-08 02:52:38.376670,2024-05-02 17:15:00,4.0,False,2020-04-23
B-000872,R-0167,Gym,2024-03-08 03:19:21.772568,2024-03-08 10:00:00,2.0,False,2020-02-05
B-000873,R-0181,Tennis Court,2024-03-08 04:18:30.176299,2024-03-17 18:30:00,4.0,True,2022-08-08
B-000874,R-0278,Squash Court,2024-03-08 07:00:00.000000,2024-03-08 08:00:00,4.0,False,2023-06-25
B-000875,R-0301,Kids Play Area,2024-03-08 07:59:03.149626,2024-03-08 10:15:00,3.0,False,2023-12-19
B-000876,R-0279,Multipurpose Hall,2024-03-08 09:53:46.316577,2024-03-16 11:30:00,1.0,False,2023-11-24
B-000877,R-0044,Clubhouse,2024-03-08 14:28:01.116444,2024-03-12 12:30:00,1.0,False,2021-10-23
B-000878,R-0137,Kids Play Area,2024-03-08 15:25:48.612106,2024-03-08 17:00:00,2.0,True,2020-08-26
B-000879,R-0091,Tennis Court,2024-03-08 16:13:46.917590,2024-03-10 06:15:00,2.0,True,2023-12-22
B-000880,R-0081,Swimming Pool,2024-03-08 17:23:30.089307,2024-03-09 06:15:00,4.0,False,2021-07-16
B-000881,R-0020,Badminton Court,2024-03-08 19:35:39.981126,2024-03-09 21:00:00,1.0,False,2021-04-01
B-000882,R-0267,Multipurpose Hall,2024-03-08 20:02:50.238004,2024-03-12 18:30:00,3.0,False,2021-09-07
B-000883,R-0008,Badminton Court,2024-03-08 20:14:52.073819,2024-03-09 19:30:00,2.0,False,2022-06-01
B-000884,R-0190,Tennis Court,2024-03-08 22:24:57.553294,2024-03-09 17:30:00,4.0,True,2022-05-02
B-000885,R-0208,Squash Court,2024-03-08 22:49:49.873015,2024-03-09 07:00:00,5.0,False,2021-08-16
B-000886,R-0269,Tennis Court,2024-03-08 23:15:32.111340,2024-03-10 17:45:00,5.0,False,2023-11-18
B-000887,R-0229,Tennis Court,2024-03-09 00:47:25.335841,2024-03-15 07:45:00,2.0,False,2020-02-16
B-000888,R-0103,Gym,2024-03-09 03:25:00.894810,2024-03-10 19:30:00,2.0,True,2021-01-15
B-000889,R-0059,Kids Play Area,2024-03-09 03:37:22.841384,2024-03-09 10:00:00,2.0,True,2021-11-08
B-000890,R-0294,Squash Court,2024-03-09 04:04:02.708201,2024-03-09 07:15:00,4.0,False,2021-02-22
B-000891,R-0184,Badminton Court,2024-03-09 04:08:55.457594,2024-03-11 21:00:00,1.0,False,2022-11-30
B-000892,R-0292,Badminton Court,2024-03-09 05:27:59.681339,2024-03-10 19:45:00,3.0,False,2020-01-30
B-000893,R-0036,Kids Play Area,2024-03-09 05:46:30.921361,2024-03-09 09:00:00,3.0,True,2021-02-14
B-000894,R-0308,Gym,2024-03-09 06:49:12.549916,2024-03-10 19:00:00,5.0,False,2021-05-11
B-000895,R-0274,Gym,2024-03-09 07:01:31.313690,2024-03-09 10:15:00,1.0,False,2021-08-07
B-000896,R-0296,Gym,2024-03-09 07:27:20.589489,2024-03-11 15:45:00,5.0,False,2021-02-23
B-000897,R-0146,Gym,2024-03-09 09:08:59.357959,2024-03-09 15:15:00,4.0,False,2020-03-14
B-000898,R-0120,Swimming Pool,2024-03-09 09:25:31.852101,2024-03-09 17:00:00,2.0,True,2023-09-11
B-000899,R-0218,Swimming Pool,2024-03-09 09:52:25.308092,2024-03-09 16:00:00,1.0,False,2022-10-26
B-000900,R-0045,Swimming Pool,2024-03-09 12:13:29.094132,2024-03-09 16:45:00,4.0,False,2020-05-15
B-000901,R-0214,Tennis Court,2024-03-09 14:08:06.984344,2024-03-09 18:00:00,1.0,False,2023-10-23
B-000902,R-0286,Badminton Court,2024-03-09 22:42:30.024622,2024-03-10 20:15:00,4.0,True,2020-11-25
B-000903,R-0276,Kids Play Area,2024-03-10 03:11:42.019253,2024-03-10 16:15:00,1.0,False,2021-12-03
B-000904,R-0138,Squash Court,2024-03-10 05:21:04.575408,2024-03-10 19:30:00,3.0,False,2021-08-01
B-000905,R-0153,Gym,2024-03-10 05:33:38.602563,2024-03-10 08:45:00,5.0,False,2023-03-03
B-000906,R-0209,Gym,2024-03-10 08:49:14.749682,2024-03-10 11:30:00,3.0,False,2023-07-20
B-000907,R-0165,Swimming Pool,2024-03-10 09:54:56.525420,2024-03-10 17:30:00,2.0,False,2021-12-19
B-000908,R-0033,Swimming Pool,2024-03-10 11:09:48.889352,2024-03-10 17:00:00,1.0,False,2022-09-12
B-000909,R-0297,Tennis Court,2024-03-10 14:35:13.689969,2024-03-13 19:00:00,1.0,False,2021-05-14
B-000910,R-0032,Tennis Court,2024-03-10 17:18:15.380260,2024-03-11 06:30:00,4.0,False,2020-08-02
B-000911,R-0235,Badminton Court,2024-03-10 18:06:27.206395,2024-03-10 21:00:00,2.0,False,2020-08-24
B-000912,R-0178,Tennis Court,2024-03-10 21:47:16.827588,2024-03-11 06:45:00,2.0,True,2023-06-30
B-000913,R-0315,Badminton Court,2024-03-10 22:00:51.154803,2024-03-11 20:30:00,5.0,True,2022-01-23
B-000914,R-0222,Squash Court,2024-03-11 04:50:41.447417,2024-03-12 19:00:00,3.0,False,2021-06-30
B-000915,R-0129,Gym,2024-03-11 09:09:41.073078,2024-03-12 09:15:00,2.0,False,2022-06-19
B-000916,R-0238,Badminton Court,2024-03-11 09:50:17.934503,2024-03-11 17:15:00,3.0,True,2023-07-13
B-000917,R-0016,Squash Court,2024-03-11 10:52:08.650041,2024-03-12 19:00:00,1.0,True,2020-04-13
B-000918,R-0172,Kids Play Area,2024-03-11 16:59:45.538141,2024-03-11 17:30:00,2.0,False,2020-03-14
B-000919,R-0100,Badminton Court,2024-03-11 19:26:37.434038,2024-03-12 18:45:00,5.0,True,2020-08-16
B-000920,R-0064,Swimming Pool,2024-03-11 21:52:19.373885,2024-03-13 17:00:00,2.0,False,2022-10-17
B-000921,R-0029,Swimming Pool,2024-03-12 01:50:05.007063,2024-03-14 16:45:00,1.0,False,2020-03-01
B-000922,R-0232,Kids Play Area,2024-03-12 07:23:59.714737,2024-03-12 09:45:00,5.0,True,2022-05-16
B-000923,R-0065,Clubhouse,2024-03-12 07:27:24.942399,2024-03-24 19:00:00,4.0,False,2023-02-14
B-000924,R-0261,Multipurpose Hall,2024-03-12 08:17:51.460171,2024-03-14 17:45:00,5.0,True,2023-07-12
B-000925,R-0165,Swimming Pool,2024-03-12 09:11:11.199017,2024-03-13 17:45:00,2.0,False,2021-12-19
B-000926,R-0027,Clubhouse,2024-03-12 11:57:24.832333,2024-03-16 11:00:00,2.0,False,2023-03-12
B-000927,R-0183,Multipurpose Hall,2024-03-12 12:24:38.436917,2024-03-14 11:45:00,5.0,False,2021-12-25
B-000928,R-0136,Swimming Pool,2024-03-12 15:26:43.593358,2024-03-13 06:15:00,5.0,False,2021-06-17
B-000929,R-0141,Swimming Pool,2024-03-12 16:47:51.437265,2024-03-13 07:15:00,1.0,False,2020-01-06
B-000930,R-0220,Gym,2024-03-12 17:28:14.424871,2024-03-13 16:00:00,5.0,False,2021-05-12
B-000931,R-0297,Multipurpose Hall,2024-03-12 18:16:49.113875,2024-03-27 10:45:00,1.0,False,2021-05-14
B-000932,R-0221,Kids Play Area,2024-03-12 18:48:16.188391,2024-03-13 17:45:00,1.0,True,2023-09-29
B-000933,R-0303,Multipurpose Hall,2024-03-12 20:18:33.521883,2024-03-14 19:00:00,2.0,False,2020-02-09
B-000934,R-0150,Multipurpose Hall,2024-03-12 22:01:15.216139,2024-03-20 17:30:00,5.0,False,2021-02-11
B-000935,R-0110,Badminton Court,2024-03-12 22:37:19.363572,2024-03-13 19:45:00,4.0,False,2022-06-09
B-000936,R-0096,Gym,2024-03-12 22:38:08.353462,2024-03-13 11:00:00,1.0,False,2022-10-22
B-000937,R-0119,Kids Play Area,2024-03-12 22:47:24.317160,2024-03-13 09:45:00,5.0,False,2023-12-08
B-000938,R-0273,Tennis Court,2024-03-13 00:29:38.594552,2024-03-16 18:15:00,5.0,False,2020-10-30
B-000939,R-0256,Gym,2024-03-13 04:20:40.101362,2024-03-13 08:45:00,3.0,True,2021-06-07
B-000940,R-0275,Kids Play Area,2024-03-13 06:59:16.726228,2024-03-13 10:45:00,4.0,True,2020-05-07
B-000941,R-0206,Tennis Court,2024-03-13 08:04:09.653291,2024-03-13 18:15:00,3.0,False,2021-06-14
B-000942,R-0052,Kids Play Area,2024-03-13 08:21:38.577979,2024-03-13 10:45:00,3.0,True,2022-09-27
B-000943,R-0139,Tennis Court,2024-03-13 08:41:16.761715,2024-03-14 18:45:00,4.0,True,2022-06-23
B-000944,R-0011,Gym,2024-03-13 12:36:59.902448,2024-03-14 18:30:00,4.0,False,2022-01-15
B-000945,R-0090,Badminton Court,2024-03-13 13:25:25.181510,2024-03-15 20:30:00,3.0,False,2020-03-27
B-000946,R-0189,Squash Court,2024-03-13 13:49:41.652541,2024-03-13 20:45:00,1.0,False,2022-07-11
B-000947,R-0040,Squash Court,2024-03-13 14:17:46.007727,2024-03-15 08:00:00,2.0,True,2023-09-02
B-000948,R-0225,Clubhouse,2024-03-13 15:06:48.756105,2024-03-25 20:30:00,2.0,False,2021-03-31
B-000949,R-0307,Gym,2024-03-13 23:46:05.698836,2024-03-14 06:45:00,2.0,True,2022-03-13
B-000950,R-0187,Squash Court,2024-03-14 00:46:11.654280,2024-03-14 20:45:00,4.0,False,2020-04-30
B-000951,R-0225,Kids Play Area,2024-03-14 04:26:44.526328,2024-03-14 10:00:00,2.0,False,2021-03-31
B-000952,R-0024,Gym,2024-03-14 20:29:18.556843,2024-03-15 18:45:00,1.0,False,2020-09-16
B-000953,R-0264,Multipurpose Hall,2024-03-14 21:32:43.238320,2024-03-16 18:00:00,,False,2020-01-20
B-000954,R-0177,Gym,2024-03-14 22:35:58.247018,2024-03-15 10:30:00,1.0,False,2021-12-08
B-000955,R-0034,Kids Play Area,2024-03-15 00:39:00.206074,2024-03-15 09:30:00,4.0,True,2020-04-02
B-000956,R-0174,Tennis Court,2024-03-15 01:04:52.884474,2024-03-16 07:00:00,3.0,False,2022-11-22
B-000957,R-0058,Kids Play Area,2024-03-15 02:53:29.348343,2024-03-15 16:00:00,3.0,False,2023-09-11
B-000958,R-0189,Clubhouse,2024-03-15 04:44:52.809459,2024-03-23 11:15:00,1.0,False,2022-07-11
B-000959,R-0113,Squash Court,2024-03-15 04:46:02.998458,2024-03-17 07:30:00,4.0,False,2022-06-28
B-000960,R-0111,Swimming Pool,2024-03-15 04:50:00.072187,2024-03-15 17:15:00,2.0,True,2022-01-10
B-000961,R-0198,Clubhouse,2024-03-15 07:56:17.134014,2024-04-19 11:45:00,5.0,False,2023-09-18
B-000962,R-0018,Tennis Court,2024-03-15 14:53:31.270281,2024-03-18 19:30:00,3.0,False,2020-12-01
B-000963,R-0204,Swimming Pool,2024-03-15 14:54:22.237356,2024-03-15 17:45:00,4.0,False,2022-05-24
B-000964,R-0032,Tennis Court,2024-03-15 15:08:39.210110,2024-03-17 06:00:00,4.0,False,2020-08-02
B-000965,R-0046,Swimming Pool,2024-03-15 16:05:26.190474,2024-03-15 19:30:00,1.0,True,2021-11-08
B-000966,R-0172,Kids Play Area,2024-03-15 17:17:08.886209,2024-03-15 17:45:00,2.0,False,2020-03-14
B-000967,R-0255,Gym,2024-03-15 19:01:35.752550,2024-03-16 12:15:00,4.0,False,2021-08-19
B-000968,R-0072,Clubhouse,2024-03-15 20:03:32.200506,2024-05-17 17:45:00,4.0,False,2022-05-01
B-000969,R-0252,Badminton Court,2024-03-15 20:17:38.904718,2024-03-16 19:00:00,2.0,True,2021-11-26
B-000970,R-0235,Squash Court,2024-03-15 21:39:58.265458,2024-03-16 18:45:00,2.0,False,2020-08-24
B-000971,R-0100,Gym,2024-03-15 21:42:08.589434,2024-03-16 14:45:00,5.0,True,2020-08-16
B-000972,R-0092,Kids Play Area,2024-03-15 22:32:12.253466,2024-03-16 17:45:00,3.0,False,2023-07-28
B-000973,R-0190,Tennis Court,2024-03-15 22:34:29.896790,2024-03-20 17:00:00,4.0,True,2022-05-02
B-000974,R-0291,Badminton Court,2024-03-15 23:12:35.315583,2024-03-17 21:00:00,5.0,False,2020-11-14
B-000975,R-0255,Swimming Pool,2024-03-16 03:39:48.072472,2024-03-17 18:45:00,4.0,False,2021-08-19
B-000976,R-0146,Kids Play Area,2024-03-16 05:23:05.155370,2024-03-16 09:00:00,4.0,False,2020-03-14
B-000977,R-0281,Kids Play Area,2024-03-16 05:30:35.797194,2024-03-16 18:00:00,4.0,False,2022-02-14
B-000978,R-0128,Squash Court,2024-03-16 06:06:35.560717,2024-03-16 19:15:00,4.0,False,2021-12-26
B-000979,R-0058,Clubhouse,2024-03-16 08:46:13.382585,2024-04-19 17:30:00,3.0,False,2023-09-11
B-000980,R-0135,Kids Play Area,2024-03-16 10:08:29.569196,2024-03-17 18:15:00,2.0,True,2021-05-18
B-000981,R-0197,Swimming Pool,2024-03-16 12:02:01.846466,2024-03-16 16:15:00,3.0,False,2023-05-10
B-000982,R-0107,Tennis Court,2024-03-16 12:26:47.189122,2024-03-17 19:15:00,2.0,False,2021-10-10
B-000983,R-0057,Gym,2024-03-16 12:29:31.346890,2024-03-17 08:45:00,2.0,False,2022-06-23
B-000984,R-0166,Squash Court,2024-03-16 13:34:11.649555,2024-03-17 07:30:00,4.0,False,2022-10-13
B-000985,R-0277,Swimming Pool,2024-03-16 13:58:41.049299,2024-03-16 19:45:00,1.0,True,2022-11-26
B-000986,R-0212,Gym,2024-03-16 14:25:11.629668,2024-03-17 08:15:00,5.0,False,2023-06-20
B-000987,R-0083,Tennis Court,2024-03-16 18:03:12.214238,2024-03-19 18:45:00,1.0,True,2020-03-12
B-000988,R-0152,Squash Court,2024-03-16 20:39:56.316682,2024-03-18 07:30:00,1.0,True,2020-03-08
B-000989,R-0232,Kids Play Area,2024-03-17 00:04:38.512812,2024-03-18 10:30:00,5.0,True,2022-05-16
B-000990,R-0101,Badminton Court,2024-03-17 01:03:06.287795,2024-03-18 19:45:00,2.0,False,2021-06-13
B-000991,R-0268,Kids Play Area,2024-03-17 01:31:40.385350,2024-03-17 16:15:00,5.0,False,2022-10-01
B-000992,R-0108,Kids Play Area,2024-03-17 07:53:47.948689,2024-03-17 09:45:00,2.0,False,2020-05-18
B-000993,R-0066,Clubhouse,2024-03-17 09:48:15.718764,2024-05-14 20:45:00,2.0,False,2021-02-13
B-000994,R-0317,Gym,2024-03-17 10:42:26.608682,2024-03-17 17:15:00,1.0,False,2023-02-18
B-000995,R-0276,Kids Play Area,2024-03-17 10:46:34.552450,2024-03-17 16:15:00,1.0,False,2021-12-03
B-000996,R-0061,Multipurpose Hall,2024-03-17 11:05:35.789189,2024-03-24 17:00:00,1.0,False,2022-11-06
B-000997,R-0159,Clubhouse,2024-03-17 11:34:19.496710,2024-03-26 20:15:00,3.0,True,2022-11-14
B-000998,R-0275,Multipurpose Hall,2024-03-17 11:57:26.085503,2024-04-15 19:00:00,4.0,True,2020-05-07
B-000999,R-0266,Tennis Court,2024-03-17 12:07:36.145654,2024-03-22 17:30:00,4.0,True,2023-12-21
B-001000,R-0158,Swimming Pool,2024-03-17 12:59:12.838823,2024-03-17 16:15:00,1.0,True,2021-11-01
B-001001,R-0124,Badminton Court,2024-03-17 13:41:02.255339,2024-03-17 17:15:00,3.0,False,2022-08-31
B-001002,R-0163,Tennis Court,2024-03-17 15:14:10.364646,2024-03-18 17:15:00,3.0,True,2022-11-25
B-001003,R-0203,Gym,2024-03-17 16:07:48.158511,2024-03-20 11:15:00,4.0,False,2023-10-19
B-001004,R-0056,Swimming Pool,2024-03-17 17:27:22.124039,2024-03-18 08:45:00,2.0,True,2020-07-16
B-001005,R-0290,Squash Court,2024-03-17 19:05:22.771324,2024-03-18 19:45:00,3.0,False,2021-02-25
B-001006,R-0019,Squash Court,2024-03-17 19:10:24.181061,2024-03-17 20:45:00,5.0,False,2022-02-09
B-001007,R-0176,Swimming Pool,2024-03-17 19:28:25.412841,2024-03-18 06:15:00,5.0,True,2022-03-04
B-001008,R-0234,Squash Court,2024-03-17 21:13:01.310239,2024-03-19 07:45:00,4.0,False,2022-03-24
B-001009,R-0139,Tennis Court,2024-03-17 21:55:59.420964,2024-03-24 18:30:00,4.0,True,2022-06-23
B-001010,R-0173,Multipurpose Hall,2024-03-18 00:10:52.291318,2024-03-29 11:30:00,2.0,False,2021-03-09
B-001011,R-0302,Clubhouse,2024-03-18 00:22:31.602744,2024-03-20 19:00:00,2.0,True,2023-05-11
B-001012,R-0042,Clubhouse,2024-03-18 02:26:50.866436,2024-03-21 20:15:00,3.0,False,2022-11-14
B-001013,R-0293,Tennis Court,2024-03-18 09:13:06.938461,2024-03-19 07:45:00,3.0,True,2023-08-16
B-001014,R-0194,Swimming Pool,2024-03-18 10:43:59.243685,2024-03-19 08:30:00,1.0,False,2023-01-19
B-001015,R-0098,Kids Play Area,2024-03-18 13:02:27.679484,2024-03-19 10:45:00,4.0,False,2022-10-31
B-001016,R-0036,Swimming Pool,2024-03-18 15:21:43.383017,2024-03-18 17:45:00,3.0,True,2021-02-14
B-001017,R-0187,Squash Court,2024-03-18 16:16:28.602143,2024-03-18 18:15:00,4.0,False,2020-04-30
B-001018,R-0105,Tennis Court,2024-03-18 16:48:20.103607,2024-03-24 07:15:00,1.0,False,2021-09-14
B-001019,R-0269,Badminton Court,2024-03-18 17:33:45.951340,2024-03-19 17:15:00,5.0,False,2023-11-18
B-001020,R-0287,Gym,2024-03-18 22:22:55.098437,2024-03-19 15:30:00,3.0,False,2022-04-21
B-001021,R-0211,Clubhouse,2024-03-18 23:50:09.252745,2024-03-27 19:45:00,5.0,True,2021-11-19
B-001022,R-0263,Swimming Pool,2024-03-19 00:53:39.350992,2024-03-21 19:00:00,3.0,True,2022-08-11
B-001023,R-0198,Squash Court,2024-03-19 02:39:20.012026,2024-03-19 18:00:00,5.0,False,2023-09-18
B-001024,R-0122,Gym,2024-03-19 03:35:50.193905,2024-03-20 20:00:00,1.0,False,2022-11-04
B-001025,R-0120,Kids Play Area,2024-03-19 04:22:11.150956,2024-03-19 10:15:00,2.0,True,2023-09-11
B-001026,R-0070,Swimming Pool,2024-03-19 06:43:47.114342,2024-03-21 06:00:00,3.0,False,2020-04-24
B-001027,R-0249,Multipurpose Hall,2024-03-19 06:54:17.643315,2024-03-24 18:30:00,4.0,True,2021-04-14
B-001028,R-0052,Kids Play Area,2024-03-19 07:12:56.714571,2024-03-19 10:15:00,3.0,True,2022-09-27
B-001029,R-0076,Multipurpose Hall,2024-03-19 10:02:24.736336,2024-03-30 10:30:00,2.0,False,2020-08-07
B-001030,R-0170,Swimming Pool,2024-03-19 11:03:08.464979,2024-03-19 18:30:00,4.0,False,2023-02-04
B-001031,R-0240,Tennis Court,2024-03-19 11:12:07.862449,2024-03-22 17:15:00,4.0,True,2021-08-25
B-001032,R-0311,Gym,2024-03-19 11:15:23.042633,2024-03-20 20:45:00,5.0,False,2021-06-05
B-001033,R-0273,Clubhouse,2024-03-19 11:51:17.249623,2024-04-06 20:30:00,5.0,False,2020-10-30
B-001034,R-0050,Tennis Court,2024-03-19 11:53:23.282472,2024-03-20 17:00:00,2.0,False,2022-11-09
B-001035,R-0101,Squash Court,2024-03-19 15:09:23.430138,2024-03-20 07:00:00,2.0,False,2021-06-13
B-001036,R-0192,Kids Play Area,2024-03-19 15:58:28.216024,2024-03-20 10:00:00,4.0,True,2023-07-01
B-001037,R-0228,Squash Court,2024-03-19 18:13:15.068325,2024-03-22 19:45:00,4.0,False,2023-09-10
B-001038,R-0039,Gym,2024-03-19 18:36:14.248654,2024-03-23 17:00:00,5.0,False,2020-08-27
B-001039,R-0038,Multipurpose Hall,2024-03-19 21:19:46.817528,2024-03-27 19:30:00,5.0,False,2020-08-26
B-001040,R-0267,Multipurpose Hall,2024-03-19 22:04:07.857983,2024-03-23 18:00:00,3.0,False,2021-09-07
B-001041,R-0288,Squash Court,2024-03-20 04:40:29.647398,2024-03-21 07:15:00,4.0,False,2023-09-08
B-001042,R-0115,Tennis Court,2024-03-20 05:59:10.296233,2024-03-22 17:45:00,2.0,False,2021-08-17
B-001043,R-0271,Squash Court,2024-03-20 06:24:00.473752,2024-03-21 07:15:00,1.0,True,2021-04-08
B-001044,R-0184,Badminton Court,2024-03-20 06:48:41.336104,2024-03-21 21:45:00,1.0,False,2022-11-30
B-001045,R-0157,Kids Play Area,2024-03-20 08:01:15.717755,2024-03-20 16:15:00,3.0,True,2020-05-01
B-001046,R-0133,Swimming Pool,2024-03-20 08:30:12.963804,2024-03-21 17:30:00,4.0,False,2020-03-10
B-001047,R-0160,Kids Play Area,2024-03-20 14:16:55.248342,2024-03-20 17:00:00,1.0,True,2020-08-11
B-001048,R-0201,Swimming Pool,2024-03-20 14:57:25.949669,2024-03-21 08:45:00,5.0,False,2021-04-13
B-001049,R-0077,Kids Play Area,2024-03-20 15:02:29.834732,2024-03-20 17:00:00,5.0,False,2020-09-28
B-001050,R-0087,Clubhouse,2024-03-20 16:11:53.053352,2024-03-21 19:00:00,1.0,False,2023-02-22
B-001051,R-0102,Squash Court,2024-03-20 22:49:25.676399,2024-03-21 07:45:00,1.0,False,2022-05-02
B-001052,R-0214,Gym,2024-03-20 23:10:41.104497,2024-03-21 16:45:00,1.0,False,2023-10-23
B-001053,R-0052,Squash Court,2024-03-21 04:36:19.550217,2024-03-21 07:15:00,3.0,True,2022-09-27
B-001054,R-0194,Swimming Pool,2024-03-21 05:45:37.622043,2024-03-26 07:00:00,1.0,False,2023-01-19
B-001055,R-0315,Gym,2024-03-21 07:18:01.384906,2024-03-21 16:30:00,5.0,True,2022-01-23
B-001056,R-0025,Multipurpose Hall,2024-03-21 07:44:28.118981,2024-03-25 19:45:00,4.0,True,2020-12-30
B-001057,R-0188,Badminton Court,2024-03-21 10:44:07.442937,2024-03-24 17:00:00,1.0,False,2023-02-11
B-001058,R-0259,Badminton Court,2024-03-21 12:55:45.369361,2024-03-21 21:15:00,3.0,False,2023-12-21
B-001059,R-0129,Squash Court,2024-03-21 12:58:47.305467,2024-03-22 08:30:00,2.0,False,2022-06-19
B-001060,R-0283,Swimming Pool,2024-03-21 22:24:12.676038,2024-03-22 17:00:00,1.0,False,2020-02-28
B-001061,R-0012,Tennis Court,2024-03-21 22:58:55.022101,2024-03-24 06:15:00,4.0,True,2020-11-21
B-001062,R-0046,Clubhouse,2024-03-22 00:57:39.323918,2024-03-28 18:45:00,1.0,True,2021-11-08
B-001063,R-0110,Clubhouse,2024-03-22 01:43:18.593025,2024-04-04 11:45:00,4.0,False,2022-06-09
B-001064,R-0010,Kids Play Area,2024-03-22 05:50:22.139923,2024-03-23 09:15:00,3.0,True,2020-10-23
B-001065,R-0295,Badminton Court,2024-03-22 05:55:01.884863,2024-03-22 21:30:00,3.0,False,2023-02-14
B-001066,R-0144,Badminton Court,2024-03-22 09:46:01.527913,2024-03-24 17:30:00,3.0,False,2022-07-09
B-001067,R-0245,Squash Court,2024-03-22 13:03:34.606987,2024-03-22 18:30:00,1.0,False,2022-02-09
B-001068,R-0057,Swimming Pool,2024-03-22 13:27:44.034848,2024-03-24 06:15:00,2.0,False,2022-06-23
B-001069,R-0003,Badminton Court,2024-03-22 13:46:38.168651,2024-03-23 19:45:00,1.0,False,2020-06-06
B-001070,R-0235,Swimming Pool,2024-03-22 18:56:53.787167,2024-03-23 19:15:00,2.0,False,2020-08-24
B-001071,R-0018,Swimming Pool,2024-03-22 19:27:07.636663,2024-03-24 16:45:00,3.0,False,2020-12-01
B-001072,R-0058,Multipurpose Hall,2024-03-22 19:49:58.763630,2024-03-28 10:30:00,3.0,False,2023-09-11
B-001073,R-0159,Multipurpose Hall,2024-03-22 21:58:25.181045,2024-04-07 19:15:00,3.0,True,2022-11-14
B-001074,R-0090,Badminton Court,2024-03-23 01:12:45.720529,2024-03-24 20:00:00,3.0,False,2020-03-27
B-001075,R-0167,Swimming Pool,2024-03-23 03:37:52.051700,2024-03-23 07:15:00,2.0,False,2020-02-05
B-001076,R-0117,Swimming Pool,2024-03-23 05:30:50.966596,2024-03-24 08:15:00,4.0,False,2020-10-16
B-001077,R-0123,Badminton Court,2024-03-23 05:41:11.142026,2024-03-23 17:30:00,5.0,False,2021-05-23
B-001078,R-0096,Gym,2024-03-23 07:55:38.632432,2024-03-23 17:15:00,1.0,False,2022-10-22
B-001079,R-0206,Swimming Pool,2024-03-23 08:15:25.765911,2024-03-23 19:45:00,3.0,False,2021-06-14
B-001080,R-0116,Gym,2024-03-23 09:40:57.423364,2024-03-23 16:45:00,4.0,False,2020-04-11
B-001081,R-0064,Gym,2024-03-23 11:12:56.958674,2024-03-23 18:30:00,2.0,False,2022-10-17
B-001082,R-0220,Tennis Court,2024-03-23 12:22:51.502970,2024-03-26 06:45:00,5.0,False,2021-05-12
B-001083,R-0054,Kids Play Area,2024-03-23 13:21:56.439310,2024-03-23 16:45:00,2.0,False,2022-02-13
B-001084,R-0237,Squash Court,2024-03-23 14:20:49.510145,2024-03-24 08:15:00,2.0,False,2020-12-11
B-001085,R-0028,Gym,2024-03-23 18:07:12.794434,2024-03-23 20:45:00,4.0,False,2023-12-08
B-001086,R-0224,Badminton Court,2024-03-23 18:12:06.909354,2024-03-24 18:15:00,1.0,False,2021-05-19
B-001087,R-0292,Badminton Court,2024-03-23 18:36:19.637258,2024-03-23 21:00:00,3.0,False,2020-01-30
B-001088,R-0002,Gym,2024-03-23 18:51:19.738119,2024-03-25 17:00:00,1.0,False,2022-03-21
B-001089,R-0212,Gym,2024-03-23 20:17:42.998866,2024-03-25 06:00:00,5.0,False,2023-06-20
B-001090,R-0265,Multipurpose Hall,2024-03-23 22:58:03.844129,2024-03-31 10:30:00,3.0,False,2023-04-02
B-001091,R-0135,Multipurpose Hall,2024-03-24 00:43:31.403384,2024-04-11 18:00:00,2.0,True,2021-05-18
B-001092,R-0078,Squash Court,2024-03-24 01:29:14.416596,2024-03-25 20:00:00,3.0,False,2020-11-08
B-001093,R-0055,Swimming Pool,2024-03-24 05:17:40.276979,2024-03-24 18:00:00,3.0,False,2020-04-03
B-001094,R-0045,Gym,2024-03-24 10:06:44.608004,2024-03-24 15:45:00,4.0,False,2020-05-15
B-001095,R-0313,Tennis Court,2024-03-24 11:03:40.944683,2024-03-25 07:00:00,2.0,False,2022-01-03
B-001096,R-0039,Multipurpose Hall,2024-03-24 11:12:36.323847,2024-03-29 10:00:00,5.0,False,2020-08-27
B-001097,R-0155,Swimming Pool,2024-03-24 12:06:49.964604,2024-03-24 19:30:00,5.0,True,2021-02-12
B-001098,R-0097,Swimming Pool,2024-03-24 16:31:21.674542,2024-03-25 07:15:00,4.0,False,2021-12-03
B-001099,R-0062,Squash Court,2024-03-24 17:24:33.030406,2024-03-26 18:45:00,2.0,False,2020-06-01
B-001100,R-0056,Multipurpose Hall,2024-03-25 02:12:47.153199,2024-03-29 11:45:00,2.0,True,2020-07-16
B-001101,R-0013,Clubhouse,2024-03-25 05:07:41.229990,2024-03-26 19:00:00,1.0,True,2023-10-18
B-001102,R-0138,Tennis Court,2024-03-25 06:02:11.767576,2024-03-26 17:00:00,3.0,False,2021-08-01
B-001103,R-0132,Tennis Court,2024-03-25 08:42:06.066139,2024-03-27 18:30:00,3.0,True,2020-10-06
B-001104,R-0303,Gym,2024-03-25 09:08:34.399726,2024-03-25 11:30:00,2.0,False,2020-02-09
B-001105,R-0227,Squash Court,2024-03-25 11:27:28.611352,2024-03-25 18:00:00,4.0,True,2021-10-13
B-001106,R-0038,Multipurpose Hall,2024-03-25 12:23:48.982460,2024-04-14 19:30:00,5.0,False,2020-08-26
B-001107,R-0202,Gym,2024-03-25 15:53:09.492202,2024-03-26 15:00:00,3.0,True,2021-04-27
B-001108,R-0114,Kids Play Area,2024-03-25 17:23:15.450957,2024-03-27 18:15:00,3.0,True,2021-10-04
B-001109,R-0186,Multipurpose Hall,2024-03-25 23:41:58.520483,2024-03-31 17:30:00,2.0,False,2020-11-10
B-001110,R-0135,Badminton Court,2024-03-26 00:11:54.610302,2024-03-29 17:00:00,2.0,True,2021-05-18
B-001111,R-0212,Clubhouse,2024-03-26 03:43:05.321188,2024-05-29 11:45:00,5.0,False,2023-06-20
B-001112,R-0027,Gym,2024-03-26 06:33:43.931233,2024-03-26 09:45:00,2.0,False,2023-03-12
B-001113,R-0151,Gym,2024-03-26 07:41:13.839534,2024-03-26 17:30:00,4.0,True,2020-08-06
B-001114,R-0283,Multipurpose Hall,2024-03-26 08:40:04.001589,2024-04-26 18:00:00,1.0,False,2020-02-28
B-001115,R-0177,Tennis Court,2024-03-26 11:22:42.089281,2024-03-27 17:15:00,1.0,False,2021-12-08
B-001116,R-0168,Kids Play Area,2024-03-26 11:25:14.338688,2024-03-26 18:15:00,3.0,True,2022-09-23
B-001117,R-0182,Gym,2024-03-26 18:00:41.233142,2024-03-27 08:00:00,2.0,True,2022-11-04
B-001118,R-0187,Swimming Pool,2024-03-26 21:25:17.510805,2024-03-27 06:00:00,4.0,False,2020-04-30
B-001119,R-0024,Clubhouse,2024-03-26 23:22:46.121849,2024-03-30 11:00:00,1.0,False,2020-09-16
B-001120,R-0240,Clubhouse,2024-03-26 23:49:04.474392,2024-05-03 17:45:00,4.0,True,2021-08-25
B-001121,R-0125,Badminton Court,2024-03-27 00:41:47.476779,2024-03-27 19:00:00,5.0,True,2020-12-19
B-001122,R-0004,Squash Court,2024-03-27 05:17:56.063730,2024-03-27 07:30:00,2.0,True,2023-10-13
B-001123,R-0305,Gym,2024-03-27 09:04:52.615185,2024-03-27 12:15:00,5.0,False,2023-08-05
B-001124,R-0300,Badminton Court,2024-03-27 10:20:53.308091,2024-03-27 19:45:00,4.0,False,2023-10-05
B-001125,R-0082,Clubhouse,2024-03-27 10:54:20.270410,2024-03-29 18:45:00,4.0,False,2020-08-31
B-001126,R-0180,Badminton Court,2024-03-27 11:14:47.499863,2024-03-27 21:45:00,2.0,False,2020-05-11
B-001127,R-0267,Multipurpose Hall,2024-03-27 12:00:32.012340,2024-03-31 18:15:00,3.0,False,2021-09-07
B-001128,R-0317,Tennis Court,2024-03-27 16:05:28.042268,2024-03-29 06:45:00,1.0,False,2023-02-18
B-001129,R-0196,Tennis Court,2024-03-27 17:02:47.817879,2024-03-29 17:45:00,2.0,True,2022-01-24
B-001130,R-0211,Clubhouse,2024-03-27 18:12:08.860833,2024-04-24 19:30:00,5.0,True,2021-11-19
B-001131,R-0320,Squash Court,2024-03-27 20:47:10.639641,2024-03-28 18:30:00,2.0,True,2022-10-14
B-001132,R-0174,Multipurpose Hall,2024-03-27 23:09:55.305156,2024-03-31 11:15:00,3.0,False,2022-11-22
B-001133,R-0036,Tennis Court,2024-03-27 23:50:45.003342,2024-03-28 07:00:00,3.0,True,2021-02-14
B-001134,R-0030,Badminton Court,2024-03-28 02:24:19.935703,2024-03-30 17:00:00,2.0,True,2023-02-05
B-001135,R-0255,Gym,2024-03-28 06:43:27.491848,2024-03-31 12:30:00,4.0,False,2021-08-19
B-001136,R-0265,Clubhouse,2024-03-28 13:18:55.976422,2024-04-11 17:45:00,3.0,False,2023-04-02
B-001137,R-0250,Badminton Court,2024-03-28 15:14:18.293009,2024-04-03 20:45:00,1.0,True,2023-08-16
B-001138,R-0033,Squash Court,2024-03-28 18:46:25.012806,2024-03-29 19:00:00,1.0,False,2022-09-12
B-001139,R-0211,Multipurpose Hall,2024-03-28 21:25:20.299806,2024-03-31 19:15:00,5.0,True,2021-11-19
B-001140,R-0183,Tennis Court,2024-03-29 01:32:24.385040,2024-03-30 07:30:00,5.0,False,2021-12-25
B-001141,R-0290,Gym,2024-03-29 06:49:26.486773,2024-03-29 16:15:00,3.0,False,2021-02-25
B-001142,R-0044,Clubhouse,2024-03-29 07:47:27.039818,2024-03-30 12:45:00,1.0,False,2021-10-23
B-001143,R-0057,Swimming Pool,2024-03-29 12:37:16.975316,2024-03-30 17:00:00,,False,2022-06-23
B-001144,R-0061,Clubhouse,2024-03-29 15:11:03.594993,2024-04-05 20:15:00,1.0,False,2022-11-06
B-001145,R-0279,Clubhouse,2024-03-29 15:36:35.904896,2024-04-01 17:00:00,1.0,False,2023-11-24
B-001146,R-0185,Tennis Court,2024-03-29 18:03:49.202894,2024-03-30 18:00:00,4.0,False,2023-10-25
B-001147,R-0013,Swimming Pool,2024-03-29 21:51:26.216753,2024-03-30 19:00:00,1.0,True,2023-10-18
B-001148,R-0102,Tennis Court,2024-03-29 22:14:14.932360,2024-03-30 07:00:00,1.0,False,2022-05-02
B-001149,R-0104,Gym,2024-03-29 22:37:34.769707,2024-03-30 16:45:00,5.0,True,2023-02-09
B-001150,R-0166,Kids Play Area,2024-03-29 23:02:10.201016,2024-03-30 16:00:00,4.0,False,2022-10-13
B-001151,R-0252,Kids Play Area,2024-03-29 23:09:10.722924,2024-03-30 10:30:00,2.0,True,2021-11-26
B-001152,R-0184,Badminton Court,2024-03-30 02:10:28.581176,2024-04-01 21:00:00,1.0,False,2022-11-30
B-001153,R-0175,Tennis Court,2024-03-30 08:03:09.867179,2024-03-31 07:00:00,1.0,False,2020-01-26
B-001154,R-0275,Kids Play Area,2024-03-30 09:18:07.061672,2024-03-30 17:15:00,4.0,True,2020-05-07
B-001155,R-0091,Badminton Court,2024-03-30 12:56:37.967921,2024-03-30 20:45:00,2.0,True,2023-12-22
B-001156,R-0233,Badminton Court,2024-03-30 15:51:02.610809,2024-04-02 17:15:00,4.0,True,2021-11-14
B-001157,R-0214,Tennis Court,2024-03-30 16:15:00.000000,2024-03-30 18:15:00,1.0,False,2023-10-23
B-001158,R-0198,Tennis Court,2024-03-30 16:17:51.722335,2024-03-30 18:45:00,5.0,False,2023-09-18
B-001159,R-0303,Multipurpose Hall,2024-03-30 17:43:51.060757,2024-04-01 18:15:00,2.0,False,2020-02-09
B-001160,R-0228,Gym,2024-03-30 18:46:39.931474,2024-03-31 15:45:00,4.0,False,2023-09-10
B-001161,R-0212,Multipurpose Hall,2024-03-31 01:34:43.739266,2024-04-26 11:45:00,5.0,False,2023-06-20
B-001162,R-0196,Kids Play Area,2024-03-31 02:31:01.349483,2024-03-31 17:00:00,2.0,True,2022-01-24
B-001163,R-0119,Kids Play Area,2024-03-31 02:45:13.770868,2024-03-31 09:45:00,5.0,False,2023-12-08
B-001164,R-0145,Multipurpose Hall,2024-03-31 02:52:22.319088,2024-04-03 11:00:00,1.0,False,2021-10-20
B-001165,R-0240,Squash Court,2024-03-31 03:20:38.918734,2024-04-02 20:15:00,4.0,True,2021-08-25
B-001166,R-0232,Kids Play Area,2024-03-31 06:26:46.405696,2024-03-31 18:15:00,5.0,True,2022-05-16
B-001167,R-0108,Squash Court,2024-03-31 07:52:34.034737,2024-04-02 07:00:00,2.0,False,2020-05-18
B-001168,R-0040,Tennis Court,2024-03-31 09:24:04.252430,2024-04-01 18:15:00,2.0,True,2023-09-02
B-001169,R-0156,Badminton Court,2024-03-31 10:35:26.239218,2024-03-31 20:30:00,2.0,False,2020-05-03
B-001170,R-0009,Kids Play Area,2024-03-31 14:15:34.699962,2024-03-31 16:15:00,5.0,True,2021-04-09
B-001171,R-0139,Tennis Court,2024-03-31 14:16:09.930666,2024-04-05 18:45:00,4.0,True,2022-06-23
B-001172,R-0126,Tennis Court,2024-03-31 14:20:18.963740,2024-04-01 18:15:00,4.0,False,2020-12-04
B-001173,R-0105,Gym,2024-03-31 15:52:09.404993,2024-04-01 09:00:00,1.0,False,2021-09-14
B-001174,R-0096,Tennis Court,2024-03-31 18:07:35.584060,2024-04-03 07:45:00,1.0,False,2022-10-22
B-001175,R-0066,Badminton Court,2024-03-31 18:54:16.043593,2024-04-01 20:45:00,2.0,False,2021-02-13
B-001176,R-0255,Gym,2024-03-31 19:12:01.188899,2024-04-02 12:30:00,4.0,False,2021-08-19
B-001177,R-0145,Tennis Court,2024-03-31 20:34:11.848613,2024-04-01 07:15:00,1.0,False,2021-10-20
B-001178,R-0031,Gym,2024-03-31 21:24:30.468217,2024-04-01 16:45:00,1.0,False,2020-10-02
B-001179,R-0189,Tennis Court,2024-04-01 02:09:40.110666,2024-04-02 17:00:00,1.0,False,2022-07-11
B-001180,R-0154,Badminton Court,2024-04-01 06:52:39.026764,2024-04-03 21:00:00,4.0,False,2020-04-23
B-001181,R-0146,Kids Play Area,2024-04-01 08:00:52.932866,2024-04-01 09:30:00,4.0,False,2020-03-14
B-001182,R-0302,Clubhouse,2024-04-01 13:58:16.797297,2024-04-21 19:15:00,2.0,True,2023-05-11
B-001183,R-0060,Badminton Court,2024-04-01 14:47:37.603965,2024-04-02 19:45:00,4.0,False,2021-10-21
B-001184,R-0147,Squash Court,2024-04-01 14:50:21.977681,2024-04-02 07:30:00,5.0,False,2023-05-17
B-001185,R-0146,Clubhouse,2024-04-01 17:48:40.710498,2024-04-14 11:15:00,4.0,False,2020-03-14
B-001186,R-0100,Kids Play Area,2024-04-01 19:11:56.571999,2024-04-02 17:15:00,5.0,True,2020-08-16
B-001187,R-0217,Multipurpose Hall,2024-04-01 19:30:00.000000,2024-04-02 19:30:00,1.0,False,2020-11-09
B-001188,R-0259,Tennis Court,2024-04-02 01:46:13.886285,2024-04-03 06:00:00,3.0,False,2023-12-21
B-001189,R-0293,Tennis Court,2024-04-02 02:01:45.515574,2024-04-03 07:30:00,3.0,True,2023-08-16
B-001190,R-0207,Multipurpose Hall,2024-04-02 05:26:38.588648,2024-04-08 10:30:00,3.0,False,2021-04-11
B-001191,R-0214,Clubhouse,2024-04-02 07:52:02.273372,2024-04-04 11:30:00,1.0,False,2023-10-23
B-001192,R-0275,Clubhouse,2024-04-02 07:53:09.622331,2024-05-18 20:45:00,4.0,True,2020-05-07
B-001193,R-0092,Kids Play Area,2024-04-02 11:06:45.515898,2024-04-02 17:15:00,3.0,False,2023-07-28
B-001194,R-0111,Swimming Pool,2024-04-02 12:32:47.919235,2024-04-03 08:30:00,2.0,True,2022-01-10
B-001195,R-0076,Swimming Pool,2024-04-02 16:21:33.202999,2024-04-05 07:45:00,2.0,False,2020-08-07
B-001196,R-0024,Clubhouse,2024-04-02 20:37:35.866279,2024-04-06 17:00:00,1.0,False,2020-09-16
B-001197,R-0141,Swimming Pool,2024-04-02 22:13:07.380574,2024-04-03 18:45:00,1.0,False,2020-01-06
B-001198,R-0183,Multipurpose Hall,2024-04-03 01:05:48.929123,2024-04-07 11:30:00,5.0,False,2021-12-25
B-001199,R-0122,Gym,2024-04-03 03:04:28.220993,2024-04-03 20:00:00,1.0,False,2022-11-04
B-001200,R-0062,Badminton Court,2024-04-03 04:20:17.039132,2024-04-03 20:00:00,2.0,False,2020-06-01
B-001201,R-0260,Swimming Pool,2024-04-03 04:40:04.080198,2024-04-03 17:45:00,5.0,False,2020-02-11
B-001202,R-0139,Tennis Court,2024-04-03 06:15:00.000000,2024-04-13 18:15:00,4.0,True,2022-06-23
B-001203,R-0010,Clubhouse,2024-04-03 09:00:57.247152,2024-06-22 11:30:00,3.0,True,2020-10-23
B-001204,R-0221,Kids Play Area,2024-04-03 10:14:18.670035,2024-04-03 17:00:00,1.0,True,2023-09-29
B-001205,R-0223,Clubhouse,2024-04-03 11:43:25.101008,2024-04-10 17:00:00,1.0,False,2021-12-28
B-001206,R-0009,Clubhouse,2024-04-03 12:13:40.565792,2024-04-09 17:30:00,5.0,True,2021-04-09
B-001207,R-0309,Kids Play Area,2024-04-03 13:12:49.949666,2024-04-03 16:15:00,1.0,True,2022-05-22
B-001208,R-0194,Squash Court,2024-04-03 13:15:50.482947,2024-04-04 08:30:00,1.0,False,2023-01-19
B-001209,R-0297,Swimming Pool,2024-04-03 15:01:22.757400,2024-04-05 07:45:00,1.0,False,2021-05-14
B-001210,R-0279,Squash Court,2024-04-03 16:13:44.248357,2024-04-04 07:15:00,1.0,False,2023-11-24
B-001211,R-0163,Kids Play Area,2024-04-03 16:28:14.400711,2024-04-03 18:00:00,3.0,True,2022-11-25
B-001212,R-0137,Kids Play Area,2024-04-03 16:28:48.581951,2024-04-03 17:00:00,2.0,True,2020-08-26
B-001213,R-0046,Kids Play Area,2024-04-03 16:51:03.002346,2024-04-03 18:45:00,1.0,True,2021-11-08
B-001214,R-0238,Tennis Court,2024-04-03 17:15:00.000000,2024-04-03 19:15:00,3.0,True,2023-07-13
B-001215,R-0149,Tennis Court,2024-04-03 19:43:47.763059,2024-04-04 18:15:00,2.0,False,2020-09-09
B-001216,R-0158,Swimming Pool,2024-04-03 22:57:39.825866,2024-04-04 07:30:00,1.0,True,2021-11-01
B-001217,R-0170,Swimming Pool,2024-04-04 06:21:08.954812,2024-04-04 18:45:00,4.0,False,2023-02-04
B-001218,R-0052,Kids Play Area,2024-04-04 07:24:55.430372,2024-04-04 10:00:00,3.0,True,2022-09-27
B-001219,R-0120,Swimming Pool,2024-04-04 09:28:06.380115,2024-04-04 17:00:00,2.0,True,2023-09-11
B-001220,R-0256,Swimming Pool,2024-04-04 12:16:28.368010,2024-04-04 18:15:00,3.0,True,2021-06-07
B-001221,R-0114,Kids Play Area,2024-04-04 12:24:15.572176,2024-04-05 10:15:00,3.0,True,2021-10-04
B-001222,R-0180,Kids Play Area,2024-04-04 12:44:14.721458,2024-04-04 16:45:00,2.0,False,2020-05-11
B-001223,R-0236,Gym,2024-04-04 15:14:03.404226,2024-04-05 06:15:00,1.0,True,2021-05-07
B-001224,R-0043,Swimming Pool,2024-04-04 17:29:02.624756,2024-04-05 19:45:00,5.0,False,2023-06-13
B-001225,R-0303,Gym,2024-04-04 21:42:05.677368,2024-04-05 11:15:00,2.0,False,2020-02-09
B-001226,R-0271,Squash Court,2024-04-05 04:50:41.768654,2024-04-07 08:45:00,1.0,True,2021-04-08
B-001227,R-0220,Badminton Court,2024-04-05 04:52:48.338991,2024-04-05 18:45:00,5.0,False,2021-05-12
B-001228,R-0178,Kids Play Area,2024-04-05 06:09:36.454107,2024-04-05 10:00:00,2.0,True,2023-06-30
B-001229,R-0274,Gym,2024-04-05 07:50:41.014201,2024-04-05 10:30:00,1.0,False,2021-08-07
B-001230,R-0161,Tennis Court,2024-04-05 10:52:16.942517,2024-04-08 07:30:00,4.0,True,2022-05-10
B-001231,R-0267,Multipurpose Hall,2024-04-05 12:09:04.528138,2024-04-14 18:15:00,3.0,False,2021-09-07
B-001232,R-0122,Gym,2024-04-05 15:13:41.672567,2024-04-06 20:00:00,1.0,False,2022-11-04
B-001233,R-0032,Tennis Court,2024-04-05 15:46:27.799439,2024-04-07 06:00:00,4.0,False,2020-08-02
B-001234,R-0143,Kids Play Area,2024-04-05 16:40:02.814927,2024-04-05 18:15:00,5.0,True,2022-08-13
B-001235,R-0144,Swimming Pool,2024-04-05 17:23:17.040523,2024-04-06 06:00:00,3.0,False,2022-07-09
B-001236,R-0297,Squash Court,2024-04-05 17:46:20.028651,2024-04-10 08:15:00,1.0,False,2021-05-14
B-001237,R-0011,Multipurpose Hall,2024-04-05 20:26:25.160202,2024-04-13 11:00:00,4.0,False,2022-01-15
B-001238,R-0293,Multipurpose Hall,2024-04-05 21:27:51.742824,2024-04-15 10:45:00,3.0,True,2023-08-16
B-001239,R-0212,Gym,2024-04-05 21:41:58.306714,2024-04-07 08:30:00,5.0,False,2023-06-20
B-001240,R-0117,Swimming Pool,2024-04-06 02:34:18.668119,2024-04-06 08:30:00,4.0,False,2020-10-16
B-001241,R-0033,Badminton Court,2024-04-06 04:06:27.582804,2024-04-06 17:45:00,1.0,False,2022-09-12
B-001242,R-0167,Gym,2024-04-06 08:34:47.699243,2024-04-06 10:30:00,2.0,False,2020-02-05
B-001243,R-0221,Squash Court,2024-04-06 11:00:36.024762,2024-04-10 08:00:00,1.0,True,2023-09-29
B-001244,R-0181,Gym,2024-04-06 13:09:11.911964,2024-04-07 18:30:00,4.0,True,2022-08-08
B-001245,R-0174,Gym,2024-04-06 14:30:39.512878,2024-04-07 11:00:00,3.0,False,2022-11-22
B-001246,R-0254,Kids Play Area,2024-04-06 14:41:28.326703,2024-04-06 18:45:00,2.0,False,2020-09-25
B-001247,R-0033,Swimming Pool,2024-04-06 14:49:27.051500,2024-04-07 17:45:00,1.0,False,2022-09-12
B-001248,R-0215,Gym,2024-04-06 22:13:11.269358,2024-04-07 07:45:00,2.0,True,2023-03-17
B-001249,R-0006,Squash Court,2024-04-07 00:04:10.365340,2024-04-07 07:45:00,1.0,True,2022-03-03
B-001250,R-0319,Swimming Pool,2024-04-07 01:23:23.859115,2024-04-07 18:45:00,1.0,False,2020-02-22
B-001251,R-0082,Gym,2024-04-07 01:33:04.250109,2024-04-07 19:30:00,4.0,False,2020-08-31
B-001252,R-0127,Squash Court,2024-04-07 04:02:51.121493,2024-04-07 07:30:00,3.0,False,2020-06-15
B-001253,R-0154,Gym,2024-04-07 04:06:13.149043,2024-04-08 09:15:00,4.0,False,2020-04-23
B-001254,R-0269,Tennis Court,2024-04-07 06:53:08.077217,2024-04-07 17:00:00,5.0,False,2023-11-18
B-001255,R-0158,Swimming Pool,2024-04-07 11:39:49.138176,2024-04-07 16:15:00,1.0,True,2021-11-01
B-001256,R-0206,Swimming Pool,2024-04-07 15:30:21.100785,2024-04-08 19:15:00,3.0,False,2021-06-14
B-001257,R-0263,Tennis Court,2024-04-07 17:21:00.698155,2024-04-12 07:45:00,3.0,True,2022-08-11
B-001258,R-0101,Badminton Court,2024-04-07 19:01:15.693387,2024-04-08 19:15:00,2.0,False,2021-06-13
B-001259,R-0034,Swimming Pool,2024-04-07 19:41:10.155727,2024-04-08 17:15:00,4.0,True,2020-04-02
B-001260,R-0036,Tennis Court,2024-04-07 21:40:45.560353,2024-04-08 07:30:00,3.0,True,2021-02-14
B-001261,R-0136,Swimming Pool,2024-04-07 21:45:25.085701,2024-04-08 06:30:00,5.0,False,2021-06-17
B-001262,R-0198,Clubhouse,2024-04-07 23:26:16.982977,2024-04-12 19:45:00,5.0,False,2023-09-18
B-001263,R-0203,Tennis Court,2024-04-08 02:14:32.634329,2024-04-09 07:15:00,4.0,False,2023-10-19
B-001264,R-0317,Gym,2024-04-08 03:18:16.258444,2024-04-08 10:15:00,1.0,False,2023-02-18
B-001265,R-0026,Tennis Court,2024-04-08 04:05:41.924002,2024-04-08 18:30:00,2.0,False,2022-01-18
B-001266,R-0202,Gym,2024-04-08 04:42:09.748364,2024-04-08 15:00:00,3.0,True,2021-04-27
B-001267,R-0075,Tennis Court,2024-04-08 05:04:41.107248,2024-04-10 19:00:00,2.0,False,2023-01-11
B-001268,R-0247,Gym,2024-04-08 05:24:02.097760,2024-04-08 10:45:00,3.0,True,2021-09-01
B-001269,R-0278,Gym,2024-04-08 06:49:37.488966,2024-04-08 09:15:00,4.0,False,2023-06-25
B-001270,R-0180,Kids Play Area,2024-04-08 07:52:31.873422,2024-04-08 16:15:00,2.0,False,2020-05-11
B-001271,R-0221,Clubhouse,2024-04-08 11:01:44.608644,2024-04-30 19:45:00,1.0,True,2023-09-29
B-001272,R-0070,Swimming Pool,2024-04-08 13:06:37.403565,2024-04-11 06:45:00,3.0,False,2020-04-24
B-001273,R-0273,Multipurpose Hall,2024-04-08 14:39:53.465288,2024-05-19 18:45:00,5.0,False,2020-10-30
B-001274,R-0077,Kids Play Area,2024-04-08 15:43:03.676085,2024-04-08 17:00:00,5.0,False,2020-09-28
B-001275,R-0228,Badminton Court,2024-04-08 17:07:50.925504,2024-04-09 19:15:00,4.0,False,2023-09-10
B-001276,R-0290,Swimming Pool,2024-04-08 19:15:00.000000,2024-04-08 19:45:00,3.0,False,2021-02-25
B-001277,R-0255,Swimming Pool,2024-04-08 23:18:43.436896,2024-04-11 18:30:00,4.0,False,2021-08-19
B-001278,R-0259,Badminton Court,2024-04-09 01:26:24.449583,2024-04-10 21:00:00,3.0,False,2023-12-21
B-001279,R-0149,Swimming Pool,2024-04-09 03:55:14.522504,2024-04-10 16:45:00,2.0,False,2020-09-09
B-001280,R-0274,Badminton Court,2024-04-09 04:14:25.090239,2024-04-09 18:30:00,1.0,False,2021-08-07
B-001281,R-0291,Badminton Court,2024-04-09 05:15:56.634805,2024-04-09 18:30:00,5.0,False,2020-11-14
B-001282,R-0263,Kids Play Area,2024-04-09 06:03:30.806905,2024-04-10 10:30:00,3.0,True,2022-08-11
B-001283,R-0046,Clubhouse,2024-04-09 06:55:39.149773,2024-04-15 18:45:00,1.0,True,2021-11-08
B-001284,R-0169,Gym,2024-04-09 08:25:13.652629,2024-04-09 20:15:00,2.0,True,2020-03-26
B-001285,R-0004,Swimming Pool,2024-04-09 09:24:55.883168,2024-04-09 19:15:00,2.0,True,2023-10-13
B-001286,R-0076,Multipurpose Hall,2024-04-09 11:00:46.000851,2024-05-04 10:15:00,2.0,False,2020-08-07
B-001287,R-0121,Kids Play Area,2024-04-09 11:25:34.816801,2024-04-11 18:30:00,4.0,False,2023-04-27
B-001288,R-0230,Tennis Court,2024-04-09 13:53:25.170894,2024-04-11 19:15:00,5.0,False,2021-08-29
B-001289,R-0110,Tennis Court,2024-04-09 15:12:28.550780,2024-04-11 07:30:00,4.0,False,2022-06-09
B-001290,R-0188,Badminton Court,2024-04-09 15:59:00.685501,2024-04-14 17:00:00,1.0,False,2023-02-11
B-001291,R-0025,Swimming Pool,2024-04-09 15:59:26.149533,2024-04-11 16:15:00,4.0,True,2020-12-30
B-001292,R-0105,Swimming Pool,2024-04-09 23:44:00.939904,2024-04-12 07:30:00,1.0,False,2021-09-14
B-001293,R-0187,Clubhouse,2024-04-10 01:03:49.022447,2024-04-19 12:30:00,4.0,False,2020-04-30
B-001294,R-0182,Gym,2024-04-10 01:08:08.386758,2024-04-11 08:00:00,2.0,True,2022-11-04
B-001295,R-0131,Swimming Pool,2024-04-10 02:42:27.596571,2024-04-10 07:00:00,1.0,True,2023-10-18
B-001296,R-0138,Squash Court,2024-04-10 04:05:12.114881,2024-04-10 18:15:00,,False,2021-08-01
B-001297,R-0084,Gym,2024-04-10 06:48:36.486904,2024-04-12 09:30:00,1.0,False,2021-03-07
B-001298,R-0047,Squash Court,2024-04-10 08:05:10.412919,2024-04-10 18:15:00,2.0,False,2021-10-19
B-001299,R-0262,Kids Play Area,2024-04-10 08:09:22.887159,2024-04-10 09:45:00,5.0,False,2023-08-23
B-001300,R-0143,Kids Play Area,2024-04-10 09:44:38.676119,2024-04-10 18:45:00,5.0,True,2022-08-13
B-001301,R-0313,Kids Play Area,2024-04-10 11:34:32.626798,2024-04-10 16:30:00,2.0,False,2022-01-03
B-001302,R-0165,Squash Court,2024-04-10 13:17:50.969009,2024-04-10 19:15:00,2.0,False,2021-12-19
B-001303,R-0158,Kids Play Area,2024-04-10 14:37:06.394760,2024-04-10 17:00:00,1.0,True,2021-11-01
B-001304,R-0129,Squash Court,2024-04-10 18:50:55.697209,2024-04-11 08:15:00,2.0,False,2022-06-19
B-001305,R-0152,Gym,2024-04-10 21:11:52.452922,2024-04-11 15:30:00,1.0,True,2020-03-08
B-001306,R-0115,Tennis Court,2024-04-10 22:20:02.753154,2024-04-12 19:30:00,2.0,False,2021-08-17
B-001307,R-0180,Multipurpose Hall,2024-04-11 00:49:31.069857,2024-04-13 10:00:00,2.0,False,2020-05-11
B-001308,R-0087,Clubhouse,2024-04-11 04:40:12.686717,2024-04-14 17:15:00,1.0,False,2023-02-22
B-001309,R-0028,Kids Play Area,2024-04-11 05:43:48.439832,2024-04-11 10:00:00,4.0,False,2023-12-08
B-001310,R-0184,Tennis Court,2024-04-11 06:34:21.600088,2024-04-13 07:15:00,1.0,False,2022-11-30
B-001311,R-0187,Kids Play Area,2024-04-11 08:19:46.258802,2024-04-11 16:30:00,4.0,False,2020-04-30
B-001312,R-0052,Kids Play Area,2024-04-11 08:34:07.681899,2024-04-11 10:45:00,3.0,True,2022-09-27
B-001313,R-0090,Badminton Court,2024-04-11 10:13:04.740766,2024-04-15 20:30:00,3.0,False,2020-03-27
B-001314,R-0018,Swimming Pool,2024-04-11 10:59:48.839479,2024-04-13 16:15:00,3.0,False,2020-12-01
B-001315,R-0196,Clubhouse,2024-04-11 11:48:51.308614,2024-06-02 20:15:00,2.0,True,2022-01-24
B-001316,R-0148,Kids Play Area,2024-04-11 11:49:34.153935,2024-04-11 16:00:00,3.0,False,2020-09-02
B-001317,R-0032,Multipurpose Hall,2024-04-11 13:59:03.669230,2024-04-18 11:30:00,4.0,False,2020-08-02
B-001318,R-0260,Swimming Pool,2024-04-11 14:00:17.748854,2024-04-11 17:30:00,5.0,False,2020-02-11
B-001319,R-0098,Kids Play Area,2024-04-11 14:29:49.949191,2024-04-12 10:45:00,4.0,False,2022-10-31
B-001320,R-0261,Kids Play Area,2024-04-11 15:01:03.171316,2024-04-11 17:45:00,5.0,True,2023-07-12
B-001321,R-0063,Tennis Court,2024-04-11 16:06:38.400879,2024-04-13 19:30:00,2.0,False,2020-11-01
B-001322,R-0299,Squash Court,2024-04-11 16:22:15.337389,2024-04-11 19:45:00,5.0,False,2020-07-29
B-001323,R-0232,Clubhouse,2024-04-11 16:22:53.942774,2024-04-15 20:30:00,5.0,True,2022-05-16
B-001324,R-0046,Kids Play Area,2024-04-11 17:09:52.736236,2024-04-11 18:30:00,1.0,True,2021-11-08
B-001325,R-0102,Tennis Court,2024-04-11 17:17:22.775792,2024-04-12 07:15:00,1.0,False,2022-05-02
B-001326,R-0104,Gym,2024-04-11 18:41:23.889557,2024-04-13 13:30:00,5.0,True,2023-02-09
B-001327,R-0056,Swimming Pool,2024-04-11 20:34:59.246888,2024-04-12 08:45:00,2.0,True,2020-07-16
B-001328,R-0111,Swimming Pool,2024-04-11 21:52:46.813036,2024-04-12 06:30:00,2.0,True,2022-01-10
B-001329,R-0066,Squash Court,2024-04-11 21:55:08.145351,2024-04-12 19:00:00,2.0,False,2021-02-13
B-001330,R-0080,Gym,2024-04-12 01:04:03.619506,2024-04-12 18:00:00,4.0,True,2021-01-23
B-001331,R-0238,Tennis Court,2024-04-12 01:48:51.641708,2024-04-12 19:15:00,3.0,True,2023-07-13
B-001332,R-0076,Swimming Pool,2024-04-12 04:28:06.505976,2024-04-14 07:15:00,2.0,False,2020-08-07
B-001333,R-0304,Swimming Pool,2024-04-12 10:06:33.552974,2024-04-12 17:00:00,1.0,False,2022-12-16
B-001334,R-0013,Swimming Pool,2024-04-12 11:41:55.200027,2024-04-12 19:45:00,1.0,True,2023-10-18
B-001335,R-0186,Clubhouse,2024-04-12 12:49:51.449621,2024-04-29 11:45:00,2.0,False,2020-11-10
B-001336,R-0243,Swimming Pool,2024-04-12 14:01:00.115892,2024-04-12 18:30:00,2.0,False,2022-10-01
B-001337,R-0132,Gym,2024-04-12 14:47:54.345285,2024-04-13 09:00:00,3.0,True,2020-10-06
B-001338,R-0128,Kids Play Area,2024-04-12 15:01:00.634286,2024-04-12 18:30:00,4.0,False,2021-12-26
B-001339,R-0245,Squash Court,2024-04-12 20:03:00.673232,2024-04-17 18:00:00,1.0,False,2022-02-09
B-001340,R-0107,Tennis Court,2024-04-12 20:41:47.734027,2024-04-17 19:45:00,2.0,False,2021-10-10
B-001341,R-0181,Badminton Court,2024-04-12 23:49:41.898652,2024-04-15 18:30:00,4.0,True,2022-08-08
B-001342,R-0268,Squash Court,2024-04-13 01:27:45.591076,2024-04-14 07:30:00,5.0,False,2022-10-01
B-001343,R-0093,Squash Court,2024-04-13 02:00:42.289844,2024-04-14 19:45:00,5.0,False,2020-04-20
B-001344,R-0190,Squash Court,2024-04-13 04:45:33.703777,2024-04-14 08:15:00,4.0,True,2022-05-02
B-001345,R-0064,Gym,2024-04-13 06:44:34.658987,2024-04-13 18:00:00,2.0,False,2022-10-17
B-001346,R-0157,Squash Court,2024-04-13 07:01:47.424376,2024-04-14 18:45:00,3.0,True,2020-05-01
B-001347,R-0045,Gym,2024-04-13 07:28:20.380565,2024-04-13 15:45:00,4.0,False,2020-05-15
B-001348,R-0168,Kids Play Area,2024-04-13 13:13:51.821547,2024-04-13 18:15:00,3.0,True,2022-09-23
B-001349,R-0235,Swimming Pool,2024-04-13 13:26:18.867391,2024-04-13 19:30:00,2.0,False,2020-08-24
B-001350,R-0036,Multipurpose Hall,2024-04-13 14:34:09.501574,2024-04-16 10:00:00,3.0,True,2021-02-14
B-001351,R-0137,Kids Play Area,2024-04-13 14:54:02.671247,2024-04-13 17:30:00,2.0,True,2020-08-26
B-001352,R-0278,Multipurpose Hall,2024-04-13 18:34:17.741858,2024-04-23 11:00:00,4.0,False,2023-06-25
B-001353,R-0150,Clubhouse,2024-04-13 19:26:53.917555,2024-04-22 19:15:00,5.0,False,2021-02-11
B-001354,R-0072,Squash Court,2024-04-13 19:31:30.975220,2024-04-15 18:15:00,4.0,False,2022-05-01
B-001355,R-0303,Multipurpose Hall,2024-04-13 22:09:14.902774,2024-04-17 18:15:00,2.0,False,2020-02-09
B-001356,R-0039,Kids Play Area,2024-04-13 22:29:58.298347,2024-04-14 16:30:00,5.0,False,2020-08-27
B-001357,R-0048,Kids Play Area,2024-04-13 22:41:17.079168,2024-04-14 16:30:00,1.0,True,2023-12-12
B-001358,R-0079,Kids Play Area,2024-04-13 22:46:10.634645,2024-04-14 10:30:00,3.0,True,2020-08-30
B-001359,R-0279,Swimming Pool,2024-04-13 23:50:14.635378,2024-04-14 06:30:00,1.0,False,2023-11-24
B-001360,R-0268,Squash Court,2024-04-14 00:15:38.989838,2024-04-14 07:45:00,5.0,False,2022-10-01
B-001361,R-0063,Tennis Court,2024-04-14 03:13:42.212122,2024-04-15 06:45:00,2.0,False,2020-11-01
B-001362,R-0100,Kids Play Area,2024-04-14 03:36:03.887583,2024-04-14 16:30:00,5.0,True,2020-08-16
B-001363,R-0002,Tennis Court,2024-04-14 04:27:59.409736,2024-04-17 06:45:00,1.0,False,2022-03-21
B-001364,R-0044,Squash Court,2024-04-14 05:07:53.185033,2024-04-14 18:45:00,1.0,False,2021-10-23
B-001365,R-0217,Tennis Court,2024-04-14 06:27:15.060273,2024-04-14 17:15:00,1.0,False,2020-11-09
B-001366,R-0077,Gym,2024-04-14 09:09:03.451506,2024-04-14 17:15:00,5.0,False,2020-09-28
B-001367,R-0263,Swimming Pool,2024-04-14 14:11:24.845774,2024-04-17 19:30:00,3.0,True,2022-08-11
B-001368,R-0139,Squash Court,2024-04-14 14:19:20.743439,2024-04-16 18:30:00,4.0,True,2022-06-23
B-001369,R-0083,Clubhouse,2024-04-14 16:12:54.304686,2024-04-15 18:30:00,1.0,True,2020-03-12
B-001370,R-0208,Gym,2024-04-14 16:44:42.598350,2024-04-15 16:15:00,5.0,False,2021-08-16
B-001371,R-0008,Clubhouse,2024-04-14 20:43:30.458855,2024-04-30 19:30:00,2.0,False,2022-06-01
B-001372,R-0229,Badminton Court,2024-04-14 22:33:10.338420,2024-04-16 18:30:00,2.0,False,2020-02-16
B-001373,R-0142,Swimming Pool,2024-04-14 23:09:02.286228,2024-04-15 07:30:00,,False,2020-05-05
B-001374,R-0014,Gym,2024-04-14 23:16:02.199490,2024-04-15 07:15:00,3.0,False,2023-02-21
B-001375,R-0058,Tennis Court,2024-04-14 23:37:12.406047,2024-04-16 06:30:00,3.0,False,2023-09-11
B-001376,R-0242,Clubhouse,2024-04-15 00:43:21.616574,2024-04-20 17:15:00,3.0,True,2020-12-31
B-001377,R-0188,Badminton Court,2024-04-15 03:08:41.957782,2024-04-15 20:45:00,1.0,False,2023-02-11
B-001378,R-0157,Kids Play Area,2024-04-15 05:44:48.268824,2024-04-15 16:15:00,3.0,True,2020-05-01
B-001379,R-0163,Kids Play Area,2024-04-15 11:35:02.730914,2024-04-15 18:00:00,3.0,True,2022-11-25
B-001380,R-0092,Kids Play Area,2024-04-15 12:13:39.829379,2024-04-15 17:30:00,3.0,False,2023-07-28
B-001381,R-0210,Gym,2024-04-15 13:23:28.605668,2024-04-15 15:15:00,1.0,False,2022-05-08
B-001382,R-0109,Badminton Court,2024-04-15 15:19:50.871894,2024-04-18 20:45:00,3.0,False,2022-10-11
B-001383,R-0255,Swimming Pool,2024-04-15 16:42:54.820172,2024-04-20 18:00:00,4.0,False,2021-08-19
B-001384,R-0259,Swimming Pool,2024-04-15 21:02:31.132845,2024-04-16 19:00:00,3.0,False,2023-12-21
B-001385,R-0001,Squash Court,2024-04-15 23:36:11.332915,2024-04-17 18:45:00,4.0,False,2021-03-19
B-001386,R-0212,Gym,2024-04-16 02:16:58.170797,2024-04-18 08:30:00,5.0,False,2023-06-20
B-001387,R-0283,Gym,2024-04-16 05:06:51.661050,2024-04-19 07:15:00,1.0,False,2020-02-28
B-001388,R-0251,Kids Play Area,2024-04-16 06:29:35.862186,2024-04-16 17:45:00,4.0,True,2023-12-13
B-001389,R-0270,Tennis Court,2024-04-16 06:45:25.256135,2024-04-17 06:00:00,2.0,True,2023-11-01
B-001390,R-0280,Squash Court,2024-04-16 07:11:33.157382,2024-04-16 18:15:00,3.0,False,2020-03-31
B-001391,R-0309,Kids Play Area,2024-04-16 07:21:16.446062,2024-04-16 09:00:00,1.0,True,2022-05-22
B-001392,R-0189,Squash Court,2024-04-16 08:37:30.108793,2024-04-16 20:30:00,1.0,False,2022-07-11
B-001393,R-0178,Gym,2024-04-16 09:37:17.179632,2024-04-16 17:30:00,2.0,True,2023-06-30
B-001394,R-0094,Squash Court,2024-04-16 11:55:33.404668,2024-04-16 18:15:00,5.0,False,2020-03-17
B-001395,R-0170,Swimming Pool,2024-04-16 12:13:29.413269,2024-04-16 18:00:00,4.0,False,2023-02-04
B-001396,R-0272,Clubhouse,2024-04-16 19:22:34.806101,2024-05-11 17:15:00,3.0,False,2021-11-30
B-001397,R-0130,Swimming Pool,2024-04-16 23:23:18.170983,2024-04-17 08:15:00,3.0,False,2022-05-02
B-001398,R-0052,Badminton Court,2024-04-17 01:42:21.506372,2024-04-17 17:00:00,3.0,True,2022-09-27
B-001399,R-0192,Kids Play Area,2024-04-17 06:05:15.263400,2024-04-17 10:15:00,4.0,True,2023-07-01
B-001400,R-0228,Gym,2024-04-17 07:23:26.541443,2024-04-18 15:45:00,4.0,False,2023-09-10
B-001401,R-0240,Tennis Court,2024-04-17 08:10:17.075648,2024-04-19 17:15:00,4.0,True,2021-08-25
B-001402,R-0233,Badminton Court,2024-04-17 11:09:02.568377,2024-04-19 18:45:00,4.0,True,2021-11-14
B-001403,R-0207,Clubhouse,2024-04-17 11:50:05.294735,2024-04-29 11:00:00,3.0,False,2021-04-11
B-001404,R-0010,Clubhouse,2024-04-17 12:12:12.098135,2024-05-26 20:00:00,3.0,True,2020-10-23
B-001405,R-0090,Badminton Court,2024-04-17 15:19:04.365436,2024-04-20 20:15:00,3.0,False,2020-03-27
B-001406,R-0076,Tennis Court,2024-04-17 17:09:46.163830,2024-04-18 07:15:00,2.0,False,2020-08-07
B-001407,R-0311,Clubhouse,2024-04-17 23:53:11.422319,2024-05-02 11:00:00,5.0,False,2021-06-05
B-001408,R-0099,Squash Court,2024-04-17 23:59:24.915977,2024-04-18 18:15:00,2.0,False,2022-07-13
B-001409,R-0119,Kids Play Area,2024-04-18 00:05:29.539894,2024-04-18 09:15:00,5.0,False,2023-12-08
B-001410,R-0288,Squash Court,2024-04-18 03:37:53.980102,2024-04-19 07:30:00,4.0,False,2023-09-08
B-001411,R-0175,Squash Court,2024-04-18 07:10:32.000363,2024-04-19 08:45:00,1.0,False,2020-01-26
B-001412,R-0259,Gym,2024-04-18 09:34:01.106569,2024-04-19 09:30:00,3.0,False,2023-12-21
B-001413,R-0024,Clubhouse,2024-04-18 09:52:21.068127,2024-04-21 17:15:00,1.0,False,2020-09-16
B-001414,R-0183,Badminton Court,2024-04-18 13:41:12.764982,2024-04-18 19:45:00,5.0,False,2021-12-25
B-001415,R-0110,Badminton Court,2024-04-18 13:46:14.370810,2024-04-18 19:45:00,4.0,False,2022-06-09
B-001416,R-0073,Squash Court,2024-04-18 16:48:43.568700,2024-04-18 19:00:00,1.0,True,2021-06-20
B-001417,R-0256,Gym,2024-04-18 22:54:20.529932,2024-04-19 08:15:00,3.0,True,2021-06-07
B-001418,R-0225,Swimming Pool,2024-04-19 00:36:25.739928,2024-04-19 07:45:00,2.0,False,2021-03-31
B-001419,R-0161,Tennis Court,2024-04-19 03:45:05.732763,2024-04-20 07:45:00,4.0,True,2022-05-10
B-001420,R-0301,Swimming Pool,2024-04-19 11:01:13.494159,2024-04-20 08:45:00,3.0,False,2023-12-19
B-001421,R-0279,Multipurpose Hall,2024-04-19 11:31:12.161093,2024-04-27 11:45:00,1.0,False,2023-11-24
B-001422,R-0155,Gym,2024-04-19 13:51:25.307758,2024-04-20 17:30:00,5.0,True,2021-02-12
B-001423,R-0209,Swimming Pool,2024-04-19 14:07:33.306606,2024-04-19 17:30:00,3.0,False,2023-07-20
B-001424,R-0154,Gym,2024-04-19 16:08:14.454778,2024-04-22 09:45:00,4.0,False,2020-04-23
B-001425,R-0117,Swimming Pool,2024-04-19 17:33:35.956445,2024-04-20 07:15:00,4.0,False,2020-10-16
B-001426,R-0230,Clubhouse,2024-04-19 17:47:29.947682,2024-05-01 18:15:00,5.0,False,2021-08-29
B-001427,R-0225,Clubhouse,2024-04-19 21:27:48.003907,2024-05-01 11:00:00,2.0,False,2021-03-31
B-001428,R-0121,Kids Play Area,2024-04-19 21:56:49.469999,2024-04-20 09:00:00,4.0,False,2023-04-27
B-001429,R-0168,Squash Court,2024-04-19 22:25:21.183830,2024-04-21 19:45:00,3.0,True,2022-09-23
B-001430,R-0032,Tennis Court,2024-04-19 23:35:51.187128,2024-04-21 06:45:00,4.0,False,2020-08-02
B-001431,R-0149,Tennis Court,2024-04-19 23:44:29.636024,2024-04-21 17:00:00,2.0,False,2020-09-09
B-001432,R-0038,Swimming Pool,2024-04-20 00:59:50.665576,2024-04-20 18:45:00,5.0,False,2020-08-26
B-001433,R-0030,Badminton Court,2024-04-20 02:51:43.716801,2024-04-21 17:15:00,2.0,True,2023-02-05
B-001434,R-0236,Gym,2024-04-20 03:03:31.149704,2024-04-22 11:00:00,1.0,True,2021-05-07
B-001435,R-0127,Kids Play Area,2024-04-20 03:26:22.061675,2024-04-20 09:00:00,3.0,False,2020-06-15
B-001436,R-0215,Gym,2024-04-20 06:19:51.076117,2024-04-20 17:15:00,2.0,True,2023-03-17
B-001437,R-0274,Gym,2024-04-20 07:12:18.469062,2024-04-20 11:45:00,1.0,False,2021-08-07
B-001438,R-0267,Kids Play Area,2024-04-20 07:58:04.677391,2024-04-20 18:00:00,3.0,False,2021-09-07
B-001439,R-0265,Swimming Pool,2024-04-20 08:49:20.479408,2024-04-21 17:45:00,3.0,False,2023-04-02
B-001440,R-0284,Gym,2024-04-20 11:41:10.344868,2024-04-21 09:45:00,1.0,False,2023-06-19
B-001441,R-0069,Swimming Pool,2024-04-20 11:47:25.041235,2024-04-20 18:15:00,1.0,False,2023-11-30
B-001442,R-0260,Swimming Pool,2024-04-20 15:24:50.532652,2024-04-20 17:00:00,5.0,False,2020-02-11
B-001443,R-0259,Clubhouse,2024-04-20 15:38:52.019403,2024-04-29 19:15:00,3.0,False,2023-12-21
B-001444,R-0144,Badminton Court,2024-04-20 17:24:34.395512,2024-04-21 17:45:00,3.0,False,2022-07-09
B-001445,R-0058,Swimming Pool,2024-04-20 17:30:20.908023,2024-04-21 08:45:00,3.0,False,2023-09-11
B-001446,R-0206,Badminton Court,2024-04-20 20:46:28.707026,2024-04-21 20:45:00,3.0,False,2021-06-14
B-001447,R-0100,Clubhouse,2024-04-20 23:23:38.390609,2024-05-03 20:30:00,5.0,True,2020-08-16
B-001448,R-0125,Badminton Court,2024-04-21 02:22:22.559592,2024-04-22 19:15:00,5.0,True,2020-12-19
B-001449,R-0136,Badminton Court,2024-04-21 02:39:16.271552,2024-04-22 19:45:00,5.0,False,2021-06-17
B-001450,R-0012,Gym,2024-04-21 03:07:09.225435,2024-04-21 17:30:00,4.0,True,2020-11-21
B-001451,R-0029,Kids Play Area,2024-04-21 03:26:28.799118,2024-04-21 16:15:00,1.0,False,2020-03-01
B-001452,R-0127,Kids Play Area,2024-04-21 06:25:34.427120,2024-04-21 10:15:00,3.0,False,2020-06-15
B-001453,R-0174,Badminton Court,2024-04-21 07:25:46.647935,2024-04-21 18:15:00,3.0,False,2022-11-22
B-001454,R-0045,Tennis Court,2024-04-21 09:03:42.285023,2024-04-21 19:45:00,4.0,False,2020-05-15
B-001455,R-0167,Clubhouse,2024-04-21 12:15:00.000000,2024-04-22 12:15:00,2.0,False,2020-02-05
B-001456,R-0269,Badminton Court,2024-04-21 14:30:41.555257,2024-04-21 19:30:00,5.0,False,2023-11-18
B-001457,R-0196,Swimming Pool,2024-04-21 14:49:07.618234,2024-04-22 17:15:00,2.0,True,2022-01-24
B-001458,R-0303,Multipurpose Hall,2024-04-21 17:00:00.000000,2024-04-22 17:00:00,2.0,False,2020-02-09
B-001459,R-0030,Badminton Court,2024-04-21 18:12:00.578586,2024-04-27 17:00:00,2.0,True,2023-02-05
B-001460,R-0169,Swimming Pool,2024-04-21 18:15:52.099612,2024-04-22 17:00:00,2.0,True,2020-03-26
B-001461,R-0247,Swimming Pool,2024-04-21 19:38:04.477969,2024-04-22 06:00:00,3.0,True,2021-09-01
B-001462,R-0296,Gym,2024-04-22 00:47:12.110330,2024-04-22 20:30:00,5.0,False,2021-02-23
B-001463,R-0073,Swimming Pool,2024-04-22 02:21:50.514496,2024-04-22 08:15:00,1.0,True,2021-06-20
B-001464,R-0176,Swimming Pool,2024-04-22 02:33:48.209876,2024-04-22 06:30:00,5.0,True,2022-03-04
B-001465,R-0019,Squash Court,2024-04-22 04:12:12.599149,2024-04-22 20:00:00,5.0,False,2022-02-09
B-001466,R-0064,Swimming Pool,2024-04-22 13:16:42.370169,2024-04-22 17:30:00,2.0,False,2022-10-17
B-001467,R-0315,Kids Play Area,2024-04-22 14:00:02.815989,2024-04-22 16:15:00,5.0,True,2022-01-23
B-001468,R-0062,Badminton Court,2024-04-22 14:04:20.554276,2024-04-23 20:45:00,2.0,False,2020-06-01
B-001469,R-0279,Multipurpose Hall,2024-04-22 19:48:07.545655,2024-05-04 11:00:00,1.0,False,2023-11-24
B-001470,R-0319,Tennis Court,2024-04-22 20:12:43.043088,2024-04-23 19:00:00,1.0,False,2020-02-22
B-001471,R-0259,Gym,2024-04-22 21:32:06.175335,2024-04-23 15:00:00,3.0,False,2023-12-21
B-001472,R-0271,Squash Court,2024-04-22 21:54:55.168369,2024-04-23 08:15:00,1.0,True,2021-04-08
B-001473,R-0132,Swimming Pool,2024-04-23 02:42:42.248117,2024-04-26 06:15:00,3.0,True,2020-10-06
B-001474,R-0052,Badminton Court,2024-04-23 04:22:05.561576,2024-04-23 17:45:00,3.0,True,2022-09-27
B-001475,R-0253,Kids Play Area,2024-04-23 09:16:41.627154,2024-04-23 10:00:00,4.0,True,2023-11-16
B-001476,R-0149,Tennis Court,2024-04-23 10:44:29.928009,2024-04-27 17:15:00,2.0,False,2020-09-09
B-001477,R-0299,Swimming Pool,2024-04-23 12:25:41.350673,2024-04-23 19:30:00,5.0,False,2020-07-29
B-001478,R-0093,Tennis Court,2024-04-23 13:34:52.573548,2024-04-24 17:45:00,5.0,False,2020-04-20
B-001479,R-0024,Swimming Pool,2024-04-23 13:48:49.289307,2024-04-26 07:00:00,1.0,False,2020-09-16
B-001480,R-0263,Kids Play Area,2024-04-23 20:38:40.658139,2024-04-24 10:15:00,3.0,True,2022-08-11
B-001481,R-0245,Squash Court,2024-04-23 21:06:20.025729,2024-04-25 07:15:00,1.0,False,2022-02-09
B-001482,R-0177,Tennis Court,2024-04-23 21:13:29.316353,2024-04-24 07:15:00,1.0,False,2021-12-08
B-001483,R-0022,Kids Play Area,2024-04-23 23:09:47.819521,2024-04-24 09:45:00,2.0,True,2022-11-11
B-001484,R-0104,Badminton Court,2024-04-24 02:23:49.317755,2024-04-27 20:15:00,5.0,True,2023-02-09
B-001485,R-0100,Badminton Court,2024-04-24 07:36:06.145110,2024-04-24 18:45:00,5.0,True,2020-08-16
B-001486,R-0068,Kids Play Area,2024-04-24 07:56:07.309468,2024-04-24 18:15:00,3.0,False,2022-08-28
B-001487,R-0281,Tennis Court,2024-04-24 08:04:09.841318,2024-04-24 19:30:00,4.0,False,2022-02-14
B-001488,R-0263,Clubhouse,2024-04-24 09:21:40.582074,2024-05-24 20:30:00,3.0,True,2022-08-11
B-001489,R-0138,Tennis Court,2024-04-24 11:51:42.502182,2024-04-24 19:00:00,3.0,False,2021-08-01
B-001490,R-0190,Swimming Pool,2024-04-24 12:15:24.996847,2024-04-25 16:30:00,4.0,True,2022-05-02
B-001491,R-0186,Kids Play Area,2024-04-24 14:31:03.889725,2024-04-24 16:45:00,2.0,False,2020-11-10
B-001492,R-0267,Kids Play Area,2024-04-24 15:55:29.442524,2024-04-24 18:45:00,3.0,False,2021-09-07
B-001493,R-0006,Clubhouse,2024-04-24 16:50:08.463850,2024-07-14 18:15:00,1.0,True,2022-03-03
B-001494,R-0058,Multipurpose Hall,2024-04-24 17:05:01.840281,2024-05-09 10:00:00,3.0,False,2023-09-11
B-001495,R-0194,Swimming Pool,2024-04-24 20:36:05.963714,2024-04-25 08:15:00,1.0,False,2023-01-19
B-001496,R-0018,Tennis Court,2024-04-24 20:56:34.447480,2024-04-25 18:45:00,3.0,False,2020-12-01
B-001497,R-0229,Squash Court,2024-04-24 23:06:23.098225,2024-04-27 07:00:00,2.0,False,2020-02-16
B-001498,R-0234,Squash Court,2024-04-25 00:00:21.051114,2024-04-26 20:45:00,4.0,False,2022-03-24
B-001499,R-0013,Swimming Pool,2024-04-25 00:41:41.480354,2024-04-25 17:30:00,1.0,True,2023-10-18
B-001500,R-0102,Tennis Court,2024-04-25 00:56:57.605540,2024-04-25 06:45:00,1.0,False,2022-05-02
B-001501,R-0182,Gym,2024-04-25 02:22:36.911500,2024-04-27 08:30:00,2.0,True,2022-11-04
B-001502,R-0052,Kids Play Area,2024-04-25 03:32:10.664576,2024-04-25 10:30:00,3.0,True,2022-09-27
B-001503,R-0293,Gym,2024-04-25 03:37:01.319394,2024-04-25 09:30:00,3.0,True,2023-08-16
B-001504,R-0243,Squash Court,2024-04-25 07:02:12.175829,2024-04-25 08:15:00,2.0,False,2022-10-01
B-001505,R-0305,Gym,2024-04-25 07:40:44.690164,2024-04-25 09:45:00,5.0,False,2023-08-05
B-001506,R-0025,Tennis Court,2024-04-25 15:32:07.098605,2024-04-27 07:30:00,4.0,True,2020-12-30
B-001507,R-0173,Gym,2024-04-25 16:19:08.249120,2024-04-26 20:15:00,2.0,False,2021-03-09
B-001508,R-0268,Squash Court,2024-04-25 20:43:06.804026,2024-04-27 07:45:00,5.0,False,2022-10-01
B-001509,R-0026,Squash Court,2024-04-25 22:00:25.089613,2024-04-26 20:00:00,2.0,False,2022-01-18
B-001510,R-0032,Tennis Court,2024-04-25 22:17:29.534995,2024-04-27 06:30:00,4.0,False,2020-08-02
B-001511,R-0036,Swimming Pool,2024-04-25 23:55:05.634045,2024-04-26 06:30:00,3.0,True,2021-02-14
B-001512,R-0166,Squash Court,2024-04-26 00:44:15.947903,2024-04-26 08:45:00,4.0,False,2022-10-13
B-001513,R-0079,Kids Play Area,2024-04-26 04:45:03.536483,2024-04-26 10:30:00,3.0,True,2020-08-30
B-001514,R-0158,Kids Play Area,2024-04-26 13:04:12.162957,2024-04-26 16:45:00,1.0,True,2021-11-01
B-001515,R-0255,Squash Court,2024-04-26 16:59:24.561902,2024-04-28 08:30:00,4.0,False,2021-08-19
B-001516,R-0122,Swimming Pool,2024-04-26 18:04:28.708315,2024-04-27 06:00:00,1.0,False,2022-11-04
B-001517,R-0014,Swimming Pool,2024-04-26 18:12:16.505345,2024-04-27 06:45:00,3.0,False,2023-02-21
B-001518,R-0039,Multipurpose Hall,2024-04-26 22:31:50.260955,2024-05-19 19:00:00,5.0,False,2020-08-27
B-001519,R-0076,Multipurpose Hall,2024-04-27 01:20:15.047399,2024-05-22 10:30:00,2.0,False,2020-08-07
B-001520,R-0269,Tennis Court,2024-04-27 02:59:58.037524,2024-04-28 06:45:00,5.0,False,2023-11-18
B-001521,R-0186,Multipurpose Hall,2024-04-27 04:08:46.956147,2024-05-10 17:30:00,2.0,False,2020-11-10
B-001522,R-0278,Tennis Court,2024-04-27 04:19:05.788501,2024-04-27 07:45:00,4.0,False,2023-06-25
B-001523,R-0082,Gym,2024-04-27 06:04:04.715330,2024-04-27 19:15:00,4.0,False,2020-08-31
B-001524,R-0271,Tennis Court,2024-04-27 07:08:20.963773,2024-04-30 19:45:00,1.0,True,2021-04-08
B-001525,R-0003,Multipurpose Hall,2024-04-27 13:03:03.181169,2024-04-30 19:45:00,1.0,False,2020-06-06
B-001526,R-0091,Badminton Court,2024-04-27 13:07:39.361298,2024-04-28 20:45:00,2.0,True,2023-12-22
B-001527,R-0311,Clubhouse,2024-04-27 13:51:14.562804,2024-07-17 11:30:00,5.0,False,2021-06-05
B-001528,R-0209,Gym,2024-04-27 13:52:30.807717,2024-04-28 11:00:00,3.0,False,2023-07-20
B-001529,R-0066,Squash Court,2024-04-27 15:18:52.528193,2024-04-28 07:15:00,2.0,False,2021-02-13
B-001530,R-0040,Tennis Court,2024-04-28 00:30:00.009238,2024-04-29 18:45:00,2.0,True,2023-09-02
B-001531,R-0242,Gym,2024-04-28 01:04:21.279528,2024-04-28 09:30:00,3.0,True,2020-12-31
B-001532,R-0220,Badminton Court,2024-04-28 02:44:05.959858,2024-04-29 19:30:00,5.0,False,2021-05-12
B-001533,R-0113,Badminton Court,2024-04-28 07:28:05.826195,2024-04-30 18:00:00,4.0,False,2022-06-28
B-001534,R-0178,Kids Play Area,2024-04-28 08:19:23.879111,2024-04-28 10:45:00,2.0,True,2023-06-30
B-001535,R-0220,Badminton Court,2024-04-28 09:19:00.402409,2024-05-02 17:00:00,5.0,False,2021-05-12
B-001536,R-0180,Kids Play Area,2024-04-28 09:46:08.011296,2024-04-28 16:15:00,2.0,False,2020-05-11
B-001537,R-0054,Badminton Court,2024-04-28 14:53:50.415668,2024-04-28 18:45:00,2.0,False,2022-02-13
B-001538,R-0146,Badminton Court,2024-04-28 17:30:00.000000,2024-04-28 18:30:00,4.0,False,2020-03-14
B-001539,R-0276,Kids Play Area,2024-04-28 18:08:23.106980,2024-04-29 16:45:00,1.0,False,2021-12-03
B-001540,R-0105,Swimming Pool,2024-04-28 22:29:56.174707,2024-05-01 07:45:00,1.0,False,2021-09-14
B-001541,R-0129,Squash Court,2024-04-29 01:09:18.813162,2024-04-29 08:45:00,2.0,False,2022-06-19
B-001542,R-0111,Swimming Pool,2024-04-29 05:13:21.213081,2024-04-29 16:45:00,2.0,True,2022-01-10
B-001543,R-0062,Badminton Court,2024-04-29 06:45:00.000000,2024-05-06 18:45:00,2.0,False,2020-06-01
B-001544,R-0248,Clubhouse,2024-04-29 11:46:29.198377,2024-05-05 11:00:00,2.0,True,2022-12-30
B-001545,R-0152,Tennis Court,2024-04-29 14:35:43.105096,2024-05-01 18:00:00,1.0,True,2020-03-08
B-001546,R-0099,Kids Play Area,2024-04-29 15:04:47.519119,2024-04-29 18:15:00,2.0,False,2022-07-13
B-001547,R-0184,Kids Play Area,2024-04-29 19:41:05.200129,2024-04-30 18:30:00,1.0,False,2022-11-30
B-001548,R-0036,Badminton Court,2024-04-29 20:24:42.086419,2024-04-30 20:00:00,3.0,True,2021-02-14
B-001549,R-0148,Kids Play Area,2024-04-29 21:57:13.909286,2024-04-30 17:15:00,3.0,False,2020-09-02
B-001550,R-0017,Multipurpose Hall,2024-04-29 23:04:37.528639,2024-05-01 17:00:00,1.0,False,2023-04-21
B-001551,R-0186,Clubhouse,2024-04-29 23:42:18.929600,2024-06-02 20:45:00,2.0,False,2020-11-10
B-001552,R-0193,Badminton Court,2024-04-30 01:50:43.083714,2024-04-30 20:15:00,2.0,True,2021-06-16
B-001553,R-0098,Kids Play Area,2024-04-30 06:16:02.283179,2024-05-01 10:30:00,4.0,False,2022-10-31
B-001554,R-0190,Swimming Pool,2024-04-30 06:27:29.936754,2024-04-30 19:30:00,4.0,True,2022-05-02
B-001555,R-0136,Swimming Pool,2024-04-30 07:06:43.111527,2024-05-01 06:45:00,5.0,False,2021-06-17
B-001556,R-0090,Clubhouse,2024-04-30 08:21:02.260190,2024-06-03 20:45:00,3.0,False,2020-03-27
B-001557,R-0076,Clubhouse,2024-04-30 12:00:26.977790,2024-05-20 20:30:00,2.0,False,2020-08-07
B-001558,R-0275,Multipurpose Hall,2024-04-30 12:06:07.718486,2024-07-05 19:30:00,4.0,True,2020-05-07
B-001559,R-0297,Tennis Court,2024-04-30 13:29:13.558241,2024-05-02 19:30:00,1.0,False,2021-05-14
B-001560,R-0077,Kids Play Area,2024-04-30 14:11:18.327286,2024-04-30 17:15:00,5.0,False,2020-09-28
B-001561,R-0203,Gym,2024-04-30 16:48:48.694504,2024-05-01 11:00:00,4.0,False,2023-10-19
B-001562,R-0064,Multipurpose Hall,2024-04-30 17:20:10.477729,2024-05-04 17:45:00,2.0,False,2022-10-17
B-001563,R-0088,Tennis Court,2024-04-30 18:13:21.399147,2024-05-01 07:30:00,5.0,False,2023-05-21
B-001564,R-0135,Kids Play Area,2024-04-30 21:34:13.167797,2024-05-01 18:00:00,2.0,True,2021-05-18
B-001565,R-0272,Gym,2024-04-30 23:57:02.514008,2024-05-01 10:15:00,3.0,False,2021-11-30
B-001566,R-0187,Squash Court,2024-05-01 01:36:56.421690,2024-05-01 20:00:00,4.0,False,2020-04-30
B-001567,R-0265,Swimming Pool,2024-05-01 03:21:10.839475,2024-05-03 17:30:00,3.0,False,2023-04-02
B-001568,R-0224,Clubhouse,2024-05-01 03:25:33.510838,2024-05-04 18:00:00,1.0,False,2021-05-19
B-001569,R-0089,Badminton Court,2024-05-01 04:44:29.896086,2024-05-01 18:15:00,1.0,False,2023-02-25
B-001570,R-0056,Kids Play Area,2024-05-01 06:00:26.292290,2024-05-01 17:00:00,2.0,True,2020-07-16
B-001571,R-0192,Kids Play Area,2024-05-01 06:53:07.873651,2024-05-01 10:30:00,4.0,True,2023-07-01
B-001572,R-0264,Gym,2024-05-01 09:20:02.228382,2024-05-01 15:45:00,2.0,False,2020-01-20
B-001573,R-0290,Swimming Pool,2024-05-01 11:29:53.480949,2024-05-01 19:30:00,3.0,False,2021-02-25
B-001574,R-0110,Badminton Court,2024-05-01 11:34:47.406272,2024-05-01 19:30:00,4.0,False,2022-06-09
B-001575,R-0012,Tennis Court,2024-05-01 15:12:26.797718,2024-05-04 06:15:00,4.0,True,2020-11-21
B-001576,R-0232,Kids Play Area,2024-05-01 17:49:48.948022,2024-05-02 10:30:00,5.0,True,2022-05-16
B-001577,R-0147,Swimming Pool,2024-05-02 00:13:06.869975,2024-05-02 17:30:00,5.0,False,2023-05-17
B-001578,R-0090,Badminton Court,2024-05-02 00:38:47.262549,2024-05-03 20:15:00,3.0,False,2020-03-27
B-001579,R-0022,Badminton Court,2024-05-02 01:44:15.858856,2024-05-06 19:30:00,2.0,True,2022-11-11
B-001580,R-0114,Swimming Pool,2024-05-02 03:10:30.959084,2024-05-03 18:45:00,3.0,True,2021-10-04
B-001581,R-0199,Tennis Court,2024-05-02 03:22:19.342896,2024-05-02 19:00:00,1.0,False,2023-07-24
B-001582,R-0107,Tennis Court,2024-05-02 03:59:34.928097,2024-05-02 17:30:00,2.0,False,2021-10-10
B-001583,R-0144,Multipurpose Hall,2024-05-02 04:12:01.042934,2024-05-04 11:00:00,3.0,False,2022-07-09
B-001584,R-0096,Gym,2024-05-02 06:11:54.747383,2024-05-03 07:45:00,1.0,False,2022-10-22
B-001585,R-0304,Swimming Pool,2024-05-02 10:18:27.476624,2024-05-02 17:30:00,1.0,False,2022-12-16
B-001586,R-0148,Squash Court,2024-05-02 10:36:00.996532,2024-05-02 19:00:00,3.0,False,2020-09-02
B-001587,R-0143,Tennis Court,2024-05-02 10:58:34.878747,2024-05-04 17:30:00,5.0,True,2022-08-13
B-001588,R-0154,Multipurpose Hall,2024-05-02 13:22:45.710070,2024-05-27 17:15:00,4.0,False,2020-04-23
B-001589,R-0297,Multipurpose Hall,2024-05-02 14:36:46.104484,2024-06-21 10:00:00,1.0,False,2021-05-14
B-001590,R-0115,Tennis Court,2024-05-02 15:17:58.662109,2024-05-03 19:15:00,2.0,False,2021-08-17
B-001591,R-0261,Kids Play Area,2024-05-02 15:32:42.313446,2024-05-02 17:30:00,5.0,True,2023-07-12
B-001592,R-0297,Badminton Court,2024-05-02 17:38:25.810768,2024-05-07 17:15:00,1.0,False,2021-05-14
B-001593,R-0293,Tennis Court,2024-05-02 18:07:24.789159,2024-05-03 07:00:00,3.0,True,2023-08-16
B-001594,R-0311,Clubhouse,2024-05-02 20:33:52.479386,2024-05-27 11:15:00,5.0,False,2021-06-05
B-001595,R-0016,Kids Play Area,2024-05-02 21:07:45.623152,2024-05-03 16:30:00,1.0,True,2020-04-13
B-001596,R-0295,Tennis Court,2024-05-02 21:32:03.536910,2024-05-03 06:00:00,3.0,False,2023-02-14
B-001597,R-0205,Clubhouse,2024-05-02 23:22:27.479385,2024-05-12 20:45:00,3.0,False,2023-01-19
B-001598,R-0247,Swimming Pool,2024-05-03 02:19:00.280540,2024-05-03 06:45:00,3.0,True,2021-09-01
B-001599,R-0052,Kids Play Area,2024-05-03 05:15:35.892546,2024-05-03 09:45:00,3.0,True,2022-09-27
B-001600,R-0309,Kids Play Area,2024-05-03 06:50:28.408384,2024-05-03 10:00:00,1.0,True,2022-05-22
B-001601,R-0118,Kids Play Area,2024-05-03 09:43:39.046338,2024-05-03 18:15:00,4.0,True,2021-08-22
B-001602,R-0011,Multipurpose Hall,2024-05-03 11:48:01.951476,2024-05-18 19:15:00,4.0,False,2022-01-15
B-001603,R-0033,Swimming Pool,2024-05-03 12:25:28.735781,2024-05-04 16:45:00,1.0,False,2022-09-12
B-001604,R-0163,Kids Play Area,2024-05-03 14:13:38.885236,2024-05-03 18:30:00,3.0,True,2022-11-25
B-001605,R-0202,Kids Play Area,2024-05-03 14:23:49.096263,2024-05-03 17:00:00,3.0,True,2021-04-27
B-001606,R-0317,Multipurpose Hall,2024-05-03 15:02:17.486773,2024-05-09 10:00:00,1.0,False,2023-02-18
B-001607,R-0137,Kids Play Area,2024-05-03 16:03:16.032712,2024-05-03 17:15:00,2.0,True,2020-08-26
B-001608,R-0218,Squash Court,2024-05-03 16:58:35.776163,2024-05-03 19:45:00,1.0,False,2022-10-26
B-001609,R-0057,Gym,2024-05-03 20:47:23.576487,2024-05-04 08:45:00,2.0,False,2022-06-23
B-001610,R-0165,Swimming Pool,2024-05-03 21:26:16.158062,2024-05-04 17:15:00,2.0,False,2021-12-19
B-001611,R-0194,Swimming Pool,2024-05-04 00:15:52.432901,2024-05-06 08:45:00,1.0,False,2023-01-19
B-001612,R-0215,Gym,2024-05-04 02:45:47.124639,2024-05-04 07:45:00,2.0,True,2023-03-17
B-001613,R-0045,Multipurpose Hall,2024-05-04 03:18:05.267824,2024-05-06 19:00:00,4.0,False,2020-05-15
B-001614,R-0155,Swimming Pool,2024-05-04 06:06:18.654232,2024-05-04 16:15:00,5.0,True,2021-02-12
B-001615,R-0054,Badminton Court,2024-05-04 07:51:52.730935,2024-05-04 17:30:00,2.0,False,2022-02-13
B-001616,R-0255,Swimming Pool,2024-05-04 17:51:06.545248,2024-05-05 16:00:00,4.0,False,2021-08-19
B-001617,R-0275,Kids Play Area,2024-05-04 21:02:17.094088,2024-05-05 18:15:00,4.0,True,2020-05-07
B-001618,R-0312,Gym,2024-05-05 00:43:30.962899,2024-05-06 14:45:00,1.0,False,2022-09-04
B-001619,R-0139,Tennis Court,2024-05-05 01:50:39.606439,2024-05-06 18:15:00,4.0,True,2022-06-23
B-001620,R-0243,Squash Court,2024-05-05 04:04:35.211774,2024-05-05 08:00:00,2.0,False,2022-10-01
B-001621,R-0094,Swimming Pool,2024-05-05 04:33:52.613078,2024-05-06 16:45:00,5.0,False,2020-03-17
B-001622,R-0314,Multipurpose Hall,2024-05-05 09:32:52.979147,2024-05-10 18:45:00,2.0,False,2022-04-28
B-001623,R-0316,Gym,2024-05-05 10:01:15.306919,2024-05-05 15:45:00,5.0,False,2021-06-15
B-001624,R-0239,Multipurpose Hall,2024-05-05 11:03:29.435555,2024-05-19 17:45:00,5.0,True,2023-01-01
B-001625,R-0048,Kids Play Area,2024-05-05 13:55:14.530256,2024-05-05 16:15:00,1.0,True,2023-12-12
B-001626,R-0170,Swimming Pool,2024-05-05 15:14:52.076601,2024-05-05 18:15:00,4.0,False,2023-02-04
B-001627,R-0158,Kids Play Area,2024-05-05 15:38:12.847837,2024-05-05 17:45:00,1.0,True,2021-11-01
B-001628,R-0167,Badminton Court,2024-05-05 16:40:07.210946,2024-05-05 19:30:00,2.0,False,2020-02-05
B-001629,R-0086,Squash Court,2024-05-05 17:32:49.929653,2024-05-05 19:30:00,3.0,False,2023-06-29
B-001630,R-0087,Gym,2024-05-05 19:24:38.929058,2024-05-05 20:00:00,1.0,False,2023-02-22
B-001631,R-0189,Squash Court,2024-05-05 19:48:38.550690,2024-05-06 20:30:00,1.0,False,2022-07-11
B-001632,R-0005,Kids Play Area,2024-05-06 02:40:57.858968,2024-05-06 10:45:00,3.0,True,2021-05-16
B-001633,R-0146,Gym,2024-05-06 04:47:33.041097,2024-05-06 11:45:00,4.0,False,2020-03-14
B-001634,R-0244,Badminton Court,2024-05-06 05:25:07.198376,2024-05-06 19:30:00,2.0,True,2022-07-27
B-001635,R-0069,Clubhouse,2024-05-06 08:27:57.912470,2024-05-15 18:30:00,1.0,False,2023-11-30
B-001636,R-0084,Swimming Pool,2024-05-06 09:37:33.968516,2024-05-07 07:45:00,1.0,False,2021-03-07
B-001637,R-0082,Gym,2024-05-06 11:16:28.682235,2024-05-06 19:00:00,4.0,False,2020-08-31
B-001638,R-0180,Kids Play Area,2024-05-06 13:06:59.200442,2024-05-06 16:15:00,2.0,False,2020-05-11
B-001639,R-0039,Tennis Court,2024-05-06 14:34:35.263696,2024-05-07 17:45:00,5.0,False,2020-08-27
B-001640,R-0263,Swimming Pool,2024-05-06 17:31:17.692528,2024-05-09 19:30:00,3.0,True,2022-08-11
B-001641,R-0093,Tennis Court,2024-05-06 19:07:42.611827,2024-05-08 17:00:00,5.0,False,2020-04-20
B-001642,R-0013,Squash Court,2024-05-06 20:18:05.676067,2024-05-07 20:30:00,1.0,True,2023-10-18
B-001643,R-0188,Gym,2024-05-06 23:06:02.215177,2024-05-07 18:45:00,1.0,False,2023-02-11
B-001644,R-0177,Kids Play Area,2024-05-07 01:54:55.537792,2024-05-07 10:15:00,1.0,False,2021-12-08
B-001645,R-0202,Multipurpose Hall,2024-05-07 13:08:10.233162,2024-06-21 19:30:00,3.0,True,2021-04-27
B-001646,R-0213,Badminton Court,2024-05-07 20:13:18.876727,2024-05-08 19:15:00,5.0,True,2022-11-19
B-001647,R-0209,Squash Court,2024-05-08 00:01:33.372603,2024-05-08 07:45:00,3.0,False,2023-07-20
B-001648,R-0222,Tennis Court,2024-05-08 00:31:55.059893,2024-05-09 07:00:00,3.0,False,2021-06-30
B-001649,R-0046,Clubhouse,2024-05-08 02:39:03.097788,2024-05-13 18:45:00,1.0,True,2021-11-08
B-001650,R-0212,Gym,2024-05-08 06:50:46.034399,2024-05-12 08:00:00,5.0,False,2023-06-20
B-001651,R-0117,Swimming Pool,2024-05-08 07:01:10.755132,2024-05-10 07:30:00,4.0,False,2020-10-16
B-001652,R-0105,Badminton Court,2024-05-08 07:19:24.700205,2024-05-09 19:15:00,1.0,False,2021-09-14
B-001653,R-0098,Kids Play Area,2024-05-08 07:36:50.662903,2024-05-08 10:30:00,4.0,False,2022-10-31
B-001654,R-0163,Kids Play Area,2024-05-08 10:01:48.314115,2024-05-08 18:00:00,3.0,True,2022-11-25
B-001655,R-0075,Gym,2024-05-08 10:05:27.090906,2024-05-09 07:45:00,2.0,False,2023-01-11
B-001656,R-0104,Badminton Court,2024-05-08 11:52:33.667917,2024-05-11 18:00:00,5.0,True,2023-02-09
B-001657,R-0151,Gym,2024-05-08 12:58:04.438852,2024-05-08 17:45:00,4.0,True,2020-08-06
B-001658,R-0101,Squash Court,2024-05-08 13:30:03.867995,2024-05-10 07:45:00,2.0,False,2021-06-13
B-001659,R-0189,Squash Court,2024-05-08 14:07:42.465330,2024-05-08 20:45:00,1.0,False,2022-07-11
B-001660,R-0003,Tennis Court,2024-05-08 15:10:46.821901,2024-05-12 06:15:00,1.0,False,2020-06-06
B-001661,R-0046,Swimming Pool,2024-05-08 16:56:06.376983,2024-05-08 17:30:00,1.0,True,2021-11-08
B-001662,R-0028,Swimming Pool,2024-05-08 17:07:43.862584,2024-05-08 19:45:00,4.0,False,2023-12-08
B-001663,R-0175,Tennis Court,2024-05-08 17:59:42.031828,2024-05-12 07:15:00,1.0,False,2020-01-26
B-001664,R-0252,Kids Play Area,2024-05-08 22:31:35.336129,2024-05-09 10:45:00,2.0,True,2021-11-26
B-001665,R-0278,Multipurpose Hall,2024-05-08 23:42:41.312669,2024-05-10 11:00:00,4.0,False,2023-06-25
B-001666,R-0004,Squash Court,2024-05-09 00:42:19.102916,2024-05-09 07:15:00,2.0,True,2023-10-13
B-001667,R-0211,Gym,2024-05-09 02:25:47.127433,2024-05-09 07:30:00,5.0,True,2021-11-19
B-001668,R-0254,Squash Court,2024-05-09 02:53:48.752981,2024-05-09 07:30:00,2.0,False,2020-09-25
B-001669,R-0255,Squash Court,2024-05-09 03:15:59.912613,2024-05-11 08:00:00,4.0,False,2021-08-19
B-001670,R-0116,Swimming Pool,2024-05-09 07:59:04.758048,2024-05-09 19:45:00,4.0,False,2020-04-11
B-001671,R-0026,Swimming Pool,2024-05-09 09:15:33.880212,2024-05-10 08:30:00,2.0,False,2022-01-18
B-001672,R-0202,Multipurpose Hall,2024-05-09 12:41:06.647061,2024-06-28 18:30:00,3.0,True,2021-04-27
B-001673,R-0268,Squash Court,2024-05-09 14:07:19.387437,2024-05-10 07:45:00,5.0,False,2022-10-01
B-001674,R-0234,Squash Court,2024-05-09 14:40:28.579393,2024-05-09 19:30:00,4.0,False,2022-03-24
B-001675,R-0260,Swimming Pool,2024-05-09 15:31:02.906953,2024-05-09 17:45:00,5.0,False,2020-02-11
B-001676,R-0030,Badminton Court,2024-05-09 20:44:36.242291,2024-05-10 17:30:00,2.0,True,2023-02-05
B-001677,R-0096,Gym,2024-05-09 21:43:56.844564,2024-05-10 11:15:00,1.0,False,2022-10-22
B-001678,R-0169,Kids Play Area,2024-05-10 01:06:57.438288,2024-05-10 16:00:00,2.0,True,2020-03-26
B-001679,R-0059,Gym,2024-05-10 01:33:17.280146,2024-05-10 12:30:00,2.0,True,2021-11-08
B-001680,R-0293,Tennis Court,2024-05-10 10:04:24.266218,2024-05-11 18:00:00,3.0,True,2023-08-16
B-001681,R-0061,Swimming Pool,2024-05-10 10:37:26.010411,2024-05-10 19:15:00,1.0,False,2022-11-06
B-001682,R-0180,Kids Play Area,2024-05-10 12:40:43.517906,2024-05-10 16:00:00,2.0,False,2020-05-11
B-001683,R-0168,Kids Play Area,2024-05-10 13:06:01.146632,2024-05-10 18:45:00,3.0,True,2022-09-23
B-001684,R-0099,Kids Play Area,2024-05-10 15:25:40.268763,2024-05-10 18:45:00,2.0,False,2022-07-13
B-001685,R-0237,Squash Court,2024-05-10 16:56:08.417209,2024-05-12 18:30:00,2.0,False,2020-12-11
B-001686,R-0133,Clubhouse,2024-05-11 01:13:11.479440,2024-05-13 17:15:00,4.0,False,2020-03-10
B-001687,R-0305,Clubhouse,2024-05-11 02:15:48.771799,2024-05-14 11:45:00,5.0,False,2023-08-05
B-001688,R-0183,Squash Court,2024-05-11 05:25:06.332025,2024-05-11 07:15:00,5.0,False,2021-12-25
B-001689,R-0101,Badminton Court,2024-05-11 05:43:11.558308,2024-05-11 19:30:00,2.0,False,2021-06-13
B-001690,R-0267,Gym,2024-05-11 08:16:45.304596,2024-05-11 14:45:00,3.0,False,2021-09-07
B-001691,R-0215,Gym,2024-05-11 08:24:02.207722,2024-05-12 07:15:00,2.0,True,2023-03-17
B-001692,R-0146,Kids Play Area,2024-05-11 08:57:07.508301,2024-05-11 09:15:00,4.0,False,2020-03-14
B-001693,R-0052,Clubhouse,2024-05-11 09:57:33.548422,2024-05-17 11:15:00,3.0,True,2022-09-27
B-001694,R-0195,Swimming Pool,2024-05-11 10:29:52.181863,2024-05-12 19:15:00,3.0,True,2022-06-30
B-001695,R-0187,Tennis Court,2024-05-11 11:26:27.844873,2024-05-13 06:15:00,4.0,False,2020-04-30
B-001696,R-0019,Badminton Court,2024-05-11 12:31:17.987560,2024-05-11 18:30:00,5.0,False,2022-02-09
B-001697,R-0168,Kids Play Area,2024-05-11 14:01:22.055966,2024-05-11 18:15:00,3.0,True,2022-09-23
B-001698,R-0035,Gym,2024-05-11 15:25:04.547694,2024-05-14 15:45:00,1.0,False,2023-05-21
B-001699,R-0029,Kids Play Area,2024-05-11 16:29:40.834088,2024-05-12 16:45:00,1.0,False,2020-03-01
B-001700,R-0246,Kids Play Area,2024-05-11 16:56:20.947486,2024-05-12 16:45:00,2.0,False,2020-03-20
B-001701,R-0018,Tennis Court,2024-05-11 22:43:19.526480,2024-05-12 19:45:00,3.0,False,2020-12-01
B-001702,R-0243,Swimming Pool,2024-05-11 23:32:21.484864,2024-05-12 06:00:00,2.0,False,2022-10-01
B-001703,R-0310,Badminton Court,2024-05-12 03:07:21.987467,2024-05-12 20:30:00,3.0,False,2022-10-15
B-001704,R-0122,Swimming Pool,2024-05-12 08:51:33.562094,2024-05-12 16:15:00,1.0,False,2022-11-04
B-001705,R-0276,Kids Play Area,2024-05-12 10:12:15.228096,2024-05-12 16:15:00,1.0,False,2021-12-03
B-001706,R-0259,Kids Play Area,2024-05-12 10:19:25.193649,2024-05-12 18:30:00,3.0,False,2023-12-21
B-001707,R-0220,Badminton Court,2024-05-12 11:13:04.231230,2024-05-16 18:30:00,5.0,False,2021-05-12
B-001708,R-0080,Gym,2024-05-12 11:20:10.056556,2024-05-13 15:00:00,4.0,True,2021-01-23
B-001709,R-0188,Badminton Court,2024-05-12 11:41:34.784089,2024-05-16 17:15:00,1.0,False,2023-02-11
B-001710,R-0157,Kids Play Area,2024-05-12 11:57:08.332052,2024-05-12 16:45:00,3.0,True,2020-05-01
B-001711,R-0276,Tennis Court,2024-05-12 12:10:32.105293,2024-05-12 17:30:00,1.0,False,2021-12-03
B-001712,R-0124,Squash Court,2024-05-12 12:36:40.942657,2024-05-12 18:45:00,3.0,False,2022-08-31
B-001713,R-0194,Swimming Pool,2024-05-12 13:39:15.673422,2024-05-13 08:00:00,1.0,False,2023-01-19
B-001714,R-0189,Swimming Pool,2024-05-12 17:10:36.102474,2024-05-14 19:00:00,1.0,False,2022-07-11
B-001715,R-0036,Swimming Pool,2024-05-12 20:15:11.238584,2024-05-13 06:00:00,3.0,True,2021-02-14
B-001716,R-0111,Swimming Pool,2024-05-12 20:44:49.514771,2024-05-13 07:15:00,2.0,True,2022-01-10
B-001717,R-0311,Kids Play Area,2024-05-13 02:37:24.550208,2024-05-13 16:30:00,5.0,False,2021-06-05
B-001718,R-0311,Clubhouse,2024-05-13 04:56:22.594024,2024-06-23 11:45:00,5.0,False,2021-06-05
B-001719,R-0206,Tennis Court,2024-05-13 05:31:51.706202,2024-05-19 17:00:00,3.0,False,2021-06-14
B-001720,R-0113,Tennis Court,2024-05-13 06:52:54.358095,2024-05-15 19:00:00,4.0,False,2022-06-28
B-001721,R-0232,Kids Play Area,2024-05-13 08:42:24.285769,2024-05-13 10:15:00,5.0,True,2022-05-16
B-001722,R-0160,Multipurpose Hall,2024-05-13 09:25:48.885815,2024-05-21 18:45:00,1.0,True,2020-08-11
B-001723,R-0110,Badminton Court,2024-05-13 11:07:26.419687,2024-05-14 20:30:00,4.0,False,2022-06-09
B-001724,R-0095,Kids Play Area,2024-05-13 13:39:58.320749,2024-05-13 18:30:00,4.0,False,2020-03-19
B-001725,R-0215,Badminton Court,2024-05-13 14:30:56.246219,2024-05-14 18:45:00,2.0,True,2023-03-17
B-001726,R-0039,Gym,2024-05-13 15:09:55.273256,2024-05-15 17:45:00,5.0,False,2020-08-27
B-001727,R-0290,Swimming Pool,2024-05-13 15:58:49.174697,2024-05-13 19:45:00,3.0,False,2021-02-25
B-001728,R-0102,Squash Court,2024-05-13 21:58:18.231021,2024-05-14 07:15:00,1.0,False,2022-05-02
B-001729,R-0190,Tennis Court,2024-05-13 22:09:52.115471,2024-05-14 07:30:00,4.0,True,2022-05-02
B-001730,R-0274,Gym,2024-05-13 23:09:44.419759,2024-05-14 10:45:00,1.0,False,2021-08-07
B-001731,R-0208,Swimming Pool,2024-05-14 01:06:36.242392,2024-05-14 08:45:00,5.0,False,2021-08-16
B-001732,R-0147,Badminton Court,2024-05-14 01:17:03.209837,2024-05-14 17:45:00,5.0,False,2023-05-17
B-001733,R-0163,Kids Play Area,2024-05-14 03:46:25.676413,2024-05-14 18:15:00,3.0,True,2022-11-25
B-001734,R-0182,Squash Court,2024-05-14 05:33:11.802239,2024-05-14 18:00:00,2.0,True,2022-11-04
B-001735,R-0024,Clubhouse,2024-05-14 08:51:22.908802,2024-05-18 17:00:00,1.0,False,2020-09-16
B-001736,R-0264,Gym,2024-05-14 12:22:15.950877,2024-05-14 15:30:00,2.0,False,2020-01-20
B-001737,R-0210,Badminton Court,2024-05-14 12:39:03.025065,2024-05-14 20:30:00,1.0,False,2022-05-08
B-001738,R-0297,Gym,2024-05-14 15:17:41.846753,2024-05-15 08:00:00,,False,2021-05-14
B-001739,R-0162,Squash Court,2024-05-14 16:37:55.585359,2024-05-15 07:00:00,5.0,True,2020-05-09
B-001740,R-0166,Gym,2024-05-14 18:38:46.594372,2024-05-15 11:15:00,4.0,False,2022-10-13
B-001741,R-0056,Swimming Pool,2024-05-15 00:25:18.548298,2024-05-15 07:30:00,,True,2020-07-16
B-001742,R-0180,Multipurpose Hall,2024-05-15 00:39:27.931567,2024-05-20 10:15:00,2.0,False,2020-05-11
B-001743,R-0303,Gym,2024-05-15 02:43:57.975530,2024-05-15 11:30:00,2.0,False,2020-02-09
B-001744,R-0265,Swimming Pool,2024-05-15 04:27:32.197593,2024-05-17 17:15:00,3.0,False,2023-04-02
B-001745,R-0238,Squash Court,2024-05-15 04:56:20.115374,2024-05-15 08:30:00,3.0,True,2023-07-13
B-001746,R-0064,Swimming Pool,2024-05-15 06:40:16.510775,2024-05-15 17:30:00,2.0,False,2022-10-17
B-001747,R-0075,Gym,2024-05-15 07:59:20.206159,2024-05-16 07:30:00,2.0,False,2023-01-11
B-001748,R-0240,Swimming Pool,2024-05-15 09:55:31.583739,2024-05-17 19:00:00,,True,2021-08-25
B-001749,R-0256,Swimming Pool,2024-05-15 13:19:54.654440,2024-05-15 16:00:00,3.0,True,2021-06-07
B-001750,R-0227,Kids Play Area,2024-05-15 15:30:23.781807,2024-05-15 17:15:00,4.0,True,2021-10-13
B-001751,R-0143,Kids Play Area,2024-05-15 15:44:38.905652,2024-05-15 18:30:00,5.0,True,2022-08-13
B-001752,R-0174,Multipurpose Hall,2024-05-15 18:23:12.693765,2024-05-25 11:30:00,3.0,False,2022-11-22
B-001753,R-0074,Badminton Court,2024-05-15 20:10:22.112278,2024-05-16 18:45:00,3.0,False,2020-01-21
B-001754,R-0289,Gym,2024-05-15 20:56:55.539083,2024-05-16 09:45:00,2.0,True,2021-04-03
B-001755,R-0098,Kids Play Area,2024-05-16 01:48:51.253959,2024-05-16 09:15:00,4.0,False,2022-10-31
B-001756,R-0145,Multipurpose Hall,2024-05-16 02:02:48.766572,2024-05-17 19:30:00,1.0,False,2021-10-20
B-001757,R-0019,Multipurpose Hall,2024-05-16 06:45:29.779142,2024-05-19 18:30:00,5.0,False,2022-02-09
B-001758,R-0245,Squash Court,2024-05-16 07:06:09.317027,2024-05-17 18:45:00,1.0,False,2022-02-09
B-001759,R-0269,Badminton Court,2024-05-16 09:18:44.341223,2024-05-17 19:45:00,5.0,False,2023-11-18
B-001760,R-0017,Gym,2024-05-16 10:36:23.280123,2024-05-16 16:00:00,1.0,False,2023-04-21
B-001761,R-0212,Gym,2024-05-16 11:08:49.643956,2024-05-17 08:45:00,,False,2023-06-20
B-001762,R-0283,Squash Court,2024-05-16 12:15:09.166605,2024-05-17 18:00:00,1.0,False,2020-02-28
B-001763,R-0055,Swimming Pool,2024-05-16 13:56:09.014273,2024-05-16 18:15:00,3.0,False,2020-04-03
B-001764,R-0083,Kids Play Area,2024-05-16 16:04:54.156945,2024-05-16 17:45:00,1.0,True,2020-03-12
B-001765,R-0124,Tennis Court,2024-05-16 16:56:33.729250,2024-05-16 19:45:00,3.0,False,2022-08-31
B-001766,R-0139,Squash Court,2024-05-16 18:45:00.000000,2024-05-22 18:45:00,4.0,True,2022-06-23
B-001767,R-0266,Gym,2024-05-16 18:59:00.597813,2024-05-17 06:30:00,4.0,True,2023-12-21
B-001768,R-0152,Tennis Court,2024-05-16 19:08:34.500540,2024-05-17 18:30:00,1.0,True,2020-03-08
B-001769,R-0014,Swimming Pool,2024-05-16 19:33:53.283419,2024-05-17 06:45:00,3.0,False,2023-02-21
B-001770,R-0005,Kids Play Area,2024-05-16 20:46:37.401079,2024-05-17 10:30:00,3.0,True,2021-05-16
B-001771,R-0198,Gym,2024-05-16 22:49:34.120574,2024-05-17 18:15:00,5.0,False,2023-09-18
B-001772,R-0130,Swimming Pool,2024-05-16 23:50:00.975315,2024-05-17 08:45:00,3.0,False,2022-05-02
B-001773,R-0272,Badminton Court,2024-05-17 00:54:57.186451,2024-05-18 20:15:00,3.0,False,2021-11-30
B-001774,R-0077,Multipurpose Hall,2024-05-17 03:10:48.755766,2024-05-25 17:15:00,5.0,False,2020-09-28
B-001775,R-0267,Multipurpose Hall,2024-05-17 06:24:06.594713,2024-05-27 18:00:00,3.0,False,2021-09-07
B-001776,R-0307,Kids Play Area,2024-05-17 08:36:20.875210,2024-05-17 09:45:00,2.0,True,2022-03-13
B-001777,R-0159,Tennis Court,2024-05-17 10:53:53.601791,2024-05-17 17:45:00,3.0,True,2022-11-14
B-001778,R-0177,Gym,2024-05-17 10:57:14.733296,2024-05-18 10:45:00,1.0,False,2021-12-08
B-001779,R-0181,Kids Play Area,2024-05-17 11:29:05.283801,2024-05-18 10:15:00,4.0,True,2022-08-08
B-001780,R-0018,Tennis Court,2024-05-17 11:36:26.719599,2024-05-19 19:00:00,3.0,False,2020-12-01
B-001781,R-0193,Badminton Court,2024-05-17 13:41:45.498533,2024-05-17 20:15:00,2.0,True,2021-06-16
B-001782,R-0165,Squash Court,2024-05-17 14:24:34.738679,2024-05-17 19:30:00,2.0,False,2021-12-19
B-001783,R-0156,Badminton Court,2024-05-17 14:30:10.644526,2024-05-17 20:00:00,2.0,False,2020-05-03
B-001784,R-0062,Badminton Court,2024-05-17 20:40:18.371802,2024-05-20 20:45:00,2.0,False,2020-06-01
B-001785,R-0278,Tennis Court,2024-05-17 22:20:15.660414,2024-05-18 07:15:00,4.0,False,2023-06-25
B-001786,R-0173,Squash Court,2024-05-17 23:26:50.417648,2024-05-18 19:45:00,2.0,False,2021-03-09
B-001787,R-0167,Gym,2024-05-18 03:27:59.090198,2024-05-18 10:45:00,2.0,False,2020-02-05
B-001788,R-0171,Badminton Court,2024-05-18 05:54:55.700518,2024-05-18 17:30:00,4.0,False,2020-03-16
B-001789,R-0285,Badminton Court,2024-05-18 11:05:05.125864,2024-05-18 17:45:00,1.0,False,2021-10-06
B-001790,R-0233,Tennis Court,2024-05-18 13:05:57.237283,2024-05-19 19:30:00,4.0,True,2021-11-14
B-001791,R-0067,Swimming Pool,2024-05-18 13:38:05.609908,2024-05-18 18:15:00,3.0,False,2020-11-02
B-001792,R-0077,Kids Play Area,2024-05-18 14:48:31.715300,2024-05-18 17:30:00,5.0,False,2020-09-28
B-001793,R-0165,Clubhouse,2024-05-18 16:31:14.545948,2024-05-21 19:45:00,2.0,False,2021-12-19
B-001794,R-0027,Gym,2024-05-18 16:51:57.533783,2024-05-19 09:15:00,2.0,False,2023-03-12
B-001795,R-0168,Squash Court,2024-05-18 17:47:27.488678,2024-05-19 19:15:00,3.0,True,2022-09-23
B-001796,R-0125,Tennis Court,2024-05-18 20:56:15.426474,2024-05-20 19:00:00,5.0,True,2020-12-19
B-001797,R-0127,Kids Play Area,2024-05-19 00:01:59.447756,2024-05-19 09:15:00,3.0,False,2020-06-15
B-001798,R-0183,Badminton Court,2024-05-19 01:46:43.682674,2024-05-19 19:15:00,5.0,False,2021-12-25
B-001799,R-0064,Multipurpose Hall,2024-05-19 04:14:33.802355,2024-05-25 18:30:00,2.0,False,2022-10-17
B-001800,R-0291,Badminton Court,2024-05-19 05:01:45.356194,2024-05-19 21:30:00,5.0,False,2020-11-14
B-001801,R-0228,Multipurpose Hall,2024-05-19 05:08:03.675395,2024-06-17 10:45:00,4.0,False,2023-09-10
B-001802,R-0061,Swimming Pool,2024-05-19 07:37:18.570843,2024-05-19 19:45:00,1.0,False,2022-11-06
B-001803,R-0316,Swimming Pool,2024-05-19 07:55:19.159637,2024-05-19 19:15:00,5.0,False,2021-06-15
B-001804,R-0013,Swimming Pool,2024-05-19 11:06:35.461692,2024-05-19 19:00:00,1.0,True,2023-10-18
B-001805,R-0132,Swimming Pool,2024-05-19 12:22:54.552978,2024-05-20 06:00:00,3.0,True,2020-10-06
B-001806,R-0172,Kids Play Area,2024-05-19 15:13:22.839159,2024-05-19 17:15:00,2.0,False,2020-03-14
B-001807,R-0229,Badminton Court,2024-05-19 16:13:11.437300,2024-05-23 18:30:00,2.0,False,2020-02-16
B-001808,R-0158,Kids Play Area,2024-05-19 16:45:45.815957,2024-05-19 17:30:00,1.0,True,2021-11-01
B-001809,R-0164,Kids Play Area,2024-05-19 17:00:39.760002,2024-05-19 17:45:00,5.0,False,2021-03-15
B-001810,R-0267,Gym,2024-05-19 19:02:22.103704,2024-05-20 14:15:00,3.0,False,2021-09-07
B-001811,R-0298,Swimming Pool,2024-05-19 19:33:04.711645,2024-05-20 19:15:00,1.0,True,2022-09-18
B-001812,R-0090,Squash Court,2024-05-19 21:58:49.718818,2024-05-22 08:45:00,3.0,False,2020-03-27
B-001813,R-0100,Squash Court,2024-05-19 22:54:41.434496,2024-05-21 18:00:00,5.0,True,2020-08-16
B-001814,R-0259,Badminton Court,2024-05-20 02:54:34.068749,2024-05-20 21:00:00,3.0,False,2023-12-21
B-001815,R-0032,Swimming Pool,2024-05-20 03:54:12.058946,2024-05-20 07:45:00,4.0,False,2020-08-02
B-001816,R-0248,Kids Play Area,2024-05-20 06:17:18.205554,2024-05-20 10:30:00,2.0,True,2022-12-30
B-001817,R-0104,Gym,2024-05-20 08:10:06.442985,2024-05-21 16:15:00,5.0,True,2023-02-09
B-001818,R-0203,Swimming Pool,2024-05-20 08:24:06.454206,2024-05-20 17:15:00,4.0,False,2023-10-19
B-001819,R-0110,Badminton Court,2024-05-20 10:34:27.304499,2024-05-21 20:00:00,4.0,False,2022-06-09
B-001820,R-0309,Kids Play Area,2024-05-20 11:48:14.641056,2024-05-20 17:00:00,1.0,True,2022-05-22
B-001821,R-0209,Squash Court,2024-05-21 00:03:05.203840,2024-05-21 07:30:00,3.0,False,2023-07-20
B-001822,R-0042,Badminton Court,2024-05-21 00:16:49.126294,2024-05-21 17:00:00,3.0,False,2022-11-14
B-001823,R-0111,Swimming Pool,2024-05-21 02:08:05.490727,2024-05-21 19:00:00,2.0,True,2022-01-10
B-001824,R-0225,Squash Court,2024-05-21 04:20:26.953110,2024-05-22 08:45:00,2.0,False,2021-03-31
B-001825,R-0163,Kids Play Area,2024-05-21 04:20:35.263351,2024-05-21 18:15:00,3.0,True,2022-11-25
B-001826,R-0221,Kids Play Area,2024-05-21 07:31:25.308260,2024-05-21 17:30:00,1.0,True,2023-09-29
B-001827,R-0280,Clubhouse,2024-05-21 07:36:25.864811,2024-06-04 18:00:00,3.0,False,2020-03-31
B-001828,R-0314,Tennis Court,2024-05-21 10:34:28.707064,2024-05-24 17:00:00,2.0,False,2022-04-28
B-001829,R-0016,Swimming Pool,2024-05-21 12:12:27.534451,2024-05-23 07:15:00,1.0,True,2020-04-13
B-001830,R-0083,Tennis Court,2024-05-21 12:45:13.779960,2024-05-23 18:30:00,1.0,True,2020-03-12
B-001831,R-0030,Squash Court,2024-05-21 14:46:00.494991,2024-05-22 08:45:00,2.0,True,2023-02-05
B-001832,R-0105,Kids Play Area,2024-05-21 16:06:50.105854,2024-05-22 10:00:00,1.0,False,2021-09-14
B-001833,R-0305,Gym,2024-05-21 20:47:03.063550,2024-05-22 10:00:00,5.0,False,2023-08-05
B-001834,R-0161,Tennis Court,2024-05-21 23:57:07.459788,2024-05-28 07:45:00,4.0,True,2022-05-10
B-001835,R-0012,Gym,2024-05-22 02:04:52.355626,2024-05-23 18:45:00,4.0,True,2020-11-21
B-001836,R-0187,Squash Court,2024-05-22 05:43:36.694555,2024-05-22 20:15:00,,False,2020-04-30
B-001837,R-0046,Swimming Pool,2024-05-22 06:12:00.181134,2024-05-22 16:30:00,1.0,True,2021-11-08
B-001838,R-0293,Gym,2024-05-22 15:27:34.489709,2024-05-23 10:15:00,3.0,True,2023-08-16
B-001839,R-0057,Gym,2024-05-22 16:16:12.771200,2024-05-23 08:45:00,2.0,False,2022-06-23
B-001840,R-0192,Badminton Court,2024-05-22 16:35:11.675747,2024-05-22 20:30:00,4.0,True,2023-07-01
B-001841,R-0055,Tennis Court,2024-05-23 00:49:45.890957,2024-05-23 18:00:00,3.0,False,2020-04-03
B-001842,R-0315,Badminton Court,2024-05-23 00:58:03.303266,2024-05-23 20:00:00,5.0,True,2022-01-23
B-001843,R-0207,Multipurpose Hall,2024-05-23 01:05:43.016175,2024-05-30 10:00:00,3.0,False,2021-04-11
B-001844,R-0157,Kids Play Area,2024-05-23 01:17:30.201603,2024-05-23 17:00:00,3.0,True,2020-05-01
B-001845,R-0090,Badminton Court,2024-05-23 01:19:06.024137,2024-05-23 20:15:00,3.0,False,2020-03-27
B-001846,R-0096,Gym,2024-05-23 01:51:12.273792,2024-05-23 11:15:00,1.0,False,2022-10-22
B-001847,R-0136,Swimming Pool,2024-05-23 02:27:39.180858,2024-05-23 06:15:00,5.0,False,2021-06-17
B-001848,R-0217,Tennis Court,2024-05-23 03:03:27.380099,2024-05-23 19:00:00,1.0,False,2020-11-09
B-001849,R-0253,Kids Play Area,2024-05-23 05:24:51.500520,2024-05-23 10:00:00,4.0,True,2023-11-16
B-001850,R-0036,Tennis Court,2024-05-23 05:45:00.000000,2024-05-23 07:45:00,3.0,True,2021-02-14
B-001851,R-0079,Kids Play Area,2024-05-23 06:03:32.379642,2024-05-23 10:00:00,3.0,True,2020-08-30
B-001852,R-0141,Tennis Court,2024-05-23 07:34:28.340968,2024-05-24 18:30:00,1.0,False,2020-01-06
B-001853,R-0134,Badminton Court,2024-05-23 08:45:06.633641,2024-05-24 19:30:00,4.0,False,2020-03-31
B-001854,R-0190,Clubhouse,2024-05-23 10:37:24.303733,2024-06-12 18:15:00,4.0,True,2022-05-02
B-001855,R-0305,Clubhouse,2024-05-23 11:16:45.410096,2024-05-25 12:45:00,5.0,False,2023-08-05
B-001856,R-0084,Swimming Pool,2024-05-23 13:24:55.297153,2024-05-26 07:00:00,1.0,False,2021-03-07
B-001857,R-0190,Squash Court,2024-05-23 13:28:09.526480,2024-05-24 08:45:00,4.0,True,2022-05-02
B-001858,R-0155,Gym,2024-05-23 15:37:07.323761,2024-05-24 17:15:00,5.0,True,2021-02-12
B-001859,R-0099,Kids Play Area,2024-05-23 15:47:29.440629,2024-05-23 18:15:00,2.0,False,2022-07-13
B-001860,R-0144,Tennis Court,2024-05-23 16:51:42.554707,2024-05-25 07:45:00,3.0,False,2022-07-09
B-001861,R-0248,Clubhouse,2024-05-23 18:18:27.918485,2024-06-02 11:30:00,2.0,True,2022-12-30
B-001862,R-0114,Kids Play Area,2024-05-23 20:20:27.354289,2024-05-25 10:00:00,3.0,True,2021-10-04
B-001863,R-0166,Gym,2024-05-23 23:16:39.727518,2024-05-24 11:30:00,4.0,False,2022-10-13
B-001864,R-0194,Swimming Pool,2024-05-24 02:51:59.070968,2024-05-25 08:15:00,1.0,False,2023-01-19
B-001865,R-0309,Kids Play Area,2024-05-24 02:59:45.023025,2024-05-24 10:00:00,1.0,True,2022-05-22
B-001866,R-0076,Multipurpose Hall,2024-05-24 03:53:03.341196,2024-06-19 10:45:00,2.0,False,2020-08-07
B-001867,R-0102,Squash Court,2024-05-24 07:24:37.295824,2024-05-24 08:30:00,1.0,False,2022-05-02
B-001868,R-0303,Gym,2024-05-24 07:26:57.651531,2024-05-24 11:15:00,2.0,False,2020-02-09
B-001869,R-0046,Clubhouse,2024-05-24 08:28:59.282730,2024-06-03 18:30:00,1.0,True,2021-11-08
B-001870,R-0127,Kids Play Area,2024-05-24 08:52:30.000000,2024-05-24 09:00:00,3.0,False,2020-06-15
B-001871,R-0129,Squash Court,2024-05-24 13:01:07.865262,2024-05-25 08:00:00,2.0,False,2022-06-19
B-001872,R-0255,Gym,2024-05-24 16:30:53.093552,2024-05-25 12:00:00,4.0,False,2021-08-19
B-001873,R-0031,Clubhouse,2024-05-24 17:37:17.328829,2024-06-02 17:15:00,1.0,False,2020-10-02
B-001874,R-0211,Badminton Court,2024-05-25 03:27:59.962815,2024-05-25 20:30:00,5.0,True,2021-11-19
B-001875,R-0028,Kids Play Area,2024-05-25 03:34:43.759030,2024-05-25 10:15:00,4.0,False,2023-12-08
B-001876,R-0106,Kids Play Area,2024-05-25 05:14:32.549157,2024-05-25 09:00:00,1.0,True,2020-01-23
B-001877,R-0212,Gym,2024-05-25 06:42:07.832091,2024-05-26 08:45:00,5.0,False,2023-06-20
B-001878,R-0254,Tennis Court,2024-05-25 06:47:59.180078,2024-05-26 18:45:00,2.0,False,2020-09-25
B-001879,R-0091,Kids Play Area,2024-05-25 07:16:55.009187,2024-05-25 16:45:00,2.0,True,2023-12-22
B-001880,R-0188,Badminton Court,2024-05-25 07:18:43.987928,2024-05-25 17:30:00,1.0,False,2023-02-11
B-001881,R-0052,Kids Play Area,2024-05-25 08:06:21.404224,2024-05-25 10:00:00,3.0,True,2022-09-27
B-001882,R-0146,Kids Play Area,2024-05-25 08:32:57.229092,2024-05-25 10:45:00,4.0,False,2020-03-14
B-001883,R-0040,Swimming Pool,2024-05-25 09:12:08.163347,2024-05-27 06:45:00,2.0,True,2023-09-02
B-001884,R-0196,Clubhouse,2024-05-25 11:45:33.910446,2024-06-14 20:45:00,2.0,True,2022-01-24
B-001885,R-0198,Gym,2024-05-25 12:19:55.214077,2024-05-25 18:45:00,5.0,False,2023-09-18
B-001886,R-0044,Squash Court,2024-05-25 12:35:08.049891,2024-05-25 18:00:00,1.0,False,2021-10-23
B-001887,R-0205,Kids Play Area,2024-05-25 14:55:16.152096,2024-05-25 17:45:00,3.0,False,2023-01-19
B-001888,R-0082,Gym,2024-05-25 14:58:42.914595,2024-05-25 19:30:00,4.0,False,2020-08-31
B-001889,R-0313,Kids Play Area,2024-05-25 17:15:31.826634,2024-05-25 18:45:00,2.0,False,2022-01-03
B-001890,R-0025,Gym,2024-05-25 21:55:43.491505,2024-05-29 17:15:00,4.0,True,2020-12-30
B-001891,R-0112,Multipurpose Hall,2024-05-25 23:54:06.295142,2024-05-31 19:00:00,5.0,False,2020-06-02
B-001892,R-0186,Swimming Pool,2024-05-26 00:20:44.155909,2024-05-26 17:45:00,2.0,False,2020-11-10
B-001893,R-0290,Swimming Pool,2024-05-26 04:09:02.570346,2024-05-26 19:30:00,3.0,False,2021-02-25
B-001894,R-0167,Gym,2024-05-26 06:21:47.594223,2024-05-26 10:00:00,2.0,False,2020-02-05
B-001895,R-0283,Kids Play Area,2024-05-26 07:58:30.731285,2024-05-26 18:15:00,1.0,False,2020-02-28
B-001896,R-0055,Multipurpose Hall,2024-05-26 11:03:21.550817,2024-06-02 18:00:00,3.0,False,2020-04-03
B-001897,R-0045,Tennis Court,2024-05-26 11:18:48.111266,2024-05-26 18:00:00,4.0,False,2020-05-15
B-001898,R-0085,Tennis Court,2024-05-26 11:59:33.389970,2024-05-26 19:15:00,1.0,False,2022-03-24
B-001899,R-0086,Squash Court,2024-05-26 12:10:26.655967,2024-05-26 19:15:00,3.0,False,2023-06-29
B-001900,R-0165,Kids Play Area,2024-05-26 12:31:45.084747,2024-05-26 16:45:00,2.0,False,2021-12-19
B-001901,R-0240,Gym,2024-05-26 16:16:06.216685,2024-05-27 16:30:00,4.0,True,2021-08-25
B-001902,R-0033,Squash Court,2024-05-26 17:40:16.381445,2024-05-27 19:45:00,1.0,False,2022-09-12
B-001903,R-0076,Multipurpose Hall,2024-05-26 18:48:32.509393,2024-06-08 10:00:00,2.0,False,2020-08-07
B-001904,R-0070,Swimming Pool,2024-05-26 20:21:10.083814,2024-05-27 07:45:00,3.0,False,2020-04-24
B-001905,R-0058,Swimming Pool,2024-05-26 23:33:51.730420,2024-05-27 08:45:00,3.0,False,2023-09-11
B-001906,R-0259,Gym,2024-05-27 00:15:35.946361,2024-05-27 15:45:00,3.0,False,2023-12-21
B-001907,R-0003,Tennis Court,2024-05-27 00:47:09.628389,2024-05-28 18:00:00,1.0,False,2020-06-06
B-001908,R-0233,Badminton Court,2024-05-27 03:50:37.884964,2024-05-29 18:30:00,4.0,True,2021-11-14
B-001909,R-0060,Badminton Court,2024-05-27 06:41:01.662129,2024-05-27 19:15:00,4.0,False,2021-10-21
B-001910,R-0285,Squash Court,2024-05-27 08:13:45.771564,2024-05-27 18:00:00,1.0,False,2021-10-06
B-001911,R-0264,Tennis Court,2024-05-27 08:26:02.906032,2024-05-27 18:45:00,2.0,False,2020-01-20
B-001912,R-0236,Kids Play Area,2024-05-27 11:27:14.914226,2024-05-28 09:30:00,1.0,True,2021-05-07
B-001913,R-0039,Multipurpose Hall,2024-05-27 12:45:38.092738,2024-06-03 10:15:00,5.0,False,2020-08-27
B-001914,R-0158,Swimming Pool,2024-05-27 13:27:53.118943,2024-05-27 16:45:00,1.0,True,2021-11-01
B-001915,R-0135,Squash Court,2024-05-27 13:44:29.013639,2024-05-28 18:45:00,2.0,True,2021-05-18
B-001916,R-0022,Gym,2024-05-27 16:52:54.320954,2024-05-28 09:00:00,2.0,True,2022-11-11
B-001917,R-0188,Multipurpose Hall,2024-05-27 18:52:46.619327,2024-07-15 18:45:00,1.0,False,2023-02-11
B-001918,R-0069,Multipurpose Hall,2024-05-27 22:00:45.180191,2024-06-23 18:30:00,1.0,False,2023-11-30
B-001919,R-0232,Kids Play Area,2024-05-28 00:38:23.741035,2024-05-28 10:00:00,5.0,True,2022-05-16
B-001920,R-0192,Kids Play Area,2024-05-28 02:34:06.300006,2024-05-28 10:45:00,4.0,True,2023-07-01
B-001921,R-0188,Multipurpose Hall,2024-05-28 03:21:19.107404,2024-06-14 18:30:00,1.0,False,2023-02-11
B-001922,R-0212,Clubhouse,2024-05-28 04:32:49.671255,2024-06-09 11:45:00,5.0,False,2023-06-20
B-001923,R-0141,Kids Play Area,2024-05-28 05:02:20.078546,2024-05-28 10:30:00,1.0,False,2020-01-06
B-001924,R-0184,Squash Court,2024-05-28 05:48:35.236334,2024-05-31 08:30:00,1.0,False,2022-11-30
B-001925,R-0220,Badminton Court,2024-05-28 10:44:51.556532,2024-05-31 18:15:00,5.0,False,2021-05-12
B-001926,R-0082,Gym,2024-05-28 11:53:11.026295,2024-05-28 19:30:00,4.0,False,2020-08-31
B-001927,R-0227,Kids Play Area,2024-05-28 12:06:15.926942,2024-05-28 17:30:00,4.0,True,2021-10-13
B-001928,R-0248,Clubhouse,2024-05-28 17:08:31.914558,2024-06-20 19:30:00,2.0,True,2022-12-30
B-001929,R-0144,Badminton Court,2024-05-29 00:05:24.973312,2024-06-01 17:00:00,3.0,False,2022-07-09
B-001930,R-0135,Kids Play Area,2024-05-29 00:53:56.687001,2024-05-29 18:45:00,2.0,True,2021-05-18
B-001931,R-0092,Kids Play Area,2024-05-29 02:20:53.236993,2024-05-29 17:45:00,3.0,False,2023-07-28
B-001932,R-0177,Gym,2024-05-29 05:39:36.395822,2024-05-31 10:15:00,1.0,False,2021-12-08
B-001933,R-0259,Kids Play Area,2024-05-29 06:20:35.784860,2024-05-29 18:00:00,3.0,False,2023-12-21
B-001934,R-0032,Tennis Court,2024-05-29 09:35:03.994686,2024-05-31 07:15:00,4.0,False,2020-08-02
B-001935,R-0303,Gym,2024-05-29 09:35:46.639547,2024-05-29 11:45:00,2.0,False,2020-02-09
B-001936,R-0039,Kids Play Area,2024-05-29 13:41:12.557181,2024-05-29 16:15:00,5.0,False,2020-08-27
B-001937,R-0214,Kids Play Area,2024-05-29 15:04:01.296566,2024-05-29 16:00:00,1.0,False,2023-10-23
B-001938,R-0055,Swimming Pool,2024-05-29 16:23:57.271679,2024-05-29 18:15:00,3.0,False,2020-04-03
B-001939,R-0105,Badminton Court,2024-05-29 17:43:39.239271,2024-05-31 19:30:00,1.0,False,2021-09-14
B-001940,R-0215,Tennis Court,2024-05-29 17:53:51.992228,2024-05-30 06:30:00,2.0,True,2023-03-17
B-001941,R-0297,Kids Play Area,2024-05-29 19:14:45.790693,2024-05-30 10:45:00,1.0,False,2021-05-14
B-001942,R-0189,Swimming Pool,2024-05-29 20:37:13.938006,2024-05-30 06:45:00,1.0,False,2022-07-11
B-001943,R-0154,Multipurpose Hall,2024-05-29 21:40:04.239755,2024-06-09 17:30:00,4.0,False,2020-04-23
B-001944,R-0287,Gym,2024-05-29 23:35:10.582310,2024-05-30 15:45:00,3.0,False,2022-04-21
B-001945,R-0011,Kids Play Area,2024-05-30 00:15:38.638401,2024-05-30 18:30:00,4.0,False,2022-01-15
B-001946,R-0307,Gym,2024-05-30 00:25:49.233783,2024-05-30 06:00:00,2.0,True,2022-03-13
B-001947,R-0104,Gym,2024-05-30 03:34:00.457780,2024-06-01 16:30:00,5.0,True,2023-02-09
B-001948,R-0072,Squash Court,2024-05-30 03:59:33.983979,2024-06-02 18:15:00,4.0,False,2022-05-01
B-001949,R-0292,Multipurpose Hall,2024-05-30 04:44:42.405980,2024-06-22 11:45:00,3.0,False,2020-01-30
B-001950,R-0211,Clubhouse,2024-05-30 07:30:19.212941,2024-06-06 11:15:00,5.0,True,2021-11-19
B-001951,R-0057,Badminton Court,2024-05-30 07:59:00.631810,2024-06-01 21:30:00,2.0,False,2022-06-23
B-001952,R-0236,Gym,2024-05-30 08:14:49.716205,2024-05-31 06:00:00,1.0,True,2021-05-07
B-001953,R-0252,Kids Play Area,2024-05-30 08:57:00.033696,2024-05-30 10:15:00,2.0,True,2021-11-26
B-001954,R-0193,Swimming Pool,2024-05-30 09:27:35.533500,2024-05-30 18:15:00,2.0,True,2021-06-16
B-001955,R-0063,Tennis Court,2024-05-30 10:50:07.452998,2024-05-30 19:45:00,2.0,False,2020-11-01
B-001956,R-0203,Swimming Pool,2024-05-30 15:03:46.132470,2024-06-01 17:45:00,4.0,False,2023-10-19
B-001957,R-0009,Kids Play Area,2024-05-30 15:18:18.483660,2024-05-30 16:30:00,5.0,True,2021-04-09
B-001958,R-0029,Kids Play Area,2024-05-30 23:56:53.234160,2024-05-31 16:30:00,1.0,False,2020-03-01
B-001959,R-0101,Badminton Court,2024-05-31 04:27:57.094208,2024-06-01 19:30:00,2.0,False,2021-06-13
B-001960,R-0199,Swimming Pool,2024-05-31 04:33:26.214353,2024-06-01 06:00:00,1.0,False,2023-07-24
B-001961,R-0062,Badminton Court,2024-05-31 08:30:00.000000,2024-06-07 20:30:00,2.0,False,2020-06-01
B-001962,R-0180,Kids Play Area,2024-05-31 11:39:29.733183,2024-05-31 18:00:00,2.0,False,2020-05-11
B-001963,R-0273,Gym,2024-05-31 12:24:19.711448,2024-06-01 15:15:00,,False,2020-10-30
B-001964,R-0091,Kids Play Area,2024-05-31 12:34:30.598506,2024-05-31 16:00:00,2.0,True,2023-12-22
B-001965,R-0056,Swimming Pool,2024-05-31 13:19:43.116486,2024-06-02 08:15:00,2.0,True,2020-07-16
B-001966,R-0269,Badminton Court,2024-05-31 16:51:47.979004,2024-06-01 19:30:00,5.0,False,2023-11-18
B-001967,R-0221,Squash Court,2024-05-31 17:14:08.093687,2024-06-04 08:30:00,1.0,True,2023-09-29
B-001968,R-0231,Tennis Court,2024-05-31 18:00:18.067751,2024-06-03 17:00:00,1.0,False,2021-10-30
B-001969,R-0019,Multipurpose Hall,2024-05-31 19:18:47.277040,2024-06-02 18:15:00,5.0,False,2022-02-09
B-001970,R-0217,Squash Court,2024-05-31 19:30:00.000000,2024-05-31 20:30:00,1.0,False,2020-11-09
B-001971,R-0272,Tennis Court,2024-05-31 21:20:27.574209,2024-06-02 18:30:00,3.0,False,2021-11-30
B-001972,R-0275,Swimming Pool,2024-05-31 22:08:56.555504,2024-06-01 18:45:00,4.0,True,2020-05-07
B-001973,R-0263,Tennis Court,2024-06-01 02:07:12.950577,2024-06-04 07:00:00,3.0,True,2022-08-11
B-001974,R-0223,Swimming Pool,2024-06-01 02:48:02.582276,2024-06-02 18:15:00,1.0,False,2021-12-28
B-001975,R-0024,Clubhouse,2024-06-01 05:04:40.628897,2024-06-16 17:00:00,1.0,False,2020-09-16
B-001976,R-0139,Tennis Court,2024-06-01 06:27:04.266095,2024-06-04 18:45:00,4.0,True,2022-06-23
B-001977,R-0045,Tennis Court,2024-06-01 07:48:06.818977,2024-06-01 19:45:00,4.0,False,2020-05-15
B-001978,R-0066,Badminton Court,2024-06-01 10:38:53.497335,2024-06-02 20:00:00,2.0,False,2021-02-13
B-001979,R-0034,Swimming Pool,2024-06-01 11:40:06.462480,2024-06-02 16:30:00,4.0,True,2020-04-02
B-001980,R-0229,Squash Court,2024-06-01 12:33:08.755904,2024-06-02 08:15:00,2.0,False,2020-02-16
B-001981,R-0218,Squash Court,2024-06-01 14:04:29.629022,2024-06-01 19:00:00,1.0,False,2022-10-26
B-001982,R-0100,Gym,2024-06-01 16:34:50.493203,2024-06-02 10:00:00,5.0,True,2020-08-16
B-001983,R-0122,Badminton Court,2024-06-01 18:10:09.817407,2024-06-01 21:45:00,1.0,False,2022-11-04
B-001984,R-0186,Clubhouse,2024-06-01 18:45:26.217168,2024-06-23 11:00:00,2.0,False,2020-11-10
B-001985,R-0024,Swimming Pool,2024-06-01 22:50:22.130001,2024-06-02 06:00:00,1.0,False,2020-09-16
B-001986,R-0052,Badminton Court,2024-06-02 10:08:10.955544,2024-06-02 17:15:00,3.0,True,2022-09-27
B-001987,R-0226,Tennis Court,2024-06-02 10:33:15.227845,2024-06-02 19:15:00,3.0,False,2020-02-27
B-001988,R-0102,Tennis Court,2024-06-02 10:44:34.749604,2024-06-03 06:45:00,1.0,False,2022-05-02
B-001989,R-0151,Badminton Court,2024-06-02 11:55:53.129313,2024-06-03 17:45:00,4.0,True,2020-08-06
B-001990,R-0141,Swimming Pool,2024-06-02 12:32:10.969307,2024-06-03 07:45:00,1.0,False,2020-01-06
B-001991,R-0054,Badminton Court,2024-06-02 13:43:41.342373,2024-06-02 18:00:00,2.0,False,2022-02-13
B-001992,R-0074,Squash Court,2024-06-02 15:11:50.720017,2024-06-07 08:30:00,3.0,False,2020-01-21
B-001993,R-0099,Kids Play Area,2024-06-02 15:35:06.249898,2024-06-02 18:15:00,2.0,False,2022-07-13
B-001994,R-0035,Gym,2024-06-02 17:56:34.695080,2024-06-05 15:00:00,1.0,False,2023-05-21
B-001995,R-0241,Multipurpose Hall,2024-06-02 19:30:14.917545,2024-06-29 18:30:00,3.0,False,2022-05-23
B-001996,R-0278,Tennis Court,2024-06-02 21:46:07.552607,2024-06-03 07:00:00,4.0,False,2023-06-25
B-001997,R-0125,Badminton Court,2024-06-03 02:10:52.020247,2024-06-03 19:45:00,5.0,True,2020-12-19
B-001998,R-0129,Squash Court,2024-06-03 02:22:09.260231,2024-06-03 07:15:00,2.0,False,2022-06-19
B-001999,R-0240,Clubhouse,2024-06-03 03:49:54.433035,2024-07-09 17:45:00,4.0,True,2021-08-25
B-002000,R-0120,Swimming Pool,2024-06-03 05:25:46.591125,2024-06-03 18:45:00,2.0,True,2023-09-11
B-002001,R-0023,Tennis Court,2024-06-03 05:33:51.446779,2024-06-04 06:45:00,1.0,False,2022-12-13
B-002002,R-0293,Tennis Court,2024-06-03 06:02:42.146733,2024-06-04 07:45:00,3.0,True,2023-08-16
B-002003,R-0311,Kids Play Area,2024-06-03 06:27:12.511210,2024-06-03 17:00:00,5.0,False,2021-06-05
B-002004,R-0188,Badminton Court,2024-06-03 07:08:45.548573,2024-06-03 17:30:00,1.0,False,2023-02-11
B-002005,R-0176,Kids Play Area,2024-06-03 07:14:41.033852,2024-06-03 17:00:00,5.0,True,2022-03-04
B-002006,R-0286,Kids Play Area,2024-06-03 09:12:55.307589,2024-06-03 18:30:00,4.0,True,2020-11-25
B-002007,R-0232,Kids Play Area,2024-06-03 09:29:38.300765,2024-06-04 09:00:00,5.0,True,2022-05-16
B-002008,R-0157,Kids Play Area,2024-06-03 12:12:59.113904,2024-06-03 16:45:00,3.0,True,2020-05-01
B-002009,R-0240,Swimming Pool,2024-06-03 12:33:43.889191,2024-06-04 19:30:00,4.0,True,2021-08-25
B-002010,R-0013,Swimming Pool,2024-06-03 13:07:37.265843,2024-06-03 19:15:00,1.0,True,2023-10-18
B-002011,R-0062,Kids Play Area,2024-06-03 13:29:12.014367,2024-06-04 17:30:00,2.0,False,2020-06-01
B-002012,R-0146,Swimming Pool,2024-06-03 14:40:37.686638,2024-06-03 19:30:00,4.0,False,2020-03-14
B-002013,R-0312,Gym,2024-06-03 15:22:52.622019,2024-06-04 11:30:00,1.0,False,2022-09-04
B-002014,R-0070,Swimming Pool,2024-06-03 18:23:53.879306,2024-06-04 06:30:00,3.0,False,2020-04-24
B-002015,R-0110,Squash Court,2024-06-03 20:33:12.015851,2024-06-05 08:15:00,4.0,False,2022-06-09
B-002016,R-0004,Squash Court,2024-06-04 00:57:15.842052,2024-06-04 07:45:00,2.0,True,2023-10-13
B-002017,R-0134,Gym,2024-06-04 03:13:42.648184,2024-06-04 20:45:00,4.0,False,2020-03-31
B-002018,R-0224,Clubhouse,2024-06-04 04:34:30.538050,2024-06-08 17:30:00,1.0,False,2021-05-19
B-002019,R-0078,Squash Court,2024-06-04 06:18:11.117386,2024-06-04 18:00:00,3.0,False,2020-11-08
B-002020,R-0319,Kids Play Area,2024-06-04 07:17:02.245316,2024-06-04 10:45:00,1.0,False,2020-02-22
B-002021,R-0300,Badminton Court,2024-06-04 10:28:08.136592,2024-06-04 19:00:00,4.0,False,2023-10-05
B-002022,R-0124,Squash Court,2024-06-04 14:01:43.157080,2024-06-04 18:00:00,3.0,False,2022-08-31
B-002023,R-0036,Tennis Court,2024-06-04 14:23:36.883472,2024-06-05 07:15:00,3.0,True,2021-02-14
B-002024,R-0233,Badminton Court,2024-06-04 14:53:12.179387,2024-06-09 20:45:00,4.0,True,2021-11-14
B-002025,R-0228,Badminton Court,2024-06-04 16:26:42.426450,2024-06-05 19:45:00,4.0,False,2023-09-10
B-002026,R-0092,Swimming Pool,2024-06-05 00:29:06.593113,2024-06-05 18:15:00,3.0,False,2023-07-28
B-002027,R-0096,Gym,2024-06-05 00:32:27.306773,2024-06-05 11:45:00,1.0,False,2022-10-22
B-002028,R-0119,Kids Play Area,2024-06-05 02:48:27.238902,2024-06-05 09:00:00,5.0,False,2023-12-08
B-002029,R-0187,Squash Court,2024-06-05 03:00:32.200886,2024-06-05 20:00:00,4.0,False,2020-04-30
B-002030,R-0182,Gym,2024-06-05 03:18:07.535918,2024-06-05 08:30:00,2.0,True,2022-11-04
B-002031,R-0158,Swimming Pool,2024-06-05 04:38:57.007694,2024-06-05 16:00:00,1.0,True,2021-11-01
B-002032,R-0234,Squash Court,2024-06-05 07:38:06.413468,2024-06-05 19:00:00,4.0,False,2022-03-24
B-002033,R-0202,Multipurpose Hall,2024-06-05 07:55:34.334908,2024-07-24 18:15:00,3.0,True,2021-04-27
B-002034,R-0198,Gym,2024-06-05 08:27:30.159104,2024-06-08 18:30:00,5.0,False,2023-09-18
B-002035,R-0258,Badminton Court,2024-06-05 09:04:36.149763,2024-06-08 21:45:00,2.0,True,2023-04-04
B-002036,R-0292,Badminton Court,2024-06-05 09:06:54.384962,2024-06-08 18:00:00,3.0,False,2020-01-30
B-002037,R-0299,Kids Play Area,2024-06-05 09:59:47.835522,2024-06-05 10:30:00,5.0,False,2020-07-29
B-002038,R-0166,Squash Court,2024-06-05 10:22:19.146062,2024-06-06 07:15:00,4.0,False,2022-10-13
B-002039,R-0069,Kids Play Area,2024-06-05 13:02:27.227644,2024-06-05 17:15:00,1.0,False,2023-11-30
B-002040,R-0098,Clubhouse,2024-06-05 13:56:24.972784,2024-06-19 12:00:00,4.0,False,2022-10-31
B-002041,R-0311,Clubhouse,2024-06-05 15:31:08.501383,2024-08-07 11:30:00,5.0,False,2021-06-05
B-002042,R-0293,Multipurpose Hall,2024-06-05 15:32:44.671868,2024-06-18 10:45:00,3.0,True,2023-08-16
B-002043,R-0256,Kids Play Area,2024-06-05 16:01:22.852208,2024-06-05 16:45:00,3.0,True,2021-06-07
B-002044,R-0143,Kids Play Area,2024-06-05 16:47:05.161702,2024-06-05 18:00:00,5.0,True,2022-08-13
B-002045,R-0317,Gym,2024-06-05 18:10:06.956163,2024-06-06 10:45:00,1.0,False,2023-02-18
B-002046,R-0038,Multipurpose Hall,2024-06-05 21:46:24.564179,2024-06-12 19:45:00,5.0,False,2020-08-26
B-002047,R-0058,Multipurpose Hall,2024-06-05 23:57:11.274993,2024-06-10 10:00:00,3.0,False,2023-09-11
B-002048,R-0181,Tennis Court,2024-06-06 00:44:38.458784,2024-06-08 06:30:00,4.0,True,2022-08-08
B-002049,R-0100,Squash Court,2024-06-06 02:09:06.015024,2024-06-06 18:00:00,5.0,True,2020-08-16
B-002050,R-0245,Squash Court,2024-06-06 02:19:10.098123,2024-06-07 18:45:00,1.0,False,2022-02-09
B-002051,R-0276,Kids Play Area,2024-06-06 03:48:30.808029,2024-06-06 16:00:00,1.0,False,2021-12-03
B-002052,R-0247,Swimming Pool,2024-06-06 04:45:12.287567,2024-06-06 06:15:00,3.0,True,2021-09-01
B-002053,R-0225,Kids Play Area,2024-06-06 05:53:02.832596,2024-06-06 09:30:00,2.0,False,2021-03-31
B-002054,R-0145,Squash Court,2024-06-06 06:34:57.180538,2024-06-06 08:45:00,1.0,False,2021-10-20
B-002055,R-0032,Tennis Court,2024-06-06 06:38:33.568536,2024-06-07 06:45:00,4.0,False,2020-08-02
B-002056,R-0212,Tennis Court,2024-06-06 06:45:00.000000,2024-06-16 18:45:00,5.0,False,2023-06-20
B-002057,R-0184,Squash Court,2024-06-06 09:43:04.886657,2024-06-08 08:45:00,1.0,False,2022-11-30
B-002058,R-0174,Tennis Court,2024-06-06 11:25:35.849875,2024-06-07 07:30:00,3.0,False,2022-11-22
B-002059,R-0163,Kids Play Area,2024-06-06 12:19:28.130723,2024-06-06 18:30:00,3.0,True,2022-11-25
B-002060,R-0008,Badminton Court,2024-06-06 13:23:12.544321,2024-06-06 19:45:00,2.0,False,2022-06-01
B-002061,R-0164,Multipurpose Hall,2024-06-06 14:10:31.179937,2024-06-09 17:15:00,5.0,False,2021-03-15
B-002062,R-0290,Swimming Pool,2024-06-06 14:49:34.191902,2024-06-06 19:30:00,3.0,False,2021-02-25
B-002063,R-0097,Swimming Pool,2024-06-06 19:35:08.477022,2024-06-07 07:00:00,4.0,False,2021-12-03
B-002064,R-0257,Multipurpose Hall,2024-06-06 22:51:25.883908,2024-06-29 18:15:00,4.0,False,2020-12-06
B-002065,R-0010,Swimming Pool,2024-06-07 03:12:58.701243,2024-06-08 19:45:00,3.0,True,2020-10-23
B-002066,R-0128,Squash Court,2024-06-07 03:37:54.668287,2024-06-07 19:00:00,4.0,False,2021-12-26
B-002067,R-0220,Squash Court,2024-06-07 04:50:02.952255,2024-06-08 19:45:00,5.0,False,2021-05-12
B-002068,R-0317,Swimming Pool,2024-06-07 07:44:55.243954,2024-06-07 18:15:00,1.0,False,2023-02-18
B-002069,R-0148,Badminton Court,2024-06-07 08:15:14.186430,2024-06-07 20:00:00,3.0,False,2020-09-02
B-002070,R-0206,Kids Play Area,2024-06-07 08:51:22.796022,2024-06-07 10:30:00,3.0,False,2021-06-14
B-002071,R-0064,Multipurpose Hall,2024-06-07 08:56:52.231809,2024-06-09 17:00:00,2.0,False,2022-10-17
B-002072,R-0020,Clubhouse,2024-06-07 11:18:14.265634,2024-06-29 11:00:00,1.0,False,2021-04-01
B-002073,R-0172,Tennis Court,2024-06-07 11:28:49.728319,2024-06-07 19:15:00,2.0,False,2020-03-14
B-002074,R-0149,Kids Play Area,2024-06-07 11:45:33.179207,2024-06-07 18:45:00,2.0,False,2020-09-09
B-002075,R-0073,Squash Court,2024-06-07 12:22:19.370080,2024-06-07 19:00:00,1.0,True,2021-06-20
B-002076,R-0272,Tennis Court,2024-06-07 15:19:51.439991,2024-06-09 18:00:00,3.0,False,2021-11-30
B-002077,R-0030,Squash Court,2024-06-07 17:14:29.749881,2024-06-09 19:15:00,2.0,True,2023-02-05
B-002078,R-0190,Gym,2024-06-07 17:52:58.394755,2024-06-08 19:45:00,4.0,True,2022-05-02
B-002079,R-0084,Swimming Pool,2024-06-07 18:38:34.207041,2024-06-10 08:45:00,1.0,False,2021-03-07
B-002080,R-0126,Gym,2024-06-07 20:50:41.415927,2024-06-08 18:00:00,4.0,False,2020-12-04
B-002081,R-0229,Tennis Court,2024-06-08 02:05:52.556185,2024-06-14 07:15:00,2.0,False,2020-02-16
B-002082,R-0133,Swimming Pool,2024-06-08 03:19:15.881785,2024-06-08 17:45:00,4.0,False,2020-03-10
B-002083,R-0235,Squash Court,2024-06-08 06:09:22.663826,2024-06-08 18:00:00,2.0,False,2020-08-24
B-002084,R-0127,Kids Play Area,2024-06-08 08:04:14.303703,2024-06-08 09:00:00,3.0,False,2020-06-15
B-002085,R-0206,Multipurpose Hall,2024-06-08 10:13:34.253786,2024-06-20 11:45:00,3.0,False,2021-06-14
B-002086,R-0166,Squash Court,2024-06-08 10:15:47.673593,2024-06-09 07:30:00,4.0,False,2022-10-13
B-002087,R-0112,Tennis Court,2024-06-08 14:03:13.929099,2024-06-09 18:15:00,5.0,False,2020-06-02
B-002088,R-0086,Squash Court,2024-06-08 17:49:27.587711,2024-06-08 19:45:00,3.0,False,2023-06-29
B-002089,R-0269,Tennis Court,2024-06-08 20:32:07.945602,2024-06-09 17:00:00,5.0,False,2023-11-18
B-002090,R-0255,Gym,2024-06-09 00:00:00.000000,2024-06-13 12:00:00,4.0,False,2021-08-19
B-002091,R-0215,Gym,2024-06-09 05:51:11.897615,2024-06-10 15:45:00,2.0,True,2023-03-17
B-002092,R-0249,Swimming Pool,2024-06-09 06:06:47.968564,2024-06-11 16:00:00,4.0,True,2021-04-14
B-002093,R-0125,Gym,2024-06-09 08:13:22.054008,2024-06-11 07:45:00,5.0,True,2020-12-19
B-002094,R-0083,Kids Play Area,2024-06-09 10:59:44.000186,2024-06-09 18:00:00,1.0,True,2020-03-12
B-002095,R-0072,Clubhouse,2024-06-09 12:22:36.920132,2024-07-05 17:30:00,4.0,False,2022-05-01
B-002096,R-0112,Multipurpose Hall,2024-06-09 12:25:50.026479,2024-06-26 19:30:00,5.0,False,2020-06-02
B-002097,R-0279,Badminton Court,2024-06-09 12:39:28.778848,2024-06-11 21:30:00,1.0,False,2023-11-24
B-002098,R-0186,Kids Play Area,2024-06-09 12:45:06.643961,2024-06-09 16:45:00,2.0,False,2020-11-10
B-002099,R-0194,Tennis Court,2024-06-09 13:57:07.206709,2024-06-12 19:45:00,1.0,False,2023-01-19
B-002100,R-0221,Badminton Court,2024-06-09 15:46:27.022907,2024-06-14 17:15:00,1.0,True,2023-09-29
B-002101,R-0090,Badminton Court,2024-06-09 16:11:31.927424,2024-06-10 20:45:00,3.0,False,2020-03-27
B-002102,R-0137,Gym,2024-06-09 16:30:27.428265,2024-06-09 20:15:00,2.0,True,2020-08-26
B-002103,R-0130,Clubhouse,2024-06-09 19:06:24.348248,2024-06-11 12:30:00,3.0,False,2022-05-02
B-002104,R-0142,Tennis Court,2024-06-09 20:02:55.331465,2024-06-10 06:15:00,5.0,False,2020-05-05
B-002105,R-0114,Swimming Pool,2024-06-09 20:06:55.551443,2024-06-11 18:45:00,3.0,True,2021-10-04
B-002106,R-0284,Gym,2024-06-10 00:26:49.485403,2024-06-11 09:45:00,1.0,False,2023-06-19
B-002107,R-0181,Badminton Court,2024-06-10 01:49:03.308663,2024-06-15 19:30:00,4.0,True,2022-08-08
B-002108,R-0028,Kids Play Area,2024-06-10 02:49:09.616451,2024-06-10 10:30:00,4.0,False,2023-12-08
B-002109,R-0046,Clubhouse,2024-06-10 06:29:38.226506,2024-06-17 18:15:00,1.0,True,2021-11-08
B-002110,R-0315,Gym,2024-06-10 07:27:05.228401,2024-06-10 16:15:00,5.0,True,2022-01-23
B-002111,R-0266,Tennis Court,2024-06-10 08:27:10.472782,2024-06-10 17:15:00,4.0,True,2023-12-21
B-002112,R-0003,Tennis Court,2024-06-10 09:16:18.396920,2024-06-12 07:00:00,1.0,False,2020-06-06
B-002113,R-0111,Swimming Pool,2024-06-10 12:32:38.697533,2024-06-10 19:45:00,2.0,True,2022-01-10
B-002114,R-0108,Gym,2024-06-10 15:34:34.191153,2024-06-11 09:45:00,2.0,False,2020-05-18
B-002115,R-0020,Gym,2024-06-10 16:02:26.100605,2024-06-12 09:45:00,1.0,False,2021-04-01
B-002116,R-0316,Badminton Court,2024-06-10 17:06:58.753461,2024-06-10 18:30:00,5.0,False,2021-06-15
B-002117,R-0141,Swimming Pool,2024-06-10 21:24:31.677728,2024-06-11 07:15:00,1.0,False,2020-01-06
B-002118,R-0056,Swimming Pool,2024-06-10 23:25:38.289592,2024-06-13 08:30:00,2.0,True,2020-07-16
B-002119,R-0234,Squash Court,2024-06-10 23:50:00.815507,2024-06-11 19:00:00,4.0,False,2022-03-24
B-002120,R-0177,Gym,2024-06-11 04:28:14.897490,2024-06-11 10:00:00,1.0,False,2021-12-08
B-002121,R-0167,Gym,2024-06-11 05:44:25.666799,2024-06-11 10:45:00,2.0,False,2020-02-05
B-002122,R-0237,Gym,2024-06-11 05:49:48.170803,2024-06-11 11:30:00,2.0,False,2020-12-11
B-002123,R-0023,Kids Play Area,2024-06-11 06:15:01.156140,2024-06-11 10:45:00,1.0,False,2022-12-13
B-002124,R-0247,Swimming Pool,2024-06-11 07:40:37.046697,2024-06-11 16:45:00,3.0,True,2021-09-01
B-002125,R-0016,Kids Play Area,2024-06-11 08:34:27.326531,2024-06-11 16:00:00,1.0,True,2020-04-13
B-002126,R-0109,Multipurpose Hall,2024-06-11 13:08:05.198802,2024-06-20 19:15:00,3.0,False,2022-10-11
B-002127,R-0094,Clubhouse,2024-06-11 13:28:45.294550,2024-06-13 17:15:00,5.0,False,2020-03-17
B-002128,R-0180,Kids Play Area,2024-06-11 14:37:02.967631,2024-06-11 16:15:00,2.0,False,2020-05-11
B-002129,R-0160,Kids Play Area,2024-06-11 15:30:15.007381,2024-06-11 17:15:00,1.0,True,2020-08-11
B-002130,R-0040,Swimming Pool,2024-06-11 20:21:51.614789,2024-06-13 08:30:00,2.0,True,2023-09-02
B-002131,R-0068,Swimming Pool,2024-06-12 01:17:32.887948,2024-06-12 19:45:00,3.0,False,2022-08-28
B-002132,R-0052,Squash Court,2024-06-12 03:44:18.796831,2024-06-12 07:45:00,3.0,True,2022-09-27
B-002133,R-0026,Squash Court,2024-06-12 06:15:13.434004,2024-06-12 19:30:00,2.0,False,2022-01-18
B-002134,R-0307,Kids Play Area,2024-06-12 08:02:45.482169,2024-06-12 10:00:00,2.0,True,2022-03-13
B-002135,R-0011,Swimming Pool,2024-06-12 10:10:07.824166,2024-06-15 16:15:00,4.0,False,2022-01-15
B-002136,R-0032,Kids Play Area,2024-06-12 10:22:35.972623,2024-06-12 17:45:00,4.0,False,2020-08-02
B-002137,R-0304,Swimming Pool,2024-06-12 12:53:14.607715,2024-06-12 17:15:00,1.0,False,2022-12-16
B-002138,R-0098,Kids Play Area,2024-06-12 13:16:19.098440,2024-06-13 10:45:00,4.0,False,2022-10-31
B-002139,R-0259,Kids Play Area,2024-06-12 15:16:12.830738,2024-06-12 18:30:00,3.0,False,2023-12-21
B-002140,R-0005,Badminton Court,2024-06-12 16:23:58.859021,2024-06-14 17:15:00,3.0,True,2021-05-16
B-002141,R-0276,Tennis Court,2024-06-12 17:07:28.308156,2024-06-15 17:30:00,1.0,False,2021-12-03
B-002142,R-0302,Clubhouse,2024-06-12 21:07:16.010085,2024-06-16 19:30:00,2.0,True,2023-05-11
B-002143,R-0215,Gym,2024-06-12 21:09:08.610514,2024-06-13 10:30:00,2.0,True,2023-03-17
B-002144,R-0210,Squash Court,2024-06-12 23:04:14.525409,2024-06-13 07:00:00,1.0,False,2022-05-08
B-002145,R-0036,Swimming Pool,2024-06-13 01:10:28.867191,2024-06-13 06:45:00,3.0,True,2021-02-14
B-002146,R-0240,Kids Play Area,2024-06-13 07:32:16.234698,2024-06-13 17:15:00,4.0,True,2021-08-25
B-002147,R-0144,Badminton Court,2024-06-13 07:53:57.967704,2024-06-13 17:00:00,3.0,False,2022-07-09
B-002148,R-0313,Badminton Court,2024-06-13 08:07:38.671324,2024-06-13 19:15:00,2.0,False,2022-01-03
B-002149,R-0117,Squash Court,2024-06-13 08:53:53.184527,2024-06-15 08:30:00,4.0,False,2020-10-16
B-002150,R-0115,Swimming Pool,2024-06-13 13:22:26.118918,2024-06-13 17:45:00,2.0,False,2021-08-17
B-002151,R-0052,Swimming Pool,2024-06-13 14:24:16.442175,2024-06-13 17:15:00,3.0,True,2022-09-27
B-002152,R-0066,Clubhouse,2024-06-13 17:17:35.734621,2024-07-13 18:15:00,2.0,False,2021-02-13
B-002153,R-0211,Swimming Pool,2024-06-13 22:29:56.596497,2024-06-16 08:30:00,5.0,True,2021-11-19
B-002154,R-0268,Squash Court,2024-06-14 03:00:08.005947,2024-06-15 07:15:00,5.0,False,2022-10-01
B-002155,R-0099,Badminton Court,2024-06-14 04:13:32.762511,2024-06-14 18:15:00,2.0,False,2022-07-13
B-002156,R-0035,Gym,2024-06-14 04:52:17.694780,2024-06-16 15:00:00,1.0,False,2023-05-21
B-002157,R-0234,Squash Court,2024-06-14 06:58:37.094634,2024-06-15 19:15:00,4.0,False,2022-03-24
B-002158,R-0189,Swimming Pool,2024-06-14 07:43:07.774497,2024-06-14 19:45:00,1.0,False,2022-07-11
B-002159,R-0139,Tennis Court,2024-06-14 10:28:43.841287,2024-06-19 19:00:00,4.0,True,2022-06-23
B-002160,R-0090,Badminton Court,2024-06-14 12:35:14.683066,2024-06-17 20:45:00,3.0,False,2020-03-27
B-002161,R-0129,Gym,2024-06-14 14:37:53.426949,2024-06-15 09:00:00,2.0,False,2022-06-19
B-002162,R-0069,Squash Court,2024-06-14 19:18:53.770594,2024-06-15 20:15:00,1.0,False,2023-11-30
B-002163,R-0273,Multipurpose Hall,2024-06-14 21:40:39.047830,2024-07-13 10:45:00,5.0,False,2020-10-30
B-002164,R-0279,Clubhouse,2024-06-14 23:35:23.782525,2024-06-20 17:15:00,1.0,False,2023-11-24
B-002165,R-0031,Gym,2024-06-15 02:41:52.931437,2024-06-15 16:30:00,1.0,False,2020-10-02
B-002166,R-0067,Tennis Court,2024-06-15 02:51:05.260088,2024-06-15 07:15:00,3.0,False,2020-11-02
B-002167,R-0305,Gym,2024-06-15 03:24:28.395967,2024-06-15 09:00:00,5.0,False,2023-08-05
B-002168,R-0057,Gym,2024-06-15 03:28:41.710812,2024-06-15 08:00:00,2.0,False,2022-06-23
B-002169,R-0122,Gym,2024-06-15 03:52:13.434131,2024-06-15 15:45:00,1.0,False,2022-11-04
B-002170,R-0082,Gym,2024-06-15 04:27:22.016814,2024-06-15 19:30:00,4.0,False,2020-08-31
B-002171,R-0167,Gym,2024-06-15 04:42:10.024485,2024-06-15 10:15:00,2.0,False,2020-02-05
B-002172,R-0296,Gym,2024-06-15 05:56:37.681173,2024-06-17 09:30:00,5.0,False,2021-02-23
B-002173,R-0012,Gym,2024-06-15 09:06:18.443782,2024-06-16 17:45:00,4.0,True,2020-11-21
B-002174,R-0259,Clubhouse,2024-06-15 09:40:06.745158,2024-06-28 18:00:00,3.0,False,2023-12-21
B-002175,R-0155,Swimming Pool,2024-06-15 11:45:19.855134,2024-06-15 19:45:00,5.0,True,2021-02-12
B-002176,R-0146,Swimming Pool,2024-06-15 12:48:44.741917,2024-06-15 19:00:00,4.0,False,2020-03-14
B-002177,R-0282,Kids Play Area,2024-06-15 13:33:56.314758,2024-06-15 16:15:00,2.0,False,2020-02-04
B-002178,R-0047,Swimming Pool,2024-06-15 15:55:15.385760,2024-06-15 19:45:00,2.0,False,2021-10-19
B-002179,R-0199,Badminton Court,2024-06-15 22:14:42.646492,2024-06-16 18:00:00,1.0,False,2023-07-24
B-002180,R-0141,Swimming Pool,2024-06-16 01:16:58.146476,2024-06-17 19:00:00,1.0,False,2020-01-06
B-002181,R-0130,Swimming Pool,2024-06-16 02:08:51.160667,2024-06-16 06:15:00,3.0,False,2022-05-02
B-002182,R-0124,Swimming Pool,2024-06-16 02:23:36.426974,2024-06-16 17:30:00,3.0,False,2022-08-31
B-002183,R-0221,Gym,2024-06-16 04:00:00.000000,2024-06-20 16:00:00,1.0,True,2023-09-29
B-002184,R-0142,Swimming Pool,2024-06-16 05:00:25.609609,2024-06-16 07:45:00,5.0,False,2020-05-05
B-002185,R-0033,Tennis Court,2024-06-16 05:52:48.911545,2024-06-16 17:00:00,1.0,False,2022-09-12
B-002186,R-0275,Multipurpose Hall,2024-06-16 07:58:35.889436,2024-06-28 19:45:00,4.0,True,2020-05-07
B-002187,R-0303,Gym,2024-06-16 08:54:53.880255,2024-06-16 11:45:00,2.0,False,2020-02-09
B-002188,R-0166,Gym,2024-06-16 09:12:22.808406,2024-06-16 11:45:00,4.0,False,2022-10-13
B-002189,R-0161,Tennis Court,2024-06-16 10:42:04.277178,2024-06-18 07:30:00,4.0,True,2022-05-10
B-002190,R-0139,Tennis Court,2024-06-16 12:23:29.715932,2024-06-20 18:30:00,4.0,True,2022-06-23
B-002191,R-0045,Swimming Pool,2024-06-16 12:34:17.540427,2024-06-16 16:00:00,4.0,False,2020-05-15
B-002192,R-0233,Kids Play Area,2024-06-16 13:49:37.419292,2024-06-16 18:45:00,4.0,True,2021-11-14
B-002193,R-0294,Swimming Pool,2024-06-16 15:02:50.252694,2024-06-16 18:30:00,4.0,False,2021-02-22
B-002194,R-0230,Clubhouse,2024-06-16 15:06:13.803056,2024-08-30 20:00:00,5.0,False,2021-08-29
B-002195,R-0044,Squash Court,2024-06-16 15:49:59.148404,2024-06-16 18:15:00,1.0,False,2021-10-23
B-002196,R-0021,Tennis Court,2024-06-16 20:01:40.961801,2024-06-23 07:15:00,5.0,False,2021-06-16
B-002197,R-0132,Tennis Court,2024-06-17 02:26:50.223932,2024-06-19 18:45:00,3.0,True,2020-10-06
B-002198,R-0194,Swimming Pool,2024-06-17 03:39:49.124325,2024-06-18 08:00:00,1.0,False,2023-01-19
B-002199,R-0311,Multipurpose Hall,2024-06-17 06:03:31.979561,2024-07-01 18:00:00,5.0,False,2021-06-05
B-002200,R-0267,Kids Play Area,2024-06-17 06:16:52.299541,2024-06-17 16:00:00,3.0,False,2021-09-07
B-002201,R-0165,Swimming Pool,2024-06-17 09:17:35.244644,2024-06-17 17:00:00,2.0,False,2021-12-19
B-002202,R-0070,Swimming Pool,2024-06-17 09:28:09.886257,2024-06-19 16:30:00,3.0,False,2020-04-24
B-002203,R-0135,Kids Play Area,2024-06-17 10:10:11.355109,2024-06-17 18:00:00,2.0,True,2021-05-18
B-002204,R-0187,Kids Play Area,2024-06-17 12:56:21.884688,2024-06-17 16:30:00,4.0,False,2020-04-30
B-002205,R-0259,Clubhouse,2024-06-17 12:57:31.905817,2024-06-21 19:00:00,3.0,False,2023-12-21
B-002206,R-0258,Squash Court,2024-06-17 13:50:43.977188,2024-06-18 19:00:00,2.0,True,2023-04-04
B-002207,R-0163,Kids Play Area,2024-06-17 15:14:52.178537,2024-06-17 18:00:00,3.0,True,2022-11-25
B-002208,R-0260,Swimming Pool,2024-06-17 16:26:59.906870,2024-06-17 17:00:00,5.0,False,2020-02-11
B-002209,R-0299,Tennis Court,2024-06-17 17:00:00.000000,2024-06-17 19:00:00,5.0,False,2020-07-29
B-002210,R-0311,Kids Play Area,2024-06-17 18:34:54.648952,2024-06-18 16:30:00,5.0,False,2021-06-05
B-002211,R-0254,Gym,2024-06-17 19:05:40.713801,2024-06-18 17:00:00,2.0,False,2020-09-25
B-002212,R-0077,Multipurpose Hall,2024-06-17 21:07:29.158798,2024-06-22 17:45:00,5.0,False,2020-09-28
B-002213,R-0029,Kids Play Area,2024-06-17 21:52:26.509004,2024-06-18 16:45:00,1.0,False,2020-03-01
B-002214,R-0295,Squash Court,2024-06-17 22:29:45.617284,2024-06-18 08:00:00,3.0,False,2023-02-14
B-002215,R-0152,Badminton Court,2024-06-17 23:38:37.127816,2024-06-18 19:15:00,1.0,True,2020-03-08
B-002216,R-0231,Squash Court,2024-06-18 06:03:41.182129,2024-06-19 20:45:00,1.0,False,2021-10-30
B-002217,R-0296,Squash Court,2024-06-18 06:53:51.558977,2024-06-20 18:15:00,5.0,False,2021-02-23
B-002218,R-0232,Kids Play Area,2024-06-18 07:38:51.116844,2024-06-18 10:00:00,5.0,True,2022-05-16
B-002219,R-0066,Squash Court,2024-06-18 07:42:50.837287,2024-06-18 18:15:00,2.0,False,2021-02-13
B-002220,R-0158,Swimming Pool,2024-06-18 12:20:38.824722,2024-06-18 16:30:00,1.0,True,2021-11-01
B-002221,R-0239,Kids Play Area,2024-06-18 12:38:25.215927,2024-06-18 17:15:00,5.0,True,2023-01-01
B-002222,R-0093,Clubhouse,2024-06-18 13:55:55.264315,2024-06-30 20:30:00,5.0,False,2020-04-20
B-002223,R-0139,Tennis Court,2024-06-18 14:26:33.463555,2024-06-24 17:00:00,4.0,True,2022-06-23
B-002224,R-0245,Squash Court,2024-06-18 15:30:21.716282,2024-06-20 18:45:00,1.0,False,2022-02-09
B-002225,R-0227,Kids Play Area,2024-06-18 16:46:39.963308,2024-06-18 17:30:00,4.0,True,2021-10-13
B-002226,R-0013,Swimming Pool,2024-06-18 17:40:56.629538,2024-06-19 19:00:00,1.0,True,2023-10-18
B-002227,R-0288,Gym,2024-06-18 18:23:04.937467,2024-06-19 07:30:00,4.0,False,2023-09-08
B-002228,R-0293,Multipurpose Hall,2024-06-18 18:39:52.483725,2024-06-24 17:00:00,3.0,True,2023-08-16
B-002229,R-0263,Kids Play Area,2024-06-18 20:15:59.267063,2024-06-19 10:45:00,3.0,True,2022-08-11
B-002230,R-0190,Kids Play Area,2024-06-18 20:26:10.073790,2024-06-19 09:45:00,4.0,True,2022-05-02
B-002231,R-0203,Tennis Court,2024-06-19 00:07:36.166022,2024-06-20 07:30:00,4.0,False,2023-10-19
B-002232,R-0033,Squash Court,2024-06-19 04:35:40.893338,2024-06-19 20:45:00,1.0,False,2022-09-12
B-002233,R-0224,Clubhouse,2024-06-19 04:48:16.062074,2024-06-25 17:30:00,1.0,False,2021-05-19
B-002234,R-0210,Squash Court,2024-06-19 05:22:57.857937,2024-06-19 07:00:00,1.0,False,2022-05-08
B-002235,R-0080,Gym,2024-06-19 08:23:06.604824,2024-06-19 17:15:00,4.0,True,2021-01-23
B-002236,R-0290,Gym,2024-06-19 12:15:16.578228,2024-06-19 16:15:00,3.0,False,2021-02-25
B-002237,R-0211,Multipurpose Hall,2024-06-19 13:00:48.327380,2024-07-02 19:15:00,5.0,True,2021-11-19
B-002238,R-0193,Swimming Pool,2024-06-19 16:48:30.780999,2024-06-19 18:30:00,2.0,True,2021-06-16
B-002239,R-0300,Badminton Court,2024-06-19 18:26:52.703977,2024-06-20 19:30:00,4.0,False,2023-10-05
B-002240,R-0032,Kids Play Area,2024-06-19 20:59:15.757560,2024-06-20 18:15:00,,False,2020-08-02
B-002241,R-0194,Kids Play Area,2024-06-19 21:33:04.205885,2024-06-21 09:45:00,1.0,False,2023-01-19
B-002242,R-0181,Clubhouse,2024-06-20 02:01:42.121233,2024-07-13 11:30:00,4.0,True,2022-08-08
B-002243,R-0100,Tennis Court,2024-06-20 02:40:21.497779,2024-06-20 17:00:00,5.0,True,2020-08-16
B-002244,R-0120,Kids Play Area,2024-06-20 02:50:48.205999,2024-06-20 10:45:00,2.0,True,2023-09-11
B-002245,R-0253,Kids Play Area,2024-06-20 05:38:17.750164,2024-06-20 10:15:00,4.0,True,2023-11-16
B-002246,R-0174,Gym,2024-06-20 06:07:09.343771,2024-06-21 11:15:00,3.0,False,2022-11-22
B-002247,R-0280,Tennis Court,2024-06-20 06:19:44.337894,2024-06-21 17:15:00,3.0,False,2020-03-31
B-002248,R-0046,Kids Play Area,2024-06-20 06:36:58.688508,2024-06-20 09:15:00,1.0,True,2021-11-08
B-002249,R-0158,Swimming Pool,2024-06-20 06:52:26.541868,2024-06-20 16:45:00,1.0,True,2021-11-01
B-002250,R-0274,Gym,2024-06-20 07:20:11.466130,2024-06-20 10:15:00,1.0,False,2021-08-07
B-002251,R-0176,Swimming Pool,2024-06-20 09:43:29.322289,2024-06-21 06:00:00,5.0,True,2022-03-04
B-002252,R-0036,Multipurpose Hall,2024-06-20 10:17:53.521942,2024-06-25 10:30:00,3.0,True,2021-02-14
B-002253,R-0042,Badminton Court,2024-06-20 11:04:40.940131,2024-06-20 17:45:00,3.0,False,2022-11-14
B-002254,R-0096,Badminton Court,2024-06-20 13:09:24.178062,2024-06-20 20:15:00,1.0,False,2022-10-22
B-002255,R-0028,Tennis Court,2024-06-20 14:04:29.114019,2024-06-21 17:15:00,4.0,False,2023-12-08
B-002256,R-0315,Tennis Court,2024-06-20 16:40:16.297381,2024-06-21 18:30:00,5.0,True,2022-01-23
B-002257,R-0035,Swimming Pool,2024-06-20 19:46:50.935998,2024-06-22 18:45:00,1.0,False,2023-05-21
B-002258,R-0144,Swimming Pool,2024-06-20 20:12:13.448061,2024-06-21 06:15:00,3.0,False,2022-07-09
B-002259,R-0192,Tennis Court,2024-06-20 20:28:41.988046,2024-06-21 07:30:00,4.0,True,2023-07-01
B-002260,R-0159,Kids Play Area,2024-06-21 06:06:41.171256,2024-06-21 10:00:00,3.0,True,2022-11-14
B-002261,R-0075,Tennis Court,2024-06-21 07:00:34.710429,2024-06-22 18:30:00,2.0,False,2023-01-11
B-002262,R-0278,Multipurpose Hall,2024-06-21 11:45:00.000000,2024-06-22 11:45:00,4.0,False,2023-06-25
B-002263,R-0268,Badminton Court,2024-06-21 12:46:39.558519,2024-06-23 17:00:00,5.0,False,2022-10-01
B-002264,R-0055,Swimming Pool,2024-06-21 13:03:48.953246,2024-06-21 18:30:00,3.0,False,2020-04-03
B-002265,R-0223,Swimming Pool,2024-06-21 20:30:31.926691,2024-06-22 18:30:00,1.0,False,2021-12-28
B-002266,R-0182,Gym,2024-06-21 21:06:43.103136,2024-06-22 08:00:00,2.0,True,2022-11-04
B-002267,R-0091,Badminton Court,2024-06-21 21:33:28.623360,2024-06-22 18:45:00,2.0,True,2023-12-22
B-002268,R-0265,Clubhouse,2024-06-21 22:00:48.704171,2024-07-26 20:45:00,3.0,False,2023-04-02
B-002269,R-0064,Swimming Pool,2024-06-22 00:37:53.082091,2024-06-22 17:15:00,2.0,False,2022-10-17
B-002270,R-0167,Gym,2024-06-22 01:31:52.828840,2024-06-22 10:00:00,2.0,False,2020-02-05
B-002271,R-0255,Swimming Pool,2024-06-22 04:47:26.356759,2024-06-23 18:00:00,4.0,False,2021-08-19
B-002272,R-0115,Swimming Pool,2024-06-22 06:54:12.910399,2024-06-23 17:45:00,2.0,False,2021-08-17
B-002273,R-0084,Swimming Pool,2024-06-22 07:47:53.990302,2024-06-28 07:45:00,1.0,False,2021-03-07
B-002274,R-0269,Badminton Court,2024-06-22 09:13:50.223148,2024-06-22 19:00:00,5.0,False,2023-11-18
B-002275,R-0145,Multipurpose Hall,2024-06-22 09:42:34.085337,2024-07-03 10:45:00,1.0,False,2021-10-20
B-002276,R-0122,Gym,2024-06-22 10:21:38.496772,2024-06-22 20:00:00,1.0,False,2022-11-04
B-002277,R-0076,Badminton Court,2024-06-22 10:52:16.468826,2024-06-25 17:30:00,2.0,False,2020-08-07
B-002278,R-0198,Gym,2024-06-22 11:05:04.604405,2024-06-22 18:15:00,5.0,False,2023-09-18
B-002279,R-0157,Kids Play Area,2024-06-22 12:41:05.028091,2024-06-22 16:30:00,3.0,True,2020-05-01
B-002280,R-0292,Swimming Pool,2024-06-22 14:21:10.475812,2024-06-23 07:15:00,3.0,False,2020-01-30
B-002281,R-0146,Badminton Court,2024-06-22 15:17:24.642227,2024-06-22 18:30:00,4.0,False,2020-03-14
B-002282,R-0211,Badminton Court,2024-06-22 22:20:56.782358,2024-06-23 20:30:00,5.0,True,2021-11-19
B-002283,R-0126,Squash Court,2024-06-22 23:48:34.916198,2024-06-23 07:15:00,4.0,False,2020-12-04
B-002284,R-0297,Tennis Court,2024-06-23 00:44:55.284589,2024-06-25 19:15:00,1.0,False,2021-05-14
B-002285,R-0228,Gym,2024-06-23 01:34:33.142790,2024-06-24 15:45:00,4.0,False,2023-09-10
B-002286,R-0267,Gym,2024-06-23 03:19:56.963677,2024-06-23 14:00:00,3.0,False,2021-09-07
B-002287,R-0102,Tennis Court,2024-06-23 03:52:55.899749,2024-06-24 06:45:00,1.0,False,2022-05-02
B-002288,R-0258,Badminton Court,2024-06-23 04:03:45.787405,2024-06-23 21:15:00,2.0,True,2023-04-04
B-002289,R-0196,Kids Play Area,2024-06-23 07:44:08.985292,2024-06-23 17:30:00,2.0,True,2022-01-24
B-002290,R-0232,Kids Play Area,2024-06-23 07:52:49.884387,2024-06-23 10:00:00,5.0,True,2022-05-16
B-002291,R-0164,Multipurpose Hall,2024-06-23 09:51:36.145232,2024-06-29 17:30:00,5.0,False,2021-03-15
B-002292,R-0168,Kids Play Area,2024-06-23 11:04:00.228339,2024-06-23 18:00:00,3.0,True,2022-09-23
B-002293,R-0063,Multipurpose Hall,2024-06-23 11:09:22.777015,2024-07-08 10:00:00,2.0,False,2020-11-01
B-002294,R-0137,Kids Play Area,2024-06-23 15:38:51.134357,2024-06-23 17:00:00,2.0,True,2020-08-26
B-002295,R-0105,Clubhouse,2024-06-23 16:11:59.042241,2024-08-01 11:45:00,1.0,False,2021-09-14
B-002296,R-0076,Multipurpose Hall,2024-06-23 17:26:23.941270,2024-07-14 10:30:00,2.0,False,2020-08-07
B-002297,R-0111,Gym,2024-06-23 17:50:59.548001,2024-06-24 17:00:00,2.0,True,2022-01-10
B-002298,R-0039,Kids Play Area,2024-06-23 19:57:17.225793,2024-06-24 16:30:00,5.0,False,2020-08-27
B-002299,R-0291,Badminton Court,2024-06-23 20:04:40.422499,2024-06-24 21:15:00,5.0,False,2020-11-14
B-002300,R-0134,Tennis Court,2024-06-23 20:05:31.164245,2024-06-26 19:00:00,4.0,False,2020-03-31
B-002301,R-0169,Gym,2024-06-23 22:52:52.011965,2024-06-24 07:45:00,2.0,True,2020-03-26
B-002302,R-0106,Swimming Pool,2024-06-24 04:36:20.981231,2024-06-24 08:30:00,,True,2020-01-23
B-002303,R-0220,Swimming Pool,2024-06-24 06:07:29.180544,2024-06-24 19:00:00,5.0,False,2021-05-12
B-002304,R-0129,Tennis Court,2024-06-24 06:09:23.587540,2024-06-28 06:45:00,2.0,False,2022-06-19
B-002305,R-0083,Gym,2024-06-24 10:20:44.914575,2024-06-25 09:00:00,1.0,True,2020-03-12
B-002306,R-0190,Multipurpose Hall,2024-06-24 11:12:27.615896,2024-07-02 11:45:00,4.0,True,2022-05-02
B-002307,R-0240,Gym,2024-06-24 12:22:14.836576,2024-06-26 14:45:00,4.0,True,2021-08-25
B-002308,R-0248,Clubhouse,2024-06-24 12:29:17.130109,2024-06-28 11:45:00,2.0,True,2022-12-30
B-002309,R-0244,Badminton Court,2024-06-24 13:53:06.719954,2024-06-24 20:45:00,2.0,True,2022-07-27
B-002310,R-0320,Kids Play Area,2024-06-24 14:46:33.811756,2024-06-24 17:30:00,2.0,True,2022-10-14
B-002311,R-0086,Squash Court,2024-06-24 16:00:33.762873,2024-06-24 19:30:00,3.0,False,2023-06-29
B-002312,R-0242,Multipurpose Hall,2024-06-24 17:06:40.002031,2024-07-07 18:45:00,3.0,True,2020-12-31
B-002313,R-0301,Squash Court,2024-06-24 20:54:35.456227,2024-06-25 08:15:00,3.0,False,2023-12-19
B-002314,R-0189,Swimming Pool,2024-06-24 22:17:13.471510,2024-06-25 16:00:00,1.0,False,2022-07-11
B-002315,R-0225,Clubhouse,2024-06-24 22:19:35.897705,2024-07-22 11:30:00,2.0,False,2021-03-31
B-002316,R-0229,Squash Court,2024-06-25 07:21:51.470090,2024-06-26 07:45:00,2.0,False,2020-02-16
B-002317,R-0138,Swimming Pool,2024-06-25 07:32:00.245290,2024-06-26 16:00:00,3.0,False,2021-08-01
B-002318,R-0052,Badminton Court,2024-06-25 07:46:46.147516,2024-06-25 17:15:00,3.0,True,2022-09-27
B-002319,R-0272,Multipurpose Hall,2024-06-25 11:44:12.421812,2024-07-06 10:45:00,3.0,False,2021-11-30
B-002320,R-0188,Swimming Pool,2024-06-25 11:44:19.282522,2024-06-26 16:45:00,1.0,False,2023-02-11
B-002321,R-0043,Gym,2024-06-25 14:15:41.213003,2024-06-26 11:45:00,5.0,False,2023-06-13
B-002322,R-0273,Badminton Court,2024-06-25 14:41:36.163019,2024-06-29 21:15:00,5.0,False,2020-10-30
B-002323,R-0087,Clubhouse,2024-06-26 01:18:55.817922,2024-06-30 19:45:00,1.0,False,2023-02-22
B-002324,R-0049,Swimming Pool,2024-06-26 01:57:24.754467,2024-06-27 08:00:00,3.0,True,2020-11-28
B-002325,R-0056,Swimming Pool,2024-06-26 03:58:15.190765,2024-06-27 08:00:00,2.0,True,2020-07-16
B-002326,R-0209,Gym,2024-06-26 04:00:04.403083,2024-06-26 11:45:00,3.0,False,2023-07-20
B-002327,R-0235,Swimming Pool,2024-06-26 05:34:01.496862,2024-06-26 19:30:00,2.0,False,2020-08-24
B-002328,R-0018,Tennis Court,2024-06-26 05:34:04.447994,2024-06-26 19:30:00,3.0,False,2020-12-01
B-002329,R-0255,Gym,2024-06-26 07:31:55.790699,2024-06-29 12:00:00,4.0,False,2021-08-19
B-002330,R-0238,Tennis Court,2024-06-26 07:46:56.837407,2024-06-26 19:30:00,3.0,True,2023-07-13
B-002331,R-0291,Clubhouse,2024-06-26 07:54:49.824504,2024-07-29 18:30:00,5.0,False,2020-11-14
B-002332,R-0251,Tennis Court,2024-06-26 08:04:32.282830,2024-06-28 18:00:00,4.0,True,2023-12-13
B-002333,R-0305,Clubhouse,2024-06-26 09:19:50.376682,2024-06-28 11:30:00,5.0,False,2023-08-05
B-002334,R-0148,Kids Play Area,2024-06-26 12:31:21.405079,2024-06-26 17:30:00,3.0,False,2020-09-02
B-002335,R-0211,Multipurpose Hall,2024-06-26 13:44:45.705892,2024-07-03 19:15:00,5.0,True,2021-11-19
B-002336,R-0278,Tennis Court,2024-06-26 14:05:27.193930,2024-06-27 07:30:00,4.0,False,2023-06-25
B-002337,R-0060,Badminton Court,2024-06-26 15:16:22.580168,2024-06-27 19:15:00,4.0,False,2021-10-21
B-002338,R-0165,Swimming Pool,2024-06-26 16:06:34.589123,2024-06-26 17:30:00,2.0,False,2021-12-19
B-002339,R-0040,Badminton Court,2024-06-26 16:29:33.585792,2024-06-30 20:15:00,2.0,True,2023-09-02
B-002340,R-0212,Gym,2024-06-26 21:29:48.128673,2024-06-28 08:15:00,5.0,False,2023-06-20
B-002341,R-0203,Swimming Pool,2024-06-26 21:44:38.596075,2024-06-27 17:00:00,4.0,False,2023-10-19
B-002342,R-0186,Clubhouse,2024-06-27 02:36:50.793910,2024-07-10 11:30:00,2.0,False,2020-11-10
B-002343,R-0058,Kids Play Area,2024-06-27 08:31:06.621082,2024-06-27 16:15:00,3.0,False,2023-09-11
B-002344,R-0178,Kids Play Area,2024-06-27 09:33:05.897906,2024-06-27 10:15:00,2.0,True,2023-06-30
B-002345,R-0303,Squash Court,2024-06-27 10:32:10.185060,2024-06-27 19:45:00,2.0,False,2020-02-09
B-002346,R-0090,Squash Court,2024-06-27 16:25:18.646671,2024-06-29 08:15:00,3.0,False,2020-03-27
B-002347,R-0024,Swimming Pool,2024-06-27 20:27:25.621996,2024-06-28 06:00:00,1.0,False,2020-09-16
B-002348,R-0013,Swimming Pool,2024-06-27 20:50:01.419665,2024-06-28 16:45:00,1.0,True,2023-10-18
B-002349,R-0023,Tennis Court,2024-06-28 01:59:29.930164,2024-06-28 06:00:00,1.0,False,2022-12-13
B-002350,R-0098,Kids Play Area,2024-06-28 02:45:32.770160,2024-06-28 10:30:00,4.0,False,2022-10-31
B-002351,R-0026,Squash Court,2024-06-28 04:42:40.873394,2024-06-28 18:45:00,2.0,False,2022-01-18
B-002352,R-0205,Gym,2024-06-28 05:28:35.017112,2024-06-29 06:15:00,3.0,False,2023-01-19
B-002353,R-0158,Swimming Pool,2024-06-28 06:15:53.180746,2024-06-28 16:00:00,1.0,True,2021-11-01
B-002354,R-0170,Swimming Pool,2024-06-28 06:18:03.030372,2024-06-28 17:15:00,4.0,False,2023-02-04
B-002355,R-0032,Tennis Court,2024-06-28 06:19:16.616902,2024-06-30 06:00:00,4.0,False,2020-08-02
B-002356,R-0240,Kids Play Area,2024-06-28 06:47:07.016860,2024-06-28 16:45:00,4.0,True,2021-08-25
B-002357,R-0155,Swimming Pool,2024-06-28 08:55:39.099405,2024-06-28 16:15:00,5.0,True,2021-02-12
B-002358,R-0264,Tennis Court,2024-06-28 11:34:00.632628,2024-06-29 06:30:00,2.0,False,2020-01-20
B-002359,R-0110,Squash Court,2024-06-28 13:21:15.951032,2024-07-01 08:15:00,4.0,False,2022-06-09
B-002360,R-0163,Kids Play Area,2024-06-28 13:58:06.149158,2024-06-28 18:15:00,3.0,True,2022-11-25
B-002361,R-0028,Gym,2024-06-28 14:09:30.790812,2024-06-29 06:30:00,4.0,False,2023-12-08
B-002362,R-0233,Badminton Court,2024-06-28 15:40:10.698466,2024-06-29 17:15:00,4.0,True,2021-11-14
B-002363,R-0117,Swimming Pool,2024-06-28 21:37:23.198984,2024-06-29 08:15:00,4.0,False,2020-10-16
B-002364,R-0279,Multipurpose Hall,2024-06-28 23:26:49.028984,2024-07-21 11:15:00,1.0,False,2023-11-24
B-002365,R-0215,Tennis Court,2024-06-29 01:40:47.126986,2024-06-30 06:45:00,2.0,True,2023-03-17
B-002366,R-0269,Badminton Court,2024-06-29 03:27:23.407407,2024-06-29 19:15:00,5.0,False,2023-11-18
B-002367,R-0101,Badminton Court,2024-06-29 05:23:57.965319,2024-06-29 20:45:00,2.0,False,2021-06-13
B-002368,R-0268,Squash Court,2024-06-29 07:15:00.000000,2024-07-05 07:15:00,5.0,False,2022-10-01
B-002369,R-0174,Gym,2024-06-29 07:45:10.212495,2024-06-30 07:45:00,3.0,False,2022-11-22
B-002370,R-0186,Swimming Pool,2024-06-29 08:44:14.944383,2024-06-29 17:15:00,2.0,False,2020-11-10
B-002371,R-0082,Swimming Pool,2024-06-29 09:10:14.638239,2024-06-29 16:00:00,4.0,False,2020-08-31
B-002372,R-0265,Swimming Pool,2024-06-29 10:17:58.458765,2024-06-30 17:15:00,3.0,False,2023-04-02
B-002373,R-0157,Kids Play Area,2024-06-29 10:51:46.215028,2024-06-29 16:30:00,3.0,True,2020-05-01
B-002374,R-0039,Clubhouse,2024-06-29 12:00:00.000000,2024-09-27 12:00:00,5.0,False,2020-08-27
B-002375,R-0061,Swimming Pool,2024-06-29 12:42:20.633017,2024-06-29 19:00:00,1.0,False,2022-11-06
B-002376,R-0011,Swimming Pool,2024-06-29 15:07:48.517488,2024-06-30 16:30:00,4.0,False,2022-01-15
B-002377,R-0047,Squash Court,2024-06-29 15:33:47.859181,2024-06-29 18:45:00,2.0,False,2021-10-19
B-002378,R-0255,Gym,2024-06-29 16:33:42.844273,2024-06-30 12:00:00,4.0,False,2021-08-19
B-002379,R-0317,Gym,2024-06-29 23:44:31.327947,2024-06-30 10:15:00,1.0,False,2023-02-18
B-002380,R-0252,Kids Play Area,2024-06-29 23:46:13.898940,2024-06-30 10:15:00,2.0,True,2021-11-26
B-002381,R-0106,Gym,2024-06-30 00:16:18.250113,2024-06-30 07:45:00,1.0,True,2020-01-23
B-002382,R-0152,Swimming Pool,2024-06-30 01:22:22.178491,2024-07-01 08:00:00,1.0,True,2020-03-08
B-002383,R-0212,Clubhouse,2024-06-30 02:00:37.538480,2024-07-19 11:00:00,5.0,False,2023-06-20
B-002384,R-0288,Squash Court,2024-06-30 04:09:30.078129,2024-07-01 07:30:00,4.0,False,2023-09-08
B-002385,R-0069,Swimming Pool,2024-06-30 07:21:35.610096,2024-06-30 18:00:00,1.0,False,2023-11-30
B-002386,R-0245,Tennis Court,2024-06-30 08:32:35.290357,2024-07-06 17:30:00,1.0,False,2022-02-09
B-002387,R-0125,Badminton Court,2024-06-30 12:04:32.223122,2024-07-01 19:45:00,5.0,True,2020-12-19
B-002388,R-0100,Kids Play Area,2024-06-30 15:17:09.899366,2024-06-30 17:30:00,5.0,True,2020-08-16
B-002389,R-0057,Badminton Court,2024-06-30 16:37:00.031153,2024-06-30 21:00:00,2.0,False,2022-06-23
B-002390,R-0167,Clubhouse,2024-06-30 17:09:59.843508,2024-07-06 12:00:00,2.0,False,2020-02-05
B-002391,R-0300,Badminton Court,2024-06-30 21:29:22.062835,2024-07-01 17:45:00,4.0,False,2023-10-05
B-002392,R-0059,Gym,2024-06-30 22:02:34.467725,2024-07-01 12:45:00,2.0,True,2021-11-08
B-002393,R-0194,Swimming Pool,2024-06-30 23:38:38.341912,2024-07-02 08:45:00,,False,2023-01-19
B-002394,R-0184,Tennis Court,2024-07-01 00:03:17.709160,2024-07-03 07:15:00,1.0,False,2022-11-30
B-002395,R-0016,Kids Play Area,2024-07-01 01:35:42.050988,2024-07-01 16:15:00,1.0,True,2020-04-13
B-002396,R-0114,Swimming Pool,2024-07-01 02:50:04.294480,2024-07-02 18:45:00,3.0,True,2021-10-04
B-002397,R-0122,Kids Play Area,2024-07-01 06:45:31.428430,2024-07-01 17:30:00,1.0,False,2022-11-04
B-002398,R-0151,Gym,2024-07-01 06:49:11.282924,2024-07-01 17:00:00,4.0,True,2020-08-06
B-002399,R-0064,Multipurpose Hall,2024-07-01 06:51:59.781431,2024-07-10 10:45:00,2.0,False,2022-10-17
B-002400,R-0188,Swimming Pool,2024-07-01 07:13:37.093572,2024-07-03 16:30:00,1.0,False,2023-02-11
B-002401,R-0076,Swimming Pool,2024-07-01 08:20:47.103081,2024-07-02 07:30:00,2.0,False,2020-08-07
B-002402,R-0196,Kids Play Area,2024-07-01 11:11:16.165149,2024-07-01 17:45:00,2.0,True,2022-01-24
B-002403,R-0210,Badminton Court,2024-07-01 11:50:22.716027,2024-07-01 20:45:00,1.0,False,2022-05-08
B-002404,R-0131,Clubhouse,2024-07-01 12:12:27.388232,2024-07-13 20:00:00,1.0,True,2023-10-18
B-002405,R-0005,Badminton Court,2024-07-01 12:28:35.775903,2024-07-02 17:15:00,3.0,True,2021-05-16
B-002406,R-0293,Swimming Pool,2024-07-01 16:44:08.503852,2024-07-02 07:00:00,3.0,True,2023-08-16
B-002407,R-0295,Gym,2024-07-01 20:46:00.857134,2024-07-02 08:15:00,3.0,False,2023-02-14
B-002408,R-0269,Badminton Court,2024-07-01 23:36:57.622073,2024-07-04 21:00:00,5.0,False,2023-11-18
B-002409,R-0111,Swimming Pool,2024-07-02 06:25:58.498360,2024-07-03 19:15:00,2.0,True,2022-01-10
B-002410,R-0188,Swimming Pool,2024-07-02 07:30:57.893069,2024-07-02 16:30:00,1.0,False,2023-02-11
B-002411,R-0195,Badminton Court,2024-07-02 08:07:15.783148,2024-07-02 19:15:00,3.0,True,2022-06-30
B-002412,R-0236,Gym,2024-07-02 08:23:38.905306,2024-07-03 06:30:00,1.0,True,2021-05-07
B-002413,R-0220,Tennis Court,2024-07-02 09:16:03.967221,2024-07-05 06:00:00,5.0,False,2021-05-12
B-002414,R-0312,Gym,2024-07-02 09:47:04.724492,2024-07-05 11:45:00,1.0,False,2022-09-04
B-002415,R-0177,Squash Court,2024-07-02 10:22:29.690834,2024-07-03 07:00:00,1.0,False,2021-12-08
B-002416,R-0234,Squash Court,2024-07-02 11:40:00.256601,2024-07-02 19:30:00,4.0,False,2022-03-24
B-002417,R-0077,Multipurpose Hall,2024-07-02 12:01:58.097565,2024-07-06 18:00:00,5.0,False,2020-09-28
B-002418,R-0066,Squash Court,2024-07-02 13:46:15.089413,2024-07-03 19:30:00,2.0,False,2021-02-13
B-002419,R-0139,Tennis Court,2024-07-02 16:02:53.437184,2024-07-08 18:15:00,4.0,True,2022-06-23
B-002420,R-0046,Gym,2024-07-02 16:12:30.515492,2024-07-02 19:00:00,1.0,True,2021-11-08
B-002421,R-0178,Badminton Court,2024-07-02 17:02:10.225204,2024-07-02 20:15:00,2.0,True,2023-06-30
B-002422,R-0232,Kids Play Area,2024-07-02 17:15:36.408936,2024-07-03 10:00:00,5.0,True,2022-05-16
B-002423,R-0175,Gym,2024-07-02 20:48:13.296867,2024-07-03 10:00:00,1.0,False,2020-01-26
B-002424,R-0293,Tennis Court,2024-07-02 21:35:06.098447,2024-07-04 07:00:00,3.0,True,2023-08-16
B-002425,R-0230,Tennis Court,2024-07-02 22:28:43.290035,2024-07-04 18:45:00,5.0,False,2021-08-29
B-002426,R-0302,Gym,2024-07-02 22:44:40.230934,2024-07-03 15:45:00,2.0,True,2023-05-11
B-002427,R-0096,Gym,2024-07-03 01:07:56.191297,2024-07-04 07:15:00,1.0,False,2022-10-22
B-002428,R-0187,Badminton Court,2024-07-03 03:12:16.529036,2024-07-04 19:45:00,4.0,False,2020-04-30
B-002429,R-0029,Kids Play Area,2024-07-03 06:17:19.825241,2024-07-03 16:30:00,1.0,False,2020-03-01
B-002430,R-0083,Tennis Court,2024-07-03 06:48:17.425338,2024-07-03 18:30:00,1.0,True,2020-03-12
B-002431,R-0025,Swimming Pool,2024-07-03 14:40:45.346859,2024-07-06 07:15:00,4.0,True,2020-12-30
B-002432,R-0165,Swimming Pool,2024-07-03 15:14:12.464225,2024-07-03 18:15:00,2.0,False,2021-12-19
B-002433,R-0050,Clubhouse,2024-07-03 16:06:06.966378,2024-07-07 20:00:00,2.0,False,2022-11-09
B-002434,R-0036,Kids Play Area,2024-07-03 18:05:32.034591,2024-07-03 18:45:00,3.0,True,2021-02-14
B-002435,R-0280,Tennis Court,2024-07-03 18:52:08.208491,2024-07-04 17:45:00,3.0,False,2020-03-31
B-002436,R-0032,Tennis Court,2024-07-04 01:36:11.352781,2024-07-10 06:30:00,4.0,False,2020-08-02
B-002437,R-0035,Gym,2024-07-04 01:59:40.820128,2024-07-05 15:30:00,1.0,False,2023-05-21
B-002438,R-0060,Badminton Court,2024-07-04 03:23:17.359847,2024-07-05 19:00:00,4.0,False,2021-10-21
B-002439,R-0142,Swimming Pool,2024-07-04 04:58:50.697669,2024-07-04 07:30:00,5.0,False,2020-05-05
B-002440,R-0318,Swimming Pool,2024-07-04 08:51:49.363926,2024-07-07 06:30:00,4.0,False,2021-01-26
B-002441,R-0016,Kids Play Area,2024-07-04 09:23:50.020277,2024-07-04 16:45:00,1.0,True,2020-04-13
B-002442,R-0052,Badminton Court,2024-07-04 12:46:06.166261,2024-07-04 17:15:00,3.0,True,2022-09-27
B-002443,R-0092,Kids Play Area,2024-07-04 13:04:19.168153,2024-07-04 17:00:00,3.0,False,2023-07-28
B-002444,R-0095,Kids Play Area,2024-07-04 15:36:57.262506,2024-07-04 18:00:00,4.0,False,2020-03-19
B-002445,R-0100,Badminton Court,2024-07-04 17:27:21.043976,2024-07-05 18:30:00,5.0,True,2020-08-16
B-002446,R-0255,Squash Court,2024-07-04 22:51:31.883581,2024-07-07 08:30:00,4.0,False,2021-08-19
B-002447,R-0056,Swimming Pool,2024-07-05 00:56:53.120960,2024-07-05 08:30:00,2.0,True,2020-07-16
B-002448,R-0045,Swimming Pool,2024-07-05 03:17:26.407029,2024-07-05 16:45:00,4.0,False,2020-05-15
B-002449,R-0176,Swimming Pool,2024-07-05 04:04:46.749996,2024-07-05 06:30:00,5.0,True,2022-03-04
B-002450,R-0170,Swimming Pool,2024-07-05 08:14:21.335225,2024-07-06 18:00:00,4.0,False,2023-02-04
B-002451,R-0091,Tennis Court,2024-07-05 10:05:50.500854,2024-07-06 06:00:00,2.0,True,2023-12-22
B-002452,R-0144,Badminton Court,2024-07-05 10:35:42.777144,2024-07-09 17:00:00,3.0,False,2022-07-09
B-002453,R-0097,Multipurpose Hall,2024-07-05 13:00:41.495476,2024-07-19 17:15:00,4.0,False,2021-12-03
B-002454,R-0267,Kids Play Area,2024-07-05 13:32:29.029800,2024-07-05 16:00:00,3.0,False,2021-09-07
B-002455,R-0223,Swimming Pool,2024-07-05 15:46:26.452538,2024-07-06 18:45:00,1.0,False,2021-12-28
B-002456,R-0164,Multipurpose Hall,2024-07-05 18:18:05.451932,2024-07-14 17:00:00,5.0,False,2021-03-15
B-002457,R-0018,Swimming Pool,2024-07-05 23:58:36.941348,2024-07-06 18:30:00,3.0,False,2020-12-01
B-002458,R-0120,Swimming Pool,2024-07-06 02:01:25.552331,2024-07-06 17:15:00,2.0,True,2023-09-11
B-002459,R-0122,Kids Play Area,2024-07-06 04:09:44.572807,2024-07-06 17:45:00,1.0,False,2022-11-04
B-002460,R-0212,Gym,2024-07-06 06:40:18.550728,2024-07-07 13:45:00,5.0,False,2023-06-20
B-002461,R-0033,Swimming Pool,2024-07-06 06:50:07.166566,2024-07-06 17:15:00,1.0,False,2022-09-12
B-002462,R-0054,Multipurpose Hall,2024-07-06 10:09:56.087633,2024-07-07 11:30:00,2.0,False,2022-02-13
B-002463,R-0199,Tennis Court,2024-07-06 10:43:48.953729,2024-07-06 19:45:00,1.0,False,2023-07-24
B-002464,R-0177,Gym,2024-07-06 10:53:53.680964,2024-07-07 10:30:00,1.0,False,2021-12-08
B-002465,R-0114,Swimming Pool,2024-07-06 12:23:34.903219,2024-07-08 06:30:00,3.0,True,2021-10-04
B-002466,R-0104,Gym,2024-07-06 17:20:04.460751,2024-07-07 16:30:00,5.0,True,2023-02-09
B-002467,R-0001,Multipurpose Hall,2024-07-06 19:09:51.145899,2024-07-21 17:15:00,4.0,False,2021-03-19
B-002468,R-0133,Gym,2024-07-06 19:42:57.272387,2024-07-06 20:45:00,4.0,False,2020-03-10
B-002469,R-0027,Gym,2024-07-06 20:37:48.518673,2024-07-07 09:45:00,2.0,False,2023-03-12
B-002470,R-0263,Swimming Pool,2024-07-06 21:03:02.257170,2024-07-08 08:00:00,3.0,True,2022-08-11
B-002471,R-0244,Kids Play Area,2024-07-07 01:12:57.577423,2024-07-07 09:00:00,2.0,True,2022-07-27
B-002472,R-0184,Squash Court,2024-07-07 04:25:28.296293,2024-07-09 08:30:00,1.0,False,2022-11-30
B-002473,R-0146,Kids Play Area,2024-07-07 05:37:36.699612,2024-07-07 09:15:00,4.0,False,2020-03-14
B-002474,R-0038,Swimming Pool,2024-07-07 05:47:20.241036,2024-07-07 17:45:00,5.0,False,2020-08-26
B-002475,R-0209,Gym,2024-07-07 06:21:29.505547,2024-07-07 11:30:00,3.0,False,2023-07-20
B-002476,R-0098,Kids Play Area,2024-07-07 07:12:15.947673,2024-07-07 10:30:00,4.0,False,2022-10-31
B-002477,R-0205,Gym,2024-07-07 08:56:47.713780,2024-07-07 17:00:00,3.0,False,2023-01-19
B-002478,R-0187,Multipurpose Hall,2024-07-07 11:42:37.212174,2024-07-26 17:30:00,4.0,False,2020-04-30
B-002479,R-0265,Swimming Pool,2024-07-07 11:52:53.827301,2024-07-09 08:15:00,3.0,False,2023-04-02
B-002480,R-0244,Swimming Pool,2024-07-07 13:33:15.007025,2024-07-07 18:45:00,2.0,True,2022-07-27
B-002481,R-0180,Kids Play Area,2024-07-07 14:15:38.367737,2024-07-07 16:45:00,2.0,False,2020-05-11
B-002482,R-0040,Tennis Court,2024-07-07 15:11:32.256824,2024-07-08 18:45:00,2.0,True,2023-09-02
B-002483,R-0275,Clubhouse,2024-07-07 15:20:41.309692,2024-09-11 20:30:00,4.0,True,2020-05-07
B-002484,R-0046,Kids Play Area,2024-07-07 17:00:11.702893,2024-07-07 18:45:00,1.0,True,2021-11-08
B-002485,R-0111,Swimming Pool,2024-07-07 17:35:38.080094,2024-07-08 19:30:00,,True,2022-01-10
B-002486,R-0206,Tennis Court,2024-07-07 19:13:06.263951,2024-07-11 18:15:00,3.0,False,2021-06-14
B-002487,R-0259,Badminton Court,2024-07-07 20:47:16.425626,2024-07-08 19:30:00,3.0,False,2023-12-21
B-002488,R-0222,Tennis Court,2024-07-07 20:56:56.615672,2024-07-09 17:45:00,3.0,False,2021-06-30
B-002489,R-0132,Tennis Court,2024-07-08 01:04:30.326967,2024-07-08 18:30:00,3.0,True,2020-10-06
B-002490,R-0198,Gym,2024-07-08 01:35:55.817317,2024-07-08 18:30:00,5.0,False,2023-09-18
B-002491,R-0103,Gym,2024-07-08 02:42:28.016268,2024-07-08 19:30:00,2.0,True,2021-01-15
B-002492,R-0012,Gym,2024-07-08 06:11:14.489340,2024-07-11 17:15:00,4.0,True,2020-11-21
B-002493,R-0148,Swimming Pool,2024-07-08 10:08:39.451210,2024-07-10 17:45:00,3.0,False,2020-09-02
B-002494,R-0052,Badminton Court,2024-07-08 11:12:02.320610,2024-07-08 17:45:00,3.0,True,2022-09-27
B-002495,R-0026,Squash Court,2024-07-08 11:43:13.664857,2024-07-10 18:45:00,2.0,False,2022-01-18
B-002496,R-0149,Squash Court,2024-07-08 14:23:57.573664,2024-07-08 18:30:00,2.0,False,2020-09-09
B-002497,R-0248,Clubhouse,2024-07-08 19:07:31.913313,2024-07-13 11:45:00,2.0,True,2022-12-30
B-002498,R-0225,Tennis Court,2024-07-08 19:46:43.736843,2024-07-09 17:00:00,2.0,False,2021-03-31
B-002499,R-0297,Tennis Court,2024-07-08 21:28:02.525033,2024-07-09 19:15:00,1.0,False,2021-05-14
B-002500,R-0141,Swimming Pool,2024-07-08 22:31:31.869578,2024-07-09 07:30:00,1.0,False,2020-01-06
B-002501,R-0278,Tennis Court,2024-07-09 01:32:53.906226,2024-07-09 07:45:00,4.0,False,2023-06-25
B-002502,R-0129,Squash Court,2024-07-09 03:02:14.850538,2024-07-09 08:15:00,2.0,False,2022-06-19
B-002503,R-0211,Badminton Court,2024-07-09 04:27:54.138260,2024-07-09 20:30:00,5.0,True,2021-11-19
B-002504,R-0232,Kids Play Area,2024-07-09 07:00:04.709860,2024-07-09 10:30:00,5.0,True,2022-05-16
B-002505,R-0099,Swimming Pool,2024-07-09 07:15:00.000000,2024-07-09 07:45:00,2.0,False,2022-07-13
B-002506,R-0267,Kids Play Area,2024-07-09 12:02:00.640041,2024-07-09 16:30:00,3.0,False,2021-09-07
B-002507,R-0203,Gym,2024-07-09 13:10:55.920647,2024-07-10 07:45:00,4.0,False,2023-10-19
B-002508,R-0168,Kids Play Area,2024-07-09 13:28:02.264332,2024-07-09 18:00:00,3.0,True,2022-09-23
B-002509,R-0307,Kids Play Area,2024-07-09 14:20:59.881115,2024-07-09 16:00:00,2.0,True,2022-03-13
B-002510,R-0062,Badminton Court,2024-07-09 16:20:30.550524,2024-07-11 20:45:00,2.0,False,2020-06-01
B-002511,R-0227,Badminton Court,2024-07-09 16:29:29.956934,2024-07-09 19:45:00,4.0,True,2021-10-13
B-002512,R-0039,Kids Play Area,2024-07-09 17:36:17.142816,2024-07-10 16:00:00,5.0,False,2020-08-27
B-002513,R-0279,Badminton Court,2024-07-09 18:23:33.038086,2024-07-10 21:15:00,1.0,False,2023-11-24
B-002514,R-0083,Tennis Court,2024-07-09 21:05:48.164956,2024-07-10 07:30:00,1.0,True,2020-03-12
B-002515,R-0293,Tennis Court,2024-07-09 23:24:44.462407,2024-07-10 07:15:00,3.0,True,2023-08-16
B-002516,R-0106,Gym,2024-07-10 02:28:58.366775,2024-07-10 07:00:00,1.0,True,2020-01-23
B-002517,R-0054,Clubhouse,2024-07-10 03:22:23.446382,2024-07-17 17:00:00,2.0,False,2022-02-13
B-002518,R-0303,Gym,2024-07-10 04:44:32.313589,2024-07-10 13:00:00,2.0,False,2020-02-09
B-002519,R-0190,Squash Court,2024-07-10 05:16:05.963344,2024-07-10 08:15:00,4.0,True,2022-05-02
B-002520,R-0058,Swimming Pool,2024-07-10 09:31:00.594844,2024-07-11 08:45:00,3.0,False,2023-09-11
B-002521,R-0163,Kids Play Area,2024-07-10 10:51:09.015951,2024-07-10 18:30:00,3.0,True,2022-11-25
B-002522,R-0183,Multipurpose Hall,2024-07-10 11:00:00.000000,2024-07-11 11:00:00,5.0,False,2021-12-25
B-002523,R-0127,Tennis Court,2024-07-10 11:37:39.027727,2024-07-10 17:15:00,3.0,False,2020-06-15
B-002524,R-0193,Badminton Court,2024-07-10 11:54:19.674669,2024-07-10 20:00:00,,True,2021-06-16
B-002525,R-0160,Badminton Court,2024-07-10 15:53:23.729110,2024-07-10 18:00:00,1.0,True,2020-08-11
B-002526,R-0244,Badminton Court,2024-07-10 20:32:00.993056,2024-07-11 19:45:00,2.0,True,2022-07-27
B-002527,R-0069,Swimming Pool,2024-07-10 22:14:34.340275,2024-07-11 18:00:00,1.0,False,2023-11-30
B-002528,R-0110,Gym,2024-07-10 23:48:57.988090,2024-07-11 10:45:00,4.0,False,2022-06-09
B-002529,R-0139,Tennis Court,2024-07-11 00:23:05.533423,2024-07-11 18:30:00,4.0,True,2022-06-23
B-002530,R-0142,Swimming Pool,2024-07-11 00:29:49.871709,2024-07-11 07:00:00,5.0,False,2020-05-05
B-002531,R-0171,Badminton Court,2024-07-11 05:22:26.571467,2024-07-11 17:30:00,4.0,False,2020-03-16
B-002532,R-0029,Tennis Court,2024-07-11 07:17:15.980337,2024-07-15 17:00:00,1.0,False,2020-03-01
B-002533,R-0301,Multipurpose Hall,2024-07-11 09:26:16.237561,2024-07-13 11:30:00,3.0,False,2023-12-19
B-002534,R-0039,Multipurpose Hall,2024-07-11 10:52:05.324863,2024-07-25 10:00:00,5.0,False,2020-08-27
B-002535,R-0256,Kids Play Area,2024-07-11 14:01:38.719817,2024-07-11 18:15:00,,True,2021-06-07
B-002536,R-0100,Clubhouse,2024-07-11 16:37:52.860907,2024-07-19 20:15:00,5.0,True,2020-08-16
B-002537,R-0158,Swimming Pool,2024-07-11 18:38:46.830018,2024-07-12 16:30:00,1.0,True,2021-11-01
B-002538,R-0036,Swimming Pool,2024-07-11 19:32:05.300077,2024-07-12 06:15:00,3.0,True,2021-02-14
B-002539,R-0064,Swimming Pool,2024-07-11 22:11:12.857204,2024-07-13 17:45:00,2.0,False,2022-10-17
B-002540,R-0225,Clubhouse,2024-07-12 02:02:02.592530,2024-08-06 11:15:00,2.0,False,2021-03-31
B-002541,R-0124,Swimming Pool,2024-07-12 02:58:24.375137,2024-07-13 17:15:00,3.0,False,2022-08-31
B-002542,R-0090,Badminton Court,2024-07-12 03:00:27.088910,2024-07-13 20:45:00,3.0,False,2020-03-27
B-002543,R-0174,Clubhouse,2024-07-12 05:04:10.300636,2024-08-11 11:15:00,3.0,False,2022-11-22
B-002544,R-0228,Gym,2024-07-12 05:20:25.477195,2024-07-12 15:30:00,4.0,False,2023-09-10
B-002545,R-0019,Multipurpose Hall,2024-07-12 05:36:44.469763,2024-07-14 18:00:00,5.0,False,2022-02-09
B-002546,R-0101,Badminton Court,2024-07-12 06:17:25.748376,2024-07-13 19:15:00,2.0,False,2021-06-13
B-002547,R-0033,Swimming Pool,2024-07-12 08:16:03.223081,2024-07-13 16:00:00,1.0,False,2022-09-12
B-002548,R-0024,Swimming Pool,2024-07-12 08:26:35.459640,2024-07-13 07:30:00,1.0,False,2020-09-16
B-002549,R-0232,Kids Play Area,2024-07-12 09:00:49.201447,2024-07-12 10:45:00,5.0,True,2022-05-16
B-002550,R-0027,Gym,2024-07-12 09:25:38.632406,2024-07-13 09:30:00,2.0,False,2023-03-12
B-002551,R-0263,Squash Court,2024-07-12 17:17:20.758877,2024-07-13 07:30:00,3.0,True,2022-08-11
B-002552,R-0088,Tennis Court,2024-07-12 17:22:58.263813,2024-07-15 07:30:00,5.0,False,2023-05-21
B-002553,R-0057,Kids Play Area,2024-07-12 17:24:22.253327,2024-07-13 17:00:00,2.0,False,2022-06-23
B-002554,R-0222,Clubhouse,2024-07-12 20:31:48.573492,2024-08-13 12:45:00,3.0,False,2021-06-30
B-002555,R-0145,Tennis Court,2024-07-12 20:43:05.183101,2024-07-14 07:00:00,1.0,False,2021-10-20
B-002556,R-0241,Multipurpose Hall,2024-07-13 03:31:00.258204,2024-07-20 18:00:00,3.0,False,2022-05-23
B-002557,R-0187,Kids Play Area,2024-07-13 03:40:35.698827,2024-07-13 16:45:00,4.0,False,2020-04-30
B-002558,R-0076,Tennis Court,2024-07-13 04:49:42.765595,2024-07-22 07:30:00,2.0,False,2020-08-07
B-002559,R-0254,Gym,2024-07-13 05:02:04.184406,2024-07-13 13:45:00,2.0,False,2020-09-25
B-002560,R-0052,Clubhouse,2024-07-13 05:35:57.737268,2024-07-16 11:30:00,3.0,True,2022-09-27
B-002561,R-0196,Swimming Pool,2024-07-13 05:37:38.711085,2024-07-13 17:00:00,2.0,True,2022-01-24
B-002562,R-0292,Badminton Court,2024-07-13 05:45:13.675697,2024-07-13 18:30:00,3.0,False,2020-01-30
B-002563,R-0217,Squash Court,2024-07-13 07:48:15.723985,2024-07-13 20:00:00,1.0,False,2020-11-09
B-002564,R-0183,Badminton Court,2024-07-13 08:45:02.517275,2024-07-13 19:45:00,5.0,False,2021-12-25
B-002565,R-0126,Gym,2024-07-13 09:40:19.865131,2024-07-14 17:30:00,4.0,False,2020-12-04
B-002566,R-0009,Kids Play Area,2024-07-13 13:38:49.493782,2024-07-13 16:30:00,5.0,True,2021-04-09
B-002567,R-0299,Swimming Pool,2024-07-13 14:43:26.578585,2024-07-13 16:00:00,5.0,False,2020-07-29
B-002568,R-0301,Clubhouse,2024-07-13 16:00:22.440750,2024-07-31 11:30:00,3.0,False,2023-12-19
B-002569,R-0239,Tennis Court,2024-07-13 16:23:39.123018,2024-07-14 06:30:00,5.0,True,2023-01-01
B-002570,R-0075,Gym,2024-07-13 17:32:43.662046,2024-07-14 07:30:00,2.0,False,2023-01-11
B-002571,R-0050,Tennis Court,2024-07-13 20:47:38.956842,2024-07-14 06:30:00,2.0,False,2022-11-09
B-002572,R-0194,Kids Play Area,2024-07-13 22:30:31.193308,2024-07-14 10:45:00,1.0,False,2023-01-19
B-002573,R-0090,Badminton Court,2024-07-13 22:41:39.902622,2024-07-18 20:15:00,3.0,False,2020-03-27
B-002574,R-0135,Kids Play Area,2024-07-14 00:11:02.711516,2024-07-14 17:15:00,2.0,True,2021-05-18
B-002575,R-0115,Tennis Court,2024-07-14 00:59:13.348000,2024-07-15 19:15:00,2.0,False,2021-08-17
B-002576,R-0178,Clubhouse,2024-07-14 04:13:43.135612,2024-07-19 12:15:00,2.0,True,2023-06-30
B-002577,R-0284,Gym,2024-07-14 08:20:06.990521,2024-07-15 09:45:00,1.0,False,2023-06-19
B-002578,R-0175,Badminton Court,2024-07-14 09:41:03.640311,2024-07-14 17:45:00,1.0,False,2020-01-26
B-002579,R-0212,Gym,2024-07-14 10:02:32.725821,2024-07-16 08:45:00,5.0,False,2023-06-20
B-002580,R-0275,Kids Play Area,2024-07-14 10:34:30.415019,2024-07-14 17:00:00,4.0,True,2020-05-07
B-002581,R-0209,Multipurpose Hall,2024-07-14 10:45:00.000000,2024-07-15 10:45:00,3.0,False,2023-07-20
B-002582,R-0290,Swimming Pool,2024-07-14 11:31:32.035014,2024-07-14 19:00:00,3.0,False,2021-02-25
B-002583,R-0082,Gym,2024-07-14 14:48:46.941787,2024-07-14 19:30:00,4.0,False,2020-08-31
B-002584,R-0011,Gym,2024-07-14 16:21:58.550817,2024-07-14 20:45:00,4.0,False,2022-01-15
B-002585,R-0044,Gym,2024-07-14 17:50:03.861095,2024-07-14 20:45:00,1.0,False,2021-10-23
B-002586,R-0070,Swimming Pool,2024-07-14 18:03:05.595193,2024-07-15 06:30:00,3.0,False,2020-04-24
B-002587,R-0152,Badminton Court,2024-07-14 20:13:35.954714,2024-07-16 18:15:00,1.0,True,2020-03-08
B-002588,R-0060,Badminton Court,2024-07-15 04:29:08.710327,2024-07-15 19:45:00,4.0,False,2021-10-21
B-002589,R-0038,Gym,2024-07-15 08:13:01.438507,2024-07-17 17:00:00,5.0,False,2020-08-26
B-002590,R-0085,Badminton Court,2024-07-15 08:25:19.488146,2024-07-16 20:30:00,1.0,False,2022-03-24
B-002591,R-0158,Swimming Pool,2024-07-15 08:26:35.290732,2024-07-15 16:30:00,1.0,True,2021-11-01
B-002592,R-0258,Badminton Court,2024-07-15 09:05:49.079486,2024-07-17 21:30:00,2.0,True,2023-04-04
B-002593,R-0293,Kids Play Area,2024-07-15 12:59:56.724583,2024-07-15 16:45:00,3.0,True,2023-08-16
B-002594,R-0291,Tennis Court,2024-07-15 13:37:04.336353,2024-07-17 07:15:00,5.0,False,2020-11-14
B-002595,R-0064,Tennis Court,2024-07-15 15:16:07.793570,2024-07-16 18:45:00,2.0,False,2022-10-17
B-002596,R-0263,Tennis Court,2024-07-15 16:15:02.473712,2024-07-19 07:30:00,3.0,True,2022-08-11
B-002597,R-0120,Multipurpose Hall,2024-07-15 17:13:40.275936,2024-07-21 18:30:00,2.0,True,2023-09-11
B-002598,R-0184,Squash Court,2024-07-15 18:32:35.215370,2024-07-17 08:30:00,1.0,False,2022-11-30
B-002599,R-0096,Gym,2024-07-15 19:53:31.585397,2024-07-16 11:30:00,1.0,False,2022-10-22
B-002600,R-0065,Gym,2024-07-15 21:27:10.201737,2024-07-16 18:30:00,4.0,False,2023-02-14
B-002601,R-0023,Tennis Court,2024-07-16 00:01:10.168296,2024-07-16 06:00:00,1.0,False,2022-12-13
B-002602,R-0192,Multipurpose Hall,2024-07-16 01:40:36.515520,2024-07-24 17:15:00,4.0,True,2023-07-01
B-002603,R-0297,Kids Play Area,2024-07-16 04:23:27.993393,2024-07-18 10:30:00,1.0,False,2021-05-14
B-002604,R-0170,Kids Play Area,2024-07-16 04:52:22.551032,2024-07-16 17:30:00,4.0,False,2023-02-04
B-002605,R-0228,Squash Court,2024-07-16 06:53:54.643229,2024-07-18 19:45:00,4.0,False,2023-09-10
B-002606,R-0309,Kids Play Area,2024-07-16 07:46:18.343074,2024-07-16 10:00:00,1.0,True,2022-05-22
B-002607,R-0253,Multipurpose Hall,2024-07-16 08:28:58.399088,2024-07-18 11:45:00,4.0,True,2023-11-16
B-002608,R-0157,Kids Play Area,2024-07-16 09:54:23.951628,2024-07-16 16:00:00,3.0,True,2020-05-01
B-002609,R-0286,Kids Play Area,2024-07-16 10:08:45.477226,2024-07-16 17:30:00,4.0,True,2020-11-25
B-002610,R-0030,Badminton Court,2024-07-16 11:05:46.466437,2024-07-17 17:15:00,2.0,True,2023-02-05
B-002611,R-0255,Tennis Court,2024-07-16 12:37:42.922307,2024-07-21 18:15:00,4.0,False,2021-08-19
B-002612,R-0116,Tennis Court,2024-07-16 18:13:20.176783,2024-07-17 18:00:00,,False,2020-04-11
B-002613,R-0173,Gym,2024-07-16 19:11:00.801555,2024-07-17 20:30:00,2.0,False,2021-03-09
B-002614,R-0146,Clubhouse,2024-07-16 20:13:58.702703,2024-07-20 11:00:00,4.0,False,2020-03-14
B-002615,R-0255,Gym,2024-07-16 21:46:12.406958,2024-07-17 12:00:00,,False,2021-08-19
B-002616,R-0016,Kids Play Area,2024-07-16 22:23:22.979216,2024-07-18 16:00:00,1.0,True,2020-04-13
B-002617,R-0238,Squash Court,2024-07-16 23:49:04.287853,2024-07-17 07:45:00,3.0,True,2023-07-13
B-002618,R-0126,Tennis Court,2024-07-17 01:17:05.047746,2024-07-17 18:15:00,4.0,False,2020-12-04
B-002619,R-0174,Tennis Court,2024-07-17 02:26:55.805661,2024-07-19 06:15:00,3.0,False,2022-11-22
B-002620,R-0012,Gym,2024-07-17 04:52:18.222898,2024-07-20 17:00:00,4.0,True,2020-11-21
B-002621,R-0275,Swimming Pool,2024-07-17 05:20:30.955251,2024-07-21 18:15:00,4.0,True,2020-05-07
B-002622,R-0193,Badminton Court,2024-07-17 08:43:43.572255,2024-07-17 20:45:00,2.0,True,2021-06-16
B-002623,R-0096,Gym,2024-07-17 08:54:30.264950,2024-07-18 11:15:00,1.0,False,2022-10-22
B-002624,R-0105,Gym,2024-07-17 09:12:43.045566,2024-07-18 09:15:00,1.0,False,2021-09-14
B-002625,R-0177,Tennis Court,2024-07-17 13:00:04.572882,2024-07-19 07:00:00,1.0,False,2021-12-08
B-002626,R-0163,Kids Play Area,2024-07-17 13:48:09.068142,2024-07-17 16:00:00,3.0,True,2022-11-25
B-002627,R-0269,Tennis Court,2024-07-17 15:59:09.969882,2024-07-18 17:45:00,5.0,False,2023-11-18
B-002628,R-0259,Gym,2024-07-17 20:12:26.549851,2024-07-18 15:15:00,3.0,False,2023-12-21
B-002629,R-0102,Tennis Court,2024-07-17 21:52:41.039387,2024-07-18 06:15:00,1.0,False,2022-05-02
B-002630,R-0248,Swimming Pool,2024-07-17 21:53:04.971947,2024-07-18 08:00:00,2.0,True,2022-12-30
B-002631,R-0060,Badminton Court,2024-07-17 22:54:34.626608,2024-07-18 19:30:00,4.0,False,2021-10-21
B-002632,R-0117,Kids Play Area,2024-07-18 03:57:04.949541,2024-07-18 10:30:00,4.0,False,2020-10-16
B-002633,R-0160,Kids Play Area,2024-07-18 07:55:41.996763,2024-07-18 09:45:00,1.0,True,2020-08-11
B-002634,R-0240,Gym,2024-07-18 08:27:34.591450,2024-07-18 16:45:00,4.0,True,2021-08-25
B-002635,R-0031,Badminton Court,2024-07-18 08:30:41.276043,2024-07-18 19:45:00,1.0,False,2020-10-02
B-002636,R-0094,Badminton Court,2024-07-18 08:35:35.368425,2024-07-18 17:45:00,5.0,False,2020-03-17
B-002637,R-0288,Badminton Court,2024-07-18 10:41:28.756178,2024-07-18 20:00:00,4.0,False,2023-09-08
B-002638,R-0180,Badminton Court,2024-07-18 11:15:55.178334,2024-07-20 21:30:00,2.0,False,2020-05-11
B-002639,R-0128,Tennis Court,2024-07-18 16:23:30.417020,2024-07-19 17:00:00,4.0,False,2021-12-26
B-002640,R-0104,Badminton Court,2024-07-19 04:59:22.256647,2024-07-21 20:45:00,5.0,True,2023-02-09
B-002641,R-0251,Badminton Court,2024-07-19 05:28:20.642660,2024-07-19 20:45:00,4.0,True,2023-12-13
B-002642,R-0267,Kids Play Area,2024-07-19 08:12:54.383265,2024-07-19 16:30:00,3.0,False,2021-09-07
B-002643,R-0027,Gym,2024-07-19 09:57:50.293293,2024-07-20 09:15:00,2.0,False,2023-03-12
B-002644,R-0078,Swimming Pool,2024-07-19 10:24:30.825984,2024-07-20 16:30:00,3.0,False,2020-11-08
B-002645,R-0086,Squash Court,2024-07-19 13:23:56.508400,2024-07-19 18:15:00,3.0,False,2023-06-29
B-002646,R-0254,Gym,2024-07-19 16:48:44.008106,2024-07-20 07:45:00,2.0,False,2020-09-25
B-002647,R-0040,Tennis Court,2024-07-19 19:23:03.340422,2024-07-29 17:30:00,2.0,True,2023-09-02
B-002648,R-0183,Multipurpose Hall,2024-07-19 20:37:37.309276,2024-07-21 10:00:00,5.0,False,2021-12-25
B-002649,R-0125,Gym,2024-07-19 22:49:55.283308,2024-07-22 07:30:00,5.0,True,2020-12-19
B-002650,R-0215,Gym,2024-07-19 23:04:47.097270,2024-07-20 09:00:00,2.0,True,2023-03-17
B-002651,R-0058,Swimming Pool,2024-07-19 23:43:13.631514,2024-07-21 08:15:00,3.0,False,2023-09-11
B-002652,R-0212,Clubhouse,2024-07-20 01:40:57.425606,2024-10-01 11:15:00,5.0,False,2023-06-20
B-002653,R-0052,Multipurpose Hall,2024-07-20 04:29:15.488063,2024-07-23 10:15:00,3.0,True,2022-09-27
B-002654,R-0282,Multipurpose Hall,2024-07-20 06:29:32.820591,2024-08-04 18:30:00,2.0,False,2020-02-04
B-002655,R-0245,Badminton Court,2024-07-20 11:32:35.095521,2024-07-21 19:45:00,1.0,False,2022-02-09
B-002656,R-0260,Swimming Pool,2024-07-20 12:40:52.639333,2024-07-20 17:00:00,5.0,False,2020-02-11
B-002657,R-0230,Swimming Pool,2024-07-20 13:02:19.657046,2024-07-21 18:15:00,5.0,False,2021-08-29
B-002658,R-0289,Swimming Pool,2024-07-20 14:08:14.076891,2024-07-22 07:00:00,2.0,True,2021-04-03
B-002659,R-0217,Swimming Pool,2024-07-20 14:44:39.928624,2024-07-20 19:45:00,1.0,False,2020-11-09
B-002660,R-0262,Swimming Pool,2024-07-20 15:12:46.441548,2024-07-21 17:30:00,5.0,False,2023-08-23
B-002661,R-0053,Kids Play Area,2024-07-20 21:10:28.711011,2024-07-21 10:45:00,3.0,False,2021-04-10
B-002662,R-0145,Gym,2024-07-21 00:13:17.590994,2024-07-21 08:45:00,1.0,False,2021-10-20
B-002663,R-0249,Multipurpose Hall,2024-07-21 00:34:48.975811,2024-08-07 18:15:00,4.0,True,2021-04-14
B-002664,R-0057,Multipurpose Hall,2024-07-21 04:08:48.505678,2024-07-27 19:45:00,2.0,False,2022-06-23
B-002665,R-0020,Gym,2024-07-21 04:09:45.465353,2024-07-21 09:15:00,1.0,False,2021-04-01
B-002666,R-0139,Squash Court,2024-07-21 06:25:27.010651,2024-07-23 18:30:00,4.0,True,2022-06-23
B-002667,R-0066,Badminton Court,2024-07-21 07:33:36.595366,2024-07-22 20:00:00,2.0,False,2021-02-13
B-002668,R-0048,Kids Play Area,2024-07-21 07:42:06.610483,2024-07-21 16:15:00,1.0,True,2023-12-12
B-002669,R-0124,Squash Court,2024-07-21 08:27:53.213917,2024-07-21 18:15:00,3.0,False,2022-08-31
B-002670,R-0252,Kids Play Area,2024-07-21 09:03:51.258792,2024-07-21 10:30:00,2.0,True,2021-11-26
B-002671,R-0242,Clubhouse,2024-07-21 10:13:33.924014,2024-07-28 17:30:00,3.0,True,2020-12-31
B-002672,R-0231,Gym,2024-07-21 11:39:12.143270,2024-07-22 20:00:00,1.0,False,2021-10-30
B-002673,R-0240,Squash Court,2024-07-21 12:25:54.263742,2024-07-22 20:30:00,4.0,True,2021-08-25
B-002674,R-0201,Badminton Court,2024-07-21 14:31:30.005422,2024-07-22 17:45:00,5.0,False,2021-04-13
B-002675,R-0111,Swimming Pool,2024-07-21 15:25:32.767604,2024-07-22 19:15:00,2.0,True,2022-01-10
B-002676,R-0211,Badminton Court,2024-07-21 16:34:53.597085,2024-07-21 20:30:00,5.0,True,2021-11-19
B-002677,R-0045,Tennis Court,2024-07-21 17:00:00.000000,2024-07-21 19:00:00,4.0,False,2020-05-15
B-002678,R-0288,Badminton Court,2024-07-21 17:26:53.225385,2024-07-22 20:30:00,4.0,False,2023-09-08
B-002679,R-0207,Clubhouse,2024-07-21 17:36:16.743319,2024-08-02 11:45:00,,False,2021-04-11
B-002680,R-0313,Kids Play Area,2024-07-21 18:06:20.796017,2024-07-21 18:45:00,2.0,False,2022-01-03
B-002681,R-0229,Squash Court,2024-07-21 20:48:02.634833,2024-07-24 07:00:00,2.0,False,2020-02-16
B-002682,R-0280,Gym,2024-07-21 20:49:51.441634,2024-07-22 13:45:00,3.0,False,2020-03-31
B-002683,R-0259,Clubhouse,2024-07-21 21:02:52.394242,2024-07-31 19:00:00,3.0,False,2023-12-21
B-002684,R-0305,Gym,2024-07-21 22:18:00.232715,2024-07-22 09:45:00,5.0,False,2023-08-05
B-002685,R-0234,Squash Court,2024-07-21 22:51:27.630957,2024-07-23 19:15:00,4.0,False,2022-03-24
B-002686,R-0208,Gym,2024-07-21 23:47:38.549906,2024-07-23 19:15:00,5.0,False,2021-08-16
B-002687,R-0241,Multipurpose Hall,2024-07-22 00:33:15.120174,2024-07-31 18:00:00,3.0,False,2022-05-23
B-002688,R-0059,Kids Play Area,2024-07-22 00:52:26.745386,2024-07-22 09:00:00,2.0,True,2021-11-08
B-002689,R-0161,Tennis Court,2024-07-22 01:35:31.900864,2024-07-24 07:30:00,4.0,True,2022-05-10
B-002690,R-0145,Tennis Court,2024-07-22 03:41:18.154049,2024-07-23 07:15:00,1.0,False,2021-10-20
B-002691,R-0275,Multipurpose Hall,2024-07-22 07:17:42.174601,2024-08-25 19:45:00,4.0,True,2020-05-07
B-002692,R-0266,Kids Play Area,2024-07-22 08:02:42.627025,2024-07-22 18:15:00,4.0,True,2023-12-21
B-002693,R-0126,Clubhouse,2024-07-22 13:21:37.301392,2024-08-10 20:00:00,4.0,False,2020-12-04
B-002694,R-0047,Swimming Pool,2024-07-22 15:27:40.004093,2024-07-22 17:00:00,2.0,False,2021-10-19
B-002695,R-0188,Badminton Court,2024-07-22 23:02:37.466820,2024-07-24 17:45:00,1.0,False,2023-02-11
B-002696,R-0221,Gym,2024-07-23 02:15:44.149870,2024-07-24 16:00:00,1.0,True,2023-09-29
B-002697,R-0296,Swimming Pool,2024-07-23 02:24:24.467733,2024-07-23 16:00:00,5.0,False,2021-02-23
B-002698,R-0273,Badminton Court,2024-07-23 02:38:58.008242,2024-07-27 21:15:00,5.0,False,2020-10-30
B-002699,R-0142,Swimming Pool,2024-07-23 03:06:13.434647,2024-07-23 07:45:00,5.0,False,2020-05-05
B-002700,R-0314,Gym,2024-07-23 09:54:14.982792,2024-07-26 17:30:00,2.0,False,2022-04-28
B-002701,R-0317,Gym,2024-07-23 14:05:00.420764,2024-07-23 20:30:00,1.0,False,2023-02-18
B-002702,R-0056,Swimming Pool,2024-07-23 17:51:21.804169,2024-07-25 08:15:00,2.0,True,2020-07-16
B-002703,R-0273,Multipurpose Hall,2024-07-23 19:50:56.143785,2024-08-04 18:30:00,5.0,False,2020-10-30
B-002704,R-0058,Tennis Court,2024-07-23 23:06:00.521861,2024-07-24 19:00:00,3.0,False,2023-09-11
B-002705,R-0315,Tennis Court,2024-07-23 23:25:46.488473,2024-07-25 18:30:00,5.0,True,2022-01-23
B-002706,R-0190,Multipurpose Hall,2024-07-23 23:30:48.705903,2024-07-29 18:30:00,4.0,True,2022-05-02
B-002707,R-0267,Multipurpose Hall,2024-07-23 23:56:25.626756,2024-08-16 18:15:00,3.0,False,2021-09-07
B-002708,R-0138,Badminton Court,2024-07-24 03:58:18.364313,2024-07-24 20:45:00,3.0,False,2021-08-01
B-002709,R-0210,Clubhouse,2024-07-24 07:21:52.337662,2024-07-25 11:00:00,1.0,False,2022-05-08
B-002710,R-0256,Swimming Pool,2024-07-24 08:46:54.486522,2024-07-24 16:15:00,3.0,True,2021-06-07
B-002711,R-0267,Tennis Court,2024-07-24 12:02:00.591837,2024-07-25 19:00:00,3.0,False,2021-09-07
B-002712,R-0036,Multipurpose Hall,2024-07-24 13:53:32.346440,2024-07-25 19:30:00,3.0,True,2021-02-14
B-002713,R-0151,Gym,2024-07-24 14:23:17.276689,2024-07-25 17:45:00,4.0,True,2020-08-06
B-002714,R-0077,Kids Play Area,2024-07-24 15:52:28.690911,2024-07-24 17:15:00,5.0,False,2020-09-28
B-002715,R-0271,Gym,2024-07-24 18:48:13.038843,2024-07-25 16:30:00,1.0,True,2021-04-08
B-002716,R-0263,Tennis Court,2024-07-24 19:10:00.787741,2024-07-26 07:15:00,3.0,True,2022-08-11
B-002717,R-0160,Tennis Court,2024-07-24 19:48:20.669545,2024-07-26 07:15:00,1.0,True,2020-08-11
B-002718,R-0076,Multipurpose Hall,2024-07-24 21:08:24.291766,2024-08-09 10:45:00,2.0,False,2020-08-07
B-002719,R-0106,Swimming Pool,2024-07-25 01:02:38.428142,2024-07-25 08:15:00,1.0,True,2020-01-23
B-002720,R-0212,Gym,2024-07-25 08:13:08.212818,2024-07-27 08:00:00,5.0,False,2023-06-20
B-002721,R-0190,Gym,2024-07-25 09:07:49.463664,2024-07-25 19:15:00,4.0,True,2022-05-02
B-002722,R-0287,Gym,2024-07-25 09:20:52.958355,2024-07-25 15:45:00,3.0,False,2022-04-21
B-002723,R-0189,Swimming Pool,2024-07-25 09:52:16.232270,2024-07-27 19:15:00,1.0,False,2022-07-11
B-002724,R-0303,Multipurpose Hall,2024-07-25 12:17:43.651900,2024-07-28 18:30:00,2.0,False,2020-02-09
B-002725,R-0243,Gym,2024-07-25 12:46:40.619945,2024-07-25 19:30:00,2.0,False,2022-10-01
B-002726,R-0121,Squash Court,2024-07-25 15:06:29.900246,2024-07-29 08:00:00,4.0,False,2023-04-27
B-002727,R-0248,Clubhouse,2024-07-25 18:39:00.753533,2024-07-28 11:00:00,2.0,True,2022-12-30
B-002728,R-0293,Tennis Court,2024-07-25 20:52:59.872339,2024-07-27 07:30:00,3.0,True,2023-08-16
B-002729,R-0021,Tennis Court,2024-07-25 22:25:19.977596,2024-07-28 07:00:00,5.0,False,2021-06-16
B-002730,R-0130,Swimming Pool,2024-07-25 23:19:51.606608,2024-07-26 06:30:00,3.0,False,2022-05-02
B-002731,R-0038,Badminton Court,2024-07-25 23:48:09.109546,2024-07-26 17:00:00,5.0,False,2020-08-26
B-002732,R-0259,Gym,2024-07-26 00:21:10.876100,2024-07-26 15:15:00,3.0,False,2023-12-21
B-002733,R-0138,Tennis Court,2024-07-26 00:21:50.517717,2024-07-26 19:00:00,3.0,False,2021-08-01
B-002734,R-0035,Gym,2024-07-26 01:33:10.166072,2024-07-26 15:15:00,1.0,False,2023-05-21
B-002735,R-0292,Badminton Court,2024-07-26 03:51:13.084973,2024-07-26 19:45:00,3.0,False,2020-01-30
B-002736,R-0031,Swimming Pool,2024-07-26 03:57:52.857490,2024-07-27 06:45:00,1.0,False,2020-10-02
B-002737,R-0294,Squash Court,2024-07-26 04:17:24.933006,2024-07-26 07:30:00,4.0,False,2021-02-22
B-002738,R-0284,Gym,2024-07-26 05:35:36.225846,2024-07-28 09:00:00,,False,2023-06-19
B-002739,R-0249,Swimming Pool,2024-07-26 07:37:37.984086,2024-07-28 07:15:00,4.0,True,2021-04-14
B-002740,R-0255,Tennis Court,2024-07-26 10:50:22.792264,2024-08-03 07:00:00,4.0,False,2021-08-19
B-002741,R-0283,Badminton Court,2024-07-26 12:24:16.364234,2024-07-27 17:00:00,1.0,False,2020-02-28
B-002742,R-0218,Squash Court,2024-07-26 14:43:04.437809,2024-07-27 08:15:00,1.0,False,2022-10-26
B-002743,R-0149,Badminton Court,2024-07-26 18:14:14.879434,2024-07-27 17:00:00,2.0,False,2020-09-09
B-002744,R-0144,Badminton Court,2024-07-26 19:10:04.356050,2024-07-27 17:00:00,3.0,False,2022-07-09
B-002745,R-0167,Kids Play Area,2024-07-26 20:14:09.631680,2024-07-27 09:45:00,2.0,False,2020-02-05
B-002746,R-0032,Tennis Court,2024-07-26 23:05:38.015406,2024-07-28 06:45:00,4.0,False,2020-08-02
B-002747,R-0237,Gym,2024-07-27 00:28:57.265838,2024-07-27 11:15:00,2.0,False,2020-12-11
B-002748,R-0276,Kids Play Area,2024-07-27 01:02:35.665011,2024-07-27 16:15:00,1.0,False,2021-12-03
B-002749,R-0026,Gym,2024-07-27 01:25:36.611031,2024-07-27 17:30:00,2.0,False,2022-01-18
B-002750,R-0054,Badminton Court,2024-07-27 04:41:13.041734,2024-07-27 18:30:00,2.0,False,2022-02-13
B-002751,R-0233,Badminton Court,2024-07-27 05:30:00.000000,2024-08-03 17:30:00,4.0,True,2021-11-14
B-002752,R-0091,Kids Play Area,2024-07-27 06:13:41.696143,2024-07-27 16:15:00,2.0,True,2023-12-22
B-002753,R-0206,Swimming Pool,2024-07-27 08:25:38.825756,2024-07-27 19:30:00,3.0,False,2021-06-14
B-002754,R-0240,Tennis Court,2024-07-27 09:06:42.886826,2024-08-02 17:45:00,4.0,True,2021-08-25
B-002755,R-0139,Tennis Court,2024-07-27 10:42:30.841141,2024-07-31 18:45:00,4.0,True,2022-06-23
B-002756,R-0045,Gym,2024-07-27 15:35:06.045760,2024-07-28 15:30:00,4.0,False,2020-05-15
B-002757,R-0236,Kids Play Area,2024-07-27 19:21:21.870491,2024-07-30 09:15:00,1.0,True,2021-05-07
B-002758,R-0190,Squash Court,2024-07-27 20:04:49.509063,2024-07-28 08:00:00,4.0,True,2022-05-02
B-002759,R-0061,Swimming Pool,2024-07-27 22:42:01.232439,2024-07-29 17:45:00,1.0,False,2022-11-06
B-002760,R-0114,Kids Play Area,2024-07-27 22:45:15.337866,2024-07-28 10:30:00,,True,2021-10-04
B-002761,R-0084,Kids Play Area,2024-07-28 03:44:22.201658,2024-07-28 10:00:00,1.0,False,2021-03-07
B-002762,R-0073,Swimming Pool,2024-07-28 03:53:33.199923,2024-07-28 08:45:00,1.0,True,2021-06-20
B-002763,R-0158,Swimming Pool,2024-07-28 04:32:10.926104,2024-07-28 16:00:00,1.0,True,2021-11-01
B-002764,R-0309,Kids Play Area,2024-07-28 05:08:07.385788,2024-07-28 10:00:00,1.0,True,2022-05-22
B-002765,R-0220,Gym,2024-07-28 06:23:27.539487,2024-07-29 16:30:00,5.0,False,2021-05-12
B-002766,R-0280,Squash Court,2024-07-28 07:17:02.810109,2024-07-29 18:45:00,3.0,False,2020-03-31
B-002767,R-0062,Badminton Court,2024-07-28 07:49:33.321870,2024-07-29 20:45:00,2.0,False,2020-06-01
B-002768,R-0146,Gym,2024-07-28 08:40:58.831105,2024-07-28 11:45:00,4.0,False,2020-03-14
B-002769,R-0064,Swimming Pool,2024-07-28 09:52:34.302537,2024-07-28 17:15:00,2.0,False,2022-10-17
B-002770,R-0018,Tennis Court,2024-07-28 11:44:59.789638,2024-07-28 19:00:00,3.0,False,2020-12-01
B-002771,R-0203,Tennis Court,2024-07-28 12:07:28.296482,2024-07-29 07:15:00,4.0,False,2023-10-19
B-002772,R-0178,Badminton Court,2024-07-28 13:31:29.340641,2024-07-28 20:00:00,2.0,True,2023-06-30
B-002773,R-0171,Kids Play Area,2024-07-28 14:21:10.186341,2024-07-28 18:15:00,4.0,False,2020-03-16
B-002774,R-0182,Gym,2024-07-28 17:50:14.698687,2024-07-29 08:15:00,2.0,True,2022-11-04
B-002775,R-0244,Badminton Court,2024-07-29 02:32:41.325851,2024-07-30 21:30:00,2.0,True,2022-07-27
B-002776,R-0062,Badminton Court,2024-07-29 02:54:05.356826,2024-07-30 17:45:00,2.0,False,2020-06-01
B-002777,R-0023,Kids Play Area,2024-07-29 09:27:11.933906,2024-07-29 10:30:00,1.0,False,2022-12-13
B-002778,R-0128,Tennis Court,2024-07-29 11:30:07.893503,2024-07-30 17:00:00,4.0,False,2021-12-26
B-002779,R-0180,Kids Play Area,2024-07-29 12:21:46.597367,2024-07-29 16:00:00,2.0,False,2020-05-11
B-002780,R-0316,Swimming Pool,2024-07-29 14:00:43.053253,2024-07-29 18:30:00,5.0,False,2021-06-15
B-002781,R-0194,Kids Play Area,2024-07-29 14:40:19.766672,2024-07-29 17:15:00,1.0,False,2023-01-19
B-002782,R-0005,Badminton Court,2024-07-29 16:42:46.884971,2024-07-31 17:30:00,3.0,True,2021-05-16
B-002783,R-0215,Badminton Court,2024-07-30 01:00:40.898481,2024-07-30 18:45:00,2.0,True,2023-03-17
B-002784,R-0248,Clubhouse,2024-07-30 02:10:09.399538,2024-08-04 11:15:00,2.0,True,2022-12-30
B-002785,R-0110,Badminton Court,2024-07-30 05:19:29.816853,2024-07-30 19:15:00,4.0,False,2022-06-09
B-002786,R-0267,Kids Play Area,2024-07-30 11:57:53.614423,2024-07-30 16:00:00,3.0,False,2021-09-07
B-002787,R-0183,Multipurpose Hall,2024-07-30 12:42:46.226973,2024-08-03 11:30:00,5.0,False,2021-12-25
B-002788,R-0096,Swimming Pool,2024-07-30 13:39:19.457918,2024-07-30 19:30:00,1.0,False,2022-10-22
B-002789,R-0062,Badminton Court,2024-07-30 14:45:05.647059,2024-08-03 20:30:00,2.0,False,2020-06-01
B-002790,R-0163,Kids Play Area,2024-07-30 14:53:22.072712,2024-07-30 18:30:00,3.0,True,2022-11-25
B-002791,R-0090,Squash Court,2024-07-30 16:57:37.607438,2024-08-03 08:00:00,3.0,False,2020-03-27
B-002792,R-0090,Badminton Court,2024-07-30 17:40:56.782223,2024-07-31 21:00:00,3.0,False,2020-03-27
B-002793,R-0085,Tennis Court,2024-07-30 17:53:21.900487,2024-07-31 17:30:00,1.0,False,2022-03-24
B-002794,R-0115,Squash Court,2024-07-30 19:11:06.103374,2024-07-31 07:15:00,2.0,False,2021-08-17
B-002795,R-0204,Multipurpose Hall,2024-07-30 19:35:18.205056,2024-08-01 10:15:00,4.0,False,2022-05-24
B-002796,R-0030,Tennis Court,2024-07-30 22:51:58.250068,2024-08-03 07:00:00,2.0,True,2023-02-05
B-002797,R-0311,Multipurpose Hall,2024-07-31 01:31:29.513948,2024-09-19 18:45:00,5.0,False,2021-06-05
B-002798,R-0176,Swimming Pool,2024-07-31 04:31:09.491367,2024-07-31 06:45:00,5.0,True,2022-03-04
B-002799,R-0269,Badminton Court,2024-07-31 05:27:51.481357,2024-07-31 19:00:00,5.0,False,2023-11-18
B-002800,R-0052,Badminton Court,2024-07-31 06:34:33.739330,2024-07-31 17:30:00,3.0,True,2022-09-27
B-002801,R-0177,Squash Court,2024-07-31 08:36:36.965181,2024-07-31 18:45:00,1.0,False,2021-12-08
B-002802,R-0086,Squash Court,2024-07-31 08:41:07.015293,2024-07-31 19:45:00,3.0,False,2023-06-29
B-002803,R-0268,Squash Court,2024-07-31 10:28:04.911190,2024-08-03 07:45:00,5.0,False,2022-10-01
B-002804,R-0194,Swimming Pool,2024-07-31 10:48:01.398995,2024-08-01 08:00:00,1.0,False,2023-01-19
B-002805,R-0212,Clubhouse,2024-07-31 11:56:17.321982,2024-08-17 11:30:00,5.0,False,2023-06-20
B-002806,R-0101,Gym,2024-07-31 12:15:34.461111,2024-08-01 07:15:00,2.0,False,2021-06-13
B-002807,R-0303,Gym,2024-07-31 17:30:47.969910,2024-08-01 11:00:00,2.0,False,2020-02-09
B-002808,R-0105,Tennis Court,2024-07-31 17:36:25.184623,2024-08-06 07:30:00,1.0,False,2021-09-14
B-002809,R-0144,Swimming Pool,2024-07-31 23:23:24.189920,2024-08-03 06:00:00,3.0,False,2022-07-09
B-002810,R-0311,Kids Play Area,2024-07-31 23:28:46.126021,2024-08-01 10:30:00,5.0,False,2021-06-05
B-002811,R-0270,Badminton Court,2024-08-01 02:39:40.460552,2024-08-01 21:45:00,2.0,True,2023-11-01
B-002812,R-0290,Squash Court,2024-08-01 04:24:33.119507,2024-08-01 19:30:00,3.0,False,2021-02-25
B-002813,R-0067,Swimming Pool,2024-08-01 12:04:30.413510,2024-08-01 18:15:00,3.0,False,2020-11-02
B-002814,R-0155,Badminton Court,2024-08-01 13:41:04.173929,2024-08-03 17:45:00,5.0,True,2021-02-12
B-002815,R-0280,Tennis Court,2024-08-01 13:59:33.929708,2024-08-02 17:15:00,3.0,False,2020-03-31
B-002816,R-0036,Gym,2024-08-01 15:57:35.431729,2024-08-02 08:45:00,3.0,True,2021-02-14
B-002817,R-0113,Swimming Pool,2024-08-01 19:54:58.876491,2024-08-02 07:30:00,4.0,False,2022-06-28
B-002818,R-0263,Clubhouse,2024-08-01 21:38:09.347164,2024-09-18 20:45:00,3.0,True,2022-08-11
B-002819,R-0187,Badminton Court,2024-08-01 21:40:18.655519,2024-08-02 19:15:00,4.0,False,2020-04-30
B-002820,R-0314,Gym,2024-08-01 22:44:48.414137,2024-08-04 17:15:00,2.0,False,2022-04-28
B-002821,R-0079,Squash Court,2024-08-01 23:09:55.203310,2024-08-04 08:30:00,3.0,True,2020-08-30
B-002822,R-0004,Multipurpose Hall,2024-08-02 00:56:43.605284,2024-08-05 10:00:00,2.0,True,2023-10-13
B-002823,R-0294,Clubhouse,2024-08-02 02:25:18.450646,2024-08-03 20:45:00,4.0,False,2021-02-22
B-002824,R-0317,Gym,2024-08-02 02:56:28.124450,2024-08-02 10:30:00,1.0,False,2023-02-18
B-002825,R-0037,Squash Court,2024-08-02 03:02:20.082305,2024-08-02 08:00:00,1.0,False,2021-10-22
B-002826,R-0133,Swimming Pool,2024-08-02 03:39:42.753075,2024-08-02 17:45:00,4.0,False,2020-03-10
B-002827,R-0033,Kids Play Area,2024-08-02 12:43:13.427828,2024-08-02 16:30:00,1.0,False,2022-09-12
B-002828,R-0070,Clubhouse,2024-08-02 22:35:24.235882,2024-08-12 11:00:00,3.0,False,2020-04-24
B-002829,R-0075,Gym,2024-08-02 22:57:16.579551,2024-08-04 07:30:00,2.0,False,2023-01-11
B-002830,R-0167,Tennis Court,2024-08-03 00:28:06.843271,2024-08-03 07:30:00,2.0,False,2020-02-05
B-002831,R-0061,Tennis Court,2024-08-03 02:27:11.035139,2024-08-03 19:00:00,1.0,False,2022-11-06
B-002832,R-0149,Swimming Pool,2024-08-03 05:57:28.937911,2024-08-03 18:45:00,2.0,False,2020-09-09
B-002833,R-0054,Squash Court,2024-08-03 06:00:19.576560,2024-08-03 08:00:00,2.0,False,2022-02-13
B-002834,R-0278,Kids Play Area,2024-08-03 06:01:40.324804,2024-08-03 09:45:00,4.0,False,2023-06-25
B-002835,R-0259,Clubhouse,2024-08-03 06:37:13.118066,2024-08-15 19:15:00,3.0,False,2023-12-21
B-002836,R-0292,Swimming Pool,2024-08-03 08:29:34.303193,2024-08-04 07:30:00,3.0,False,2020-01-30
B-002837,R-0029,Kids Play Area,2024-08-03 08:29:36.214170,2024-08-03 16:30:00,1.0,False,2020-03-01
B-002838,R-0296,Squash Court,2024-08-03 09:03:17.231959,2024-08-04 18:00:00,5.0,False,2021-02-23
B-002839,R-0032,Multipurpose Hall,2024-08-03 09:23:24.385800,2024-08-07 11:45:00,4.0,False,2020-08-02
B-002840,R-0233,Badminton Court,2024-08-03 09:30:00.000000,2024-08-10 21:30:00,4.0,True,2021-11-14
B-002841,R-0276,Kids Play Area,2024-08-03 09:30:32.036122,2024-08-03 16:00:00,1.0,False,2021-12-03
B-002842,R-0028,Gym,2024-08-03 10:08:25.315670,2024-08-03 13:15:00,4.0,False,2023-12-08
B-002843,R-0205,Squash Court,2024-08-03 10:47:43.841829,2024-08-04 20:30:00,3.0,False,2023-01-19
B-002844,R-0168,Kids Play Area,2024-08-03 11:11:06.836115,2024-08-03 18:00:00,3.0,True,2022-09-23
B-002845,R-0069,Kids Play Area,2024-08-03 13:44:13.771263,2024-08-03 17:45:00,1.0,False,2023-11-30
B-002846,R-0165,Squash Court,2024-08-03 16:22:28.703596,2024-08-03 19:45:00,2.0,False,2021-12-19
B-002847,R-0134,Badminton Court,2024-08-03 17:21:28.455396,2024-08-05 18:00:00,4.0,False,2020-03-31
B-002848,R-0024,Swimming Pool,2024-08-03 17:45:00.507178,2024-08-05 07:15:00,1.0,False,2020-09-16
B-002849,R-0058,Multipurpose Hall,2024-08-03 20:43:30.925254,2024-08-06 10:00:00,3.0,False,2023-09-11
B-002850,R-0300,Badminton Court,2024-08-03 21:35:45.436363,2024-08-04 19:30:00,4.0,False,2023-10-05
B-002851,R-0020,Gym,2024-08-03 23:14:01.182185,2024-08-04 09:00:00,1.0,False,2021-04-01
B-002852,R-0050,Swimming Pool,2024-08-04 00:08:38.796347,2024-08-04 06:00:00,2.0,False,2022-11-09
B-002853,R-0209,Gym,2024-08-04 02:18:18.156883,2024-08-04 06:45:00,3.0,False,2023-07-20
B-002854,R-0146,Kids Play Area,2024-08-04 04:18:18.151470,2024-08-04 10:45:00,4.0,False,2020-03-14
B-002855,R-0066,Gym,2024-08-04 04:45:24.544935,2024-08-05 08:30:00,2.0,False,2021-02-13
B-002856,R-0166,Gym,2024-08-04 05:38:04.044605,2024-08-04 11:00:00,4.0,False,2022-10-13
B-002857,R-0039,Multipurpose Hall,2024-08-04 08:14:33.558636,2024-08-13 10:30:00,5.0,False,2020-08-27
B-002858,R-0172,Gym,2024-08-04 10:27:06.430102,2024-08-04 17:00:00,2.0,False,2020-03-14
B-002859,R-0215,Kids Play Area,2024-08-04 10:51:12.984835,2024-08-04 17:15:00,2.0,True,2023-03-17
B-002860,R-0162,Badminton Court,2024-08-04 11:07:10.836058,2024-08-05 20:00:00,5.0,True,2020-05-09
B-002861,R-0122,Kids Play Area,2024-08-04 11:07:44.382139,2024-08-04 17:30:00,1.0,False,2022-11-04
B-002862,R-0025,Swimming Pool,2024-08-04 14:15:37.989079,2024-08-06 07:30:00,4.0,True,2020-12-30
B-002863,R-0086,Squash Court,2024-08-04 14:48:40.584625,2024-08-04 19:15:00,3.0,False,2023-06-29
B-002864,R-0232,Kids Play Area,2024-08-04 22:30:33.563552,2024-08-05 10:00:00,5.0,True,2022-05-16
B-002865,R-0210,Squash Court,2024-08-05 00:24:41.638558,2024-08-05 07:45:00,1.0,False,2022-05-08
B-002866,R-0128,Badminton Court,2024-08-05 05:24:53.358303,2024-08-05 19:15:00,4.0,False,2021-12-26
B-002867,R-0139,Badminton Court,2024-08-05 05:37:05.693712,2024-08-08 20:15:00,4.0,True,2022-06-23
B-002868,R-0293,Badminton Court,2024-08-05 06:03:01.934685,2024-08-05 21:30:00,3.0,True,2023-08-16
B-002869,R-0013,Gym,2024-08-05 08:35:25.700319,2024-08-05 16:45:00,1.0,True,2023-10-18
B-002870,R-0195,Tennis Court,2024-08-05 12:00:55.264528,2024-08-07 18:45:00,3.0,True,2022-06-30
B-002871,R-0304,Badminton Court,2024-08-05 14:02:08.214906,2024-08-05 20:45:00,1.0,False,2022-12-16
B-002872,R-0221,Gym,2024-08-05 15:02:52.120487,2024-08-07 06:15:00,1.0,True,2023-09-29
B-002873,R-0180,Kids Play Area,2024-08-05 15:11:44.043469,2024-08-05 18:00:00,2.0,False,2020-05-11
B-002874,R-0083,Kids Play Area,2024-08-05 15:15:26.678364,2024-08-05 18:15:00,1.0,True,2020-03-12
B-002875,R-0263,Swimming Pool,2024-08-05 15:56:04.196114,2024-08-07 16:45:00,3.0,True,2022-08-11
B-002876,R-0136,Swimming Pool,2024-08-05 16:29:09.376239,2024-08-06 06:15:00,5.0,False,2021-06-17
B-002877,R-0102,Tennis Court,2024-08-05 17:30:56.179409,2024-08-07 06:15:00,1.0,False,2022-05-02
B-002878,R-0056,Swimming Pool,2024-08-05 20:17:30.177500,2024-08-06 08:45:00,2.0,True,2020-07-16
B-002879,R-0245,Squash Court,2024-08-05 21:44:31.271197,2024-08-07 08:45:00,1.0,False,2022-02-09
B-002880,R-0253,Tennis Court,2024-08-05 22:36:57.741967,2024-08-06 06:45:00,4.0,True,2023-11-16
B-002881,R-0038,Swimming Pool,2024-08-06 01:36:02.165621,2024-08-06 18:00:00,5.0,False,2020-08-26
B-002882,R-0145,Badminton Court,2024-08-06 04:05:49.672082,2024-08-06 19:15:00,1.0,False,2021-10-20
B-002883,R-0185,Tennis Court,2024-08-06 06:52:16.556978,2024-08-06 18:00:00,4.0,False,2023-10-25
B-002884,R-0151,Gym,2024-08-06 06:59:03.592425,2024-08-06 17:45:00,4.0,True,2020-08-06
B-002885,R-0100,Tennis Court,2024-08-06 09:05:03.662870,2024-08-06 17:45:00,5.0,True,2020-08-16
B-002886,R-0158,Kids Play Area,2024-08-06 14:21:57.384337,2024-08-06 17:45:00,1.0,True,2021-11-01
B-002887,R-0016,Clubhouse,2024-08-06 17:25:40.370892,2024-08-21 19:30:00,1.0,True,2020-04-13
B-002888,R-0134,Clubhouse,2024-08-06 18:18:37.546165,2024-08-15 18:00:00,4.0,False,2020-03-31
B-002889,R-0141,Swimming Pool,2024-08-06 21:53:33.690328,2024-08-07 07:00:00,1.0,False,2020-01-06
B-002890,R-0138,Swimming Pool,2024-08-06 23:50:52.021846,2024-08-07 19:45:00,3.0,False,2021-08-01
B-002891,R-0225,Clubhouse,2024-08-07 01:08:14.587038,2024-08-13 11:45:00,2.0,False,2021-03-31
B-002892,R-0094,Clubhouse,2024-08-07 01:29:09.401642,2024-08-12 17:15:00,5.0,False,2020-03-17
B-002893,R-0159,Multipurpose Hall,2024-08-07 03:50:47.637636,2024-08-08 19:00:00,3.0,True,2022-11-14
B-002894,R-0122,Badminton Court,2024-08-07 07:32:35.454068,2024-08-10 21:15:00,1.0,False,2022-11-04
B-002895,R-0301,Swimming Pool,2024-08-07 08:34:33.571395,2024-08-07 19:00:00,3.0,False,2023-12-19
B-002896,R-0011,Multipurpose Hall,2024-08-07 09:39:42.090226,2024-08-18 19:00:00,4.0,False,2022-01-15
B-002897,R-0098,Kids Play Area,2024-08-07 13:03:01.891902,2024-08-07 18:30:00,4.0,False,2022-10-31
B-002898,R-0247,Swimming Pool,2024-08-07 13:49:07.295962,2024-08-07 16:15:00,3.0,True,2021-09-01
B-002899,R-0202,Gym,2024-08-07 15:24:04.096860,2024-08-11 15:45:00,3.0,True,2021-04-27
B-002900,R-0137,Kids Play Area,2024-08-07 16:28:36.791174,2024-08-07 17:30:00,2.0,True,2020-08-26
B-002901,R-0046,Kids Play Area,2024-08-07 17:01:43.729792,2024-08-07 17:45:00,1.0,True,2021-11-08
B-002902,R-0207,Multipurpose Hall,2024-08-07 18:05:51.804172,2024-08-14 19:00:00,3.0,False,2021-04-11
B-002903,R-0206,Tennis Court,2024-08-07 19:23:31.917137,2024-08-10 18:45:00,3.0,False,2021-06-14
B-002904,R-0083,Squash Court,2024-08-07 19:49:03.004964,2024-08-08 08:00:00,1.0,True,2020-03-12
B-002905,R-0259,Gym,2024-08-07 19:52:28.983908,2024-08-08 15:00:00,3.0,False,2023-12-21
B-002906,R-0092,Kids Play Area,2024-08-07 19:54:24.136713,2024-08-08 17:30:00,3.0,False,2023-07-28
B-002907,R-0135,Kids Play Area,2024-08-08 02:27:19.676687,2024-08-08 18:15:00,2.0,True,2021-05-18
B-002908,R-0059,Kids Play Area,2024-08-08 05:47:54.190372,2024-08-08 10:45:00,2.0,True,2021-11-08
B-002909,R-0305,Gym,2024-08-08 07:09:55.575649,2024-08-08 09:00:00,5.0,False,2023-08-05
B-002910,R-0307,Kids Play Area,2024-08-08 07:10:00.132532,2024-08-08 10:30:00,2.0,True,2022-03-13
B-002911,R-0248,Clubhouse,2024-08-08 12:17:12.018808,2024-08-18 11:30:00,2.0,True,2022-12-30
B-002912,R-0142,Kids Play Area,2024-08-08 16:41:35.313520,2024-08-08 17:30:00,5.0,False,2020-05-05
B-002913,R-0115,Tennis Court,2024-08-08 22:30:35.528952,2024-08-12 19:15:00,2.0,False,2021-08-17
B-002914,R-0184,Badminton Court,2024-08-08 23:58:33.508459,2024-08-09 21:45:00,1.0,False,2022-11-30
B-002915,R-0229,Squash Court,2024-08-09 00:55:20.716937,2024-08-10 07:45:00,2.0,False,2020-02-16
B-002916,R-0057,Swimming Pool,2024-08-09 01:01:16.228376,2024-08-09 06:45:00,2.0,False,2022-06-23
B-002917,R-0182,Gym,2024-08-09 01:01:39.988595,2024-08-10 08:30:00,2.0,True,2022-11-04
B-002918,R-0265,Swimming Pool,2024-08-09 01:41:23.296132,2024-08-11 17:00:00,3.0,False,2023-04-02
B-002919,R-0023,Tennis Court,2024-08-09 01:55:55.168117,2024-08-09 07:30:00,1.0,False,2022-12-13
B-002920,R-0119,Kids Play Area,2024-08-09 01:56:45.001776,2024-08-09 16:45:00,5.0,False,2023-12-08
B-002921,R-0269,Badminton Court,2024-08-09 02:29:27.201126,2024-08-10 17:30:00,5.0,False,2023-11-18
B-002922,R-0082,Gym,2024-08-09 04:45:15.480627,2024-08-10 16:00:00,4.0,False,2020-08-31
B-002923,R-0153,Swimming Pool,2024-08-09 06:27:00.096029,2024-08-09 08:15:00,5.0,False,2023-03-03
B-002924,R-0234,Squash Court,2024-08-09 07:41:00.381769,2024-08-09 19:45:00,4.0,False,2022-03-24
B-002925,R-0263,Badminton Court,2024-08-09 08:43:07.366773,2024-08-16 20:00:00,3.0,True,2022-08-11
B-002926,R-0173,Gym,2024-08-09 10:29:56.283982,2024-08-11 20:30:00,2.0,False,2021-03-09
B-002927,R-0186,Gym,2024-08-09 13:35:04.058359,2024-08-10 18:45:00,2.0,False,2020-11-10
B-002928,R-0188,Badminton Court,2024-08-09 14:15:15.121290,2024-08-11 17:15:00,,False,2023-02-11
B-002929,R-0230,Gym,2024-08-09 14:52:21.560002,2024-08-11 09:45:00,5.0,False,2021-08-29
B-002930,R-0084,Squash Court,2024-08-09 16:44:21.826184,2024-08-13 07:15:00,1.0,False,2021-03-07
B-002931,R-0283,Gym,2024-08-09 18:53:19.313834,2024-08-12 07:15:00,1.0,False,2020-02-28
B-002932,R-0168,Kids Play Area,2024-08-09 19:40:18.829584,2024-08-10 17:45:00,3.0,True,2022-09-23
B-002933,R-0144,Badminton Court,2024-08-09 21:22:45.466798,2024-08-10 17:45:00,3.0,False,2022-07-09
B-002934,R-0141,Multipurpose Hall,2024-08-10 00:38:29.735113,2024-08-13 10:15:00,1.0,False,2020-01-06
B-002935,R-0287,Swimming Pool,2024-08-10 00:57:53.881531,2024-08-10 19:45:00,3.0,False,2022-04-21
B-002936,R-0299,Tennis Court,2024-08-10 02:39:18.926428,2024-08-10 19:15:00,5.0,False,2020-07-29
B-002937,R-0303,Squash Court,2024-08-10 04:58:41.482878,2024-08-10 19:00:00,2.0,False,2020-02-09
B-002938,R-0127,Tennis Court,2024-08-10 06:15:25.249794,2024-08-10 17:45:00,3.0,False,2020-06-15
B-002939,R-0196,Clubhouse,2024-08-10 09:07:25.469007,2024-08-24 20:00:00,2.0,True,2022-01-24
B-002940,R-0045,Tennis Court,2024-08-10 09:11:50.548305,2024-08-10 19:30:00,4.0,False,2020-05-15
B-002941,R-0014,Swimming Pool,2024-08-10 12:48:36.390228,2024-08-11 06:00:00,3.0,False,2023-02-21
B-002942,R-0041,Tennis Court,2024-08-10 14:20:00.975728,2024-08-10 18:45:00,1.0,True,2020-07-01
B-002943,R-0067,Swimming Pool,2024-08-10 15:18:01.840935,2024-08-10 18:15:00,3.0,False,2020-11-02
B-002944,R-0152,Swimming Pool,2024-08-10 17:35:44.389575,2024-08-11 19:30:00,1.0,True,2020-03-08
B-002945,R-0203,Tennis Court,2024-08-10 23:19:51.109349,2024-08-11 18:30:00,4.0,False,2023-10-19
B-002946,R-0028,Swimming Pool,2024-08-11 01:11:58.548688,2024-08-11 19:15:00,4.0,False,2023-12-08
B-002947,R-0101,Badminton Court,2024-08-11 01:16:52.028701,2024-08-11 19:30:00,2.0,False,2021-06-13
B-002948,R-0054,Squash Court,2024-08-11 04:07:39.901980,2024-08-11 08:30:00,2.0,False,2022-02-13
B-002949,R-0096,Kids Play Area,2024-08-11 04:38:01.765880,2024-08-11 10:15:00,1.0,False,2022-10-22
B-002950,R-0196,Swimming Pool,2024-08-11 12:41:58.653427,2024-08-16 17:15:00,2.0,True,2022-01-24
B-002951,R-0109,Gym,2024-08-11 13:42:13.345903,2024-08-13 11:45:00,3.0,False,2022-10-11
B-002952,R-0016,Squash Court,2024-08-11 14:26:31.256079,2024-08-12 19:30:00,1.0,True,2020-04-13
B-002953,R-0027,Badminton Court,2024-08-11 15:38:53.711775,2024-08-11 21:45:00,2.0,False,2023-03-12
B-002954,R-0077,Kids Play Area,2024-08-11 15:58:31.782466,2024-08-11 17:00:00,5.0,False,2020-09-28
B-002955,R-0318,Multipurpose Hall,2024-08-11 20:22:10.194583,2024-08-31 19:00:00,4.0,False,2021-01-26
B-002956,R-0229,Squash Court,2024-08-11 21:55:44.591832,2024-08-13 07:30:00,2.0,False,2020-02-16
B-002957,R-0279,Clubhouse,2024-08-12 00:50:19.909203,2024-08-18 17:15:00,1.0,False,2023-11-24
B-002958,R-0244,Kids Play Area,2024-08-12 00:59:29.781615,2024-08-12 09:30:00,2.0,True,2022-07-27
B-002959,R-0226,Tennis Court,2024-08-12 02:39:27.570244,2024-08-12 19:15:00,3.0,False,2020-02-27
B-002960,R-0188,Multipurpose Hall,2024-08-12 04:10:53.950644,2024-08-29 18:45:00,1.0,False,2023-02-11
B-002961,R-0105,Swimming Pool,2024-08-12 04:43:46.590805,2024-08-13 08:00:00,1.0,False,2021-09-14
B-002962,R-0052,Kids Play Area,2024-08-12 06:23:31.287546,2024-08-12 10:45:00,3.0,True,2022-09-27
B-002963,R-0284,Gym,2024-08-12 08:06:20.384289,2024-08-16 09:45:00,1.0,False,2023-06-19
B-002964,R-0095,Swimming Pool,2024-08-12 11:26:06.418973,2024-08-12 17:30:00,4.0,False,2020-03-19
B-002965,R-0111,Swimming Pool,2024-08-12 11:29:56.198316,2024-08-13 19:45:00,2.0,True,2022-01-10
B-002966,R-0228,Gym,2024-08-12 12:15:04.819020,2024-08-12 20:30:00,4.0,False,2023-09-10
B-002967,R-0231,Tennis Court,2024-08-12 14:31:14.787500,2024-08-15 18:15:00,1.0,False,2021-10-30
B-002968,R-0036,Kids Play Area,2024-08-12 16:36:29.575435,2024-08-12 18:00:00,3.0,True,2021-02-14
B-002969,R-0090,Badminton Court,2024-08-12 21:03:46.288132,2024-08-13 17:30:00,3.0,False,2020-03-27
B-002970,R-0074,Badminton Court,2024-08-12 23:04:06.214168,2024-08-14 18:30:00,3.0,False,2020-01-21
B-002971,R-0302,Multipurpose Hall,2024-08-12 23:45:27.700130,2024-08-26 17:15:00,2.0,True,2023-05-11
B-002972,R-0238,Clubhouse,2024-08-13 00:38:27.122392,2024-08-15 11:45:00,3.0,True,2023-07-13
B-002973,R-0197,Gym,2024-08-13 01:43:14.908672,2024-08-13 15:30:00,3.0,False,2023-05-10
B-002974,R-0178,Badminton Court,2024-08-13 12:46:05.086950,2024-08-13 20:30:00,2.0,True,2023-06-30
B-002975,R-0194,Swimming Pool,2024-08-13 17:13:04.986532,2024-08-15 08:00:00,1.0,False,2023-01-19
B-002976,R-0003,Tennis Court,2024-08-13 19:38:24.771159,2024-08-17 07:45:00,1.0,False,2020-06-06
B-002977,R-0228,Badminton Court,2024-08-13 20:54:16.252188,2024-08-15 19:30:00,4.0,False,2023-09-10
B-002978,R-0020,Gym,2024-08-14 00:41:33.991441,2024-08-15 09:30:00,1.0,False,2021-04-01
B-002979,R-0220,Gym,2024-08-14 03:15:39.872908,2024-08-14 16:30:00,5.0,False,2021-05-12
B-002980,R-0281,Tennis Court,2024-08-14 03:30:52.002958,2024-08-15 19:00:00,4.0,False,2022-02-14
B-002981,R-0210,Tennis Court,2024-08-14 04:40:07.164592,2024-08-14 19:45:00,1.0,False,2022-05-08
B-002982,R-0070,Gym,2024-08-14 08:50:49.873104,2024-08-15 19:45:00,3.0,False,2020-04-24
B-002983,R-0036,Multipurpose Hall,2024-08-14 10:00:00.000000,2024-08-15 10:00:00,3.0,True,2021-02-14
B-002984,R-0240,Kids Play Area,2024-08-14 11:09:55.886234,2024-08-14 17:15:00,4.0,True,2021-08-25
B-002985,R-0276,Kids Play Area,2024-08-14 12:26:00.070944,2024-08-14 16:45:00,1.0,False,2021-12-03
B-002986,R-0045,Gym,2024-08-14 13:33:41.115703,2024-08-14 15:45:00,4.0,False,2020-05-15
B-002987,R-0112,Clubhouse,2024-08-14 14:37:40.097136,2024-08-23 17:45:00,5.0,False,2020-06-02
B-002988,R-0193,Badminton Court,2024-08-14 15:37:17.064900,2024-08-14 20:00:00,2.0,True,2021-06-16
B-002989,R-0158,Kids Play Area,2024-08-14 16:37:31.692145,2024-08-14 17:00:00,1.0,True,2021-11-01
B-002990,R-0311,Kids Play Area,2024-08-14 22:26:50.736464,2024-08-15 16:15:00,5.0,False,2021-06-05
B-002991,R-0026,Squash Court,2024-08-15 01:00:22.973475,2024-08-15 18:00:00,2.0,False,2022-01-18
B-002992,R-0139,Tennis Court,2024-08-15 01:51:01.566962,2024-08-16 19:15:00,4.0,True,2022-06-23
B-002993,R-0234,Gym,2024-08-15 05:22:56.888742,2024-08-15 17:45:00,4.0,False,2022-03-24
B-002994,R-0274,Gym,2024-08-15 06:59:47.902381,2024-08-15 11:30:00,1.0,False,2021-08-07
B-002995,R-0148,Kids Play Area,2024-08-15 08:19:27.917737,2024-08-15 18:15:00,3.0,False,2020-09-02
B-002996,R-0075,Gym,2024-08-15 08:57:11.908116,2024-08-16 12:00:00,2.0,False,2023-01-11
B-002997,R-0043,Swimming Pool,2024-08-15 09:45:30.429953,2024-08-15 19:15:00,5.0,False,2023-06-13
B-002998,R-0064,Gym,2024-08-15 11:23:43.074407,2024-08-15 18:30:00,2.0,False,2022-10-17
B-002999,R-0174,Clubhouse,2024-08-15 11:54:04.734221,2024-09-18 11:30:00,3.0,False,2022-11-22
B-003000,R-0243,Swimming Pool,2024-08-15 13:56:50.891568,2024-08-15 18:15:00,2.0,False,2022-10-01
B-003001,R-0249,Gym,2024-08-15 18:49:21.516898,2024-08-17 06:45:00,4.0,True,2021-04-14
B-003002,R-0275,Squash Court,2024-08-16 00:59:31.534975,2024-08-18 18:30:00,4.0,True,2020-05-07
B-003003,R-0110,Swimming Pool,2024-08-16 03:19:32.105462,2024-08-17 06:00:00,4.0,False,2022-06-09
B-003004,R-0305,Gym,2024-08-16 04:27:45.694656,2024-08-16 09:30:00,5.0,False,2023-08-05
B-003005,R-0120,Kids Play Area,2024-08-16 07:54:07.605348,2024-08-16 10:30:00,2.0,True,2023-09-11
B-003006,R-0207,Badminton Court,2024-08-16 08:33:51.837756,2024-08-16 21:45:00,3.0,False,2021-04-11
B-003007,R-0232,Kids Play Area,2024-08-16 08:46:17.917947,2024-08-16 10:15:00,5.0,True,2022-05-16
B-003008,R-0288,Gym,2024-08-16 09:13:10.330926,2024-08-17 07:45:00,4.0,False,2023-09-08
B-003009,R-0256,Swimming Pool,2024-08-16 10:20:07.471273,2024-08-16 16:15:00,3.0,True,2021-06-07
B-003010,R-0268,Squash Court,2024-08-16 12:47:31.151795,2024-08-17 07:30:00,5.0,False,2022-10-01
B-003011,R-0175,Squash Court,2024-08-16 12:51:11.604523,2024-08-17 08:30:00,1.0,False,2020-01-26
B-003012,R-0255,Gym,2024-08-16 13:01:08.290854,2024-08-17 12:00:00,4.0,False,2021-08-19
B-003013,R-0205,Kids Play Area,2024-08-16 15:24:51.673077,2024-08-16 17:45:00,3.0,False,2023-01-19
B-003014,R-0308,Squash Court,2024-08-16 17:30:10.648928,2024-08-17 07:15:00,5.0,False,2021-05-11
B-003015,R-0101,Badminton Court,2024-08-17 02:22:28.022404,2024-08-18 19:30:00,2.0,False,2021-06-13
B-003016,R-0279,Multipurpose Hall,2024-08-17 02:55:29.333072,2024-08-31 11:30:00,1.0,False,2023-11-24
B-003017,R-0091,Clubhouse,2024-08-17 03:04:39.095580,2024-08-24 17:15:00,2.0,True,2023-12-22
B-003018,R-0272,Tennis Court,2024-08-17 04:58:16.519911,2024-08-20 19:30:00,3.0,False,2021-11-30
B-003019,R-0073,Kids Play Area,2024-08-17 06:00:16.938586,2024-08-17 10:45:00,1.0,True,2021-06-20
B-003020,R-0006,Tennis Court,2024-08-17 06:13:01.512998,2024-08-18 07:00:00,1.0,True,2022-03-03
B-003021,R-0045,Tennis Court,2024-08-17 07:03:37.259609,2024-08-17 17:00:00,4.0,False,2020-05-15
B-003022,R-0046,Swimming Pool,2024-08-17 08:49:40.984964,2024-08-17 17:00:00,1.0,True,2021-11-08
B-003023,R-0269,Badminton Court,2024-08-17 10:24:04.041979,2024-08-17 20:45:00,5.0,False,2023-11-18
B-003024,R-0230,Tennis Court,2024-08-17 11:43:42.910004,2024-08-18 18:30:00,5.0,False,2021-08-29
B-003025,R-0061,Kids Play Area,2024-08-17 13:43:33.561206,2024-08-17 17:00:00,1.0,False,2022-11-06
B-003026,R-0233,Tennis Court,2024-08-17 16:23:26.184511,2024-08-22 07:45:00,4.0,True,2021-11-14
B-003027,R-0170,Swimming Pool,2024-08-17 17:27:07.241986,2024-08-18 18:30:00,4.0,False,2023-02-04
B-003028,R-0283,Kids Play Area,2024-08-17 18:30:10.827442,2024-08-18 18:30:00,1.0,False,2020-02-28
B-003029,R-0128,Squash Court,2024-08-18 00:02:05.441418,2024-08-19 19:00:00,4.0,False,2021-12-26
B-003030,R-0098,Gym,2024-08-18 01:29:20.183090,2024-08-19 09:30:00,4.0,False,2022-10-31
B-003031,R-0265,Swimming Pool,2024-08-18 03:08:07.426577,2024-08-18 17:15:00,3.0,False,2023-04-02
B-003032,R-0252,Gym,2024-08-18 04:37:13.373904,2024-08-18 08:00:00,2.0,True,2021-11-26
B-003033,R-0294,Gym,2024-08-18 05:32:34.395442,2024-08-18 07:45:00,4.0,False,2021-02-22
B-003034,R-0044,Squash Court,2024-08-18 07:34:45.795810,2024-08-18 19:30:00,1.0,False,2021-10-23
B-003035,R-0167,Gym,2024-08-18 08:50:47.681293,2024-08-18 10:00:00,2.0,False,2020-02-05
B-003036,R-0146,Swimming Pool,2024-08-18 11:00:07.847002,2024-08-18 19:45:00,4.0,False,2020-03-14
B-003037,R-0183,Gym,2024-08-18 11:43:02.332551,2024-08-18 15:30:00,5.0,False,2021-12-25
B-003038,R-0105,Tennis Court,2024-08-18 12:07:17.917330,2024-08-22 07:30:00,1.0,False,2021-09-14
B-003039,R-0137,Kids Play Area,2024-08-18 15:36:12.111331,2024-08-18 17:15:00,2.0,True,2020-08-26
B-003040,R-0174,Multipurpose Hall,2024-08-18 16:54:41.281429,2024-08-27 11:30:00,3.0,False,2022-11-22
B-003041,R-0086,Squash Court,2024-08-18 18:45:00.000000,2024-08-18 19:45:00,3.0,False,2023-06-29
B-003042,R-0313,Clubhouse,2024-08-18 18:45:00.000000,2024-08-19 18:45:00,2.0,False,2022-01-03
B-003043,R-0122,Swimming Pool,2024-08-18 22:57:26.029270,2024-08-19 16:00:00,1.0,False,2022-11-04
B-003044,R-0166,Gym,2024-08-19 01:03:01.807719,2024-08-19 11:45:00,4.0,False,2022-10-13
B-003045,R-0100,Badminton Court,2024-08-19 01:27:19.719666,2024-08-20 18:15:00,5.0,True,2020-08-16
B-003046,R-0052,Badminton Court,2024-08-19 03:10:16.076285,2024-08-19 17:30:00,3.0,True,2022-09-27
B-003047,R-0317,Tennis Court,2024-08-19 08:34:05.888114,2024-08-20 06:00:00,1.0,False,2023-02-18
B-003048,R-0021,Gym,2024-08-19 12:12:45.688705,2024-08-21 11:45:00,5.0,False,2021-06-16
B-003049,R-0063,Badminton Court,2024-08-19 12:41:32.206852,2024-08-19 19:30:00,2.0,False,2020-11-01
B-003050,R-0058,Tennis Court,2024-08-19 12:50:20.440056,2024-08-20 06:00:00,3.0,False,2023-09-11
B-003051,R-0026,Multipurpose Hall,2024-08-19 12:52:30.649150,2024-08-29 19:00:00,2.0,False,2022-01-18
B-003052,R-0280,Squash Court,2024-08-19 13:35:05.659189,2024-08-19 18:15:00,3.0,False,2020-03-31
B-003053,R-0056,Kids Play Area,2024-08-19 14:50:40.028975,2024-08-19 17:30:00,2.0,True,2020-07-16
B-003054,R-0085,Badminton Court,2024-08-19 16:54:37.870846,2024-08-20 20:45:00,1.0,False,2022-03-24
B-003055,R-0288,Multipurpose Hall,2024-08-19 18:19:57.159383,2024-09-01 10:15:00,4.0,False,2023-09-08
B-003056,R-0244,Swimming Pool,2024-08-19 18:58:15.498446,2024-08-21 18:15:00,2.0,True,2022-07-27
B-003057,R-0050,Clubhouse,2024-08-19 19:15:00.000000,2024-08-20 19:15:00,2.0,False,2022-11-09
B-003058,R-0059,Gym,2024-08-19 23:55:23.236733,2024-08-20 12:30:00,2.0,True,2021-11-08
B-003059,R-0172,Multipurpose Hall,2024-08-20 01:36:29.465538,2024-08-21 10:45:00,2.0,False,2020-03-14
B-003060,R-0141,Swimming Pool,2024-08-20 03:14:35.713397,2024-08-21 07:45:00,1.0,False,2020-01-06
B-003061,R-0112,Multipurpose Hall,2024-08-20 06:08:12.487386,2024-09-07 19:00:00,5.0,False,2020-06-02
B-003062,R-0220,Badminton Court,2024-08-20 07:30:15.298028,2024-08-23 18:30:00,5.0,False,2021-05-12
B-003063,R-0150,Swimming Pool,2024-08-20 07:55:36.891698,2024-08-20 17:30:00,5.0,False,2021-02-11
B-003064,R-0012,Gym,2024-08-20 09:06:08.148561,2024-08-21 17:15:00,4.0,True,2020-11-21
B-003065,R-0047,Squash Court,2024-08-20 10:25:29.934520,2024-08-20 18:00:00,2.0,False,2021-10-19
B-003066,R-0236,Gym,2024-08-20 10:53:23.751857,2024-08-21 06:15:00,1.0,True,2021-05-07
B-003067,R-0155,Kids Play Area,2024-08-20 12:22:32.486557,2024-08-20 18:45:00,5.0,True,2021-02-12
B-003068,R-0291,Badminton Court,2024-08-20 15:27:38.496579,2024-08-20 21:45:00,5.0,False,2020-11-14
B-003069,R-0129,Tennis Court,2024-08-20 15:34:50.607187,2024-08-23 06:30:00,2.0,False,2022-06-19
B-003070,R-0240,Squash Court,2024-08-20 21:13:47.209452,2024-08-22 18:15:00,4.0,True,2021-08-25
B-003071,R-0083,Multipurpose Hall,2024-08-20 21:41:18.480959,2024-09-05 17:30:00,1.0,True,2020-03-12
B-003072,R-0013,Swimming Pool,2024-08-20 21:43:38.751779,2024-08-21 19:30:00,1.0,True,2023-10-18
B-003073,R-0127,Tennis Court,2024-08-20 23:25:20.983100,2024-08-21 17:15:00,3.0,False,2020-06-15
B-003074,R-0307,Squash Court,2024-08-21 03:56:13.038757,2024-08-21 08:00:00,2.0,True,2022-03-13
B-003075,R-0041,Clubhouse,2024-08-21 04:15:50.556050,2024-08-22 20:15:00,1.0,True,2020-07-01
B-003076,R-0312,Gym,2024-08-21 06:15:39.227853,2024-08-23 11:45:00,1.0,False,2022-09-04
B-003077,R-0293,Tennis Court,2024-08-21 07:14:54.248410,2024-08-22 07:30:00,3.0,True,2023-08-16
B-003078,R-0114,Swimming Pool,2024-08-21 10:12:01.290340,2024-08-22 18:30:00,3.0,True,2021-10-04
B-003079,R-0032,Kids Play Area,2024-08-21 10:51:06.716431,2024-08-21 17:00:00,4.0,False,2020-08-02
B-003080,R-0255,Swimming Pool,2024-08-21 14:02:00.572992,2024-08-24 16:30:00,,False,2021-08-19
B-003081,R-0241,Multipurpose Hall,2024-08-21 17:07:44.313869,2024-09-02 18:45:00,3.0,False,2022-05-23
B-003082,R-0012,Multipurpose Hall,2024-08-21 17:57:17.320233,2024-09-01 17:00:00,4.0,True,2020-11-21
B-003083,R-0245,Badminton Court,2024-08-21 19:21:25.423575,2024-08-22 21:30:00,1.0,False,2022-02-09
B-003084,R-0029,Kids Play Area,2024-08-22 02:53:20.300028,2024-08-22 16:45:00,1.0,False,2020-03-01
B-003085,R-0224,Multipurpose Hall,2024-08-22 03:19:05.183849,2024-08-24 10:30:00,1.0,False,2021-05-19
B-003086,R-0083,Tennis Court,2024-08-22 03:57:09.597034,2024-08-22 19:45:00,1.0,True,2020-03-12
B-003087,R-0278,Gym,2024-08-22 06:03:52.675141,2024-08-22 09:15:00,4.0,False,2023-06-25
B-003088,R-0144,Swimming Pool,2024-08-22 07:13:11.842923,2024-08-24 06:45:00,3.0,False,2022-07-09
B-003089,R-0253,Kids Play Area,2024-08-22 09:54:09.184846,2024-08-22 10:30:00,4.0,True,2023-11-16
B-003090,R-0152,Swimming Pool,2024-08-22 11:54:20.045774,2024-08-23 19:00:00,1.0,True,2020-03-08
B-003091,R-0005,Badminton Court,2024-08-22 15:27:24.557277,2024-08-25 17:00:00,3.0,True,2021-05-16
B-003092,R-0062,Squash Court,2024-08-22 15:36:52.228995,2024-08-24 18:00:00,2.0,False,2020-06-01
B-003093,R-0259,Squash Court,2024-08-22 16:19:05.660538,2024-08-22 20:30:00,3.0,False,2023-12-21
B-003094,R-0269,Badminton Court,2024-08-22 16:22:30.803643,2024-08-25 19:00:00,5.0,False,2023-11-18
B-003095,R-0318,Clubhouse,2024-08-22 17:21:53.705337,2024-10-12 12:30:00,4.0,False,2021-01-26
B-003096,R-0161,Tennis Court,2024-08-23 00:40:20.648407,2024-08-23 17:15:00,4.0,True,2022-05-10
B-003097,R-0096,Gym,2024-08-23 01:03:15.919310,2024-08-23 11:30:00,1.0,False,2022-10-22
B-003098,R-0182,Gym,2024-08-23 01:10:43.250393,2024-08-23 08:30:00,2.0,True,2022-11-04
B-003099,R-0039,Kids Play Area,2024-08-23 01:22:24.713357,2024-08-23 16:30:00,5.0,False,2020-08-27
B-003100,R-0257,Swimming Pool,2024-08-23 02:25:58.968886,2024-08-23 18:45:00,4.0,False,2020-12-06
B-003101,R-0140,Tennis Court,2024-08-23 06:16:28.697027,2024-08-23 18:00:00,1.0,True,2022-11-16
B-003102,R-0111,Swimming Pool,2024-08-23 12:33:14.856406,2024-08-23 19:15:00,2.0,True,2022-01-10
B-003103,R-0038,Kids Play Area,2024-08-23 13:04:30.407890,2024-08-23 17:00:00,5.0,False,2020-08-26
B-003104,R-0166,Gym,2024-08-23 14:00:53.599147,2024-08-24 11:15:00,4.0,False,2022-10-13
B-003105,R-0240,Tennis Court,2024-08-23 17:50:28.321707,2024-09-01 17:45:00,4.0,True,2021-08-25
B-003106,R-0262,Swimming Pool,2024-08-23 19:30:31.046820,2024-08-24 18:45:00,5.0,False,2023-08-23
B-003107,R-0170,Swimming Pool,2024-08-23 19:31:26.045406,2024-08-26 18:45:00,4.0,False,2023-02-04
B-003108,R-0174,Swimming Pool,2024-08-23 23:03:30.102636,2024-08-24 16:30:00,3.0,False,2022-11-22
B-003109,R-0267,Tennis Court,2024-08-24 02:17:48.719040,2024-08-25 19:45:00,3.0,False,2021-09-07
B-003110,R-0146,Badminton Court,2024-08-24 05:09:53.295150,2024-08-24 18:30:00,4.0,False,2020-03-14
B-003111,R-0117,Swimming Pool,2024-08-24 05:42:11.625494,2024-08-25 08:15:00,4.0,False,2020-10-16
B-003112,R-0064,Gym,2024-08-24 07:05:02.759034,2024-08-24 18:15:00,2.0,False,2022-10-17
B-003113,R-0178,Clubhouse,2024-08-24 07:07:48.726531,2024-08-28 11:15:00,2.0,True,2023-06-30
B-003114,R-0265,Swimming Pool,2024-08-24 07:34:00.402926,2024-08-25 17:45:00,3.0,False,2023-04-02
B-003115,R-0297,Swimming Pool,2024-08-24 07:36:53.270999,2024-08-25 07:45:00,1.0,False,2021-05-14
B-003116,R-0169,Multipurpose Hall,2024-08-24 07:42:25.422251,2024-08-30 10:30:00,2.0,True,2020-03-26
B-003117,R-0028,Kids Play Area,2024-08-24 08:48:00.539696,2024-08-24 10:00:00,4.0,False,2023-12-08
B-003118,R-0290,Clubhouse,2024-08-24 14:43:28.355718,2024-08-28 20:45:00,3.0,False,2021-02-25
B-003119,R-0077,Kids Play Area,2024-08-24 15:21:25.827526,2024-08-24 17:15:00,5.0,False,2020-09-28
B-003120,R-0088,Tennis Court,2024-08-24 15:30:06.137300,2024-08-28 06:00:00,5.0,False,2023-05-21
B-003121,R-0076,Tennis Court,2024-08-24 17:25:27.555692,2024-08-26 07:30:00,2.0,False,2020-08-07
B-003122,R-0106,Swimming Pool,2024-08-24 18:25:47.145809,2024-08-25 08:00:00,1.0,True,2020-01-23
B-003123,R-0107,Tennis Court,2024-08-24 22:29:43.233049,2024-08-29 19:15:00,2.0,False,2021-10-10
B-003124,R-0092,Kids Play Area,2024-08-25 00:00:39.775805,2024-08-25 17:15:00,3.0,False,2023-07-28
B-003125,R-0190,Kids Play Area,2024-08-25 01:14:03.117669,2024-08-25 09:15:00,4.0,True,2022-05-02
B-003126,R-0180,Badminton Court,2024-08-25 02:23:01.409719,2024-08-25 18:00:00,2.0,False,2020-05-11
B-003127,R-0090,Badminton Court,2024-08-25 07:01:56.838366,2024-08-25 20:30:00,3.0,False,2020-03-27
B-003128,R-0233,Badminton Court,2024-08-25 08:48:00.239360,2024-08-27 17:00:00,4.0,True,2021-11-14
B-003129,R-0038,Multipurpose Hall,2024-08-25 09:51:55.148170,2024-08-28 19:30:00,5.0,False,2020-08-26
B-003130,R-0222,Squash Court,2024-08-25 11:32:04.477066,2024-08-25 18:45:00,3.0,False,2021-06-30
B-003131,R-0163,Kids Play Area,2024-08-25 13:33:25.368093,2024-08-25 18:15:00,3.0,True,2022-11-25
B-003132,R-0003,Badminton Court,2024-08-25 14:13:55.743398,2024-08-26 19:00:00,1.0,False,2020-06-06
B-003133,R-0198,Swimming Pool,2024-08-25 14:49:27.343310,2024-08-25 18:30:00,5.0,False,2023-09-18
B-003134,R-0236,Gym,2024-08-25 17:35:19.922940,2024-08-26 06:00:00,1.0,True,2021-05-07
B-003135,R-0293,Tennis Court,2024-08-25 19:10:31.423262,2024-08-28 06:00:00,3.0,True,2023-08-16
B-003136,R-0311,Kids Play Area,2024-08-25 20:47:51.683790,2024-08-26 16:30:00,5.0,False,2021-06-05
B-003137,R-0139,Tennis Court,2024-08-25 21:46:13.083205,2024-08-28 18:15:00,4.0,True,2022-06-23
B-003138,R-0199,Tennis Court,2024-08-25 23:17:38.971602,2024-08-27 19:15:00,1.0,False,2023-07-24
B-003139,R-0049,Kids Play Area,2024-08-25 23:30:01.230801,2024-08-27 10:45:00,3.0,True,2020-11-28
B-003140,R-0271,Gym,2024-08-25 23:57:20.117149,2024-08-26 16:45:00,1.0,True,2021-04-08
B-003141,R-0315,Tennis Court,2024-08-26 00:21:04.402952,2024-08-26 18:00:00,5.0,True,2022-01-23
B-003142,R-0034,Gym,2024-08-26 00:37:23.700072,2024-08-26 18:00:00,4.0,True,2020-04-02
B-003143,R-0183,Clubhouse,2024-08-26 02:05:05.955498,2024-08-30 19:30:00,5.0,False,2021-12-25
B-003144,R-0061,Swimming Pool,2024-08-26 02:16:00.455063,2024-08-28 19:15:00,1.0,False,2022-11-06
B-003145,R-0125,Gym,2024-08-26 03:47:17.316776,2024-08-27 07:45:00,5.0,True,2020-12-19
B-003146,R-0275,Multipurpose Hall,2024-08-26 05:55:59.343923,2024-09-14 17:15:00,4.0,True,2020-05-07
B-003147,R-0311,Multipurpose Hall,2024-08-26 06:32:14.063106,2024-09-06 18:30:00,5.0,False,2021-06-05
B-003148,R-0154,Kids Play Area,2024-08-26 08:28:11.615469,2024-08-26 18:30:00,4.0,False,2020-04-23
B-003149,R-0267,Kids Play Area,2024-08-26 10:44:31.349594,2024-08-26 16:30:00,3.0,False,2021-09-07
B-003150,R-0165,Swimming Pool,2024-08-26 14:13:11.521038,2024-08-26 17:45:00,2.0,False,2021-12-19
B-003151,R-0180,Multipurpose Hall,2024-08-26 16:54:44.201395,2024-09-03 10:00:00,2.0,False,2020-05-11
B-003152,R-0305,Tennis Court,2024-08-26 17:47:14.508429,2024-08-27 07:45:00,5.0,False,2023-08-05
B-003153,R-0283,Swimming Pool,2024-08-26 17:53:51.056582,2024-08-27 17:45:00,1.0,False,2020-02-28
B-003154,R-0303,Multipurpose Hall,2024-08-26 18:15:00.000000,2024-08-27 18:15:00,2.0,False,2020-02-09
B-003155,R-0022,Squash Court,2024-08-26 18:56:14.209664,2024-08-29 07:30:00,2.0,True,2022-11-11
B-003156,R-0141,Swimming Pool,2024-08-26 20:00:37.869119,2024-08-27 07:00:00,1.0,False,2020-01-06
B-003157,R-0102,Squash Court,2024-08-26 21:52:59.605231,2024-08-27 07:00:00,1.0,False,2022-05-02
B-003158,R-0113,Tennis Court,2024-08-27 00:40:00.441339,2024-08-28 07:15:00,4.0,False,2022-06-28
B-003159,R-0085,Swimming Pool,2024-08-27 04:43:46.290188,2024-08-27 16:15:00,1.0,False,2022-03-24
B-003160,R-0135,Kids Play Area,2024-08-27 06:59:57.048404,2024-08-27 18:00:00,2.0,True,2021-05-18
B-003161,R-0206,Swimming Pool,2024-08-27 07:42:20.237016,2024-08-27 19:00:00,3.0,False,2021-06-14
B-003162,R-0158,Badminton Court,2024-08-27 08:28:30.350733,2024-08-27 20:00:00,1.0,True,2021-11-01
B-003163,R-0094,Badminton Court,2024-08-27 10:59:35.192493,2024-08-27 19:45:00,5.0,False,2020-03-17
B-003164,R-0194,Kids Play Area,2024-08-27 11:14:08.611902,2024-08-27 18:30:00,1.0,False,2023-01-19
B-003165,R-0162,Badminton Court,2024-08-27 12:25:32.803265,2024-08-28 20:00:00,5.0,True,2020-05-09
B-003166,R-0227,Badminton Court,2024-08-27 14:38:20.780034,2024-08-27 19:30:00,4.0,True,2021-10-13
B-003167,R-0164,Multipurpose Hall,2024-08-27 14:48:38.596815,2024-08-31 17:45:00,5.0,False,2021-03-15
B-003168,R-0086,Squash Court,2024-08-27 16:38:04.461938,2024-08-27 19:45:00,3.0,False,2023-06-29
B-003169,R-0111,Swimming Pool,2024-08-27 19:33:34.216991,2024-08-29 19:00:00,2.0,True,2022-01-10
B-003170,R-0263,Clubhouse,2024-08-27 22:11:46.939118,2024-09-04 20:15:00,3.0,True,2022-08-11
B-003171,R-0075,Gym,2024-08-27 23:15:00.000000,2024-09-01 11:15:00,2.0,False,2023-01-11
B-003172,R-0036,Gym,2024-08-28 00:18:45.840504,2024-08-28 08:00:00,3.0,True,2021-02-14
B-003173,R-0119,Kids Play Area,2024-08-28 01:24:55.631327,2024-08-28 10:00:00,5.0,False,2023-12-08
B-003174,R-0099,Multipurpose Hall,2024-08-28 03:16:44.004850,2024-08-30 11:15:00,2.0,False,2022-07-13
B-003175,R-0052,Squash Court,2024-08-28 03:46:58.764279,2024-08-28 07:45:00,3.0,True,2022-09-27
B-003176,R-0192,Kids Play Area,2024-08-28 04:20:59.815311,2024-08-28 10:45:00,4.0,True,2023-07-01
B-003177,R-0110,Badminton Court,2024-08-28 11:43:05.704219,2024-08-28 19:45:00,4.0,False,2022-06-09
B-003178,R-0117,Tennis Court,2024-08-28 14:21:35.994091,2024-08-29 06:15:00,4.0,False,2020-10-16
B-003179,R-0189,Kids Play Area,2024-08-28 15:11:34.381596,2024-08-28 17:30:00,1.0,False,2022-07-11
B-003180,R-0176,Squash Court,2024-08-28 15:42:48.569538,2024-08-28 20:00:00,5.0,True,2022-03-04
B-003181,R-0267,Multipurpose Hall,2024-08-28 20:03:05.579219,2024-09-02 18:15:00,3.0,False,2021-09-07
B-003182,R-0056,Swimming Pool,2024-08-28 22:45:57.185893,2024-08-29 08:15:00,2.0,True,2020-07-16
B-003183,R-0027,Squash Court,2024-08-28 22:48:07.332409,2024-08-29 07:15:00,2.0,False,2023-03-12
B-003184,R-0079,Multipurpose Hall,2024-08-29 01:30:31.771144,2024-09-01 19:15:00,3.0,True,2020-08-30
B-003185,R-0115,Tennis Court,2024-08-29 02:19:02.243021,2024-08-29 19:45:00,2.0,False,2021-08-17
B-003186,R-0174,Clubhouse,2024-08-29 04:45:54.921395,2024-10-18 11:45:00,3.0,False,2022-11-22
B-003187,R-0062,Badminton Court,2024-08-29 05:39:04.903550,2024-08-29 20:45:00,2.0,False,2020-06-01
B-003188,R-0151,Gym,2024-08-29 06:03:20.202748,2024-08-29 17:00:00,4.0,True,2020-08-06
B-003189,R-0220,Badminton Court,2024-08-29 07:02:30.250345,2024-09-02 18:15:00,5.0,False,2021-05-12
B-003190,R-0118,Kids Play Area,2024-08-29 10:41:42.666544,2024-08-29 18:00:00,4.0,True,2021-08-22
B-003191,R-0245,Squash Court,2024-08-29 10:55:55.270677,2024-09-01 18:30:00,1.0,False,2022-02-09
B-003192,R-0064,Swimming Pool,2024-08-29 13:53:08.793153,2024-08-29 18:30:00,2.0,False,2022-10-17
B-003193,R-0306,Kids Play Area,2024-08-29 13:57:22.680013,2024-08-29 16:00:00,3.0,True,2022-09-30
B-003194,R-0319,Swimming Pool,2024-08-29 15:22:33.227457,2024-08-30 18:15:00,1.0,False,2020-02-22
B-003195,R-0018,Tennis Court,2024-08-29 16:25:58.776663,2024-08-31 19:45:00,3.0,False,2020-12-01
B-003196,R-0186,Clubhouse,2024-08-29 20:43:43.661007,2024-09-02 11:45:00,2.0,False,2020-11-10
B-003197,R-0215,Tennis Court,2024-08-29 22:14:24.972679,2024-08-31 06:30:00,2.0,True,2023-03-17
B-003198,R-0142,Tennis Court,2024-08-30 02:04:07.995093,2024-08-30 06:00:00,5.0,False,2020-05-05
B-003199,R-0268,Multipurpose Hall,2024-08-30 09:17:31.566285,2024-09-07 11:15:00,5.0,False,2022-10-01
B-003200,R-0212,Gym,2024-08-30 09:23:33.757664,2024-08-31 08:30:00,5.0,False,2023-06-20
B-003201,R-0181,Kids Play Area,2024-08-30 10:40:47.765857,2024-08-31 10:45:00,4.0,True,2022-08-08
B-003202,R-0157,Badminton Court,2024-08-30 11:50:49.707561,2024-08-30 21:30:00,3.0,True,2020-05-01
B-003203,R-0082,Swimming Pool,2024-08-30 12:07:47.016662,2024-08-30 16:30:00,4.0,False,2020-08-31
B-003204,R-0187,Clubhouse,2024-08-30 13:23:55.100167,2024-09-12 12:00:00,4.0,False,2020-04-30
B-003205,R-0292,Badminton Court,2024-08-30 14:39:47.369048,2024-08-31 18:45:00,3.0,False,2020-01-30
B-003206,R-0229,Squash Court,2024-08-30 18:48:12.683385,2024-09-01 07:45:00,2.0,False,2020-02-16
B-003207,R-0166,Gym,2024-08-31 00:04:26.397146,2024-09-01 11:00:00,4.0,False,2022-10-13
B-003208,R-0167,Clubhouse,2024-08-31 02:24:07.450354,2024-09-01 12:15:00,2.0,False,2020-02-05
B-003209,R-0104,Gym,2024-08-31 03:29:51.761111,2024-08-31 16:00:00,5.0,True,2023-02-09
B-003210,R-0032,Multipurpose Hall,2024-08-31 03:32:23.600367,2024-09-07 11:45:00,4.0,False,2020-08-02
B-003211,R-0066,Squash Court,2024-08-31 04:31:35.706804,2024-08-31 19:00:00,2.0,False,2021-02-13
B-003212,R-0081,Gym,2024-08-31 10:57:40.199074,2024-09-01 16:15:00,4.0,False,2021-07-16
B-003213,R-0122,Gym,2024-08-31 11:40:42.736191,2024-08-31 19:30:00,1.0,False,2022-11-04
B-003214,R-0203,Swimming Pool,2024-08-31 13:55:12.914068,2024-09-01 17:30:00,4.0,False,2023-10-19
B-003215,R-0268,Squash Court,2024-08-31 14:09:45.373523,2024-09-01 07:15:00,5.0,False,2022-10-01
B-003216,R-0072,Badminton Court,2024-08-31 14:50:18.480934,2024-09-01 18:30:00,4.0,False,2022-05-01
B-003217,R-0087,Clubhouse,2024-08-31 19:30:00.000000,2024-09-01 19:30:00,1.0,False,2023-02-22
B-003218,R-0064,Swimming Pool,2024-08-31 20:26:35.979906,2024-09-01 17:00:00,2.0,False,2022-10-17
B-003219,R-0205,Gym,2024-08-31 20:36:37.339663,2024-09-01 06:00:00,3.0,False,2023-01-19
B-003220,R-0071,Tennis Court,2024-08-31 21:10:17.911199,2024-09-01 18:00:00,3.0,False,2021-04-18
B-003221,R-0175,Multipurpose Hall,2024-08-31 22:32:28.053575,2024-09-09 19:45:00,1.0,False,2020-01-26
B-003222,R-0038,Multipurpose Hall,2024-08-31 22:59:52.252208,2024-09-04 11:45:00,5.0,False,2020-08-26
B-003223,R-0311,Clubhouse,2024-08-31 23:06:03.836036,2024-10-02 11:30:00,5.0,False,2021-06-05
B-003224,R-0248,Swimming Pool,2024-09-01 00:07:23.153228,2024-09-01 08:30:00,2.0,True,2022-12-30
B-003225,R-0030,Kids Play Area,2024-09-01 00:41:00.987472,2024-09-01 09:15:00,2.0,True,2023-02-05
B-003226,R-0244,Badminton Court,2024-09-01 00:59:37.809789,2024-09-01 19:30:00,2.0,True,2022-07-27
B-003227,R-0261,Clubhouse,2024-09-01 02:56:12.058295,2024-09-09 19:15:00,5.0,True,2023-07-12
B-003228,R-0048,Kids Play Area,2024-09-01 04:30:17.555466,2024-09-01 16:00:00,1.0,True,2023-12-12
B-003229,R-0139,Tennis Court,2024-09-01 06:10:27.266881,2024-09-03 18:15:00,4.0,True,2022-06-23
B-003230,R-0238,Multipurpose Hall,2024-09-01 07:30:44.290441,2024-09-03 17:30:00,3.0,True,2023-07-13
B-003231,R-0281,Gym,2024-09-01 09:29:13.126962,2024-09-01 20:45:00,4.0,False,2022-02-14
B-003232,R-0253,Multipurpose Hall,2024-09-01 11:45:00.000000,2024-09-02 11:45:00,4.0,True,2023-11-16
B-003233,R-0055,Gym,2024-09-01 12:14:39.087608,2024-09-01 14:30:00,3.0,False,2020-04-03
B-003234,R-0231,Multipurpose Hall,2024-09-01 12:21:37.727352,2024-09-13 18:30:00,1.0,False,2021-10-30
B-003235,R-0209,Swimming Pool,2024-09-01 14:03:01.325621,2024-09-01 17:00:00,3.0,False,2023-07-20
B-003236,R-0077,Kids Play Area,2024-09-01 16:14:53.477929,2024-09-01 17:00:00,5.0,False,2020-09-28
B-003237,R-0139,Multipurpose Hall,2024-09-01 20:29:01.720088,2024-09-11 18:15:00,4.0,True,2022-06-23
B-003238,R-0085,Tennis Court,2024-09-02 03:34:59.603153,2024-09-03 17:00:00,1.0,False,2022-03-24
B-003239,R-0234,Squash Court,2024-09-02 03:53:48.522665,2024-09-02 19:30:00,4.0,False,2022-03-24
B-003240,R-0052,Badminton Court,2024-09-02 07:39:14.878235,2024-09-02 17:00:00,3.0,True,2022-09-27
B-003241,R-0295,Badminton Court,2024-09-02 08:04:53.071852,2024-09-02 20:15:00,3.0,False,2023-02-14
B-003242,R-0052,Kids Play Area,2024-09-02 08:43:45.533448,2024-09-02 10:30:00,3.0,True,2022-09-27
B-003243,R-0159,Kids Play Area,2024-09-02 09:33:48.293813,2024-09-02 10:15:00,3.0,True,2022-11-14
B-003244,R-0193,Badminton Court,2024-09-02 11:11:37.132223,2024-09-02 20:30:00,2.0,True,2021-06-16
B-003245,R-0118,Gym,2024-09-02 12:07:36.338321,2024-09-02 18:30:00,4.0,True,2021-08-22
B-003246,R-0133,Swimming Pool,2024-09-02 13:22:25.346417,2024-09-02 17:45:00,4.0,False,2020-03-10
B-003247,R-0092,Multipurpose Hall,2024-09-02 23:19:59.256275,2024-09-23 19:30:00,3.0,False,2023-07-28
B-003248,R-0283,Badminton Court,2024-09-03 07:33:10.203333,2024-09-05 17:00:00,1.0,False,2020-02-28
B-003249,R-0026,Multipurpose Hall,2024-09-03 07:43:07.797734,2024-09-05 19:30:00,2.0,False,2022-01-18
B-003250,R-0232,Squash Court,2024-09-03 08:21:23.531623,2024-09-03 18:30:00,5.0,True,2022-05-16
B-003251,R-0073,Multipurpose Hall,2024-09-03 09:39:03.585087,2024-09-05 10:45:00,1.0,True,2021-06-20
B-003252,R-0218,Kids Play Area,2024-09-03 14:57:40.598695,2024-09-03 17:15:00,1.0,False,2022-10-26
B-003253,R-0180,Badminton Court,2024-09-03 18:48:02.940971,2024-09-04 20:15:00,2.0,False,2020-05-11
B-003254,R-0096,Gym,2024-09-04 03:12:44.620317,2024-09-04 11:00:00,1.0,False,2022-10-22
B-003255,R-0233,Badminton Court,2024-09-04 03:52:38.426312,2024-09-07 17:15:00,4.0,True,2021-11-14
B-003256,R-0080,Gym,2024-09-04 06:20:46.327481,2024-09-04 18:30:00,4.0,True,2021-01-23
B-003257,R-0304,Gym,2024-09-04 08:00:07.951234,2024-09-04 16:00:00,1.0,False,2022-12-16
B-003258,R-0100,Kids Play Area,2024-09-04 11:00:28.230657,2024-09-04 17:00:00,5.0,True,2020-08-16
B-003259,R-0065,Gym,2024-09-04 12:20:04.999861,2024-09-06 18:30:00,4.0,False,2023-02-14
B-003260,R-0225,Clubhouse,2024-09-04 14:53:05.701227,2024-09-09 11:00:00,2.0,False,2021-03-31
B-003261,R-0297,Kids Play Area,2024-09-04 14:58:39.645853,2024-09-06 10:15:00,1.0,False,2021-05-14
B-003262,R-0160,Kids Play Area,2024-09-04 15:14:29.652750,2024-09-04 17:30:00,1.0,True,2020-08-11
B-003263,R-0255,Gym,2024-09-04 17:16:28.720286,2024-09-07 12:30:00,4.0,False,2021-08-19
B-003264,R-0058,Swimming Pool,2024-09-04 18:09:57.425527,2024-09-05 08:15:00,3.0,False,2023-09-11
B-003265,R-0070,Swimming Pool,2024-09-04 20:30:32.110077,2024-09-05 06:15:00,3.0,False,2020-04-24
B-003266,R-0161,Kids Play Area,2024-09-04 23:31:07.704290,2024-09-05 10:30:00,4.0,True,2022-05-10
B-003267,R-0263,Kids Play Area,2024-09-05 00:12:39.961556,2024-09-05 10:15:00,3.0,True,2022-08-11
B-003268,R-0064,Swimming Pool,2024-09-05 05:39:53.058271,2024-09-06 17:00:00,2.0,False,2022-10-17
B-003269,R-0203,Gym,2024-09-05 06:21:08.116795,2024-09-05 11:30:00,4.0,False,2023-10-19
B-003270,R-0269,Multipurpose Hall,2024-09-05 06:27:56.651296,2024-09-08 18:30:00,5.0,False,2023-11-18
B-003271,R-0177,Squash Court,2024-09-05 06:54:36.956884,2024-09-06 08:00:00,1.0,False,2021-12-08
B-003272,R-0046,Badminton Court,2024-09-05 07:03:11.654310,2024-09-05 18:00:00,1.0,True,2021-11-08
B-003273,R-0234,Kids Play Area,2024-09-05 12:46:10.753717,2024-09-05 16:00:00,4.0,False,2022-03-24
B-003274,R-0220,Badminton Court,2024-09-05 12:57:57.075078,2024-09-06 18:15:00,5.0,False,2021-05-12
B-003275,R-0090,Tennis Court,2024-09-05 14:32:21.602082,2024-09-07 18:30:00,3.0,False,2020-03-27
B-003276,R-0137,Kids Play Area,2024-09-05 15:22:41.671187,2024-09-05 16:15:00,2.0,True,2020-08-26
B-003277,R-0129,Tennis Court,2024-09-05 17:55:23.945106,2024-09-06 06:30:00,2.0,False,2022-06-19
B-003278,R-0024,Swimming Pool,2024-09-05 19:13:38.222054,2024-09-06 07:00:00,1.0,False,2020-09-16
B-003279,R-0072,Squash Court,2024-09-05 19:27:17.605427,2024-09-06 18:45:00,4.0,False,2022-05-01
B-003280,R-0006,Tennis Court,2024-09-05 19:39:40.925084,2024-09-06 07:15:00,1.0,True,2022-03-03
B-003281,R-0242,Badminton Court,2024-09-06 00:38:13.150572,2024-09-07 21:30:00,3.0,True,2020-12-31
B-003282,R-0101,Gym,2024-09-06 01:33:25.204798,2024-09-07 07:30:00,2.0,False,2021-06-13
B-003283,R-0198,Squash Court,2024-09-06 03:06:20.531817,2024-09-07 18:45:00,5.0,False,2023-09-18
B-003284,R-0016,Swimming Pool,2024-09-06 05:49:14.107526,2024-09-09 07:30:00,1.0,True,2020-04-13
B-003285,R-0111,Swimming Pool,2024-09-06 10:51:15.629283,2024-09-06 19:45:00,2.0,True,2022-01-10
B-003286,R-0084,Multipurpose Hall,2024-09-06 11:24:13.571316,2024-09-22 10:15:00,1.0,False,2021-03-07
B-003287,R-0011,Gym,2024-09-06 11:59:40.770866,2024-09-07 20:15:00,4.0,False,2022-01-15
B-003288,R-0039,Kids Play Area,2024-09-06 13:23:14.273503,2024-09-06 16:45:00,5.0,False,2020-08-27
B-003289,R-0175,Gym,2024-09-06 18:12:24.610931,2024-09-07 10:15:00,1.0,False,2020-01-26
B-003290,R-0057,Gym,2024-09-06 18:41:44.837129,2024-09-07 09:30:00,2.0,False,2022-06-23
B-003291,R-0050,Tennis Court,2024-09-06 20:01:02.570366,2024-09-07 06:30:00,2.0,False,2022-11-09
B-003292,R-0183,Multipurpose Hall,2024-09-06 21:29:14.919027,2024-09-08 11:30:00,5.0,False,2021-12-25
B-003293,R-0116,Swimming Pool,2024-09-06 22:13:06.570272,2024-09-07 19:00:00,4.0,False,2020-04-11
B-003294,R-0105,Kids Play Area,2024-09-06 23:20:21.500740,2024-09-07 10:15:00,1.0,False,2021-09-14
B-003295,R-0114,Kids Play Area,2024-09-07 01:52:29.884134,2024-09-07 10:45:00,3.0,True,2021-10-04
B-003296,R-0170,Tennis Court,2024-09-07 02:59:47.771572,2024-09-07 17:30:00,4.0,False,2023-02-04
B-003297,R-0159,Clubhouse,2024-09-07 03:33:11.742852,2024-09-10 20:00:00,3.0,True,2022-11-14
B-003298,R-0144,Badminton Court,2024-09-07 05:11:20.687331,2024-09-07 18:30:00,3.0,False,2022-07-09
B-003299,R-0074,Swimming Pool,2024-09-07 07:17:30.436577,2024-09-09 08:00:00,3.0,False,2020-01-21
B-003300,R-0066,Squash Court,2024-09-07 08:12:01.943971,2024-09-08 19:15:00,2.0,False,2021-02-13
B-003301,R-0279,Badminton Court,2024-09-07 09:53:03.105472,2024-09-08 21:00:00,1.0,False,2023-11-24
B-003302,R-0118,Kids Play Area,2024-09-07 10:48:25.410434,2024-09-07 16:15:00,4.0,True,2021-08-22
B-003303,R-0235,Swimming Pool,2024-09-07 11:34:15.976002,2024-09-08 19:30:00,2.0,False,2020-08-24
B-003304,R-0294,Gym,2024-09-07 11:57:10.854051,2024-09-07 15:30:00,4.0,False,2021-02-22
B-003305,R-0136,Swimming Pool,2024-09-07 15:02:14.803344,2024-09-08 06:30:00,5.0,False,2021-06-17
B-003306,R-0142,Kids Play Area,2024-09-07 17:39:19.845431,2024-09-07 18:00:00,5.0,False,2020-05-05
B-003307,R-0186,Clubhouse,2024-09-07 19:00:49.572867,2024-09-11 11:15:00,2.0,False,2020-11-10
B-003308,R-0249,Swimming Pool,2024-09-07 20:42:11.409747,2024-09-08 19:30:00,4.0,True,2021-04-14
B-003309,R-0206,Swimming Pool,2024-09-07 22:15:36.650159,2024-09-08 19:30:00,3.0,False,2021-06-14
B-003310,R-0182,Gym,2024-09-07 23:20:40.932138,2024-09-08 08:15:00,2.0,True,2022-11-04
B-003311,R-0184,Tennis Court,2024-09-08 00:14:24.395481,2024-09-10 07:00:00,1.0,False,2022-11-30
B-003312,R-0043,Gym,2024-09-08 02:02:49.602111,2024-09-09 11:15:00,5.0,False,2023-06-13
B-003313,R-0196,Swimming Pool,2024-09-08 03:05:00.241863,2024-09-08 17:45:00,2.0,True,2022-01-24
B-003314,R-0193,Tennis Court,2024-09-08 05:07:36.523506,2024-09-09 06:00:00,2.0,True,2021-06-16
B-003315,R-0033,Squash Court,2024-09-08 07:19:30.703277,2024-09-08 19:00:00,1.0,False,2022-09-12
B-003316,R-0061,Swimming Pool,2024-09-08 07:53:35.715107,2024-09-08 18:45:00,1.0,False,2022-11-06
B-003317,R-0064,Clubhouse,2024-09-08 08:06:37.184820,2024-09-17 20:15:00,2.0,False,2022-10-17
B-003318,R-0214,Gym,2024-09-08 09:32:33.575844,2024-09-08 16:15:00,1.0,False,2023-10-23
B-003319,R-0267,Kids Play Area,2024-09-08 10:50:36.621791,2024-09-08 16:45:00,3.0,False,2021-09-07
B-003320,R-0086,Squash Court,2024-09-08 12:48:50.038843,2024-09-08 19:15:00,3.0,False,2023-06-29
B-003321,R-0292,Gym,2024-09-08 14:15:25.945116,2024-09-10 09:30:00,3.0,False,2020-01-30
B-003322,R-0122,Kids Play Area,2024-09-08 14:56:57.575220,2024-09-08 17:30:00,1.0,False,2022-11-04
B-003323,R-0146,Badminton Court,2024-09-08 16:41:45.113222,2024-09-08 18:15:00,4.0,False,2020-03-14
B-003324,R-0229,Squash Court,2024-09-08 18:30:00.183186,2024-09-09 07:15:00,2.0,False,2020-02-16
B-003325,R-0259,Kids Play Area,2024-09-08 19:03:47.036667,2024-09-09 18:45:00,3.0,False,2023-12-21
B-003326,R-0131,Badminton Court,2024-09-08 19:38:55.455665,2024-09-09 19:30:00,1.0,True,2023-10-18
B-003327,R-0211,Multipurpose Hall,2024-09-08 20:29:41.407279,2024-09-15 19:45:00,5.0,True,2021-11-19
B-003328,R-0240,Kids Play Area,2024-09-09 00:15:45.828294,2024-09-10 17:15:00,4.0,True,2021-08-25
B-003329,R-0038,Swimming Pool,2024-09-09 00:36:31.659912,2024-09-09 17:30:00,5.0,False,2020-08-26
B-003330,R-0253,Swimming Pool,2024-09-09 01:50:17.662681,2024-09-09 06:45:00,4.0,True,2023-11-16
B-003331,R-0278,Tennis Court,2024-09-09 02:16:44.224477,2024-09-09 07:15:00,4.0,False,2023-06-25
B-003332,R-0236,Gym,2024-09-09 07:55:41.173641,2024-09-10 06:30:00,1.0,True,2021-05-07
B-003333,R-0128,Badminton Court,2024-09-09 08:38:21.721022,2024-09-09 19:00:00,4.0,False,2021-12-26
B-003334,R-0275,Multipurpose Hall,2024-09-09 11:39:21.040316,2024-10-05 19:45:00,4.0,True,2020-05-07
B-003335,R-0064,Squash Court,2024-09-09 12:35:35.600565,2024-09-10 18:00:00,2.0,False,2022-10-17
B-003336,R-0187,Multipurpose Hall,2024-09-09 12:38:45.924185,2024-09-16 11:15:00,4.0,False,2020-04-30
B-003337,R-0092,Kids Play Area,2024-09-09 14:03:45.766018,2024-09-09 17:45:00,3.0,False,2023-07-28
B-003338,R-0019,Squash Court,2024-09-09 15:10:56.221069,2024-09-09 20:15:00,5.0,False,2022-02-09
B-003339,R-0297,Badminton Court,2024-09-09 17:20:11.627610,2024-09-12 17:15:00,1.0,False,2021-05-14
B-003340,R-0186,Clubhouse,2024-09-09 19:11:35.386413,2024-09-15 11:00:00,2.0,False,2020-11-10
B-003341,R-0153,Multipurpose Hall,2024-09-09 21:40:26.351128,2024-09-11 11:45:00,5.0,False,2023-03-03
B-003342,R-0296,Squash Court,2024-09-09 23:22:31.475494,2024-09-10 18:45:00,5.0,False,2021-02-23
B-003343,R-0228,Gym,2024-09-10 01:21:57.883772,2024-09-10 20:00:00,4.0,False,2023-09-10
B-003344,R-0220,Badminton Court,2024-09-10 04:27:54.037061,2024-09-12 18:30:00,5.0,False,2021-05-12
B-003345,R-0313,Gym,2024-09-10 06:02:41.920198,2024-09-10 09:00:00,2.0,False,2022-01-03
B-003346,R-0110,Squash Court,2024-09-10 07:58:55.644722,2024-09-11 08:00:00,4.0,False,2022-06-09
B-003347,R-0270,Swimming Pool,2024-09-10 10:42:40.330224,2024-09-10 17:45:00,2.0,True,2023-11-01
B-003348,R-0036,Multipurpose Hall,2024-09-10 11:25:20.344860,2024-09-12 10:00:00,3.0,True,2021-02-14
B-003349,R-0096,Gym,2024-09-10 14:43:10.476584,2024-09-11 11:45:00,1.0,False,2022-10-22
B-003350,R-0165,Squash Court,2024-09-10 23:36:51.806761,2024-09-11 19:30:00,2.0,False,2021-12-19
B-003351,R-0203,Gym,2024-09-11 00:29:44.099113,2024-09-11 11:45:00,4.0,False,2023-10-19
B-003352,R-0111,Tennis Court,2024-09-11 06:43:39.316588,2024-09-13 18:00:00,2.0,True,2022-01-10
B-003353,R-0085,Tennis Court,2024-09-11 07:34:17.095141,2024-09-11 17:45:00,1.0,False,2022-03-24
B-003354,R-0284,Kids Play Area,2024-09-11 09:21:56.198589,2024-09-12 09:00:00,1.0,False,2023-06-19
B-003355,R-0150,Kids Play Area,2024-09-11 10:57:48.319291,2024-09-11 16:45:00,5.0,False,2021-02-11
B-003356,R-0280,Swimming Pool,2024-09-11 12:39:54.672155,2024-09-12 06:15:00,3.0,False,2020-03-31
B-003357,R-0268,Clubhouse,2024-09-11 12:55:02.649738,2024-11-16 11:30:00,5.0,False,2022-10-01
B-003358,R-0143,Kids Play Area,2024-09-11 15:19:26.502348,2024-09-11 18:45:00,5.0,True,2022-08-13
B-003359,R-0158,Kids Play Area,2024-09-11 17:04:33.271659,2024-09-11 17:30:00,1.0,True,2021-11-01
B-003360,R-0135,Gym,2024-09-11 21:10:12.697359,2024-09-13 07:15:00,2.0,True,2021-05-18
B-003361,R-0225,Clubhouse,2024-09-11 23:42:56.982945,2024-09-19 11:30:00,2.0,False,2021-03-31
B-003362,R-0287,Swimming Pool,2024-09-12 04:16:05.540947,2024-09-13 19:30:00,3.0,False,2022-04-21
B-003363,R-0003,Tennis Court,2024-09-12 06:59:30.703709,2024-09-13 18:30:00,1.0,False,2020-06-06
B-003364,R-0240,Badminton Court,2024-09-12 06:59:58.608154,2024-09-18 20:15:00,4.0,True,2021-08-25
B-003365,R-0147,Swimming Pool,2024-09-12 10:48:46.306197,2024-09-12 17:30:00,5.0,False,2023-05-17
B-003366,R-0013,Swimming Pool,2024-09-12 12:24:12.771102,2024-09-12 18:00:00,1.0,True,2023-10-18
B-003367,R-0318,Swimming Pool,2024-09-12 15:06:56.630243,2024-09-14 06:45:00,4.0,False,2021-01-26
B-003368,R-0046,Gym,2024-09-12 17:50:36.263959,2024-09-12 19:00:00,1.0,True,2021-11-08
B-003369,R-0082,Swimming Pool,2024-09-12 18:56:41.513904,2024-09-13 16:30:00,4.0,False,2020-08-31
B-003370,R-0176,Tennis Court,2024-09-12 19:24:59.062145,2024-09-13 07:45:00,5.0,True,2022-03-04
B-003371,R-0044,Badminton Court,2024-09-12 19:49:47.303817,2024-09-13 20:45:00,1.0,False,2021-10-23
B-003372,R-0029,Kids Play Area,2024-09-12 21:50:08.129320,2024-09-13 18:00:00,1.0,False,2020-03-01
B-003373,R-0232,Badminton Court,2024-09-12 23:57:58.175958,2024-09-13 20:00:00,5.0,True,2022-05-16
B-003374,R-0229,Tennis Court,2024-09-13 00:32:10.969416,2024-09-15 06:15:00,2.0,False,2020-02-16
B-003375,R-0239,Kids Play Area,2024-09-13 00:43:02.441005,2024-09-14 17:30:00,5.0,True,2023-01-01
B-003376,R-0279,Tennis Court,2024-09-13 01:49:00.867706,2024-09-14 17:30:00,1.0,False,2023-11-24
B-003377,R-0194,Kids Play Area,2024-09-13 01:54:17.812521,2024-09-13 09:00:00,1.0,False,2023-01-19
B-003378,R-0047,Squash Court,2024-09-13 03:05:48.349881,2024-09-13 18:00:00,2.0,False,2021-10-19
B-003379,R-0027,Swimming Pool,2024-09-13 03:15:37.549877,2024-09-13 18:00:00,2.0,False,2023-03-12
B-003380,R-0249,Swimming Pool,2024-09-13 06:18:45.090479,2024-09-13 18:30:00,4.0,True,2021-04-14
B-003381,R-0274,Badminton Court,2024-09-13 08:47:32.781523,2024-09-13 18:00:00,1.0,False,2021-08-07
B-003382,R-0155,Gym,2024-09-13 09:07:51.613689,2024-09-14 17:15:00,5.0,True,2021-02-12
B-003383,R-0201,Tennis Court,2024-09-13 09:12:06.152131,2024-09-15 06:30:00,5.0,False,2021-04-13
B-003384,R-0144,Swimming Pool,2024-09-13 10:44:00.440125,2024-09-14 06:15:00,3.0,False,2022-07-09
B-003385,R-0045,Gym,2024-09-13 12:21:22.520830,2024-09-13 15:15:00,4.0,False,2020-05-15
B-003386,R-0009,Kids Play Area,2024-09-13 13:32:38.730928,2024-09-13 16:00:00,5.0,True,2021-04-09
B-003387,R-0205,Kids Play Area,2024-09-13 14:03:12.567665,2024-09-13 17:00:00,3.0,False,2023-01-19
B-003388,R-0076,Squash Court,2024-09-13 16:31:14.573029,2024-09-15 07:00:00,2.0,False,2020-08-07
B-003389,R-0093,Clubhouse,2024-09-13 16:56:59.906071,2024-09-20 20:30:00,5.0,False,2020-04-20
B-003390,R-0310,Badminton Court,2024-09-13 21:58:56.784785,2024-09-14 17:00:00,3.0,False,2022-10-15
B-003391,R-0178,Clubhouse,2024-09-14 01:00:53.874700,2024-09-17 11:30:00,2.0,True,2023-06-30
B-003392,R-0121,Multipurpose Hall,2024-09-14 01:46:48.362161,2024-10-05 19:15:00,4.0,False,2023-04-27
B-003393,R-0156,Tennis Court,2024-09-14 02:30:49.858760,2024-09-14 07:45:00,2.0,False,2020-05-03
B-003394,R-0101,Kids Play Area,2024-09-14 02:32:03.736027,2024-09-14 10:30:00,2.0,False,2021-06-13
B-003395,R-0090,Badminton Court,2024-09-14 06:37:54.369638,2024-09-14 20:00:00,3.0,False,2020-03-27
B-003396,R-0311,Clubhouse,2024-09-14 07:08:36.622593,2024-10-16 11:30:00,5.0,False,2021-06-05
B-003397,R-0048,Kids Play Area,2024-09-14 09:27:44.288698,2024-09-14 16:30:00,1.0,True,2023-12-12
B-003398,R-0070,Swimming Pool,2024-09-14 11:37:55.254964,2024-09-15 06:15:00,3.0,False,2020-04-24
B-003399,R-0032,Kids Play Area,2024-09-14 11:49:50.986559,2024-09-14 17:00:00,4.0,False,2020-08-02
B-003400,R-0218,Gym,2024-09-14 13:14:22.014063,2024-09-14 18:30:00,1.0,False,2022-10-26
B-003401,R-0047,Swimming Pool,2024-09-14 13:25:50.426196,2024-09-14 17:30:00,2.0,False,2021-10-19
B-003402,R-0172,Squash Court,2024-09-14 14:04:55.876976,2024-09-14 19:00:00,2.0,False,2020-03-14
B-003403,R-0075,Swimming Pool,2024-09-14 15:01:51.913960,2024-09-16 16:30:00,2.0,False,2023-01-11
B-003404,R-0198,Multipurpose Hall,2024-09-14 16:34:04.811039,2024-10-09 17:15:00,5.0,False,2023-09-18
B-003405,R-0265,Swimming Pool,2024-09-14 17:35:26.506079,2024-09-15 17:00:00,3.0,False,2023-04-02
B-003406,R-0059,Clubhouse,2024-09-14 18:27:04.859545,2024-09-25 12:45:00,2.0,True,2021-11-08
B-003407,R-0303,Tennis Court,2024-09-14 18:44:13.421067,2024-09-15 06:30:00,2.0,False,2020-02-09
B-003408,R-0215,Badminton Court,2024-09-14 19:06:24.285381,2024-09-15 20:30:00,2.0,True,2023-03-17
B-003409,R-0035,Swimming Pool,2024-09-14 20:01:37.110100,2024-09-16 16:15:00,1.0,False,2023-05-21
B-003410,R-0030,Badminton Court,2024-09-14 21:02:52.408157,2024-09-15 17:00:00,2.0,True,2023-02-05
B-003411,R-0273,Badminton Court,2024-09-14 22:22:58.369472,2024-09-15 21:30:00,5.0,False,2020-10-30
B-003412,R-0057,Swimming Pool,2024-09-14 23:22:39.549792,2024-09-15 06:30:00,2.0,False,2022-06-23
B-003413,R-0018,Tennis Court,2024-09-14 23:26:58.195496,2024-09-15 17:15:00,3.0,False,2020-12-01
B-003414,R-0090,Badminton Court,2024-09-15 01:08:12.747492,2024-09-15 20:00:00,3.0,False,2020-03-27
B-003415,R-0136,Badminton Court,2024-09-15 02:21:04.529465,2024-09-15 19:15:00,5.0,False,2021-06-17
B-003416,R-0256,Gym,2024-09-15 03:59:47.876919,2024-09-15 08:00:00,3.0,True,2021-06-07
B-003417,R-0033,Gym,2024-09-15 04:27:22.920540,2024-09-15 16:15:00,1.0,False,2022-09-12
B-003418,R-0149,Gym,2024-09-15 04:31:37.565303,2024-09-16 09:30:00,2.0,False,2020-09-09
B-003419,R-0146,Gym,2024-09-15 06:05:12.506270,2024-09-15 08:30:00,4.0,False,2020-03-14
B-003420,R-0077,Kids Play Area,2024-09-15 13:16:55.842275,2024-09-15 17:00:00,5.0,False,2020-09-28
B-003421,R-0277,Swimming Pool,2024-09-15 21:49:48.559331,2024-09-16 19:15:00,1.0,True,2022-11-26
B-003422,R-0102,Tennis Court,2024-09-16 01:33:14.210135,2024-09-16 06:30:00,1.0,False,2022-05-02
B-003423,R-0118,Multipurpose Hall,2024-09-16 04:12:11.285150,2024-09-21 19:15:00,4.0,True,2021-08-22
B-003424,R-0313,Badminton Court,2024-09-16 07:08:35.072052,2024-09-16 19:15:00,2.0,False,2022-01-03
B-003425,R-0141,Badminton Court,2024-09-16 07:36:46.725150,2024-09-17 17:00:00,1.0,False,2020-01-06
B-003426,R-0138,Swimming Pool,2024-09-16 07:59:24.721209,2024-09-16 16:30:00,3.0,False,2021-08-01
B-003427,R-0052,Kids Play Area,2024-09-16 08:59:19.587097,2024-09-16 10:00:00,3.0,True,2022-09-27
B-003428,R-0264,Squash Court,2024-09-16 10:39:10.995410,2024-09-16 20:00:00,2.0,False,2020-01-20
B-003429,R-0208,Gym,2024-09-16 13:49:19.598543,2024-09-17 06:30:00,5.0,False,2021-08-16
B-003430,R-0094,Kids Play Area,2024-09-16 15:04:18.633308,2024-09-16 18:00:00,5.0,False,2020-03-17
B-003431,R-0152,Tennis Court,2024-09-16 17:42:45.399402,2024-09-18 06:45:00,1.0,True,2020-03-08
B-003432,R-0311,Kids Play Area,2024-09-16 20:09:03.084619,2024-09-17 16:00:00,5.0,False,2021-06-05
B-003433,R-0011,Multipurpose Hall,2024-09-17 01:41:53.991399,2024-09-21 19:45:00,4.0,False,2022-01-15
B-003434,R-0097,Kids Play Area,2024-09-17 01:56:57.047589,2024-09-17 17:15:00,4.0,False,2021-12-03
B-003435,R-0120,Swimming Pool,2024-09-17 06:14:31.823888,2024-09-17 17:15:00,2.0,True,2023-09-11
B-003436,R-0026,Gym,2024-09-17 09:05:56.907441,2024-09-17 16:00:00,2.0,False,2022-01-18
B-003437,R-0259,Gym,2024-09-17 10:39:37.417422,2024-09-17 15:45:00,3.0,False,2023-12-21
B-003438,R-0267,Kids Play Area,2024-09-17 10:53:14.499691,2024-09-17 16:00:00,3.0,False,2021-09-07
B-003439,R-0085,Tennis Court,2024-09-17 12:22:03.045252,2024-09-17 17:15:00,1.0,False,2022-03-24
B-003440,R-0276,Kids Play Area,2024-09-17 15:23:32.695816,2024-09-17 17:30:00,1.0,False,2021-12-03
B-003441,R-0302,Multipurpose Hall,2024-09-17 17:55:30.500821,2024-09-24 18:15:00,2.0,True,2023-05-11
B-003442,R-0212,Gym,2024-09-17 18:55:39.195143,2024-09-19 08:30:00,5.0,False,2023-06-20
B-003443,R-0190,Squash Court,2024-09-17 19:08:12.736975,2024-09-18 08:00:00,4.0,True,2022-05-02
B-003444,R-0058,Kids Play Area,2024-09-17 21:21:22.311132,2024-09-18 09:45:00,3.0,False,2023-09-11
B-003445,R-0295,Gym,2024-09-18 06:15:53.739811,2024-09-19 06:30:00,3.0,False,2023-02-14
B-003446,R-0115,Tennis Court,2024-09-18 11:10:40.113393,2024-09-19 19:15:00,2.0,False,2021-08-17
B-003447,R-0103,Badminton Court,2024-09-18 13:17:28.370292,2024-09-18 20:30:00,2.0,True,2021-01-15
B-003448,R-0105,Swimming Pool,2024-09-19 01:52:31.968137,2024-09-19 07:15:00,1.0,False,2021-09-14
B-003449,R-0188,Badminton Court,2024-09-19 02:58:57.726223,2024-09-22 17:45:00,1.0,False,2023-02-11
B-003450,R-0131,Badminton Court,2024-09-19 06:03:10.427436,2024-09-19 21:00:00,1.0,True,2023-10-18
B-003451,R-0090,Badminton Court,2024-09-19 09:39:33.536304,2024-09-21 20:15:00,3.0,False,2020-03-27
B-003452,R-0096,Gym,2024-09-19 09:57:55.233273,2024-09-20 17:30:00,1.0,False,2022-10-22
B-003453,R-0040,Tennis Court,2024-09-19 10:30:39.961202,2024-09-21 07:15:00,2.0,True,2023-09-02
B-003454,R-0212,Clubhouse,2024-09-19 11:13:24.246087,2024-10-11 11:30:00,5.0,False,2023-06-20
B-003455,R-0056,Swimming Pool,2024-09-19 12:06:23.444170,2024-09-20 08:00:00,2.0,True,2020-07-16
B-003456,R-0212,Gym,2024-09-19 14:32:24.178973,2024-09-21 08:15:00,5.0,False,2023-06-20
B-003457,R-0194,Swimming Pool,2024-09-19 15:06:18.254855,2024-09-20 08:30:00,1.0,False,2023-01-19
B-003458,R-0111,Swimming Pool,2024-09-19 16:22:31.011419,2024-09-19 19:00:00,2.0,True,2022-01-10
B-003459,R-0076,Multipurpose Hall,2024-09-19 18:03:45.600470,2024-10-06 10:30:00,2.0,False,2020-08-07
B-003460,R-0167,Tennis Court,2024-09-19 23:05:01.722650,2024-09-21 07:45:00,2.0,False,2020-02-05
B-003461,R-0253,Kids Play Area,2024-09-20 03:15:47.199002,2024-09-20 10:15:00,4.0,True,2023-11-16
B-003462,R-0163,Kids Play Area,2024-09-20 04:04:43.785230,2024-09-20 18:00:00,3.0,True,2022-11-25
B-003463,R-0234,Squash Court,2024-09-20 04:06:18.609292,2024-09-20 19:00:00,4.0,False,2022-03-24
B-003464,R-0019,Gym,2024-09-20 06:15:34.774428,2024-09-20 16:00:00,5.0,False,2022-02-09
B-003465,R-0052,Kids Play Area,2024-09-20 08:35:32.880974,2024-09-20 10:00:00,3.0,True,2022-09-27
B-003466,R-0050,Tennis Court,2024-09-20 12:17:01.816511,2024-09-21 07:00:00,2.0,False,2022-11-09
B-003467,R-0064,Gym,2024-09-20 12:31:03.466282,2024-09-20 18:30:00,2.0,False,2022-10-17
B-003468,R-0104,Gym,2024-09-20 17:22:38.368951,2024-09-22 16:30:00,5.0,True,2023-02-09
B-003469,R-0090,Squash Court,2024-09-20 19:09:07.354013,2024-09-22 08:15:00,3.0,False,2020-03-27
B-003470,R-0233,Clubhouse,2024-09-20 19:52:11.755718,2024-10-12 19:15:00,4.0,True,2021-11-14
B-003471,R-0297,Tennis Court,2024-09-20 20:21:33.107535,2024-09-23 19:00:00,1.0,False,2021-05-14
B-003472,R-0027,Swimming Pool,2024-09-20 22:50:04.925683,2024-09-21 06:00:00,2.0,False,2023-03-12
B-003473,R-0242,Swimming Pool,2024-09-20 23:34:57.535393,2024-09-21 08:30:00,3.0,True,2020-12-31
B-003474,R-0263,Tennis Court,2024-09-20 23:50:14.819644,2024-09-23 07:15:00,3.0,True,2022-08-11
B-003475,R-0233,Badminton Court,2024-09-21 02:22:10.310595,2024-09-21 17:00:00,4.0,True,2021-11-14
B-003476,R-0104,Gym,2024-09-21 04:38:10.847522,2024-09-22 09:00:00,5.0,True,2023-02-09
B-003477,R-0076,Swimming Pool,2024-09-21 05:08:59.874347,2024-09-24 06:15:00,2.0,False,2020-08-07
B-003478,R-0137,Kids Play Area,2024-09-21 05:09:25.015994,2024-09-21 18:00:00,2.0,True,2020-08-26
B-003479,R-0232,Kids Play Area,2024-09-21 07:21:21.096400,2024-09-21 10:00:00,5.0,True,2022-05-16
B-003480,R-0146,Badminton Court,2024-09-21 08:55:10.665412,2024-09-21 20:15:00,4.0,False,2020-03-14
B-003481,R-0116,Gym,2024-09-21 11:36:27.646922,2024-09-22 16:30:00,4.0,False,2020-04-11
B-003482,R-0209,Badminton Court,2024-09-21 11:57:43.606473,2024-09-21 21:00:00,3.0,False,2023-07-20
B-003483,R-0100,Badminton Court,2024-09-21 12:04:51.792117,2024-09-21 18:45:00,5.0,True,2020-08-16
B-003484,R-0256,Kids Play Area,2024-09-21 16:54:20.870057,2024-09-21 18:45:00,3.0,True,2021-06-07
B-003485,R-0139,Tennis Court,2024-09-22 03:08:42.549527,2024-09-24 18:15:00,4.0,True,2022-06-23
B-003486,R-0020,Swimming Pool,2024-09-22 05:24:55.231323,2024-09-23 07:30:00,1.0,False,2021-04-01
B-003487,R-0211,Badminton Court,2024-09-22 05:42:03.104863,2024-09-22 20:00:00,5.0,True,2021-11-19
B-003488,R-0091,Squash Court,2024-09-22 05:45:09.301976,2024-09-22 20:15:00,2.0,True,2023-12-22
B-003489,R-0199,Badminton Court,2024-09-22 05:50:32.935367,2024-09-22 21:00:00,1.0,False,2023-07-24
B-003490,R-0124,Swimming Pool,2024-09-22 06:55:36.298049,2024-09-22 17:30:00,3.0,False,2022-08-31
B-003491,R-0291,Badminton Court,2024-09-22 07:22:17.096331,2024-09-24 21:15:00,5.0,False,2020-11-14
B-003492,R-0084,Swimming Pool,2024-09-22 07:59:33.642803,2024-09-24 06:15:00,1.0,False,2021-03-07
B-003493,R-0195,Tennis Court,2024-09-22 08:41:13.743669,2024-09-23 19:00:00,3.0,True,2022-06-30
B-003494,R-0086,Squash Court,2024-09-22 09:44:09.992953,2024-09-22 19:30:00,3.0,False,2023-06-29
B-003495,R-0106,Badminton Court,2024-09-22 10:31:14.753519,2024-09-22 19:00:00,1.0,True,2020-01-23
B-003496,R-0186,Clubhouse,2024-09-22 11:45:02.269352,2024-10-03 11:15:00,2.0,False,2020-11-10
B-003497,R-0207,Multipurpose Hall,2024-09-22 11:45:15.303218,2024-09-25 11:15:00,3.0,False,2021-04-11
B-003498,R-0154,Gym,2024-09-22 13:05:31.579174,2024-09-23 09:00:00,4.0,False,2020-04-23
B-003499,R-0196,Swimming Pool,2024-09-22 14:21:34.085181,2024-09-26 17:15:00,2.0,True,2022-01-24
B-003500,R-0172,Kids Play Area,2024-09-22 15:45:30.677439,2024-09-22 17:30:00,2.0,False,2020-03-14
B-003501,R-0028,Gym,2024-09-22 16:24:24.230423,2024-09-22 20:00:00,4.0,False,2023-12-08
B-003502,R-0267,Kids Play Area,2024-09-22 21:01:07.428387,2024-09-23 16:45:00,3.0,False,2021-09-07
B-003503,R-0303,Multipurpose Hall,2024-09-22 21:12:06.046518,2024-09-25 18:00:00,2.0,False,2020-02-09
B-003504,R-0024,Clubhouse,2024-09-23 00:11:16.010035,2024-09-27 17:45:00,1.0,False,2020-09-16
B-003505,R-0083,Badminton Court,2024-09-23 04:39:08.994506,2024-09-23 17:00:00,1.0,True,2020-03-12
B-003506,R-0196,Clubhouse,2024-09-23 05:45:50.896041,2024-10-20 20:00:00,2.0,True,2022-01-24
B-003507,R-0157,Gym,2024-09-23 07:10:38.036592,2024-09-23 16:15:00,3.0,True,2020-05-01
B-003508,R-0249,Swimming Pool,2024-09-23 07:48:50.698345,2024-09-24 16:45:00,4.0,True,2021-04-14
B-003509,R-0130,Swimming Pool,2024-09-23 10:18:26.401367,2024-09-24 08:15:00,3.0,False,2022-05-02
B-003510,R-0193,Badminton Court,2024-09-23 10:19:20.815682,2024-09-23 20:30:00,2.0,True,2021-06-16
B-003511,R-0280,Clubhouse,2024-09-23 10:50:18.046084,2024-11-21 18:45:00,3.0,False,2020-03-31
B-003512,R-0244,Squash Court,2024-09-23 11:17:16.386128,2024-09-23 20:30:00,2.0,True,2022-07-27
B-003513,R-0154,Kids Play Area,2024-09-23 11:54:44.786801,2024-09-24 18:30:00,4.0,False,2020-04-23
B-003514,R-0315,Gym,2024-09-23 12:17:40.915070,2024-09-24 16:45:00,5.0,True,2022-01-23
B-003515,R-0267,Multipurpose Hall,2024-09-23 14:57:01.143818,2024-09-27 18:00:00,3.0,False,2021-09-07
B-003516,R-0122,Gym,2024-09-23 15:34:40.024358,2024-09-23 19:45:00,1.0,False,2022-11-04
B-003517,R-0038,Clubhouse,2024-09-23 15:52:15.890701,2024-09-30 20:30:00,5.0,False,2020-08-26
B-003518,R-0220,Tennis Court,2024-09-23 17:11:42.929527,2024-09-26 06:45:00,5.0,False,2021-05-12
B-003519,R-0292,Badminton Court,2024-09-23 23:15:23.704000,2024-09-25 18:45:00,3.0,False,2020-01-30
B-003520,R-0293,Tennis Court,2024-09-24 00:42:34.970840,2024-09-25 07:15:00,3.0,True,2023-08-16
B-003521,R-0317,Gym,2024-09-24 01:37:47.468078,2024-09-24 10:45:00,1.0,False,2023-02-18
B-003522,R-0128,Tennis Court,2024-09-24 03:47:13.088624,2024-09-24 17:30:00,4.0,False,2021-12-26
B-003523,R-0098,Kids Play Area,2024-09-24 04:04:03.506017,2024-09-25 10:15:00,4.0,False,2022-10-31
B-003524,R-0010,Clubhouse,2024-09-24 05:05:56.440508,2024-10-20 11:00:00,3.0,True,2020-10-23
B-003525,R-0164,Multipurpose Hall,2024-09-24 07:44:58.719653,2024-10-04 17:45:00,5.0,False,2021-03-15
B-003526,R-0150,Kids Play Area,2024-09-24 11:08:07.713567,2024-09-24 16:30:00,5.0,False,2021-02-11
B-003527,R-0259,Kids Play Area,2024-09-24 13:03:04.477401,2024-09-24 18:00:00,3.0,False,2023-12-21
B-003528,R-0234,Kids Play Area,2024-09-24 13:36:37.268065,2024-09-24 18:30:00,4.0,False,2022-03-24
B-003529,R-0036,Tennis Court,2024-09-24 19:40:40.300093,2024-09-25 07:30:00,3.0,True,2021-02-14
B-003530,R-0183,Squash Court,2024-09-24 21:47:22.056719,2024-09-25 07:30:00,5.0,False,2021-12-25
B-003531,R-0194,Swimming Pool,2024-09-25 01:13:59.498106,2024-09-27 08:30:00,1.0,False,2023-01-19
B-003532,R-0058,Swimming Pool,2024-09-25 01:17:19.480836,2024-09-25 06:45:00,3.0,False,2023-09-11
B-003533,R-0278,Gym,2024-09-25 03:07:38.671228,2024-09-25 09:15:00,4.0,False,2023-06-25
B-003534,R-0307,Badminton Court,2024-09-25 03:45:44.651834,2024-09-25 19:45:00,2.0,True,2022-03-13
B-003535,R-0060,Badminton Court,2024-09-25 03:54:54.311601,2024-09-25 21:30:00,,False,2021-10-21
B-003536,R-0084,Swimming Pool,2024-09-25 04:03:09.892396,2024-09-27 07:15:00,1.0,False,2021-03-07
B-003537,R-0142,Squash Court,2024-09-25 04:55:09.998907,2024-09-25 08:45:00,5.0,False,2020-05-05
B-003538,R-0294,Tennis Court,2024-09-25 09:46:29.048267,2024-09-25 19:15:00,4.0,False,2021-02-22
B-003539,R-0138,Tennis Court,2024-09-25 11:25:07.051621,2024-09-25 19:45:00,3.0,False,2021-08-01
B-003540,R-0074,Multipurpose Hall,2024-09-25 12:08:14.633104,2024-10-10 19:00:00,3.0,False,2020-01-21
B-003541,R-0032,Kids Play Area,2024-09-25 15:03:14.921728,2024-09-25 17:45:00,4.0,False,2020-08-02
B-003542,R-0164,Badminton Court,2024-09-25 17:29:53.857523,2024-09-25 20:00:00,5.0,False,2021-03-15
B-003543,R-0099,Kids Play Area,2024-09-25 18:22:30.000000,2024-09-25 18:30:00,2.0,False,2022-07-13
B-003544,R-0305,Gym,2024-09-25 22:35:56.520253,2024-09-26 06:45:00,5.0,False,2023-08-05
B-003545,R-0273,Multipurpose Hall,2024-09-26 00:05:33.389424,2024-10-27 18:30:00,5.0,False,2020-10-30
B-003546,R-0166,Gym,2024-09-26 00:53:42.050314,2024-09-26 11:30:00,4.0,False,2022-10-13
B-003547,R-0079,Kids Play Area,2024-09-26 02:50:00.651834,2024-09-26 10:30:00,3.0,True,2020-08-30
B-003548,R-0296,Gym,2024-09-26 03:57:02.362515,2024-09-26 20:45:00,5.0,False,2021-02-23
B-003549,R-0158,Swimming Pool,2024-09-26 05:08:02.580769,2024-09-26 16:00:00,1.0,True,2021-11-01
B-003550,R-0009,Kids Play Area,2024-09-26 06:40:35.341881,2024-09-26 10:00:00,5.0,True,2021-04-09
B-003551,R-0136,Swimming Pool,2024-09-26 07:06:58.626239,2024-09-27 06:30:00,5.0,False,2021-06-17
B-003552,R-0225,Clubhouse,2024-09-26 08:23:36.812709,2024-10-03 11:15:00,2.0,False,2021-03-31
B-003553,R-0170,Swimming Pool,2024-09-26 12:16:52.526949,2024-09-26 18:30:00,4.0,False,2023-02-04
B-003554,R-0057,Gym,2024-09-26 15:43:20.728903,2024-09-27 08:15:00,2.0,False,2022-06-23
B-003555,R-0140,Kids Play Area,2024-09-26 17:20:03.305763,2024-09-26 18:15:00,1.0,True,2022-11-16
B-003556,R-0114,Kids Play Area,2024-09-26 19:08:39.200007,2024-09-27 10:45:00,3.0,True,2021-10-04
B-003557,R-0068,Swimming Pool,2024-09-26 20:48:12.836346,2024-09-27 19:30:00,3.0,False,2022-08-28
B-003558,R-0062,Gym,2024-09-26 21:03:46.659864,2024-09-27 20:15:00,2.0,False,2020-06-01
B-003559,R-0181,Gym,2024-09-27 01:08:19.873299,2024-09-28 07:45:00,4.0,True,2022-08-08
B-003560,R-0265,Clubhouse,2024-09-27 02:36:31.479789,2024-10-12 17:30:00,3.0,False,2023-04-02
B-003561,R-0069,Swimming Pool,2024-09-27 02:47:30.853361,2024-09-27 18:00:00,1.0,False,2023-11-30
B-003562,R-0232,Kids Play Area,2024-09-27 02:49:14.780621,2024-09-27 10:15:00,5.0,True,2022-05-16
B-003563,R-0255,Tennis Court,2024-09-27 03:22:54.045227,2024-09-29 06:15:00,4.0,False,2021-08-19
B-003564,R-0030,Badminton Court,2024-09-27 06:18:49.986576,2024-09-27 17:45:00,2.0,True,2023-02-05
B-003565,R-0066,Squash Court,2024-09-27 06:33:24.801211,2024-09-28 19:30:00,2.0,False,2021-02-13
B-003566,R-0166,Gym,2024-09-27 07:17:51.687001,2024-09-27 11:30:00,4.0,False,2022-10-13
B-003567,R-0267,Gym,2024-09-27 07:26:51.279567,2024-09-27 14:30:00,,False,2021-09-07
B-003568,R-0056,Kids Play Area,2024-09-27 07:56:49.732982,2024-09-27 17:45:00,2.0,True,2020-07-16
B-003569,R-0253,Kids Play Area,2024-09-27 08:16:14.550903,2024-09-27 10:00:00,4.0,True,2023-11-16
B-003570,R-0314,Swimming Pool,2024-09-27 08:38:45.878026,2024-09-28 18:30:00,2.0,False,2022-04-28
B-003571,R-0259,Squash Court,2024-09-27 08:38:46.482947,2024-09-27 20:15:00,3.0,False,2023-12-21
B-003572,R-0052,Badminton Court,2024-09-27 11:35:13.311413,2024-09-27 20:30:00,3.0,True,2022-09-27
B-003573,R-0290,Swimming Pool,2024-09-27 11:44:05.001954,2024-09-27 19:45:00,3.0,False,2021-02-25
B-003574,R-0021,Gym,2024-09-27 12:40:35.288799,2024-09-28 11:15:00,5.0,False,2021-06-16
B-003575,R-0046,Gym,2024-09-27 16:08:10.818317,2024-09-27 19:00:00,1.0,True,2021-11-08
B-003576,R-0005,Kids Play Area,2024-09-27 18:05:19.387402,2024-09-28 10:45:00,3.0,True,2021-05-16
B-003577,R-0194,Badminton Court,2024-09-27 18:33:35.804168,2024-10-03 20:15:00,1.0,False,2023-01-19
B-003578,R-0054,Squash Court,2024-09-27 20:47:16.625387,2024-09-28 08:15:00,2.0,False,2022-02-13
B-003579,R-0129,Gym,2024-09-27 22:07:12.683150,2024-09-28 09:15:00,2.0,False,2022-06-19
B-003580,R-0206,Tennis Court,2024-09-27 22:53:43.183579,2024-09-28 18:30:00,3.0,False,2021-06-14
B-003581,R-0027,Badminton Court,2024-09-28 00:25:55.784176,2024-09-28 21:45:00,2.0,False,2023-03-12
B-003582,R-0012,Gym,2024-09-28 00:36:34.556247,2024-09-28 13:30:00,4.0,True,2020-11-21
B-003583,R-0269,Badminton Court,2024-09-28 00:48:41.141474,2024-09-28 17:45:00,5.0,False,2023-11-18
B-003584,R-0011,Kids Play Area,2024-09-28 02:42:58.994704,2024-09-28 17:00:00,4.0,False,2022-01-15
B-003585,R-0108,Squash Court,2024-09-28 03:17:49.313652,2024-09-29 07:45:00,2.0,False,2020-05-18
B-003586,R-0275,Swimming Pool,2024-09-28 05:18:12.999407,2024-09-28 18:15:00,4.0,True,2020-05-07
B-003587,R-0117,Swimming Pool,2024-09-28 08:44:37.728624,2024-09-29 08:30:00,4.0,False,2020-10-16
B-003588,R-0224,Clubhouse,2024-09-28 10:18:27.780864,2024-09-29 17:00:00,1.0,False,2021-05-19
B-003589,R-0287,Swimming Pool,2024-09-28 10:45:36.327782,2024-09-28 19:00:00,3.0,False,2022-04-21
B-003590,R-0011,Multipurpose Hall,2024-09-28 10:54:10.360491,2024-11-10 19:45:00,4.0,False,2022-01-15
B-003591,R-0215,Gym,2024-09-28 11:10:05.629852,2024-09-29 07:15:00,2.0,True,2023-03-17
B-003592,R-0149,Tennis Court,2024-09-28 12:07:48.708697,2024-09-29 17:30:00,2.0,False,2020-09-09
B-003593,R-0133,Swimming Pool,2024-09-28 12:58:23.258480,2024-09-28 17:45:00,4.0,False,2020-03-10
B-003594,R-0303,Multipurpose Hall,2024-09-28 18:00:00.000000,2024-09-29 18:00:00,2.0,False,2020-02-09
B-003595,R-0144,Swimming Pool,2024-09-28 19:32:55.866543,2024-09-29 06:45:00,3.0,False,2022-07-09
B-003596,R-0046,Swimming Pool,2024-09-28 21:07:26.060964,2024-09-29 17:30:00,1.0,True,2021-11-08
B-003597,R-0217,Tennis Court,2024-09-28 23:01:07.722555,2024-09-29 17:00:00,1.0,False,2020-11-09
B-003598,R-0077,Multipurpose Hall,2024-09-28 23:15:29.938797,2024-10-04 17:15:00,5.0,False,2020-09-28
B-003599,R-0024,Clubhouse,2024-09-29 00:54:50.210806,2024-10-19 17:45:00,1.0,False,2020-09-16
B-003600,R-0006,Badminton Court,2024-09-29 02:05:13.436589,2024-09-29 21:00:00,1.0,True,2022-03-03
B-003601,R-0180,Kids Play Area,2024-09-29 02:40:28.738577,2024-09-29 16:00:00,2.0,False,2020-05-11
B-003602,R-0064,Gym,2024-09-29 09:02:45.401531,2024-09-29 17:15:00,2.0,False,2022-10-17
B-003603,R-0249,Squash Court,2024-09-29 12:57:14.748947,2024-09-29 20:45:00,4.0,True,2021-04-14
B-003604,R-0300,Clubhouse,2024-09-29 13:11:53.433147,2024-10-14 18:00:00,4.0,False,2023-10-05
B-003605,R-0082,Tennis Court,2024-09-29 14:01:00.819160,2024-09-29 19:00:00,4.0,False,2020-08-31
B-003606,R-0016,Clubhouse,2024-09-29 14:55:09.018059,2024-10-09 19:00:00,1.0,True,2020-04-13
B-003607,R-0061,Multipurpose Hall,2024-09-29 15:00:58.624330,2024-10-06 17:30:00,1.0,False,2022-11-06
B-003608,R-0073,Kids Play Area,2024-09-29 15:54:11.468786,2024-09-29 18:15:00,1.0,True,2021-06-20
B-003609,R-0039,Multipurpose Hall,2024-09-29 16:45:02.190617,2024-10-16 10:30:00,5.0,False,2020-08-27
B-003610,R-0077,Kids Play Area,2024-09-29 17:03:58.949491,2024-09-29 17:15:00,5.0,False,2020-09-28
B-003611,R-0301,Squash Court,2024-09-29 17:38:55.591823,2024-09-30 08:15:00,3.0,False,2023-12-19
B-003612,R-0141,Multipurpose Hall,2024-09-29 18:50:02.649967,2024-10-03 10:45:00,1.0,False,2020-01-06
B-003613,R-0135,Gym,2024-09-29 19:54:37.604221,2024-09-30 13:00:00,2.0,True,2021-05-18
B-003614,R-0097,Swimming Pool,2024-09-29 21:55:43.189495,2024-09-30 16:45:00,4.0,False,2021-12-03
B-003615,R-0229,Squash Court,2024-09-30 00:52:00.848238,2024-10-02 07:30:00,2.0,False,2020-02-16
B-003616,R-0127,Tennis Court,2024-09-30 01:03:58.074310,2024-09-30 17:15:00,3.0,False,2020-06-15
B-003617,R-0054,Squash Court,2024-09-30 02:56:47.973774,2024-10-01 08:30:00,2.0,False,2022-02-13
B-003618,R-0240,Kids Play Area,2024-09-30 04:24:18.892051,2024-09-30 17:45:00,4.0,True,2021-08-25
B-003619,R-0265,Clubhouse,2024-09-30 04:38:23.385770,2024-11-12 20:45:00,3.0,False,2023-04-02
B-003620,R-0302,Swimming Pool,2024-09-30 07:02:37.672154,2024-09-30 19:15:00,2.0,True,2023-05-11
B-003621,R-0042,Badminton Court,2024-09-30 09:40:49.450224,2024-09-30 17:15:00,3.0,False,2022-11-14
B-003622,R-0293,Tennis Court,2024-09-30 10:19:50.003304,2024-10-03 07:00:00,3.0,True,2023-08-16
B-003623,R-0139,Tennis Court,2024-09-30 10:47:02.872615,2024-10-03 18:45:00,4.0,True,2022-06-23
B-003624,R-0098,Kids Play Area,2024-09-30 13:38:54.513055,2024-10-01 09:30:00,4.0,False,2022-10-31
B-003625,R-0276,Kids Play Area,2024-09-30 14:26:36.188119,2024-09-30 16:45:00,1.0,False,2021-12-03
B-003626,R-0049,Kids Play Area,2024-09-30 14:36:00.502843,2024-10-01 10:15:00,3.0,True,2020-11-28
B-003627,R-0159,Badminton Court,2024-09-30 15:48:54.659199,2024-09-30 18:30:00,3.0,True,2022-11-14
B-003628,R-0143,Kids Play Area,2024-09-30 16:12:17.194583,2024-09-30 18:30:00,5.0,True,2022-08-13
B-003629,R-0114,Swimming Pool,2024-09-30 21:24:01.760666,2024-10-05 18:30:00,3.0,True,2021-10-04
B-003630,R-0115,Swimming Pool,2024-09-30 21:52:58.062968,2024-10-01 18:45:00,2.0,False,2021-08-17
B-003631,R-0063,Multipurpose Hall,2024-09-30 21:58:48.447434,2024-10-10 10:15:00,2.0,False,2020-11-01
B-003632,R-0256,Tennis Court,2024-10-01 01:32:47.692575,2024-10-01 17:45:00,3.0,True,2021-06-07
B-003633,R-0239,Kids Play Area,2024-10-01 03:47:09.331813,2024-10-01 17:00:00,5.0,True,2023-01-01
B-003634,R-0136,Clubhouse,2024-10-01 05:05:35.689855,2024-10-05 17:00:00,5.0,False,2021-06-17
B-003635,R-0101,Kids Play Area,2024-10-01 05:07:24.882905,2024-10-01 10:45:00,2.0,False,2021-06-13
B-003636,R-0076,Tennis Court,2024-10-01 06:29:08.463354,2024-10-06 07:15:00,2.0,False,2020-08-07
B-003637,R-0048,Kids Play Area,2024-10-01 06:37:08.353373,2024-10-01 16:15:00,1.0,True,2023-12-12
B-003638,R-0259,Gym,2024-10-01 07:39:09.162134,2024-10-01 15:45:00,3.0,False,2023-12-21
B-003639,R-0228,Gym,2024-10-01 09:05:05.363663,2024-10-01 15:45:00,4.0,False,2023-09-10
B-003640,R-0291,Badminton Court,2024-10-01 09:31:34.218338,2024-10-01 19:45:00,5.0,False,2020-11-14
B-003641,R-0129,Multipurpose Hall,2024-10-01 10:47:42.762606,2024-10-16 10:45:00,2.0,False,2022-06-19
B-003642,R-0096,Badminton Court,2024-10-01 11:39:40.265765,2024-10-03 19:00:00,1.0,False,2022-10-22
B-003643,R-0147,Kids Play Area,2024-10-01 11:46:12.316156,2024-10-01 17:45:00,5.0,False,2023-05-17
B-003644,R-0084,Swimming Pool,2024-10-01 12:27:10.703264,2024-10-02 07:30:00,1.0,False,2021-03-07
B-003645,R-0260,Tennis Court,2024-10-01 12:55:17.726568,2024-10-01 19:45:00,5.0,False,2020-02-11
B-003646,R-0113,Tennis Court,2024-10-01 13:05:24.134761,2024-10-03 07:00:00,4.0,False,2022-06-28
B-003647,R-0100,Squash Court,2024-10-01 16:36:11.342745,2024-10-03 18:45:00,5.0,True,2020-08-16
B-003648,R-0203,Swimming Pool,2024-10-01 16:36:34.179716,2024-10-02 06:30:00,4.0,False,2023-10-19
B-003649,R-0176,Squash Court,2024-10-01 17:06:25.417597,2024-10-01 20:45:00,5.0,True,2022-03-04
B-003650,R-0020,Swimming Pool,2024-10-01 22:16:00.104693,2024-10-04 07:45:00,1.0,False,2021-04-01
B-003651,R-0152,Swimming Pool,2024-10-02 02:13:53.020635,2024-10-02 19:45:00,1.0,True,2020-03-08
B-003652,R-0047,Squash Court,2024-10-02 05:28:52.731761,2024-10-02 18:00:00,2.0,False,2021-10-19
B-003653,R-0309,Kids Play Area,2024-10-02 06:56:44.704134,2024-10-02 10:00:00,1.0,True,2022-05-22
B-003654,R-0086,Squash Court,2024-10-02 07:43:14.679834,2024-10-02 19:00:00,3.0,False,2023-06-29
B-003655,R-0105,Tennis Court,2024-10-02 10:04:13.697176,2024-10-03 07:15:00,1.0,False,2021-09-14
B-003656,R-0151,Gym,2024-10-02 10:36:02.594940,2024-10-02 17:15:00,4.0,True,2020-08-06
B-003657,R-0265,Gym,2024-10-02 10:54:38.036302,2024-10-02 20:30:00,3.0,False,2023-04-02
B-003658,R-0111,Swimming Pool,2024-10-02 11:00:45.546145,2024-10-02 19:30:00,2.0,True,2022-01-10
B-003659,R-0026,Kids Play Area,2024-10-02 14:44:10.936684,2024-10-02 18:00:00,2.0,False,2022-01-18
B-003660,R-0142,Kids Play Area,2024-10-02 18:09:06.073171,2024-10-02 18:30:00,5.0,False,2020-05-05
B-003661,R-0187,Badminton Court,2024-10-02 20:42:22.049318,2024-10-03 19:00:00,4.0,False,2020-04-30
B-003662,R-0053,Kids Play Area,2024-10-02 23:19:35.135764,2024-10-03 10:15:00,3.0,False,2021-04-10
B-003663,R-0119,Clubhouse,2024-10-03 00:41:07.350796,2024-10-14 11:15:00,5.0,False,2023-12-08
B-003664,R-0237,Clubhouse,2024-10-03 01:33:05.064258,2024-10-15 11:45:00,2.0,False,2020-12-11
B-003665,R-0032,Tennis Court,2024-10-03 02:39:04.718565,2024-10-04 06:00:00,4.0,False,2020-08-02
B-003666,R-0159,Kids Play Area,2024-10-03 06:51:59.807528,2024-10-03 10:45:00,3.0,True,2022-11-14
B-003667,R-0079,Kids Play Area,2024-10-03 07:27:02.953235,2024-10-03 10:00:00,3.0,True,2020-08-30
B-003668,R-0319,Swimming Pool,2024-10-03 08:10:34.743083,2024-10-06 18:00:00,1.0,False,2020-02-22
B-003669,R-0290,Swimming Pool,2024-10-03 09:05:11.781820,2024-10-03 19:30:00,3.0,False,2021-02-25
B-003670,R-0174,Tennis Court,2024-10-03 11:26:13.658920,2024-10-05 07:00:00,3.0,False,2022-11-22
B-003671,R-0248,Squash Court,2024-10-03 11:43:25.914865,2024-10-03 19:00:00,2.0,True,2022-12-30
B-003672,R-0085,Tennis Court,2024-10-03 16:10:29.698516,2024-10-04 17:30:00,1.0,False,2022-03-24
B-003673,R-0188,Swimming Pool,2024-10-03 16:22:02.231871,2024-10-04 16:45:00,1.0,False,2023-02-11
B-003674,R-0196,Kids Play Area,2024-10-04 01:07:30.213764,2024-10-05 16:15:00,2.0,True,2022-01-24
B-003675,R-0264,Tennis Court,2024-10-04 01:45:14.082202,2024-10-05 17:15:00,2.0,False,2020-01-20
B-003676,R-0093,Tennis Court,2024-10-04 02:31:37.507418,2024-10-06 07:15:00,5.0,False,2020-04-20
B-003677,R-0175,Gym,2024-10-04 02:48:42.294062,2024-10-05 10:30:00,1.0,False,2020-01-26
B-003678,R-0102,Tennis Court,2024-10-04 03:50:34.365638,2024-10-04 06:15:00,1.0,False,2022-05-02
B-003679,R-0036,Tennis Court,2024-10-04 04:04:33.754674,2024-10-04 07:30:00,3.0,True,2021-02-14
B-003680,R-0268,Squash Court,2024-10-04 08:05:45.649416,2024-10-05 08:30:00,5.0,False,2022-10-01
B-003681,R-0267,Kids Play Area,2024-10-04 09:18:53.346250,2024-10-04 16:00:00,3.0,False,2021-09-07
B-003682,R-0208,Gym,2024-10-04 09:49:37.007676,2024-10-05 15:45:00,5.0,False,2021-08-16
B-003683,R-0188,Swimming Pool,2024-10-04 10:30:07.933408,2024-10-06 16:30:00,1.0,False,2023-02-11
B-003684,R-0305,Tennis Court,2024-10-04 12:41:41.868980,2024-10-05 07:15:00,5.0,False,2023-08-05
B-003685,R-0180,Kids Play Area,2024-10-04 13:17:26.357777,2024-10-04 16:30:00,2.0,False,2020-05-11
B-003686,R-0207,Clubhouse,2024-10-04 13:45:14.313485,2024-10-13 11:45:00,3.0,False,2021-04-11
B-003687,R-0166,Gym,2024-10-04 15:16:48.370155,2024-10-05 11:15:00,4.0,False,2022-10-13
B-003688,R-0296,Gym,2024-10-04 18:17:17.229841,2024-10-07 20:15:00,5.0,False,2021-02-23
B-003689,R-0211,Gym,2024-10-04 20:01:16.497892,2024-10-05 07:00:00,5.0,True,2021-11-19
B-003690,R-0057,Squash Court,2024-10-04 20:12:36.046479,2024-10-05 08:15:00,2.0,False,2022-06-23
B-003691,R-0048,Squash Court,2024-10-04 20:44:45.238764,2024-10-05 07:15:00,1.0,True,2023-12-12
B-003692,R-0090,Badminton Court,2024-10-05 02:12:11.660151,2024-10-06 17:00:00,3.0,False,2020-03-27
B-003693,R-0199,Tennis Court,2024-10-05 02:33:40.158431,2024-10-05 19:45:00,1.0,False,2023-07-24
B-003694,R-0292,Swimming Pool,2024-10-05 07:00:34.628046,2024-10-06 07:30:00,3.0,False,2020-01-30
B-003695,R-0092,Kids Play Area,2024-10-05 09:44:39.515960,2024-10-06 17:15:00,3.0,False,2023-07-28
B-003696,R-0146,Badminton Court,2024-10-05 13:04:30.941505,2024-10-05 20:15:00,4.0,False,2020-03-14
B-003697,R-0050,Swimming Pool,2024-10-05 14:09:17.241735,2024-10-06 06:30:00,2.0,False,2022-11-09
B-003698,R-0234,Kids Play Area,2024-10-05 14:23:16.021945,2024-10-06 16:45:00,4.0,False,2022-03-24
B-003699,R-0083,Squash Court,2024-10-05 14:54:27.349152,2024-10-07 08:15:00,1.0,True,2020-03-12
B-003700,R-0279,Badminton Court,2024-10-05 16:05:30.019069,2024-10-05 21:15:00,1.0,False,2023-11-24
B-003701,R-0267,Multipurpose Hall,2024-10-05 16:59:32.886413,2024-10-10 18:45:00,3.0,False,2021-09-07
B-003702,R-0215,Gym,2024-10-05 20:22:22.971614,2024-10-06 07:45:00,2.0,True,2023-03-17
B-003703,R-0144,Swimming Pool,2024-10-05 22:52:53.596896,2024-10-06 06:00:00,3.0,False,2022-07-09
B-003704,R-0139,Tennis Court,2024-10-05 23:36:44.794881,2024-10-07 18:30:00,4.0,True,2022-06-23
B-003705,R-0017,Multipurpose Hall,2024-10-05 23:50:32.662740,2024-10-11 17:30:00,1.0,False,2023-04-21
B-003706,R-0226,Clubhouse,2024-10-06 02:11:49.859229,2024-10-08 19:30:00,3.0,False,2020-02-27
B-003707,R-0045,Gym,2024-10-06 05:28:30.219986,2024-10-06 16:15:00,4.0,False,2020-05-15
B-003708,R-0248,Clubhouse,2024-10-06 09:20:05.499718,2024-10-23 11:15:00,2.0,True,2022-12-30
B-003709,R-0066,Badminton Court,2024-10-06 09:43:51.661501,2024-10-06 20:45:00,2.0,False,2021-02-13
B-003710,R-0003,Tennis Court,2024-10-06 10:49:23.268700,2024-10-12 07:00:00,1.0,False,2020-06-06
B-003711,R-0122,Gym,2024-10-06 15:55:40.907548,2024-10-06 20:15:00,1.0,False,2022-11-04
B-003712,R-0134,Badminton Court,2024-10-06 17:59:31.114500,2024-10-09 18:00:00,4.0,False,2020-03-31
B-003713,R-0289,Squash Court,2024-10-06 22:27:19.535359,2024-10-09 20:00:00,2.0,True,2021-04-03
B-003714,R-0189,Squash Court,2024-10-07 03:10:28.009571,2024-10-07 20:00:00,1.0,False,2022-07-11
B-003715,R-0259,Clubhouse,2024-10-07 03:46:27.376458,2024-10-14 19:15:00,3.0,False,2023-12-21
B-003716,R-0280,Squash Court,2024-10-07 05:36:25.818831,2024-10-08 18:00:00,3.0,False,2020-03-31
B-003717,R-0032,Clubhouse,2024-10-07 07:22:06.899610,2024-11-09 11:00:00,4.0,False,2020-08-02
B-003718,R-0311,Clubhouse,2024-10-07 08:58:59.247828,2024-10-31 11:45:00,5.0,False,2021-06-05
B-003719,R-0111,Swimming Pool,2024-10-07 12:14:32.355090,2024-10-07 19:45:00,2.0,True,2022-01-10
B-003720,R-0193,Badminton Court,2024-10-07 13:51:26.252874,2024-10-07 20:30:00,2.0,True,2021-06-16
B-003721,R-0211,Gym,2024-10-07 17:04:32.195023,2024-10-08 10:00:00,5.0,True,2021-11-19
B-003722,R-0227,Kids Play Area,2024-10-07 17:07:30.000000,2024-10-07 17:15:00,4.0,True,2021-10-13
B-003723,R-0269,Tennis Court,2024-10-07 18:46:50.484484,2024-10-12 17:45:00,5.0,False,2023-11-18
B-003724,R-0295,Squash Court,2024-10-07 18:49:27.106705,2024-10-08 08:45:00,3.0,False,2023-02-14
B-003725,R-0090,Badminton Court,2024-10-07 21:07:41.771670,2024-10-12 21:15:00,3.0,False,2020-03-27
B-003726,R-0240,Tennis Court,2024-10-07 23:57:42.151894,2024-10-08 19:30:00,4.0,True,2021-08-25
B-003727,R-0098,Kids Play Area,2024-10-08 02:07:38.153822,2024-10-08 10:30:00,4.0,False,2022-10-31
B-003728,R-0254,Gym,2024-10-08 04:21:06.257767,2024-10-08 17:30:00,2.0,False,2020-09-25
B-003729,R-0192,Kids Play Area,2024-10-08 06:31:21.923515,2024-10-08 10:45:00,4.0,True,2023-07-01
B-003730,R-0062,Squash Court,2024-10-08 11:40:05.981836,2024-10-09 18:00:00,2.0,False,2020-06-01
B-003731,R-0046,Swimming Pool,2024-10-08 13:30:21.364072,2024-10-08 17:15:00,1.0,True,2021-11-08
B-003732,R-0081,Kids Play Area,2024-10-08 14:47:11.479304,2024-10-08 18:30:00,4.0,False,2021-07-16
B-003733,R-0022,Kids Play Area,2024-10-08 15:06:29.261466,2024-10-09 09:15:00,2.0,True,2022-11-11
B-003734,R-0261,Kids Play Area,2024-10-08 15:09:57.634171,2024-10-08 17:30:00,5.0,True,2023-07-12
B-003735,R-0018,Squash Court,2024-10-08 15:28:32.862123,2024-10-08 20:45:00,3.0,False,2020-12-01
B-003736,R-0042,Badminton Court,2024-10-08 15:56:24.561270,2024-10-08 17:30:00,3.0,False,2022-11-14
B-003737,R-0104,Clubhouse,2024-10-08 17:43:20.423007,2024-10-26 19:45:00,5.0,True,2023-02-09
B-003738,R-0138,Tennis Court,2024-10-09 01:01:25.589350,2024-10-10 19:45:00,3.0,False,2021-08-01
B-003739,R-0107,Tennis Court,2024-10-09 01:42:22.858854,2024-10-09 19:00:00,2.0,False,2021-10-10
B-003740,R-0274,Gym,2024-10-09 06:09:36.744902,2024-10-09 10:45:00,1.0,False,2021-08-07
B-003741,R-0185,Swimming Pool,2024-10-09 06:34:17.671235,2024-10-09 17:45:00,4.0,False,2023-10-25
B-003742,R-0272,Tennis Court,2024-10-09 08:15:18.506420,2024-10-11 18:00:00,3.0,False,2021-11-30
B-003743,R-0158,Swimming Pool,2024-10-09 09:23:34.914593,2024-10-09 16:30:00,1.0,True,2021-11-01
B-003744,R-0196,Clubhouse,2024-10-09 09:24:38.985976,2024-11-24 20:15:00,2.0,True,2022-01-24
B-003745,R-0078,Squash Court,2024-10-09 10:28:09.271875,2024-10-10 20:45:00,3.0,False,2020-11-08
B-003746,R-0013,Swimming Pool,2024-10-09 12:32:51.426978,2024-10-09 19:00:00,1.0,True,2023-10-18
B-003747,R-0251,Tennis Court,2024-10-09 12:45:37.615522,2024-10-10 19:45:00,4.0,True,2023-12-13
B-003748,R-0082,Clubhouse,2024-10-09 13:22:19.818871,2024-10-11 18:15:00,4.0,False,2020-08-31
B-003749,R-0103,Kids Play Area,2024-10-09 13:22:50.211426,2024-10-09 17:15:00,2.0,True,2021-01-15
B-003750,R-0036,Badminton Court,2024-10-09 14:41:58.940094,2024-10-09 20:45:00,3.0,True,2021-02-14
B-003751,R-0039,Kids Play Area,2024-10-09 14:57:51.163721,2024-10-10 16:30:00,5.0,False,2020-08-27
B-003752,R-0224,Badminton Court,2024-10-09 17:23:26.091311,2024-10-09 21:30:00,1.0,False,2021-05-19
B-003753,R-0229,Tennis Court,2024-10-09 18:36:03.780940,2024-10-12 07:00:00,2.0,False,2020-02-16
B-003754,R-0014,Swimming Pool,2024-10-09 18:56:40.025794,2024-10-10 06:15:00,3.0,False,2023-02-21
B-003755,R-0252,Gym,2024-10-09 22:14:25.794571,2024-10-11 11:30:00,2.0,True,2021-11-26
B-003756,R-0011,Multipurpose Hall,2024-10-09 22:32:45.859512,2024-11-09 19:30:00,4.0,False,2022-01-15
B-003757,R-0028,Multipurpose Hall,2024-10-10 01:32:29.434151,2024-10-12 18:45:00,4.0,False,2023-12-08
B-003758,R-0026,Tennis Court,2024-10-10 02:00:43.683534,2024-10-11 18:00:00,2.0,False,2022-01-18
B-003759,R-0038,Swimming Pool,2024-10-10 04:26:00.069902,2024-10-10 17:45:00,5.0,False,2020-08-26
B-003760,R-0269,Badminton Court,2024-10-10 05:08:02.121019,2024-10-10 19:45:00,5.0,False,2023-11-18
B-003761,R-0164,Multipurpose Hall,2024-10-10 05:10:49.904817,2024-10-13 17:00:00,5.0,False,2021-03-15
B-003762,R-0052,Badminton Court,2024-10-10 07:22:14.267403,2024-10-10 17:30:00,3.0,True,2022-09-27
B-003763,R-0191,Kids Play Area,2024-10-10 11:48:56.486941,2024-10-10 18:00:00,2.0,True,2020-01-20
B-003764,R-0300,Tennis Court,2024-10-10 12:14:46.025288,2024-10-10 19:15:00,4.0,False,2023-10-05
B-003765,R-0282,Multipurpose Hall,2024-10-10 13:54:17.482535,2024-11-14 19:45:00,2.0,False,2020-02-04
B-003766,R-0253,Swimming Pool,2024-10-10 17:09:51.844475,2024-10-11 06:45:00,4.0,True,2023-11-16
B-003767,R-0101,Squash Court,2024-10-10 17:43:18.844667,2024-10-12 07:45:00,2.0,False,2021-06-13
B-003768,R-0182,Gym,2024-10-11 00:57:39.641239,2024-10-12 08:15:00,2.0,True,2022-11-04
B-003769,R-0096,Gym,2024-10-11 01:26:13.505949,2024-10-11 11:15:00,,False,2022-10-22
B-003770,R-0058,Kids Play Area,2024-10-11 01:42:28.718156,2024-10-11 09:45:00,3.0,False,2023-09-11
B-003771,R-0278,Tennis Court,2024-10-11 02:06:43.885262,2024-10-11 07:00:00,4.0,False,2023-06-25
B-003772,R-0190,Kids Play Area,2024-10-11 05:28:34.495172,2024-10-11 09:00:00,4.0,True,2022-05-02
B-003773,R-0279,Badminton Court,2024-10-11 07:21:16.771797,2024-10-11 21:00:00,1.0,False,2023-11-24
B-003774,R-0145,Multipurpose Hall,2024-10-11 10:17:29.810639,2024-10-17 19:45:00,1.0,False,2021-10-20
B-003775,R-0098,Kids Play Area,2024-10-11 10:30:00.000000,2024-10-14 10:30:00,4.0,False,2022-10-31
B-003776,R-0238,Multipurpose Hall,2024-10-11 11:08:24.695161,2024-10-14 17:00:00,3.0,True,2023-07-13
B-003777,R-0011,Squash Court,2024-10-11 13:09:55.298572,2024-10-12 20:30:00,4.0,False,2022-01-15
B-003778,R-0155,Kids Play Area,2024-10-11 13:36:56.082077,2024-10-11 18:15:00,5.0,True,2021-02-12
B-003779,R-0272,Gym,2024-10-11 13:43:57.753578,2024-10-12 17:15:00,3.0,False,2021-11-30
B-003780,R-0184,Swimming Pool,2024-10-11 16:15:36.124594,2024-10-14 07:00:00,1.0,False,2022-11-30
B-003781,R-0002,Clubhouse,2024-10-11 16:49:09.707355,2024-10-17 17:30:00,1.0,False,2022-03-21
B-003782,R-0246,Swimming Pool,2024-10-11 16:57:20.220650,2024-10-12 07:15:00,2.0,False,2020-03-20
B-003783,R-0190,Squash Court,2024-10-11 19:13:50.753156,2024-10-13 08:30:00,4.0,True,2022-05-02
B-003784,R-0075,Gym,2024-10-11 20:45:20.245857,2024-10-13 08:30:00,2.0,False,2023-01-11
B-003785,R-0236,Badminton Court,2024-10-11 21:21:09.341998,2024-10-13 17:15:00,1.0,True,2021-05-07
B-003786,R-0064,Gym,2024-10-11 23:00:37.449870,2024-10-12 18:00:00,2.0,False,2022-10-17
B-003787,R-0048,Kids Play Area,2024-10-12 01:35:36.383878,2024-10-12 16:45:00,1.0,True,2023-12-12
B-003788,R-0144,Badminton Court,2024-10-12 02:29:54.506078,2024-10-12 17:15:00,3.0,False,2022-07-09
B-003789,R-0281,Clubhouse,2024-10-12 04:15:06.016393,2024-10-25 19:15:00,4.0,False,2022-02-14
B-003790,R-0205,Kids Play Area,2024-10-12 04:19:58.095448,2024-10-12 17:45:00,3.0,False,2023-01-19
B-003791,R-0180,Badminton Court,2024-10-12 05:01:20.577129,2024-10-12 21:30:00,2.0,False,2020-05-11
B-003792,R-0283,Gym,2024-10-12 05:21:19.597104,2024-10-14 07:15:00,1.0,False,2020-02-28
B-003793,R-0251,Kids Play Area,2024-10-12 07:00:02.844416,2024-10-12 09:00:00,4.0,True,2023-12-13
B-003794,R-0254,Squash Court,2024-10-12 07:22:12.766256,2024-10-13 19:00:00,2.0,False,2020-09-25
B-003795,R-0121,Clubhouse,2024-10-12 10:34:03.268734,2024-12-03 11:30:00,4.0,False,2023-04-27
B-003796,R-0206,Swimming Pool,2024-10-12 11:07:37.677872,2024-10-12 17:00:00,3.0,False,2021-06-14
B-003797,R-0267,Badminton Court,2024-10-12 11:15:54.866704,2024-10-13 19:30:00,3.0,False,2021-09-07
B-003798,R-0156,Tennis Court,2024-10-12 12:15:54.107200,2024-10-13 06:45:00,2.0,False,2020-05-03
B-003799,R-0186,Clubhouse,2024-10-12 12:51:01.447242,2024-10-17 11:00:00,2.0,False,2020-11-10
B-003800,R-0183,Multipurpose Hall,2024-10-12 15:05:38.289031,2024-10-13 18:15:00,,False,2021-12-25
B-003801,R-0184,Tennis Court,2024-10-12 22:02:01.433078,2024-10-14 07:45:00,1.0,False,2022-11-30
B-003802,R-0225,Clubhouse,2024-10-12 23:34:06.484280,2024-11-04 11:30:00,2.0,False,2021-03-31
B-003803,R-0061,Multipurpose Hall,2024-10-12 23:34:21.962267,2024-11-10 17:30:00,1.0,False,2022-11-06
B-003804,R-0123,Clubhouse,2024-10-13 00:31:07.100247,2024-10-15 17:15:00,5.0,False,2021-05-23
B-003805,R-0145,Tennis Court,2024-10-13 00:51:08.436322,2024-10-13 07:15:00,1.0,False,2021-10-20
B-003806,R-0293,Tennis Court,2024-10-13 02:34:05.816389,2024-10-14 07:15:00,3.0,True,2023-08-16
B-003807,R-0009,Gym,2024-10-13 03:09:22.526786,2024-10-13 06:15:00,5.0,True,2021-04-09
B-003808,R-0167,Gym,2024-10-13 09:02:38.538026,2024-10-13 10:15:00,2.0,False,2020-02-05
B-003809,R-0137,Kids Play Area,2024-10-13 13:05:11.314692,2024-10-13 17:45:00,2.0,True,2020-08-26
B-003810,R-0077,Kids Play Area,2024-10-13 15:29:54.971688,2024-10-13 17:15:00,5.0,False,2020-09-28
B-003811,R-0036,Tennis Court,2024-10-13 16:35:46.216811,2024-10-14 07:45:00,3.0,True,2021-02-14
B-003812,R-0078,Gym,2024-10-13 18:23:41.391810,2024-10-15 08:45:00,3.0,False,2020-11-08
B-003813,R-0212,Clubhouse,2024-10-13 18:28:41.471340,2024-11-24 11:30:00,5.0,False,2023-06-20
B-003814,R-0305,Clubhouse,2024-10-13 22:51:00.239311,2024-10-17 11:15:00,5.0,False,2023-08-05
B-003815,R-0174,Badminton Court,2024-10-13 23:15:54.973664,2024-10-14 18:15:00,3.0,False,2022-11-22
B-003816,R-0056,Swimming Pool,2024-10-13 23:26:18.950624,2024-10-14 08:00:00,2.0,True,2020-07-16
B-003817,R-0304,Clubhouse,2024-10-14 00:21:29.312235,2024-10-16 20:15:00,1.0,False,2022-12-16
B-003818,R-0279,Multipurpose Hall,2024-10-14 02:57:32.462056,2024-11-02 11:30:00,1.0,False,2023-11-24
B-003819,R-0258,Tennis Court,2024-10-14 05:48:50.222112,2024-10-18 06:15:00,2.0,True,2023-04-04
B-003820,R-0175,Squash Court,2024-10-14 08:06:59.276913,2024-10-15 08:45:00,1.0,False,2020-01-26
B-003821,R-0208,Gym,2024-10-14 08:51:56.846829,2024-10-14 19:00:00,5.0,False,2021-08-16
B-003822,R-0135,Gym,2024-10-14 09:10:06.929459,2024-10-17 07:15:00,2.0,True,2021-05-18
B-003823,R-0228,Badminton Court,2024-10-14 10:35:42.890225,2024-10-14 19:45:00,4.0,False,2023-09-10
B-003824,R-0143,Kids Play Area,2024-10-14 12:45:01.787707,2024-10-14 18:15:00,5.0,True,2022-08-13
B-003825,R-0128,Kids Play Area,2024-10-14 14:58:52.994734,2024-10-14 18:00:00,4.0,False,2021-12-26
B-003826,R-0045,Gym,2024-10-14 15:07:02.949375,2024-10-14 20:15:00,4.0,False,2020-05-15
B-003827,R-0099,Kids Play Area,2024-10-14 15:31:00.906001,2024-10-14 18:45:00,2.0,False,2022-07-13
B-003828,R-0125,Gym,2024-10-14 16:23:19.072251,2024-10-16 08:15:00,5.0,True,2020-12-19
B-003829,R-0266,Swimming Pool,2024-10-15 00:34:15.005862,2024-10-15 19:00:00,4.0,True,2023-12-21
B-003830,R-0004,Squash Court,2024-10-15 01:37:16.897146,2024-10-15 07:45:00,2.0,True,2023-10-13
B-003831,R-0296,Squash Court,2024-10-15 03:07:29.051104,2024-10-19 18:00:00,5.0,False,2021-02-23
B-003832,R-0029,Kids Play Area,2024-10-15 05:10:56.488497,2024-10-15 16:00:00,1.0,False,2020-03-01
B-003833,R-0225,Badminton Court,2024-10-15 06:34:04.625323,2024-10-15 18:45:00,2.0,False,2021-03-31
B-003834,R-0052,Kids Play Area,2024-10-15 08:21:57.458720,2024-10-15 10:00:00,3.0,True,2022-09-27
B-003835,R-0120,Kids Play Area,2024-10-15 08:22:05.229621,2024-10-15 10:30:00,2.0,True,2023-09-11
B-003836,R-0180,Badminton Court,2024-10-15 09:48:30.552419,2024-10-16 21:00:00,2.0,False,2020-05-11
B-003837,R-0118,Badminton Court,2024-10-15 10:40:09.107378,2024-10-15 21:15:00,4.0,True,2021-08-22
B-003838,R-0032,Tennis Court,2024-10-15 11:40:42.260583,2024-10-16 06:45:00,4.0,False,2020-08-02
B-003839,R-0149,Tennis Court,2024-10-15 12:32:55.780751,2024-10-19 17:15:00,2.0,False,2020-09-09
B-003840,R-0157,Kids Play Area,2024-10-15 13:00:02.506733,2024-10-15 18:15:00,3.0,True,2020-05-01
B-003841,R-0087,Clubhouse,2024-10-15 14:32:05.970857,2024-10-19 20:45:00,1.0,False,2023-02-22
B-003842,R-0130,Clubhouse,2024-10-15 15:16:16.006393,2024-10-17 11:30:00,3.0,False,2022-05-02
B-003843,R-0083,Kids Play Area,2024-10-15 16:05:00.718031,2024-10-15 18:30:00,1.0,True,2020-03-12
B-003844,R-0139,Tennis Court,2024-10-15 21:20:14.107934,2024-10-17 18:30:00,4.0,True,2022-06-23
B-003845,R-0255,Gym,2024-10-15 21:47:47.309710,2024-10-16 12:15:00,4.0,False,2021-08-19
B-003846,R-0263,Squash Court,2024-10-16 00:06:57.036561,2024-10-17 07:45:00,3.0,True,2022-08-11
B-003847,R-0061,Badminton Court,2024-10-16 02:55:35.333198,2024-10-17 19:30:00,,False,2022-11-06
B-003848,R-0127,Swimming Pool,2024-10-16 04:21:08.713072,2024-10-16 06:15:00,3.0,False,2020-06-15
B-003849,R-0109,Gym,2024-10-16 04:58:55.697386,2024-10-18 11:15:00,3.0,False,2022-10-11
B-003850,R-0111,Swimming Pool,2024-10-16 06:33:15.086206,2024-10-16 19:30:00,2.0,True,2022-01-10
B-003851,R-0088,Tennis Court,2024-10-16 10:05:37.403332,2024-10-17 07:45:00,5.0,False,2023-05-21
B-003852,R-0092,Kids Play Area,2024-10-16 15:05:06.451999,2024-10-17 17:00:00,3.0,False,2023-07-28
B-003853,R-0221,Gym,2024-10-16 15:52:41.603552,2024-10-17 09:45:00,1.0,True,2023-09-29
B-003854,R-0046,Gym,2024-10-16 17:45:40.987639,2024-10-16 19:00:00,1.0,True,2021-11-08
B-003855,R-0303,Multipurpose Hall,2024-10-16 18:45:00.000000,2024-10-17 18:45:00,2.0,False,2020-02-09
B-003856,R-0315,Multipurpose Hall,2024-10-16 21:22:51.380858,2024-11-08 11:00:00,5.0,True,2022-01-23
B-003857,R-0268,Squash Court,2024-10-16 23:20:29.706885,2024-10-18 07:15:00,5.0,False,2022-10-01
B-003858,R-0113,Tennis Court,2024-10-17 04:46:49.213301,2024-10-17 18:00:00,4.0,False,2022-06-28
B-003859,R-0189,Swimming Pool,2024-10-17 05:26:07.415776,2024-10-17 19:15:00,1.0,False,2022-07-11
B-003860,R-0292,Badminton Court,2024-10-17 06:48:12.989076,2024-10-19 18:45:00,3.0,False,2020-01-30
B-003861,R-0059,Kids Play Area,2024-10-17 07:42:05.251411,2024-10-17 10:30:00,2.0,True,2021-11-08
B-003862,R-0117,Swimming Pool,2024-10-17 12:04:43.128467,2024-10-18 08:45:00,4.0,False,2020-10-16
B-003863,R-0146,Badminton Court,2024-10-17 15:58:56.102289,2024-10-17 18:45:00,4.0,False,2020-03-14
B-003864,R-0215,Gym,2024-10-17 16:26:14.991449,2024-10-19 07:45:00,2.0,True,2023-03-17
B-003865,R-0270,Swimming Pool,2024-10-17 16:54:33.129936,2024-10-22 07:45:00,2.0,True,2023-11-01
B-003866,R-0233,Clubhouse,2024-10-17 17:09:51.174687,2024-10-25 12:45:00,4.0,True,2021-11-14
B-003867,R-0188,Badminton Court,2024-10-17 18:06:28.068240,2024-10-18 17:30:00,1.0,False,2023-02-11
B-003868,R-0231,Clubhouse,2024-10-17 18:35:50.083752,2024-12-12 17:15:00,1.0,False,2021-10-30
B-003869,R-0234,Squash Court,2024-10-17 21:31:08.344725,2024-10-18 19:30:00,4.0,False,2022-03-24
B-003870,R-0155,Swimming Pool,2024-10-17 21:55:20.776631,2024-10-18 19:15:00,5.0,True,2021-02-12
B-003871,R-0199,Multipurpose Hall,2024-10-18 00:25:22.185902,2024-10-19 10:30:00,1.0,False,2023-07-24
B-003872,R-0311,Clubhouse,2024-10-18 01:23:51.442198,2024-10-30 11:15:00,5.0,False,2021-06-05
B-003873,R-0220,Gym,2024-10-18 05:38:35.026315,2024-10-18 16:15:00,5.0,False,2021-05-12
B-003874,R-0114,Swimming Pool,2024-10-18 06:16:46.254844,2024-10-18 18:45:00,3.0,True,2021-10-04
B-003875,R-0019,Tennis Court,2024-10-18 06:55:24.164142,2024-10-18 17:30:00,5.0,False,2022-02-09
B-003876,R-0042,Swimming Pool,2024-10-18 07:49:17.052957,2024-10-18 19:15:00,3.0,False,2022-11-14
B-003877,R-0166,Gym,2024-10-18 09:47:46.835101,2024-10-19 11:00:00,4.0,False,2022-10-13
B-003878,R-0036,Multipurpose Hall,2024-10-18 11:05:01.923183,2024-10-20 10:00:00,3.0,True,2021-02-14
B-003879,R-0165,Swimming Pool,2024-10-18 14:24:54.851658,2024-10-18 17:15:00,2.0,False,2021-12-19
B-003880,R-0240,Kids Play Area,2024-10-18 18:13:09.607409,2024-10-19 17:45:00,4.0,True,2021-08-25
B-003881,R-0020,Swimming Pool,2024-10-18 20:06:42.509168,2024-10-19 07:45:00,1.0,False,2021-04-01
B-003882,R-0168,Kids Play Area,2024-10-18 22:30:45.362272,2024-10-19 18:00:00,3.0,True,2022-09-23
B-003883,R-0026,Clubhouse,2024-10-19 00:33:58.463516,2024-10-23 17:45:00,2.0,False,2022-01-18
B-003884,R-0274,Gym,2024-10-19 01:21:42.781327,2024-10-19 10:45:00,1.0,False,2021-08-07
B-003885,R-0114,Kids Play Area,2024-10-19 02:06:07.330918,2024-10-19 10:15:00,3.0,True,2021-10-04
B-003886,R-0209,Gym,2024-10-19 04:05:21.630982,2024-10-19 11:45:00,3.0,False,2023-07-20
B-003887,R-0079,Kids Play Area,2024-10-19 10:07:50.306041,2024-10-20 10:00:00,3.0,True,2020-08-30
B-003888,R-0215,Gym,2024-10-19 10:24:58.215410,2024-10-20 07:45:00,2.0,True,2023-03-17
B-003889,R-0033,Squash Court,2024-10-19 12:27:54.938672,2024-10-20 19:45:00,1.0,False,2022-09-12
B-003890,R-0178,Badminton Court,2024-10-19 13:06:48.730407,2024-10-19 20:45:00,,True,2023-06-30
B-003891,R-0082,Swimming Pool,2024-10-19 15:25:39.166781,2024-10-19 16:00:00,4.0,False,2020-08-31
B-003892,R-0141,Kids Play Area,2024-10-19 17:12:34.935057,2024-10-20 10:15:00,1.0,False,2020-01-06
B-003893,R-0051,Squash Court,2024-10-19 18:40:36.892100,2024-10-20 07:15:00,3.0,False,2022-07-05
B-003894,R-0255,Swimming Pool,2024-10-19 20:52:08.166964,2024-10-20 18:15:00,4.0,False,2021-08-19
B-003895,R-0018,Tennis Court,2024-10-20 03:45:16.011834,2024-10-20 19:00:00,3.0,False,2020-12-01
B-003896,R-0182,Gym,2024-10-20 04:04:04.634769,2024-10-21 18:45:00,2.0,True,2022-11-04
B-003897,R-0275,Multipurpose Hall,2024-10-20 06:06:55.352833,2024-10-26 19:00:00,4.0,True,2020-05-07
B-003898,R-0287,Gym,2024-10-20 10:19:25.330642,2024-10-20 15:30:00,3.0,False,2022-04-21
B-003899,R-0046,Clubhouse,2024-10-20 14:28:58.843277,2024-10-21 18:45:00,1.0,True,2021-11-08
B-003900,R-0096,Gym,2024-10-20 17:22:18.840641,2024-10-21 09:30:00,1.0,False,2022-10-22
B-003901,R-0014,Swimming Pool,2024-10-20 20:14:12.399770,2024-10-21 06:45:00,3.0,False,2023-02-21
B-003902,R-0158,Swimming Pool,2024-10-20 20:28:06.903325,2024-10-21 16:15:00,1.0,True,2021-11-01
B-003903,R-0080,Swimming Pool,2024-10-20 20:40:55.570883,2024-10-22 19:45:00,4.0,True,2021-01-23
B-003904,R-0263,Kids Play Area,2024-10-20 23:39:40.188732,2024-10-21 10:15:00,3.0,True,2022-08-11
B-003905,R-0025,Swimming Pool,2024-10-20 23:56:35.867042,2024-10-23 07:45:00,4.0,True,2020-12-30
B-003906,R-0175,Clubhouse,2024-10-21 00:10:33.792349,2024-10-26 11:45:00,1.0,False,2020-01-26
B-003907,R-0160,Kids Play Area,2024-10-21 02:09:32.080094,2024-10-21 09:30:00,1.0,True,2020-08-11
B-003908,R-0035,Gym,2024-10-21 03:15:00.000000,2024-10-25 15:15:00,1.0,False,2023-05-21
B-003909,R-0159,Badminton Court,2024-10-21 04:19:44.978593,2024-10-21 18:00:00,3.0,True,2022-11-14
B-003910,R-0052,Kids Play Area,2024-10-21 04:54:07.099665,2024-10-21 10:15:00,3.0,True,2022-09-27
B-003911,R-0279,Badminton Court,2024-10-21 04:54:11.329639,2024-10-21 21:30:00,1.0,False,2023-11-24
B-003912,R-0305,Gym,2024-10-21 05:14:24.287298,2024-10-21 09:00:00,5.0,False,2023-08-05
B-003913,R-0103,Gym,2024-10-21 05:34:31.857524,2024-10-21 19:00:00,2.0,True,2021-01-15
B-003914,R-0208,Gym,2024-10-21 09:01:42.032209,2024-10-22 19:30:00,5.0,False,2021-08-16
B-003915,R-0037,Clubhouse,2024-10-21 11:13:39.530542,2024-10-26 11:00:00,1.0,False,2021-10-22
B-003916,R-0176,Tennis Court,2024-10-21 13:24:18.672047,2024-10-21 17:45:00,5.0,True,2022-03-04
B-003917,R-0193,Badminton Court,2024-10-21 14:12:36.393691,2024-10-21 20:15:00,2.0,True,2021-06-16
B-003918,R-0191,Kids Play Area,2024-10-21 14:50:14.436970,2024-10-21 16:30:00,2.0,True,2020-01-20
B-003919,R-0039,Multipurpose Hall,2024-10-21 15:24:57.758358,2024-12-06 10:00:00,5.0,False,2020-08-27
B-003920,R-0256,Gym,2024-10-21 16:05:16.674620,2024-10-22 08:15:00,3.0,True,2021-06-07
B-003921,R-0167,Gym,2024-10-22 02:17:22.270985,2024-10-22 09:15:00,2.0,False,2020-02-05
B-003922,R-0110,Multipurpose Hall,2024-10-22 05:26:17.288839,2024-11-21 18:30:00,4.0,False,2022-06-09
B-003923,R-0011,Kids Play Area,2024-10-22 05:52:11.132958,2024-10-22 16:30:00,4.0,False,2022-01-15
B-003924,R-0274,Gym,2024-10-22 08:55:31.748774,2024-10-22 10:15:00,1.0,False,2021-08-07
B-003925,R-0032,Tennis Court,2024-10-22 09:05:22.588712,2024-10-27 06:30:00,4.0,False,2020-08-02
B-003926,R-0055,Swimming Pool,2024-10-22 11:35:20.516053,2024-10-22 19:00:00,3.0,False,2020-04-03
B-003927,R-0290,Swimming Pool,2024-10-22 12:28:09.631655,2024-10-22 18:30:00,3.0,False,2021-02-25
B-003928,R-0110,Clubhouse,2024-10-22 13:51:01.907468,2024-10-28 11:00:00,4.0,False,2022-06-09
B-003929,R-0098,Clubhouse,2024-10-22 13:55:37.348326,2024-12-02 11:30:00,4.0,False,2022-10-31
B-003930,R-0212,Gym,2024-10-22 14:13:08.099252,2024-10-24 15:00:00,5.0,False,2023-06-20
B-003931,R-0188,Swimming Pool,2024-10-22 14:15:37.529817,2024-10-27 17:15:00,1.0,False,2023-02-11
B-003932,R-0150,Tennis Court,2024-10-22 15:04:46.888822,2024-10-23 07:15:00,5.0,False,2021-02-11
B-003933,R-0297,Gym,2024-10-22 15:27:50.068254,2024-10-24 08:15:00,1.0,False,2021-05-14
B-003934,R-0110,Squash Court,2024-10-22 17:03:01.110818,2024-10-23 08:45:00,4.0,False,2022-06-09
B-003935,R-0296,Squash Court,2024-10-22 17:59:54.882259,2024-10-24 18:00:00,5.0,False,2021-02-23
B-003936,R-0203,Squash Court,2024-10-22 18:11:25.906777,2024-10-23 08:00:00,4.0,False,2023-10-19
B-003937,R-0098,Kids Play Area,2024-10-22 21:33:18.680737,2024-10-23 10:45:00,4.0,False,2022-10-31
B-003938,R-0262,Kids Play Area,2024-10-22 21:58:32.648225,2024-10-23 16:30:00,5.0,False,2023-08-23
B-003939,R-0214,Multipurpose Hall,2024-10-22 23:49:09.479622,2024-10-28 17:30:00,1.0,False,2023-10-23
B-003940,R-0076,Swimming Pool,2024-10-23 00:14:06.435025,2024-10-24 07:45:00,2.0,False,2020-08-07
B-003941,R-0053,Badminton Court,2024-10-23 02:26:45.565122,2024-10-26 18:15:00,3.0,False,2021-04-10
B-003942,R-0301,Kids Play Area,2024-10-23 04:48:11.251839,2024-10-23 09:00:00,3.0,False,2023-12-19
B-003943,R-0039,Kids Play Area,2024-10-23 06:22:42.838351,2024-10-23 16:45:00,5.0,False,2020-08-27
B-003944,R-0253,Kids Play Area,2024-10-23 09:02:45.190924,2024-10-23 10:45:00,4.0,True,2023-11-16
B-003945,R-0083,Multipurpose Hall,2024-10-23 10:32:58.520423,2024-10-26 17:30:00,1.0,True,2020-03-12
B-003946,R-0293,Kids Play Area,2024-10-23 13:17:20.216902,2024-10-23 17:45:00,3.0,True,2023-08-16
B-003947,R-0128,Kids Play Area,2024-10-23 14:07:38.168023,2024-10-23 18:00:00,4.0,False,2021-12-26
B-003948,R-0273,Multipurpose Hall,2024-10-23 15:22:57.188683,2024-12-21 18:00:00,5.0,False,2020-10-30
B-003949,R-0092,Gym,2024-10-23 16:52:13.384034,2024-10-24 12:30:00,3.0,False,2023-07-28
B-003950,R-0152,Swimming Pool,2024-10-23 18:48:51.508216,2024-10-24 19:00:00,1.0,True,2020-03-08
B-003951,R-0071,Tennis Court,2024-10-23 19:37:42.732286,2024-10-26 18:15:00,3.0,False,2021-04-18
B-003952,R-0194,Kids Play Area,2024-10-23 21:53:41.708236,2024-10-24 09:30:00,1.0,False,2023-01-19
B-003953,R-0297,Multipurpose Hall,2024-10-23 23:49:00.996209,2024-12-12 10:15:00,1.0,False,2021-05-14
B-003954,R-0030,Badminton Court,2024-10-24 00:53:35.512610,2024-10-27 17:15:00,2.0,True,2023-02-05
B-003955,R-0062,Badminton Court,2024-10-24 08:18:28.796509,2024-10-26 20:00:00,2.0,False,2020-06-01
B-003956,R-0198,Clubhouse,2024-10-24 10:02:22.834356,2024-11-16 17:30:00,5.0,False,2023-09-18
B-003957,R-0276,Kids Play Area,2024-10-24 15:22:36.022877,2024-10-24 16:45:00,1.0,False,2021-12-03
B-003958,R-0261,Clubhouse,2024-10-24 19:15:00.000000,2024-10-25 19:15:00,5.0,True,2023-07-12
B-003959,R-0229,Squash Court,2024-10-24 20:11:15.413910,2024-10-25 07:45:00,2.0,False,2020-02-16
B-003960,R-0056,Multipurpose Hall,2024-10-24 21:43:18.566747,2024-11-06 11:00:00,2.0,True,2020-07-16
B-003961,R-0189,Swimming Pool,2024-10-24 22:46:52.565150,2024-10-26 19:45:00,1.0,False,2022-07-11
B-003962,R-0283,Swimming Pool,2024-10-24 23:09:42.756725,2024-10-25 17:15:00,1.0,False,2020-02-28
B-003963,R-0291,Badminton Court,2024-10-25 00:06:04.896376,2024-10-26 21:30:00,5.0,False,2020-11-14
B-003964,R-0127,Gym,2024-10-25 02:07:36.917355,2024-10-26 10:15:00,3.0,False,2020-06-15
B-003965,R-0187,Kids Play Area,2024-10-25 05:03:11.622796,2024-10-25 09:00:00,4.0,False,2020-04-30
B-003966,R-0141,Kids Play Area,2024-10-25 05:53:43.400633,2024-10-25 10:45:00,1.0,False,2020-01-06
B-003967,R-0130,Clubhouse,2024-10-25 07:32:18.391399,2024-10-30 11:30:00,3.0,False,2022-05-02
B-003968,R-0119,Clubhouse,2024-10-25 07:55:28.939505,2024-12-02 11:15:00,5.0,False,2023-12-08
B-003969,R-0183,Multipurpose Hall,2024-10-25 11:03:26.916068,2024-11-03 11:00:00,5.0,False,2021-12-25
B-003970,R-0211,Multipurpose Hall,2024-10-25 11:42:52.468384,2024-10-30 17:15:00,5.0,True,2021-11-19
B-003971,R-0144,Swimming Pool,2024-10-25 13:03:33.681331,2024-10-26 06:30:00,3.0,False,2022-07-09
B-003972,R-0043,Swimming Pool,2024-10-25 13:12:37.688767,2024-10-26 19:45:00,5.0,False,2023-06-13
B-003973,R-0268,Badminton Court,2024-10-25 14:36:11.446089,2024-10-27 17:30:00,5.0,False,2022-10-01
B-003974,R-0136,Swimming Pool,2024-10-25 15:18:16.008370,2024-10-26 07:45:00,5.0,False,2021-06-17
B-003975,R-0091,Tennis Court,2024-10-25 17:16:55.362542,2024-10-26 06:15:00,2.0,True,2023-12-22
B-003976,R-0272,Badminton Court,2024-10-25 18:15:10.056114,2024-10-27 18:30:00,3.0,False,2021-11-30
B-003977,R-0100,Tennis Court,2024-10-25 20:51:12.185369,2024-10-27 17:15:00,5.0,True,2020-08-16
B-003978,R-0050,Swimming Pool,2024-10-25 23:28:50.188159,2024-10-26 06:00:00,2.0,False,2022-11-09
B-003979,R-0027,Gym,2024-10-26 01:05:13.291444,2024-10-27 09:00:00,2.0,False,2023-03-12
B-003980,R-0133,Swimming Pool,2024-10-26 01:08:55.448183,2024-10-26 18:00:00,4.0,False,2020-03-10
B-003981,R-0176,Swimming Pool,2024-10-26 03:26:31.203536,2024-10-26 06:45:00,5.0,True,2022-03-04
B-003982,R-0090,Badminton Court,2024-10-26 05:26:12.454058,2024-10-27 20:45:00,3.0,False,2020-03-27
B-003983,R-0076,Tennis Court,2024-10-26 06:37:49.165805,2024-10-29 07:15:00,2.0,False,2020-08-07
B-003984,R-0122,Badminton Court,2024-10-26 07:59:21.493748,2024-10-27 21:00:00,1.0,False,2022-11-04
B-003985,R-0064,Gym,2024-10-26 08:43:47.847632,2024-10-26 18:00:00,2.0,False,2022-10-17
B-003986,R-0269,Gym,2024-10-26 09:08:34.212030,2024-10-26 20:30:00,5.0,False,2023-11-18
B-003987,R-0086,Squash Court,2024-10-26 12:39:11.528921,2024-10-26 19:30:00,3.0,False,2023-06-29
B-003988,R-0158,Kids Play Area,2024-10-26 15:59:07.673016,2024-10-26 17:00:00,1.0,True,2021-11-01
B-003989,R-0066,Clubhouse,2024-10-26 17:36:42.939880,2024-10-31 19:15:00,2.0,False,2021-02-13
B-003990,R-0228,Badminton Court,2024-10-26 17:55:37.504126,2024-10-27 20:45:00,4.0,False,2023-09-10
B-003991,R-0295,Badminton Court,2024-10-26 19:19:06.756187,2024-10-28 21:15:00,3.0,False,2023-02-14
B-003992,R-0255,Gym,2024-10-26 21:44:25.818343,2024-10-27 18:00:00,4.0,False,2021-08-19
B-003993,R-0267,Gym,2024-10-27 01:07:59.838426,2024-10-27 14:15:00,3.0,False,2021-09-07
B-003994,R-0126,Gym,2024-10-27 03:06:56.338075,2024-10-27 17:15:00,4.0,False,2020-12-04
B-003995,R-0028,Badminton Court,2024-10-27 04:21:50.917095,2024-10-27 18:30:00,4.0,False,2023-12-08
B-003996,R-0052,Kids Play Area,2024-10-27 04:26:25.225477,2024-10-27 10:30:00,3.0,True,2022-09-27
B-003997,R-0045,Swimming Pool,2024-10-27 04:31:35.230606,2024-10-27 08:45:00,4.0,False,2020-05-15
B-003998,R-0157,Kids Play Area,2024-10-27 08:11:21.578932,2024-10-27 16:15:00,3.0,True,2020-05-01
B-003999,R-0154,Multipurpose Hall,2024-10-27 10:14:25.028051,2024-11-19 17:30:00,4.0,False,2020-04-23
B-004000,R-0218,Squash Court,2024-10-27 12:00:53.843602,2024-10-27 19:15:00,1.0,False,2022-10-26
B-004001,R-0288,Tennis Court,2024-10-27 13:54:01.822571,2024-10-29 07:00:00,4.0,False,2023-09-08
B-004002,R-0137,Kids Play Area,2024-10-27 16:25:56.104052,2024-10-27 17:00:00,2.0,True,2020-08-26
B-004003,R-0259,Clubhouse,2024-10-27 23:58:06.150984,2024-10-31 19:00:00,3.0,False,2023-12-21
B-004004,R-0232,Badminton Court,2024-10-28 06:56:58.182832,2024-10-29 20:30:00,5.0,True,2022-05-16
B-004005,R-0240,Kids Play Area,2024-10-28 14:10:25.141184,2024-10-29 17:15:00,4.0,True,2021-08-25
B-004006,R-0048,Kids Play Area,2024-10-28 14:17:16.692249,2024-10-28 16:15:00,1.0,True,2023-12-12
B-004007,R-0143,Kids Play Area,2024-10-28 14:29:46.624558,2024-10-28 16:45:00,5.0,True,2022-08-13
B-004008,R-0077,Kids Play Area,2024-10-28 15:30:04.516081,2024-10-28 16:15:00,5.0,False,2020-09-28
B-004009,R-0160,Kids Play Area,2024-10-28 16:14:40.416868,2024-10-28 16:45:00,1.0,True,2020-08-11
B-004010,R-0142,Tennis Court,2024-10-28 16:59:12.643692,2024-10-30 06:45:00,5.0,False,2020-05-05
B-004011,R-0237,Squash Court,2024-10-28 17:50:17.708888,2024-10-29 18:00:00,2.0,False,2020-12-11
B-004012,R-0272,Multipurpose Hall,2024-10-29 03:29:03.734313,2024-12-11 10:15:00,3.0,False,2021-11-30
B-004013,R-0251,Clubhouse,2024-10-29 05:25:39.425684,2024-11-09 17:15:00,4.0,True,2023-12-13
B-004014,R-0149,Tennis Court,2024-10-29 07:05:11.892037,2024-10-30 18:00:00,2.0,False,2020-09-09
B-004015,R-0129,Squash Court,2024-10-29 07:07:59.049661,2024-10-30 08:30:00,2.0,False,2022-06-19
B-004016,R-0240,Kids Play Area,2024-10-29 07:21:28.773975,2024-10-31 17:30:00,4.0,True,2021-08-25
B-004017,R-0136,Swimming Pool,2024-10-29 10:49:48.917153,2024-10-30 06:30:00,5.0,False,2021-06-17
B-004018,R-0118,Kids Play Area,2024-10-29 13:42:25.392847,2024-10-29 18:00:00,4.0,True,2021-08-22
B-004019,R-0178,Gym,2024-10-29 14:53:10.975853,2024-10-29 17:30:00,2.0,True,2023-06-30
B-004020,R-0031,Swimming Pool,2024-10-29 19:23:04.888503,2024-10-30 06:15:00,1.0,False,2020-10-02
B-004021,R-0177,Tennis Court,2024-10-29 20:45:52.368307,2024-10-31 07:15:00,1.0,False,2021-12-08
B-004022,R-0152,Swimming Pool,2024-10-29 22:31:02.345901,2024-10-31 19:00:00,1.0,True,2020-03-08
B-004023,R-0061,Swimming Pool,2024-10-29 23:47:28.786784,2024-10-30 19:15:00,1.0,False,2022-11-06
B-004024,R-0096,Gym,2024-10-30 02:59:16.618356,2024-10-30 11:00:00,1.0,False,2022-10-22
B-004025,R-0221,Badminton Court,2024-10-30 05:35:02.654592,2024-10-31 17:45:00,1.0,True,2023-09-29
B-004026,R-0085,Tennis Court,2024-10-30 07:11:27.331203,2024-11-01 17:45:00,1.0,False,2022-03-24
B-004027,R-0260,Swimming Pool,2024-10-30 13:50:25.463843,2024-10-30 17:00:00,5.0,False,2020-02-11
B-004028,R-0291,Badminton Court,2024-10-30 15:35:45.468817,2024-10-30 21:45:00,5.0,False,2020-11-14
B-004029,R-0078,Badminton Court,2024-10-30 15:47:38.736596,2024-11-02 17:30:00,3.0,False,2020-11-08
B-004030,R-0159,Tennis Court,2024-10-30 15:54:44.414731,2024-10-30 19:15:00,3.0,True,2022-11-14
B-004031,R-0026,Squash Court,2024-10-30 16:03:43.495524,2024-10-31 18:30:00,,False,2022-01-18
B-004032,R-0170,Swimming Pool,2024-10-30 17:09:02.297547,2024-11-01 18:30:00,4.0,False,2023-02-04
B-004033,R-0121,Multipurpose Hall,2024-10-30 17:18:39.007732,2024-11-27 17:15:00,4.0,False,2023-04-27
B-004034,R-0280,Swimming Pool,2024-10-30 21:49:43.542012,2024-11-02 06:30:00,3.0,False,2020-03-31
B-004035,R-0180,Gym,2024-10-30 23:06:48.543119,2024-11-02 11:15:00,2.0,False,2020-05-11
B-004036,R-0056,Swimming Pool,2024-10-30 23:17:57.993281,2024-10-31 08:15:00,2.0,True,2020-07-16
B-004037,R-0254,Gym,2024-10-31 01:01:36.622095,2024-10-31 17:30:00,2.0,False,2020-09-25
B-004038,R-0267,Multipurpose Hall,2024-10-31 01:03:46.677309,2024-11-09 18:15:00,3.0,False,2021-09-07
B-004039,R-0229,Squash Court,2024-10-31 01:09:56.100915,2024-11-01 08:15:00,,False,2020-02-16
B-004040,R-0242,Badminton Court,2024-10-31 01:50:36.894986,2024-11-02 21:30:00,3.0,True,2020-12-31
B-004041,R-0017,Kids Play Area,2024-10-31 07:14:16.194443,2024-10-31 09:15:00,1.0,False,2023-04-21
B-004042,R-0278,Squash Court,2024-10-31 10:19:25.942164,2024-10-31 19:15:00,4.0,False,2023-06-25
B-004043,R-0036,Kids Play Area,2024-10-31 13:20:03.852631,2024-10-31 18:15:00,3.0,True,2021-02-14
B-004044,R-0128,Multipurpose Hall,2024-10-31 13:47:10.016712,2024-11-05 11:15:00,4.0,False,2021-12-26
B-004045,R-0166,Gym,2024-10-31 14:14:30.734555,2024-11-01 11:45:00,4.0,False,2022-10-13
B-004046,R-0233,Badminton Court,2024-10-31 15:14:05.054927,2024-11-02 17:30:00,4.0,True,2021-11-14
B-004047,R-0125,Badminton Court,2024-10-31 15:55:41.162781,2024-11-02 19:00:00,5.0,True,2020-12-19
B-004048,R-0212,Tennis Court,2024-11-01 03:40:29.070705,2024-11-03 18:45:00,5.0,False,2023-06-20
B-004049,R-0206,Kids Play Area,2024-11-01 05:15:26.065312,2024-11-01 18:00:00,3.0,False,2021-06-14
B-004050,R-0062,Badminton Court,2024-11-01 07:50:51.640232,2024-11-04 20:15:00,2.0,False,2020-06-01
B-004051,R-0276,Tennis Court,2024-11-01 07:59:09.908121,2024-11-02 06:00:00,1.0,False,2021-12-03
B-004052,R-0063,Badminton Court,2024-11-01 09:40:53.524841,2024-11-01 17:15:00,2.0,False,2020-11-01
B-004053,R-0165,Swimming Pool,2024-11-01 13:53:09.187536,2024-11-01 17:15:00,2.0,False,2021-12-19
B-004054,R-0174,Gym,2024-11-01 15:12:19.659776,2024-11-03 11:15:00,3.0,False,2022-11-22
B-004055,R-0070,Gym,2024-11-01 17:16:45.011270,2024-11-02 19:15:00,3.0,False,2020-04-24
B-004056,R-0006,Swimming Pool,2024-11-02 00:06:51.257907,2024-11-02 16:30:00,1.0,True,2022-03-03
B-004057,R-0216,Badminton Court,2024-11-02 00:30:24.283775,2024-11-02 18:30:00,2.0,True,2022-08-14
B-004058,R-0190,Kids Play Area,2024-11-02 03:08:52.462017,2024-11-02 09:15:00,4.0,True,2022-05-02
B-004059,R-0064,Swimming Pool,2024-11-02 03:48:53.102498,2024-11-02 17:45:00,2.0,False,2022-10-17
B-004060,R-0024,Clubhouse,2024-11-02 04:45:34.904421,2024-11-11 17:30:00,1.0,False,2020-09-16
B-004061,R-0281,Multipurpose Hall,2024-11-02 05:19:24.822313,2024-11-08 18:45:00,4.0,False,2022-02-14
B-004062,R-0092,Kids Play Area,2024-11-02 09:36:26.762201,2024-11-02 17:00:00,3.0,False,2023-07-28
B-004063,R-0038,Kids Play Area,2024-11-02 10:02:24.527845,2024-11-02 16:00:00,5.0,False,2020-08-26
B-004064,R-0076,Swimming Pool,2024-11-02 10:04:20.971134,2024-11-07 07:15:00,2.0,False,2020-08-07
B-004065,R-0005,Badminton Court,2024-11-02 10:23:09.874821,2024-11-05 17:45:00,3.0,True,2021-05-16
B-004066,R-0028,Gym,2024-11-02 12:08:44.392115,2024-11-02 20:30:00,4.0,False,2023-12-08
B-004067,R-0146,Kids Play Area,2024-11-02 15:42:31.684458,2024-11-02 17:15:00,4.0,False,2020-03-14
B-004068,R-0137,Kids Play Area,2024-11-02 16:52:30.000000,2024-11-02 17:00:00,,True,2020-08-26
B-004069,R-0248,Squash Court,2024-11-02 17:24:28.032366,2024-11-04 07:30:00,2.0,True,2022-12-30
B-004070,R-0054,Squash Court,2024-11-02 22:24:38.831701,2024-11-03 08:00:00,2.0,False,2022-02-13
B-004071,R-0057,Swimming Pool,2024-11-02 23:00:21.394933,2024-11-03 06:45:00,2.0,False,2022-06-23
B-004072,R-0258,Badminton Court,2024-11-02 23:17:13.444895,2024-11-04 21:00:00,2.0,True,2023-04-04
B-004073,R-0223,Squash Court,2024-11-03 01:22:40.765066,2024-11-03 20:30:00,1.0,False,2021-12-28
B-004074,R-0127,Squash Court,2024-11-03 01:37:30.608686,2024-11-03 07:30:00,3.0,False,2020-06-15
B-004075,R-0195,Tennis Court,2024-11-03 01:56:17.616140,2024-11-03 18:45:00,3.0,True,2022-06-30
B-004076,R-0013,Badminton Court,2024-11-03 06:39:39.468247,2024-11-04 18:30:00,1.0,True,2023-10-18
B-004077,R-0279,Multipurpose Hall,2024-11-03 07:42:41.252180,2024-11-21 19:00:00,1.0,False,2023-11-24
B-004078,R-0192,Swimming Pool,2024-11-03 07:52:27.742921,2024-11-04 08:30:00,4.0,True,2023-07-01
B-004079,R-0100,Kids Play Area,2024-11-03 10:03:49.073033,2024-11-03 17:45:00,5.0,True,2020-08-16
B-004080,R-0048,Kids Play Area,2024-11-03 10:09:26.927798,2024-11-03 16:15:00,1.0,True,2023-12-12
B-004081,R-0217,Squash Court,2024-11-03 12:14:15.223732,2024-11-03 19:00:00,1.0,False,2020-11-09
B-004082,R-0044,Squash Court,2024-11-03 13:00:03.290637,2024-11-03 18:45:00,1.0,False,2021-10-23
B-004083,R-0267,Multipurpose Hall,2024-11-03 15:51:55.110123,2024-11-20 18:15:00,3.0,False,2021-09-07
B-004084,R-0040,Tennis Court,2024-11-03 16:23:05.384028,2024-11-04 18:15:00,2.0,True,2023-09-02
B-004085,R-0264,Tennis Court,2024-11-03 16:50:39.782722,2024-11-04 06:15:00,2.0,False,2020-01-20
B-004086,R-0188,Badminton Court,2024-11-03 19:30:14.080951,2024-11-06 21:15:00,1.0,False,2023-02-11
B-004087,R-0265,Clubhouse,2024-11-03 22:59:48.136811,2024-11-24 17:45:00,3.0,False,2023-04-02
B-004088,R-0244,Badminton Court,2024-11-03 23:14:54.540455,2024-11-04 19:30:00,2.0,True,2022-07-27
B-004089,R-0083,Clubhouse,2024-11-04 01:11:37.730552,2024-11-14 18:30:00,1.0,True,2020-03-12
B-004090,R-0278,Tennis Court,2024-11-04 02:00:45.258160,2024-11-04 07:00:00,4.0,False,2023-06-25
B-004091,R-0305,Swimming Pool,2024-11-04 04:19:52.683448,2024-11-04 06:30:00,5.0,False,2023-08-05
B-004092,R-0078,Badminton Court,2024-11-04 04:26:21.935625,2024-11-05 17:00:00,3.0,False,2020-11-08
B-004093,R-0288,Squash Court,2024-11-04 06:37:20.786556,2024-11-05 07:45:00,4.0,False,2023-09-08
B-004094,R-0317,Multipurpose Hall,2024-11-04 06:42:33.926524,2024-11-15 10:00:00,1.0,False,2023-02-18
B-004095,R-0019,Tennis Court,2024-11-04 08:48:38.263884,2024-11-04 17:30:00,5.0,False,2022-02-09
B-004096,R-0304,Badminton Court,2024-11-04 12:20:38.034639,2024-11-04 20:45:00,1.0,False,2022-12-16
B-004097,R-0186,Badminton Court,2024-11-04 12:45:50.721893,2024-11-05 17:00:00,2.0,False,2020-11-10
B-004098,R-0260,Gym,2024-11-04 12:58:07.404894,2024-11-04 20:00:00,5.0,False,2020-02-11
B-004099,R-0311,Badminton Court,2024-11-04 15:36:22.702886,2024-11-05 18:15:00,5.0,False,2021-06-05
B-004100,R-0035,Swimming Pool,2024-11-04 16:15:00.000000,2024-11-10 16:15:00,1.0,False,2023-05-21
B-004101,R-0263,Swimming Pool,2024-11-04 16:23:21.029794,2024-11-05 19:00:00,3.0,True,2022-08-11
B-004102,R-0233,Multipurpose Hall,2024-11-04 17:43:30.381329,2024-11-25 17:45:00,4.0,True,2021-11-14
B-004103,R-0105,Tennis Court,2024-11-04 18:42:59.343091,2024-11-09 07:30:00,1.0,False,2021-09-14
B-004104,R-0090,Squash Court,2024-11-04 18:51:58.492033,2024-11-05 08:30:00,3.0,False,2020-03-27
B-004105,R-0256,Gym,2024-11-04 23:04:07.483960,2024-11-05 08:45:00,3.0,True,2021-06-07
B-004106,R-0228,Gym,2024-11-04 23:47:48.994711,2024-11-05 15:00:00,4.0,False,2023-09-10
B-004107,R-0098,Kids Play Area,2024-11-05 00:14:22.894140,2024-11-05 10:00:00,4.0,False,2022-10-31
B-004108,R-0189,Gym,2024-11-05 03:55:45.671088,2024-11-06 06:15:00,1.0,False,2022-07-11
B-004109,R-0151,Gym,2024-11-05 04:37:36.556447,2024-11-05 17:00:00,4.0,True,2020-08-06
B-004110,R-0253,Tennis Court,2024-11-05 07:14:10.044539,2024-11-06 06:00:00,4.0,True,2023-11-16
B-004111,R-0233,Squash Court,2024-11-05 08:39:50.241171,2024-11-09 20:00:00,4.0,True,2021-11-14
B-004112,R-0194,Swimming Pool,2024-11-05 08:40:57.168508,2024-11-06 08:45:00,1.0,False,2023-01-19
B-004113,R-0259,Kids Play Area,2024-11-05 12:03:15.639476,2024-11-05 16:00:00,3.0,False,2023-12-21
B-004114,R-0122,Multipurpose Hall,2024-11-05 13:05:30.628559,2024-11-17 18:15:00,1.0,False,2022-11-04
B-004115,R-0082,Swimming Pool,2024-11-05 13:40:17.568058,2024-11-05 16:15:00,4.0,False,2020-08-31
B-004116,R-0064,Multipurpose Hall,2024-11-05 14:41:29.407752,2024-11-10 17:15:00,2.0,False,2022-10-17
B-004117,R-0299,Tennis Court,2024-11-05 15:54:19.124766,2024-11-06 19:15:00,5.0,False,2020-07-29
B-004118,R-0232,Swimming Pool,2024-11-05 16:55:48.271033,2024-11-06 16:30:00,5.0,True,2022-05-16
B-004119,R-0043,Gym,2024-11-05 23:30:00.000000,2024-11-10 11:30:00,5.0,False,2023-06-13
B-004120,R-0194,Kids Play Area,2024-11-06 00:48:35.122014,2024-11-06 09:45:00,1.0,False,2023-01-19
B-004121,R-0132,Badminton Court,2024-11-06 04:09:58.933291,2024-11-06 18:15:00,3.0,True,2020-10-06
B-004122,R-0220,Badminton Court,2024-11-06 05:02:47.186524,2024-11-06 18:00:00,5.0,False,2021-05-12
B-004123,R-0307,Kids Play Area,2024-11-06 07:36:50.327569,2024-11-06 10:30:00,2.0,True,2022-03-13
B-004124,R-0152,Tennis Court,2024-11-06 13:21:32.151924,2024-11-11 07:30:00,1.0,True,2020-03-08
B-004125,R-0036,Kids Play Area,2024-11-06 15:32:45.380550,2024-11-06 18:30:00,3.0,True,2021-02-14
B-004126,R-0073,Kids Play Area,2024-11-06 17:04:52.879070,2024-11-06 18:00:00,1.0,True,2021-06-20
B-004127,R-0290,Swimming Pool,2024-11-06 18:46:33.728776,2024-11-07 19:45:00,3.0,False,2021-02-25
B-004128,R-0109,Badminton Court,2024-11-06 21:50:19.363988,2024-11-07 20:15:00,3.0,False,2022-10-11
B-004129,R-0154,Kids Play Area,2024-11-06 23:17:58.363492,2024-11-07 18:30:00,4.0,False,2020-04-23
B-004130,R-0003,Tennis Court,2024-11-06 23:32:23.518292,2024-11-09 18:30:00,1.0,False,2020-06-06
B-004131,R-0098,Kids Play Area,2024-11-07 00:37:26.433556,2024-11-07 16:00:00,4.0,False,2022-10-31
B-004132,R-0139,Kids Play Area,2024-11-07 01:49:24.040267,2024-11-07 16:00:00,4.0,True,2022-06-23
B-004133,R-0142,Tennis Court,2024-11-07 01:57:50.329071,2024-11-07 06:15:00,5.0,False,2020-05-05
B-004134,R-0052,Badminton Court,2024-11-07 04:02:07.200895,2024-11-07 17:15:00,3.0,True,2022-09-27
B-004135,R-0111,Swimming Pool,2024-11-07 08:30:26.640539,2024-11-07 19:00:00,2.0,True,2022-01-10
B-004136,R-0150,Clubhouse,2024-11-07 09:10:53.449441,2024-11-26 17:45:00,5.0,False,2021-02-11
B-004137,R-0187,Badminton Court,2024-11-07 12:56:42.467062,2024-11-07 19:00:00,4.0,False,2020-04-30
B-004138,R-0278,Multipurpose Hall,2024-11-07 19:18:48.559546,2024-11-21 11:15:00,4.0,False,2023-06-25
B-004139,R-0121,Kids Play Area,2024-11-07 22:00:42.834133,2024-11-08 09:30:00,4.0,False,2023-04-27
B-004140,R-0058,Swimming Pool,2024-11-07 22:34:02.941272,2024-11-08 08:45:00,3.0,False,2023-09-11
B-004141,R-0012,Tennis Court,2024-11-08 01:17:58.653194,2024-11-10 06:15:00,4.0,True,2020-11-21
B-004142,R-0272,Tennis Court,2024-11-08 02:49:02.693763,2024-11-10 18:15:00,3.0,False,2021-11-30
B-004143,R-0176,Tennis Court,2024-11-08 08:14:43.309724,2024-11-08 17:00:00,5.0,True,2022-03-04
B-004144,R-0255,Swimming Pool,2024-11-08 10:02:47.407703,2024-11-09 18:45:00,4.0,False,2021-08-19
B-004145,R-0179,Kids Play Area,2024-11-08 14:10:36.755341,2024-11-08 17:30:00,3.0,False,2020-12-12
B-004146,R-0158,Clubhouse,2024-11-08 18:06:13.822818,2024-11-14 20:30:00,1.0,True,2021-11-01
B-004147,R-0268,Squash Court,2024-11-08 18:21:19.745371,2024-11-10 07:00:00,5.0,False,2022-10-01
B-004148,R-0032,Tennis Court,2024-11-08 20:00:08.047810,2024-11-09 06:00:00,4.0,False,2020-08-02
B-004149,R-0090,Tennis Court,2024-11-08 22:18:13.137491,2024-11-10 18:15:00,3.0,False,2020-03-27
B-004150,R-0209,Gym,2024-11-08 23:05:57.546577,2024-11-09 08:00:00,3.0,False,2023-07-20
B-004151,R-0212,Kids Play Area,2024-11-08 23:27:02.393753,2024-11-10 09:30:00,5.0,False,2023-06-20
B-004152,R-0215,Tennis Court,2024-11-09 00:22:07.311775,2024-11-10 06:00:00,2.0,True,2023-03-17
B-004153,R-0269,Badminton Court,2024-11-09 03:49:06.400672,2024-11-09 19:00:00,5.0,False,2023-11-18
B-004154,R-0027,Gym,2024-11-09 04:11:19.610215,2024-11-09 09:00:00,2.0,False,2023-03-12
B-004155,R-0303,Gym,2024-11-09 05:55:16.797064,2024-11-09 11:30:00,2.0,False,2020-02-09
B-004156,R-0225,Clubhouse,2024-11-09 06:19:17.475253,2024-12-06 20:45:00,2.0,False,2021-03-31
B-004157,R-0041,Gym,2024-11-09 06:28:46.757938,2024-11-09 20:15:00,1.0,True,2020-07-01
B-004158,R-0117,Kids Play Area,2024-11-09 07:23:49.630770,2024-11-09 10:00:00,4.0,False,2020-10-16
B-004159,R-0126,Gym,2024-11-09 07:32:21.022880,2024-11-10 17:30:00,4.0,False,2020-12-04
B-004160,R-0067,Clubhouse,2024-11-09 08:23:31.031284,2024-11-12 18:30:00,3.0,False,2020-11-02
B-004161,R-0199,Tennis Court,2024-11-09 09:36:35.428111,2024-11-09 19:30:00,1.0,False,2023-07-24
B-004162,R-0160,Gym,2024-11-09 13:08:45.355911,2024-11-09 17:30:00,1.0,True,2020-08-11
B-004163,R-0276,Kids Play Area,2024-11-09 13:10:02.651949,2024-11-09 16:15:00,1.0,False,2021-12-03
B-004164,R-0304,Multipurpose Hall,2024-11-09 13:28:12.629865,2024-11-12 17:45:00,1.0,False,2022-12-16
B-004165,R-0254,Tennis Court,2024-11-09 15:49:16.976324,2024-11-10 18:15:00,2.0,False,2020-09-25
B-004166,R-0292,Swimming Pool,2024-11-09 17:07:54.549468,2024-11-10 07:45:00,3.0,False,2020-01-30
B-004167,R-0243,Squash Court,2024-11-09 17:08:44.984433,2024-11-10 08:45:00,2.0,False,2022-10-01
B-004168,R-0236,Kids Play Area,2024-11-09 18:02:57.085731,2024-11-10 09:00:00,1.0,True,2021-05-07
B-004169,R-0066,Squash Court,2024-11-09 18:08:46.028253,2024-11-10 19:30:00,2.0,False,2021-02-13
B-004170,R-0015,Clubhouse,2024-11-09 20:00:00.000000,2024-11-10 20:00:00,1.0,False,2020-06-28
B-004171,R-0155,Swimming Pool,2024-11-09 20:37:10.993201,2024-11-11 16:30:00,5.0,True,2021-02-12
B-004172,R-0084,Swimming Pool,2024-11-09 22:50:48.374306,2024-11-10 07:00:00,1.0,False,2021-03-07
B-004173,R-0168,Kids Play Area,2024-11-10 02:46:05.665332,2024-11-10 17:00:00,3.0,True,2022-09-23
B-004174,R-0294,Tennis Court,2024-11-10 09:01:31.820893,2024-11-10 17:15:00,4.0,False,2021-02-22
B-004175,R-0204,Gym,2024-11-10 09:23:59.994749,2024-11-10 14:15:00,4.0,False,2022-05-24
B-004176,R-0018,Tennis Court,2024-11-10 10:16:06.330787,2024-11-10 19:45:00,3.0,False,2020-12-01
B-004177,R-0114,Gym,2024-11-10 16:52:37.907609,2024-11-11 08:30:00,3.0,True,2021-10-04
B-004178,R-0263,Tennis Court,2024-11-10 22:43:59.385149,2024-11-19 07:45:00,3.0,True,2022-08-11
B-004179,R-0161,Clubhouse,2024-11-10 23:44:35.119314,2025-01-23 11:30:00,4.0,True,2022-05-10
B-004180,R-0253,Squash Court,2024-11-11 00:24:56.164332,2024-11-11 07:00:00,4.0,True,2023-11-16
B-004181,R-0225,Clubhouse,2024-11-11 00:41:26.623191,2024-11-18 11:45:00,2.0,False,2021-03-31
B-004182,R-0039,Gym,2024-11-11 05:25:56.276835,2024-11-11 17:45:00,5.0,False,2020-08-27
B-004183,R-0113,Tennis Court,2024-11-11 06:37:00.146911,2024-11-14 07:15:00,4.0,False,2022-06-28
B-004184,R-0177,Gym,2024-11-11 08:42:27.696795,2024-11-12 10:45:00,1.0,False,2021-12-08
B-004185,R-0278,Tennis Court,2024-11-11 09:46:38.027851,2024-11-12 06:30:00,4.0,False,2023-06-25
B-004186,R-0194,Multipurpose Hall,2024-11-11 14:43:55.293954,2024-11-20 11:45:00,1.0,False,2023-01-19
B-004187,R-0118,Kids Play Area,2024-11-11 15:27:45.058913,2024-11-11 18:15:00,4.0,True,2021-08-22
B-004188,R-0119,Kids Play Area,2024-11-11 16:11:52.635564,2024-11-12 09:15:00,5.0,False,2023-12-08
B-004189,R-0046,Kids Play Area,2024-11-11 16:19:22.097386,2024-11-11 18:15:00,1.0,True,2021-11-08
B-004190,R-0120,Kids Play Area,2024-11-11 19:58:14.992139,2024-11-12 09:00:00,2.0,True,2023-09-11
B-004191,R-0248,Gym,2024-11-11 20:30:00.000000,2024-11-16 08:30:00,2.0,True,2022-12-30
B-004192,R-0084,Swimming Pool,2024-11-11 20:54:41.945176,2024-11-15 07:00:00,1.0,False,2021-03-07
B-004193,R-0263,Clubhouse,2024-11-11 21:00:01.379679,2024-11-27 20:15:00,3.0,True,2022-08-11
B-004194,R-0085,Badminton Court,2024-11-11 22:05:12.809796,2024-11-12 20:45:00,1.0,False,2022-03-24
B-004195,R-0111,Swimming Pool,2024-11-12 00:17:17.478865,2024-11-12 19:00:00,2.0,True,2022-01-10
B-004196,R-0098,Kids Play Area,2024-11-12 01:05:01.135831,2024-11-13 09:30:00,4.0,False,2022-10-31
B-004197,R-0302,Tennis Court,2024-11-12 01:21:25.664181,2024-11-12 17:30:00,2.0,True,2023-05-11
B-004198,R-0060,Badminton Court,2024-11-12 01:35:22.451973,2024-11-13 19:45:00,4.0,False,2021-10-21
B-004199,R-0151,Gym,2024-11-12 05:38:01.194244,2024-11-12 17:15:00,4.0,True,2020-08-06
B-004200,R-0163,Kids Play Area,2024-11-12 07:54:28.598895,2024-11-12 18:15:00,3.0,True,2022-11-25
B-004201,R-0203,Tennis Court,2024-11-12 12:17:09.628558,2024-11-14 07:00:00,4.0,False,2023-10-19
B-004202,R-0096,Swimming Pool,2024-11-12 12:19:01.978720,2024-11-12 19:15:00,1.0,False,2022-10-22
B-004203,R-0038,Kids Play Area,2024-11-12 12:59:43.073398,2024-11-12 17:15:00,5.0,False,2020-08-26
B-004204,R-0148,Gym,2024-11-12 13:03:32.205919,2024-11-13 14:45:00,3.0,False,2020-09-02
B-004205,R-0206,Kids Play Area,2024-11-12 13:12:47.675679,2024-11-12 18:30:00,3.0,False,2021-06-14
B-004206,R-0136,Badminton Court,2024-11-12 14:45:33.022923,2024-11-14 19:30:00,5.0,False,2021-06-17
B-004207,R-0212,Tennis Court,2024-11-12 14:53:16.818261,2024-11-14 07:30:00,5.0,False,2023-06-20
B-004208,R-0211,Clubhouse,2024-11-12 17:10:38.192558,2024-11-18 19:00:00,5.0,True,2021-11-19
B-004209,R-0129,Squash Court,2024-11-12 19:26:46.221296,2024-11-13 08:00:00,2.0,False,2022-06-19
B-004210,R-0166,Gym,2024-11-12 21:33:33.326112,2024-11-13 11:00:00,4.0,False,2022-10-13
B-004211,R-0182,Gym,2024-11-12 23:30:14.963637,2024-11-13 08:30:00,,True,2022-11-04
B-004212,R-0205,Clubhouse,2024-11-13 04:57:11.823574,2024-11-19 20:15:00,3.0,False,2023-01-19
B-004213,R-0032,Tennis Court,2024-11-13 05:42:39.275976,2024-11-20 07:30:00,4.0,False,2020-08-02
B-004214,R-0105,Tennis Court,2024-11-13 07:15:00.000000,2024-11-23 19:15:00,1.0,False,2021-09-14
B-004215,R-0291,Tennis Court,2024-11-13 13:34:50.564961,2024-11-14 19:00:00,5.0,False,2020-11-14
B-004216,R-0135,Kids Play Area,2024-11-13 16:07:07.410900,2024-11-14 18:15:00,2.0,True,2021-05-18
B-004217,R-0055,Multipurpose Hall,2024-11-13 19:39:05.265077,2024-11-17 18:30:00,3.0,False,2020-04-03
B-004218,R-0001,Multipurpose Hall,2024-11-13 23:25:01.394234,2024-12-09 11:45:00,4.0,False,2021-03-19
B-004219,R-0205,Gym,2024-11-13 23:31:28.648524,2024-11-16 06:15:00,3.0,False,2023-01-19
B-004220,R-0245,Squash Court,2024-11-14 02:20:46.106853,2024-11-17 18:15:00,1.0,False,2022-02-09
B-004221,R-0220,Badminton Court,2024-11-14 03:10:52.628954,2024-11-16 17:45:00,5.0,False,2021-05-12
B-004222,R-0244,Badminton Court,2024-11-14 10:39:28.838338,2024-11-14 19:30:00,2.0,True,2022-07-27
B-004223,R-0026,Multipurpose Hall,2024-11-14 16:04:00.152473,2024-11-18 19:00:00,2.0,False,2022-01-18
B-004224,R-0141,Kids Play Area,2024-11-14 17:53:53.542016,2024-11-15 10:00:00,1.0,False,2020-01-06
B-004225,R-0024,Multipurpose Hall,2024-11-14 19:24:14.593859,2024-11-24 11:30:00,1.0,False,2020-09-16
B-004226,R-0233,Badminton Court,2024-11-14 19:46:26.866741,2024-11-15 17:30:00,4.0,True,2021-11-14
B-004227,R-0110,Gym,2024-11-15 00:57:23.577822,2024-11-15 08:30:00,4.0,False,2022-06-09
B-004228,R-0287,Swimming Pool,2024-11-15 04:21:58.394639,2024-11-16 19:00:00,3.0,False,2022-04-21
B-004229,R-0100,Kids Play Area,2024-11-15 07:15:17.971341,2024-11-15 17:30:00,5.0,True,2020-08-16
B-004230,R-0058,Badminton Court,2024-11-15 07:30:22.315284,2024-11-15 18:15:00,3.0,False,2023-09-11
B-004231,R-0281,Clubhouse,2024-11-15 08:51:51.992996,2024-12-17 19:30:00,4.0,False,2022-02-14
B-004232,R-0138,Squash Court,2024-11-15 11:23:54.119221,2024-11-15 18:30:00,3.0,False,2021-08-01
B-004233,R-0044,Clubhouse,2024-11-15 12:00:00.000000,2024-11-16 12:00:00,1.0,False,2021-10-23
B-004234,R-0210,Tennis Court,2024-11-15 12:36:32.519171,2024-11-15 19:00:00,1.0,False,2022-05-08
B-004235,R-0224,Clubhouse,2024-11-15 13:49:34.631345,2024-11-16 17:00:00,1.0,False,2021-05-19
B-004236,R-0030,Squash Court,2024-11-15 14:58:44.360521,2024-11-17 08:45:00,2.0,True,2023-02-05
B-004237,R-0050,Clubhouse,2024-11-15 15:17:27.867063,2024-11-16 20:15:00,2.0,False,2022-11-09
B-004238,R-0137,Kids Play Area,2024-11-15 15:29:46.112962,2024-11-15 17:45:00,2.0,True,2020-08-26
B-004239,R-0190,Multipurpose Hall,2024-11-15 18:15:00.000000,2024-11-16 18:15:00,4.0,True,2022-05-02
B-004240,R-0297,Tennis Court,2024-11-15 19:57:46.022166,2024-11-22 19:15:00,1.0,False,2021-05-14
B-004241,R-0057,Swimming Pool,2024-11-16 00:43:59.860864,2024-11-16 06:30:00,2.0,False,2022-06-23
B-004242,R-0006,Swimming Pool,2024-11-16 02:16:23.761214,2024-11-16 16:45:00,1.0,True,2022-03-03
B-004243,R-0054,Badminton Court,2024-11-16 02:33:06.113084,2024-11-16 18:30:00,2.0,False,2022-02-13
B-004244,R-0144,Multipurpose Hall,2024-11-16 02:40:34.333658,2024-11-22 11:45:00,3.0,False,2022-07-09
B-004245,R-0036,Multipurpose Hall,2024-11-16 04:07:16.872183,2024-11-18 19:15:00,3.0,True,2021-02-14
B-004246,R-0153,Gym,2024-11-16 04:19:04.800980,2024-11-16 08:00:00,5.0,False,2023-03-03
B-004247,R-0292,Swimming Pool,2024-11-16 06:03:42.522693,2024-11-17 07:00:00,3.0,False,2020-01-30
B-004248,R-0091,Badminton Court,2024-11-16 06:41:55.653539,2024-11-16 17:15:00,2.0,True,2023-12-22
B-004249,R-0028,Tennis Court,2024-11-16 07:01:38.192256,2024-11-16 17:00:00,,False,2023-12-08
B-004250,R-0183,Kids Play Area,2024-11-16 07:01:54.199883,2024-11-16 10:45:00,5.0,False,2021-12-25
B-004251,R-0259,Gym,2024-11-16 10:05:41.461996,2024-11-18 15:45:00,3.0,False,2023-12-21
B-004252,R-0256,Swimming Pool,2024-11-16 10:26:12.965347,2024-11-16 16:00:00,3.0,True,2021-06-07
B-004253,R-0008,Clubhouse,2024-11-16 11:04:00.814837,2024-11-21 19:15:00,2.0,False,2022-06-01
B-004254,R-0077,Kids Play Area,2024-11-16 12:47:34.891314,2024-11-16 17:15:00,5.0,False,2020-09-28
B-004255,R-0185,Tennis Court,2024-11-16 13:09:09.833882,2024-11-18 07:30:00,4.0,False,2023-10-25
B-004256,R-0255,Squash Court,2024-11-16 14:04:09.968070,2024-11-17 08:00:00,4.0,False,2021-08-19
B-004257,R-0271,Squash Court,2024-11-16 18:50:55.449332,2024-11-18 07:45:00,1.0,True,2021-04-08
B-004258,R-0265,Clubhouse,2024-11-16 23:47:12.409962,2024-12-01 17:15:00,3.0,False,2023-04-02
B-004259,R-0167,Gym,2024-11-16 23:57:08.950166,2024-11-17 09:30:00,2.0,False,2020-02-05
B-004260,R-0120,Multipurpose Hall,2024-11-17 03:09:12.511841,2024-12-25 19:45:00,2.0,True,2023-09-11
B-004261,R-0242,Badminton Court,2024-11-17 06:26:31.698723,2024-11-17 21:15:00,3.0,True,2020-12-31
B-004262,R-0019,Multipurpose Hall,2024-11-17 07:58:44.148725,2024-11-19 18:45:00,5.0,False,2022-02-09
B-004263,R-0185,Tennis Court,2024-11-17 08:17:39.882275,2024-11-22 18:45:00,4.0,False,2023-10-25
B-004264,R-0146,Gym,2024-11-17 10:34:27.750456,2024-11-17 17:30:00,4.0,False,2020-03-14
B-004265,R-0086,Squash Court,2024-11-17 11:32:46.682114,2024-11-17 19:30:00,3.0,False,2023-06-29
B-004266,R-0178,Clubhouse,2024-11-17 12:15:14.388125,2024-11-19 17:45:00,2.0,True,2023-06-30
B-004267,R-0090,Badminton Court,2024-11-17 13:09:17.502258,2024-11-24 20:30:00,3.0,False,2020-03-27
B-004268,R-0314,Gym,2024-11-17 13:34:19.206617,2024-11-18 17:00:00,2.0,False,2022-04-28
B-004269,R-0276,Kids Play Area,2024-11-17 15:58:12.595008,2024-11-17 16:30:00,1.0,False,2021-12-03
B-004270,R-0045,Squash Court,2024-11-17 16:54:46.133463,2024-11-17 20:30:00,4.0,False,2020-05-15
B-004271,R-0235,Swimming Pool,2024-11-17 17:28:02.540954,2024-11-17 19:45:00,2.0,False,2020-08-24
B-004272,R-0020,Gym,2024-11-17 17:28:45.311464,2024-11-18 08:15:00,1.0,False,2021-04-01
B-004273,R-0240,Multipurpose Hall,2024-11-17 20:16:40.029733,2024-12-04 18:30:00,4.0,True,2021-08-25
B-004274,R-0315,Squash Court,2024-11-18 00:31:11.066425,2024-11-18 18:15:00,5.0,True,2022-01-23
B-004275,R-0261,Multipurpose Hall,2024-11-18 01:31:12.056609,2024-11-23 17:15:00,5.0,True,2023-07-12
B-004276,R-0095,Swimming Pool,2024-11-18 02:57:03.272540,2024-11-18 17:15:00,4.0,False,2020-03-19
B-004277,R-0023,Tennis Court,2024-11-18 05:39:12.143892,2024-11-18 17:00:00,1.0,False,2022-12-13
B-004278,R-0188,Swimming Pool,2024-11-18 06:11:35.362353,2024-11-20 17:15:00,1.0,False,2023-02-11
B-004279,R-0092,Kids Play Area,2024-11-18 06:34:41.391772,2024-11-19 17:30:00,3.0,False,2023-07-28
B-004280,R-0076,Tennis Court,2024-11-18 09:16:32.405336,2024-11-22 07:45:00,2.0,False,2020-08-07
B-004281,R-0145,Multipurpose Hall,2024-11-18 10:06:35.658351,2024-11-20 19:15:00,1.0,False,2021-10-20
B-004282,R-0206,Gym,2024-11-18 11:17:55.278587,2024-11-18 16:15:00,3.0,False,2021-06-14
B-004283,R-0068,Clubhouse,2024-11-18 11:21:51.688029,2024-11-21 18:30:00,3.0,False,2022-08-28
B-004284,R-0186,Clubhouse,2024-11-18 11:34:12.864796,2024-11-25 17:30:00,2.0,False,2020-11-10
B-004285,R-0165,Squash Court,2024-11-18 13:49:34.456583,2024-11-18 19:00:00,2.0,False,2021-12-19
B-004286,R-0259,Clubhouse,2024-11-18 16:14:40.821914,2024-11-25 19:00:00,3.0,False,2023-12-21
B-004287,R-0076,Swimming Pool,2024-11-18 19:12:41.039718,2024-11-19 19:30:00,2.0,False,2020-08-07
B-004288,R-0101,Badminton Court,2024-11-18 23:19:58.932924,2024-11-19 19:45:00,2.0,False,2021-06-13
B-004289,R-0301,Badminton Court,2024-11-19 03:21:11.678951,2024-11-19 20:30:00,3.0,False,2023-12-19
B-004290,R-0052,Badminton Court,2024-11-19 05:57:09.894500,2024-11-19 17:45:00,3.0,True,2022-09-27
B-004291,R-0249,Gym,2024-11-19 07:30:04.366025,2024-11-20 06:30:00,4.0,True,2021-04-14
B-004292,R-0096,Clubhouse,2024-11-19 08:07:35.875279,2024-12-10 11:30:00,1.0,False,2022-10-22
B-004293,R-0056,Squash Court,2024-11-19 08:08:30.000102,2024-11-21 07:00:00,2.0,True,2020-07-16
B-004294,R-0307,Kids Play Area,2024-11-19 09:01:10.040667,2024-11-19 10:00:00,2.0,True,2022-03-13
B-004295,R-0286,Multipurpose Hall,2024-11-19 09:15:03.827972,2024-11-24 19:15:00,4.0,True,2020-11-25
B-004296,R-0240,Kids Play Area,2024-11-19 11:50:28.054795,2024-11-19 17:15:00,4.0,True,2021-08-25
B-004297,R-0093,Clubhouse,2024-11-19 14:16:13.023866,2024-11-30 19:45:00,5.0,False,2020-04-20
B-004298,R-0207,Multipurpose Hall,2024-11-19 14:26:04.632695,2024-12-02 10:30:00,3.0,False,2021-04-11
B-004299,R-0144,Badminton Court,2024-11-19 15:54:35.062037,2024-11-19 17:00:00,3.0,False,2022-07-09
B-004300,R-0026,Multipurpose Hall,2024-11-19 18:42:09.322929,2024-11-28 17:15:00,2.0,False,2022-01-18
B-004301,R-0187,Squash Court,2024-11-19 19:27:51.973030,2024-11-20 20:00:00,4.0,False,2020-04-30
B-004302,R-0070,Kids Play Area,2024-11-19 20:05:45.357069,2024-11-20 10:00:00,3.0,False,2020-04-24
B-004303,R-0189,Kids Play Area,2024-11-20 03:52:04.546858,2024-11-20 10:45:00,1.0,False,2022-07-11
B-004304,R-0180,Badminton Court,2024-11-20 07:47:42.665743,2024-11-20 21:45:00,2.0,False,2020-05-11
B-004305,R-0099,Badminton Court,2024-11-20 09:08:08.017740,2024-11-20 18:45:00,2.0,False,2022-07-13
B-004306,R-0245,Squash Court,2024-11-20 10:36:19.443591,2024-11-21 18:30:00,1.0,False,2022-02-09
B-004307,R-0293,Tennis Court,2024-11-20 10:47:35.595487,2024-11-26 17:45:00,3.0,True,2023-08-16
B-004308,R-0039,Multipurpose Hall,2024-11-20 13:00:18.617907,2024-12-16 10:00:00,5.0,False,2020-08-27
B-004309,R-0143,Multipurpose Hall,2024-11-20 15:38:55.180928,2024-11-27 18:00:00,5.0,True,2022-08-13
B-004310,R-0012,Gym,2024-11-20 17:01:04.056926,2024-11-24 17:00:00,4.0,True,2020-11-21
B-004311,R-0284,Gym,2024-11-20 19:05:23.497610,2024-11-24 09:00:00,1.0,False,2023-06-19
B-004312,R-0115,Badminton Court,2024-11-21 01:31:58.665021,2024-11-21 21:15:00,2.0,False,2021-08-17
B-004313,R-0049,Gym,2024-11-21 05:15:32.125451,2024-11-21 10:15:00,3.0,True,2020-11-28
B-004314,R-0021,Tennis Court,2024-11-21 05:56:22.933867,2024-11-23 07:45:00,5.0,False,2021-06-16
B-004315,R-0133,Clubhouse,2024-11-21 07:23:58.468849,2024-11-22 17:00:00,4.0,False,2020-03-10
B-004316,R-0220,Tennis Court,2024-11-21 10:42:46.861610,2024-11-25 06:00:00,5.0,False,2021-05-12
B-004317,R-0313,Swimming Pool,2024-11-21 11:06:23.268901,2024-11-21 16:00:00,2.0,False,2022-01-03
B-004318,R-0257,Swimming Pool,2024-11-21 12:11:44.206462,2024-11-21 18:00:00,,False,2020-12-06
B-004319,R-0149,Tennis Court,2024-11-21 13:44:10.582265,2024-11-23 17:30:00,2.0,False,2020-09-09
B-004320,R-0208,Gym,2024-11-21 18:33:15.489902,2024-11-22 19:00:00,5.0,False,2021-08-16
B-004321,R-0067,Swimming Pool,2024-11-21 20:25:21.442931,2024-11-22 07:00:00,3.0,False,2020-11-02
B-004322,R-0096,Squash Court,2024-11-21 20:39:21.075400,2024-11-22 07:15:00,1.0,False,2022-10-22
B-004323,R-0174,Gym,2024-11-21 21:18:46.964408,2024-11-22 11:00:00,3.0,False,2022-11-22
B-004324,R-0312,Gym,2024-11-21 21:55:43.547868,2024-11-22 11:15:00,1.0,False,2022-09-04
B-004325,R-0210,Squash Court,2024-11-21 23:19:09.138477,2024-11-22 07:00:00,1.0,False,2022-05-08
B-004326,R-0098,Kids Play Area,2024-11-21 23:49:40.405117,2024-11-22 10:45:00,4.0,False,2022-10-31
B-004327,R-0036,Tennis Court,2024-11-22 00:59:39.884276,2024-11-22 06:45:00,3.0,True,2021-02-14
B-004328,R-0232,Kids Play Area,2024-11-22 02:08:43.383754,2024-11-22 10:30:00,5.0,True,2022-05-16
B-004329,R-0134,Clubhouse,2024-11-22 03:19:00.311159,2024-12-25 17:15:00,4.0,False,2020-03-31
B-004330,R-0166,Tennis Court,2024-11-22 06:21:59.498905,2024-11-24 07:45:00,4.0,False,2022-10-13
B-004331,R-0159,Kids Play Area,2024-11-22 08:49:19.209912,2024-11-22 10:15:00,3.0,True,2022-11-14
B-004332,R-0229,Squash Court,2024-11-22 08:59:58.476063,2024-11-23 07:45:00,2.0,False,2020-02-16
B-004333,R-0042,Badminton Court,2024-11-22 10:40:22.415900,2024-11-22 17:00:00,3.0,False,2022-11-14
B-004334,R-0086,Squash Court,2024-11-22 11:58:02.471908,2024-11-22 19:15:00,3.0,False,2023-06-29
B-004335,R-0215,Kids Play Area,2024-11-22 12:00:22.880994,2024-11-22 17:45:00,2.0,True,2023-03-17
B-004336,R-0032,Clubhouse,2024-11-22 14:40:08.505845,2024-11-30 11:45:00,4.0,False,2020-08-02
B-004337,R-0140,Kids Play Area,2024-11-22 15:59:14.462978,2024-11-22 18:00:00,1.0,True,2022-11-16
B-004338,R-0276,Badminton Court,2024-11-22 17:24:32.136716,2024-11-23 17:00:00,1.0,False,2021-12-03
B-004339,R-0288,Tennis Court,2024-11-22 17:38:24.661474,2024-11-24 07:30:00,4.0,False,2023-09-08
B-004340,R-0100,Tennis Court,2024-11-22 17:58:55.054859,2024-11-25 17:15:00,5.0,True,2020-08-16
B-004341,R-0196,Clubhouse,2024-11-22 19:22:59.013497,2024-12-08 20:30:00,2.0,True,2022-01-24
B-004342,R-0190,Tennis Court,2024-11-23 01:58:51.976058,2024-11-23 17:30:00,4.0,True,2022-05-02
B-004343,R-0196,Multipurpose Hall,2024-11-23 02:41:05.764574,2024-12-22 17:30:00,2.0,True,2022-01-24
B-004344,R-0283,Kids Play Area,2024-11-23 03:27:34.082687,2024-11-23 18:00:00,1.0,False,2020-02-28
B-004345,R-0030,Swimming Pool,2024-11-23 04:10:56.848729,2024-11-24 06:15:00,2.0,True,2023-02-05
B-004346,R-0066,Squash Court,2024-11-23 05:16:19.067296,2024-11-24 19:30:00,2.0,False,2021-02-13
B-004347,R-0082,Tennis Court,2024-11-23 10:22:31.900179,2024-11-23 18:15:00,4.0,False,2020-08-31
B-004348,R-0178,Gym,2024-11-23 14:43:34.394525,2024-11-23 17:00:00,2.0,True,2023-06-30
B-004349,R-0302,Multipurpose Hall,2024-11-23 15:13:57.404067,2024-12-03 19:30:00,2.0,True,2023-05-11
B-004350,R-0158,Badminton Court,2024-11-23 15:58:19.164677,2024-11-23 20:15:00,1.0,True,2021-11-01
B-004351,R-0277,Gym,2024-11-23 16:46:44.967399,2024-11-25 06:15:00,1.0,True,2022-11-26
B-004352,R-0061,Badminton Court,2024-11-23 18:29:55.671590,2024-11-24 19:45:00,1.0,False,2022-11-06
B-004353,R-0211,Multipurpose Hall,2024-11-23 18:31:36.407096,2024-11-28 19:45:00,5.0,True,2021-11-19
B-004354,R-0072,Squash Court,2024-11-23 19:30:16.503836,2024-11-24 18:30:00,4.0,False,2022-05-01
B-004355,R-0064,Swimming Pool,2024-11-23 22:08:45.213283,2024-11-24 17:00:00,2.0,False,2022-10-17
B-004356,R-0090,Squash Court,2024-11-23 23:37:48.025950,2024-11-26 08:30:00,3.0,False,2020-03-27
B-004357,R-0083,Multipurpose Hall,2024-11-24 01:17:13.132849,2024-12-11 17:00:00,1.0,True,2020-03-12
B-004358,R-0195,Multipurpose Hall,2024-11-24 02:31:33.463264,2024-11-27 19:30:00,3.0,True,2022-06-30
B-004359,R-0062,Badminton Court,2024-11-24 03:01:28.973134,2024-11-26 20:00:00,2.0,False,2020-06-01
B-004360,R-0153,Gym,2024-11-24 05:31:36.738755,2024-11-24 08:45:00,5.0,False,2023-03-03
B-004361,R-0167,Gym,2024-11-24 05:52:19.621599,2024-11-24 10:45:00,2.0,False,2020-02-05
B-004362,R-0005,Badminton Court,2024-11-24 06:15:10.577124,2024-11-25 17:00:00,3.0,True,2021-05-16
B-004363,R-0274,Clubhouse,2024-11-24 06:19:52.386652,2024-11-27 12:15:00,1.0,False,2021-08-07
B-004364,R-0104,Gym,2024-11-24 09:03:47.442490,2024-11-24 16:00:00,5.0,True,2023-02-09
B-004365,R-0019,Tennis Court,2024-11-24 09:19:02.231691,2024-11-24 17:00:00,5.0,False,2022-02-09
B-004366,R-0198,Multipurpose Hall,2024-11-24 10:40:32.916805,2024-12-08 17:00:00,5.0,False,2023-09-18
B-004367,R-0120,Swimming Pool,2024-11-24 13:10:09.323680,2024-11-25 17:15:00,2.0,True,2023-09-11
B-004368,R-0137,Kids Play Area,2024-11-24 13:27:38.773857,2024-11-24 17:15:00,2.0,True,2020-08-26
B-004369,R-0303,Badminton Court,2024-11-24 14:06:05.846535,2024-11-24 19:00:00,2.0,False,2020-02-09
B-004370,R-0054,Gym,2024-11-24 15:32:26.288501,2024-11-24 19:00:00,2.0,False,2022-02-13
B-004371,R-0085,Tennis Court,2024-11-24 19:25:36.255552,2024-11-25 17:15:00,1.0,False,2022-03-24
B-004372,R-0175,Gym,2024-11-25 00:31:58.829626,2024-11-25 10:30:00,1.0,False,2020-01-26
B-004373,R-0291,Badminton Court,2024-11-25 03:07:12.775639,2024-11-25 21:00:00,5.0,False,2020-11-14
B-004374,R-0036,Multipurpose Hall,2024-11-25 06:34:28.624765,2024-11-27 10:45:00,3.0,True,2021-02-14
B-004375,R-0060,Swimming Pool,2024-11-25 07:11:50.853812,2024-11-25 16:30:00,4.0,False,2021-10-21
B-004376,R-0059,Gym,2024-11-25 08:05:41.896397,2024-11-26 12:00:00,2.0,True,2021-11-08
B-004377,R-0139,Tennis Court,2024-11-25 09:11:39.104714,2024-11-25 18:45:00,4.0,True,2022-06-23
B-004378,R-0056,Squash Court,2024-11-25 09:13:12.951778,2024-11-26 07:45:00,2.0,True,2020-07-16
B-004379,R-0052,Clubhouse,2024-11-25 10:59:45.218041,2024-11-27 11:15:00,3.0,True,2022-09-27
B-004380,R-0070,Swimming Pool,2024-11-25 11:00:03.472692,2024-11-27 06:30:00,3.0,False,2020-04-24
B-004381,R-0010,Clubhouse,2024-11-25 11:28:31.177013,2025-01-11 11:00:00,3.0,True,2020-10-23
B-004382,R-0135,Gym,2024-11-25 12:13:26.921871,2024-11-27 07:15:00,2.0,True,2021-05-18
B-004383,R-0234,Squash Court,2024-11-25 12:38:23.364689,2024-11-26 08:00:00,4.0,False,2022-03-24
B-004384,R-0292,Badminton Court,2024-11-25 13:51:11.660855,2024-11-26 18:45:00,3.0,False,2020-01-30
B-004385,R-0153,Multipurpose Hall,2024-11-25 15:48:30.810995,2024-12-04 11:00:00,5.0,False,2023-03-03
B-004386,R-0180,Kids Play Area,2024-11-26 01:48:13.802070,2024-11-26 17:45:00,2.0,False,2020-05-11
B-004387,R-0147,Swimming Pool,2024-11-26 08:13:58.264368,2024-11-26 17:00:00,5.0,False,2023-05-17
B-004388,R-0269,Squash Court,2024-11-26 10:40:58.959174,2024-11-26 20:45:00,5.0,False,2023-11-18
B-004389,R-0105,Swimming Pool,2024-11-26 12:20:55.857736,2024-11-28 07:15:00,1.0,False,2021-09-14
B-004390,R-0146,Badminton Court,2024-11-26 12:23:51.334057,2024-11-26 20:15:00,4.0,False,2020-03-14
B-004391,R-0115,Kids Play Area,2024-11-26 14:55:56.454185,2024-11-26 17:45:00,2.0,False,2021-08-17
B-004392,R-0279,Multipurpose Hall,2024-11-26 15:19:35.051401,2024-12-09 11:15:00,1.0,False,2023-11-24
B-004393,R-0212,Tennis Court,2024-11-26 17:47:43.742132,2024-11-28 18:45:00,5.0,False,2023-06-20
B-004394,R-0133,Clubhouse,2024-11-26 19:24:36.922559,2024-11-29 11:00:00,4.0,False,2020-03-10
B-004395,R-0318,Swimming Pool,2024-11-26 20:03:15.084629,2024-11-29 06:00:00,4.0,False,2021-01-26
B-004396,R-0252,Gym,2024-11-26 22:42:58.566950,2024-11-27 11:00:00,2.0,True,2021-11-26
B-004397,R-0196,Clubhouse,2024-11-26 22:53:37.126864,2025-01-18 20:00:00,2.0,True,2022-01-24
B-004398,R-0119,Kids Play Area,2024-11-27 00:38:29.209608,2024-11-27 10:00:00,5.0,False,2023-12-08
B-004399,R-0163,Kids Play Area,2024-11-27 03:11:47.370315,2024-11-27 17:00:00,3.0,True,2022-11-25
B-004400,R-0004,Squash Court,2024-11-27 04:42:52.968868,2024-11-27 07:45:00,2.0,True,2023-10-13
B-004401,R-0259,Badminton Court,2024-11-27 04:46:16.723655,2024-11-27 21:15:00,3.0,False,2023-12-21
B-004402,R-0241,Kids Play Area,2024-11-27 05:16:57.261336,2024-11-27 17:45:00,3.0,False,2022-05-23
B-004403,R-0296,Swimming Pool,2024-11-27 05:29:25.550927,2024-11-27 19:30:00,5.0,False,2021-02-23
B-004404,R-0110,Clubhouse,2024-11-27 06:31:42.254574,2024-12-08 11:00:00,4.0,False,2022-06-09
B-004405,R-0303,Multipurpose Hall,2024-11-27 07:14:41.491759,2024-12-06 18:45:00,2.0,False,2020-02-09
B-004406,R-0016,Kids Play Area,2024-11-27 08:56:32.556621,2024-11-28 16:15:00,1.0,True,2020-04-13
B-004407,R-0072,Clubhouse,2024-11-27 10:13:26.965329,2024-12-04 19:45:00,4.0,False,2022-05-01
B-004408,R-0233,Multipurpose Hall,2024-11-27 10:40:28.527271,2024-12-15 17:15:00,4.0,True,2021-11-14
B-004409,R-0035,Swimming Pool,2024-11-27 10:52:40.859103,2024-11-29 16:00:00,1.0,False,2023-05-21
B-004410,R-0121,Clubhouse,2024-11-27 11:00:00.000000,2025-02-25 11:00:00,4.0,False,2023-04-27
B-004411,R-0176,Squash Court,2024-11-27 12:42:20.911825,2024-11-27 20:15:00,5.0,True,2022-03-04
B-004412,R-0129,Kids Play Area,2024-11-27 12:54:58.712930,2024-11-28 10:45:00,2.0,False,2022-06-19
B-004413,R-0306,Kids Play Area,2024-11-27 14:53:16.540788,2024-11-27 16:00:00,3.0,True,2022-09-30
B-004414,R-0296,Badminton Court,2024-11-27 20:38:33.051550,2024-12-01 19:45:00,5.0,False,2021-02-23
B-004415,R-0058,Gym,2024-11-28 02:00:34.972009,2024-11-28 08:45:00,3.0,False,2023-09-11
B-004416,R-0012,Squash Court,2024-11-28 02:06:40.480989,2024-11-29 19:30:00,4.0,True,2020-11-21
B-004417,R-0039,Kids Play Area,2024-11-28 03:13:10.815266,2024-11-28 18:15:00,5.0,False,2020-08-27
B-004418,R-0181,Tennis Court,2024-11-28 05:04:35.298621,2024-12-01 18:00:00,4.0,True,2022-08-08
B-004419,R-0018,Tennis Court,2024-11-28 06:36:15.783771,2024-11-28 19:45:00,3.0,False,2020-12-01
B-004420,R-0275,Multipurpose Hall,2024-11-28 07:19:01.574344,2024-12-15 19:45:00,4.0,True,2020-05-07
B-004421,R-0128,Clubhouse,2024-11-28 08:37:36.456638,2024-12-06 19:15:00,4.0,False,2021-12-26
B-004422,R-0175,Squash Court,2024-11-28 09:05:55.656753,2024-11-29 08:45:00,1.0,False,2020-01-26
B-004423,R-0240,Kids Play Area,2024-11-28 13:38:13.072533,2024-11-28 17:00:00,4.0,True,2021-08-25
B-004424,R-0090,Badminton Court,2024-11-28 14:30:26.939033,2024-11-29 20:15:00,3.0,False,2020-03-27
B-004425,R-0010,Clubhouse,2024-11-28 16:15:31.999091,2025-02-01 19:15:00,3.0,True,2020-10-23
B-004426,R-0190,Multipurpose Hall,2024-11-28 18:26:56.453612,2024-12-05 10:45:00,4.0,True,2022-05-02
B-004427,R-0052,Tennis Court,2024-11-28 22:43:32.923209,2024-11-29 07:30:00,3.0,True,2022-09-27
B-004428,R-0020,Gym,2024-11-28 23:47:55.139459,2024-11-29 09:45:00,1.0,False,2021-04-01
B-004429,R-0237,Squash Court,2024-11-29 00:34:46.278445,2024-11-29 18:00:00,2.0,False,2020-12-11
B-004430,R-0245,Squash Court,2024-11-29 01:16:02.350784,2024-12-04 18:00:00,1.0,False,2022-02-09
B-004431,R-0267,Kids Play Area,2024-11-29 02:02:46.574469,2024-11-29 16:15:00,3.0,False,2021-09-07
B-004432,R-0256,Gym,2024-11-29 04:32:05.303867,2024-11-29 08:15:00,3.0,True,2021-06-07
B-004433,R-0022,Tennis Court,2024-11-29 06:24:46.783505,2024-12-03 17:45:00,2.0,True,2022-11-11
B-004434,R-0290,Gym,2024-11-29 06:55:29.441245,2024-11-29 16:00:00,3.0,False,2021-02-25
B-004435,R-0315,Squash Court,2024-11-29 07:06:11.829483,2024-11-29 18:15:00,5.0,True,2022-01-23
B-004436,R-0273,Gym,2024-11-29 08:53:00.019036,2024-12-01 15:30:00,5.0,False,2020-10-30
B-004437,R-0253,Kids Play Area,2024-11-29 09:35:44.440812,2024-11-29 10:45:00,4.0,True,2023-11-16
B-004438,R-0193,Kids Play Area,2024-11-29 10:28:06.570477,2024-11-29 16:45:00,2.0,True,2021-06-16
B-004439,R-0028,Swimming Pool,2024-11-29 11:21:34.428101,2024-11-29 19:45:00,4.0,False,2023-12-08
B-004440,R-0057,Badminton Court,2024-11-29 14:07:43.031485,2024-11-30 21:30:00,2.0,False,2022-06-23
B-004441,R-0079,Squash Court,2024-11-29 16:26:18.503010,2024-11-30 08:45:00,3.0,True,2020-08-30
B-004442,R-0227,Kids Play Area,2024-11-29 16:51:44.438321,2024-11-29 17:15:00,4.0,True,2021-10-13
B-004443,R-0210,Clubhouse,2024-11-29 18:52:28.007761,2024-12-03 11:15:00,1.0,False,2022-05-08
B-004444,R-0114,Kids Play Area,2024-11-29 19:09:49.697457,2024-11-30 10:15:00,3.0,True,2021-10-04
B-004445,R-0106,Gym,2024-11-29 22:52:43.487655,2024-11-30 07:45:00,1.0,True,2020-01-23
B-004446,R-0045,Squash Court,2024-11-30 01:26:24.469730,2024-11-30 20:00:00,4.0,False,2020-05-15
B-004447,R-0226,Clubhouse,2024-11-30 06:16:58.116000,2024-12-15 19:15:00,3.0,False,2020-02-27
B-004448,R-0132,Swimming Pool,2024-11-30 09:23:57.096753,2024-12-02 06:00:00,3.0,True,2020-10-06
B-004449,R-0082,Gym,2024-11-30 10:28:58.343419,2024-11-30 19:00:00,4.0,False,2020-08-31
B-004450,R-0222,Tennis Court,2024-11-30 10:54:52.409956,2024-12-01 07:15:00,3.0,False,2021-06-30
B-004451,R-0082,Clubhouse,2024-11-30 13:13:47.746519,2024-12-11 18:45:00,4.0,False,2020-08-31
B-004452,R-0276,Kids Play Area,2024-11-30 13:37:25.009809,2024-11-30 16:15:00,1.0,False,2021-12-03
B-004453,R-0046,Kids Play Area,2024-11-30 16:01:04.210677,2024-11-30 18:00:00,1.0,True,2021-11-08
B-004454,R-0076,Swimming Pool,2024-11-30 16:18:30.123493,2024-12-01 07:45:00,2.0,False,2020-08-07
B-004455,R-0174,Tennis Court,2024-11-30 16:38:46.593388,2024-12-01 07:30:00,3.0,False,2022-11-22
B-004456,R-0311,Clubhouse,2024-11-30 17:56:47.850623,2024-12-23 11:30:00,5.0,False,2021-06-05
B-004457,R-0116,Gym,2024-11-30 18:18:10.882517,2024-12-01 16:15:00,4.0,False,2020-04-11
B-004458,R-0029,Swimming Pool,2024-11-30 18:44:47.050231,2024-12-02 18:00:00,1.0,False,2020-03-01
B-004459,R-0066,Badminton Court,2024-11-30 19:07:49.512192,2024-12-01 20:00:00,2.0,False,2021-02-13
B-004460,R-0203,Swimming Pool,2024-11-30 20:17:15.344727,2024-12-01 07:15:00,4.0,False,2023-10-19
B-004461,R-0049,Gym,2024-11-30 22:00:00.000000,2024-12-05 10:00:00,3.0,True,2020-11-28
B-004462,R-0258,Badminton Court,2024-11-30 22:35:54.422742,2024-12-02 21:45:00,2.0,True,2023-04-04
B-004463,R-0215,Gym,2024-11-30 22:46:59.979332,2024-12-01 07:30:00,2.0,True,2023-03-17
B-004464,R-0105,Clubhouse,2024-12-01 01:40:22.029145,2024-12-12 11:30:00,1.0,False,2021-09-14
B-004465,R-0146,Clubhouse,2024-12-01 04:54:15.928092,2024-12-03 18:30:00,4.0,False,2020-03-14
B-004466,R-0262,Swimming Pool,2024-12-01 05:25:14.142965,2024-12-01 16:45:00,5.0,False,2023-08-23
B-004467,R-0101,Kids Play Area,2024-12-01 05:57:06.391927,2024-12-01 17:15:00,2.0,False,2021-06-13
B-004468,R-0157,Kids Play Area,2024-12-01 06:19:26.792204,2024-12-01 16:15:00,3.0,True,2020-05-01
B-004469,R-0084,Swimming Pool,2024-12-01 07:00:00.000000,2024-12-07 07:00:00,1.0,False,2021-03-07
B-004470,R-0233,Gym,2024-12-01 08:13:31.203235,2024-12-01 17:45:00,4.0,True,2021-11-14
B-004471,R-0027,Kids Play Area,2024-12-01 08:57:39.842676,2024-12-01 16:30:00,2.0,False,2023-03-12
B-004472,R-0139,Badminton Court,2024-12-01 11:21:21.448267,2024-12-04 20:15:00,4.0,True,2022-06-23
B-004473,R-0065,Gym,2024-12-01 11:27:28.039463,2024-12-01 18:30:00,4.0,False,2023-02-14
B-004474,R-0122,Kids Play Area,2024-12-01 12:49:38.729665,2024-12-01 18:00:00,1.0,False,2022-11-04
B-004475,R-0170,Swimming Pool,2024-12-01 15:08:15.634167,2024-12-03 18:15:00,4.0,False,2023-02-04
B-004476,R-0220,Badminton Court,2024-12-01 19:49:58.768050,2024-12-02 18:45:00,5.0,False,2021-05-12
B-004477,R-0189,Swimming Pool,2024-12-01 23:08:37.834026,2024-12-02 06:30:00,1.0,False,2022-07-11
B-004478,R-0171,Clubhouse,2024-12-01 23:34:45.522265,2024-12-07 12:15:00,4.0,False,2020-03-16
B-004479,R-0184,Badminton Court,2024-12-02 00:58:51.468721,2024-12-03 21:45:00,1.0,False,2022-11-30
B-004480,R-0124,Squash Court,2024-12-02 01:16:43.553821,2024-12-02 18:30:00,3.0,False,2022-08-31
B-004481,R-0076,Multipurpose Hall,2024-12-02 02:52:41.304880,2025-01-30 10:30:00,2.0,False,2020-08-07
B-004482,R-0311,Kids Play Area,2024-12-02 05:04:35.802163,2024-12-02 16:45:00,5.0,False,2021-06-05
B-004483,R-0092,Kids Play Area,2024-12-02 09:39:05.600767,2024-12-03 10:30:00,3.0,False,2023-07-28
B-004484,R-0039,Multipurpose Hall,2024-12-02 09:43:53.493482,2024-12-11 10:30:00,,False,2020-08-27
B-004485,R-0317,Gym,2024-12-02 10:16:35.688234,2024-12-03 10:45:00,1.0,False,2023-02-18
B-004486,R-0048,Kids Play Area,2024-12-02 14:24:03.167207,2024-12-02 16:30:00,1.0,True,2023-12-12
B-004487,R-0165,Gym,2024-12-02 15:05:48.924730,2024-12-02 18:00:00,2.0,False,2021-12-19
B-004488,R-0167,Multipurpose Hall,2024-12-02 15:50:43.058681,2024-12-07 10:45:00,2.0,False,2020-02-05
B-004489,R-0026,Squash Court,2024-12-02 15:58:35.522122,2024-12-03 19:15:00,2.0,False,2022-01-18
B-004490,R-0154,Swimming Pool,2024-12-02 19:56:29.054865,2024-12-05 06:45:00,4.0,False,2020-04-23
B-004491,R-0003,Tennis Court,2024-12-02 21:23:00.376236,2024-12-04 07:30:00,1.0,False,2020-06-06
B-004492,R-0063,Badminton Court,2024-12-02 23:00:32.934711,2024-12-04 19:30:00,2.0,False,2020-11-01
B-004493,R-0177,Kids Play Area,2024-12-03 00:36:18.423803,2024-12-03 10:00:00,1.0,False,2021-12-08
B-004494,R-0110,Badminton Court,2024-12-03 02:05:59.876329,2024-12-03 19:00:00,4.0,False,2022-06-09
B-004495,R-0159,Tennis Court,2024-12-03 05:42:55.553477,2024-12-03 17:45:00,3.0,True,2022-11-14
B-004496,R-0187,Badminton Court,2024-12-03 07:20:53.364068,2024-12-03 19:30:00,4.0,False,2020-04-30
B-004497,R-0105,Multipurpose Hall,2024-12-03 07:22:55.530925,2024-12-21 10:15:00,1.0,False,2021-09-14
B-004498,R-0280,Multipurpose Hall,2024-12-03 08:13:32.913097,2024-12-09 17:30:00,3.0,False,2020-03-31
B-004499,R-0255,Gym,2024-12-03 08:43:23.907223,2024-12-06 13:30:00,4.0,False,2021-08-19
B-004500,R-0052,Clubhouse,2024-12-03 09:51:37.890973,2024-12-05 11:15:00,3.0,True,2022-09-27
B-004501,R-0297,Clubhouse,2024-12-03 12:37:33.105186,2024-12-26 20:30:00,1.0,False,2021-05-14
B-004502,R-0267,Kids Play Area,2024-12-03 12:43:19.420248,2024-12-03 16:00:00,3.0,False,2021-09-07
B-004503,R-0186,Clubhouse,2024-12-03 17:55:02.429722,2024-12-08 17:30:00,2.0,False,2020-11-10
B-004504,R-0043,Squash Court,2024-12-03 19:06:10.858332,2024-12-06 20:30:00,5.0,False,2023-06-13
B-004505,R-0278,Tennis Court,2024-12-03 22:51:25.375422,2024-12-04 07:15:00,4.0,False,2023-06-25
B-004506,R-0194,Gym,2024-12-04 00:45:16.552071,2024-12-04 07:00:00,1.0,False,2023-01-19
B-004507,R-0076,Multipurpose Hall,2024-12-04 03:22:31.536699,2024-12-31 11:30:00,2.0,False,2020-08-07
B-004508,R-0312,Badminton Court,2024-12-04 04:18:21.237627,2024-12-05 20:30:00,1.0,False,2022-09-04
B-004509,R-0107,Swimming Pool,2024-12-04 04:37:43.709519,2024-12-05 07:45:00,2.0,False,2021-10-10
B-004510,R-0192,Kids Play Area,2024-12-04 05:44:13.497887,2024-12-04 10:00:00,4.0,True,2023-07-01
B-004511,R-0161,Tennis Court,2024-12-04 06:26:14.378520,2024-12-10 07:45:00,4.0,True,2022-05-10
B-004512,R-0103,Gym,2024-12-04 07:22:54.315990,2024-12-04 19:45:00,2.0,True,2021-01-15
B-004513,R-0042,Badminton Court,2024-12-04 10:48:59.343719,2024-12-05 17:45:00,3.0,False,2022-11-14
B-004514,R-0274,Tennis Court,2024-12-04 11:16:05.682570,2024-12-04 18:15:00,1.0,False,2021-08-07
B-004515,R-0068,Squash Court,2024-12-04 13:09:38.990817,2024-12-04 20:30:00,,False,2022-08-28
B-004516,R-0111,Tennis Court,2024-12-04 15:37:16.109016,2024-12-05 18:00:00,2.0,True,2022-01-10
B-004517,R-0180,Gym,2024-12-04 20:40:03.628679,2024-12-06 11:00:00,2.0,False,2020-05-11
B-004518,R-0296,Squash Court,2024-12-04 20:47:16.676373,2024-12-07 18:15:00,5.0,False,2021-02-23
B-004519,R-0096,Gym,2024-12-05 05:27:29.559769,2024-12-06 07:15:00,1.0,False,2022-10-22
B-004520,R-0019,Multipurpose Hall,2024-12-05 05:50:09.356504,2024-12-07 18:30:00,5.0,False,2022-02-09
B-004521,R-0236,Gym,2024-12-05 07:15:10.627000,2024-12-06 06:00:00,1.0,True,2021-05-07
B-004522,R-0238,Multipurpose Hall,2024-12-05 09:32:42.212173,2024-12-09 17:00:00,3.0,True,2023-07-13
B-004523,R-0291,Badminton Court,2024-12-05 16:14:49.391728,2024-12-05 21:15:00,5.0,False,2020-11-14
B-004524,R-0076,Tennis Court,2024-12-05 17:37:23.547156,2024-12-11 07:45:00,2.0,False,2020-08-07
B-004525,R-0166,Gym,2024-12-05 20:41:43.816159,2024-12-06 11:30:00,4.0,False,2022-10-13
B-004526,R-0117,Multipurpose Hall,2024-12-05 22:35:30.343268,2024-12-15 10:45:00,4.0,False,2020-10-16
B-004527,R-0061,Multipurpose Hall,2024-12-06 04:00:42.669647,2024-12-15 17:30:00,1.0,False,2022-11-06
B-004528,R-0040,Tennis Court,2024-12-06 04:45:34.489437,2024-12-07 18:00:00,2.0,True,2023-09-02
B-004529,R-0199,Squash Court,2024-12-06 05:07:48.971137,2024-12-07 08:00:00,1.0,False,2023-07-24
B-004530,R-0120,Clubhouse,2024-12-06 05:42:15.606756,2024-12-18 17:15:00,2.0,True,2023-09-11
B-004531,R-0122,Gym,2024-12-06 06:58:03.054899,2024-12-07 20:15:00,1.0,False,2022-11-04
B-004532,R-0012,Gym,2024-12-06 08:44:26.666702,2024-12-07 08:45:00,4.0,True,2020-11-21
B-004533,R-0158,Swimming Pool,2024-12-06 09:24:49.853963,2024-12-06 16:45:00,1.0,True,2021-11-01
B-004534,R-0178,Kids Play Area,2024-12-06 09:40:38.018440,2024-12-06 10:45:00,2.0,True,2023-06-30
B-004535,R-0256,Kids Play Area,2024-12-06 11:28:55.474436,2024-12-06 18:30:00,3.0,True,2021-06-07
B-004536,R-0300,Badminton Court,2024-12-06 13:54:54.542852,2024-12-07 19:30:00,4.0,False,2023-10-05
B-004537,R-0046,Squash Court,2024-12-06 15:36:05.222360,2024-12-06 19:15:00,1.0,True,2021-11-08
B-004538,R-0011,Multipurpose Hall,2024-12-06 15:57:09.105179,2024-12-22 19:45:00,4.0,False,2022-01-15
B-004539,R-0058,Swimming Pool,2024-12-06 18:10:19.104212,2024-12-07 08:45:00,3.0,False,2023-09-11
B-004540,R-0117,Swimming Pool,2024-12-07 00:49:44.124266,2024-12-07 08:30:00,4.0,False,2020-10-16
B-004541,R-0174,Gym,2024-12-07 04:39:11.116088,2024-12-07 11:00:00,3.0,False,2022-11-22
B-004542,R-0145,Tennis Court,2024-12-07 05:11:12.929391,2024-12-07 07:45:00,1.0,False,2021-10-20
B-004543,R-0271,Squash Court,2024-12-07 08:52:02.088734,2024-12-08 08:15:00,1.0,True,2021-04-08
B-004544,R-0058,Tennis Court,2024-12-07 10:05:57.983887,2024-12-09 06:30:00,3.0,False,2023-09-11
B-004545,R-0269,Multipurpose Hall,2024-12-07 10:28:11.799523,2024-12-08 18:30:00,5.0,False,2023-11-18
B-004546,R-0235,Kids Play Area,2024-12-07 12:53:25.167113,2024-12-07 17:30:00,2.0,False,2020-08-24
B-004547,R-0215,Gym,2024-12-07 15:17:22.343778,2024-12-08 07:00:00,2.0,True,2023-03-17
B-004548,R-0299,Tennis Court,2024-12-07 20:57:34.433362,2024-12-08 19:30:00,5.0,False,2020-07-29
B-004549,R-0209,Gym,2024-12-08 01:22:41.812655,2024-12-08 11:45:00,3.0,False,2023-07-20
B-004550,R-0040,Tennis Court,2024-12-08 01:30:36.380991,2024-12-12 07:00:00,2.0,True,2023-09-02
B-004551,R-0064,Gym,2024-12-08 02:10:18.790171,2024-12-08 18:15:00,2.0,False,2022-10-17
B-004552,R-0266,Tennis Court,2024-12-08 02:34:12.922183,2024-12-09 17:00:00,4.0,True,2023-12-21
B-004553,R-0125,Gym,2024-12-08 06:28:56.197671,2024-12-09 07:15:00,5.0,True,2020-12-19
B-004554,R-0069,Gym,2024-12-08 07:48:22.806776,2024-12-08 15:30:00,1.0,False,2023-11-30
B-004555,R-0152,Tennis Court,2024-12-08 11:25:40.574246,2024-12-10 18:15:00,1.0,True,2020-03-08
B-004556,R-0024,Clubhouse,2024-12-08 11:30:17.496101,2024-12-14 17:00:00,1.0,False,2020-09-16
B-004557,R-0146,Swimming Pool,2024-12-08 13:20:15.144186,2024-12-08 19:00:00,4.0,False,2020-03-14
B-004558,R-0086,Squash Court,2024-12-08 14:03:54.547965,2024-12-08 19:00:00,3.0,False,2023-06-29
B-004559,R-0028,Gym,2024-12-08 16:02:00.722931,2024-12-08 20:30:00,4.0,False,2023-12-08
B-004560,R-0115,Tennis Court,2024-12-08 16:47:52.256527,2024-12-09 18:30:00,2.0,False,2021-08-17
B-004561,R-0243,Kids Play Area,2024-12-08 17:38:36.594627,2024-12-08 18:15:00,,False,2022-10-01
B-004562,R-0184,Tennis Court,2024-12-08 20:20:24.736721,2024-12-13 19:15:00,1.0,False,2022-11-30
B-004563,R-0221,Gym,2024-12-08 20:48:20.422738,2024-12-09 16:45:00,1.0,True,2023-09-29
B-004564,R-0030,Clubhouse,2024-12-08 21:01:53.360962,2025-03-08 20:45:00,2.0,True,2023-02-05
B-004565,R-0104,Gym,2024-12-08 21:08:19.203242,2024-12-09 19:45:00,5.0,True,2023-02-09
B-004566,R-0114,Kids Play Area,2024-12-08 21:37:01.763172,2024-12-09 10:00:00,3.0,True,2021-10-04
B-004567,R-0224,Badminton Court,2024-12-08 23:05:53.734797,2024-12-09 18:15:00,1.0,False,2021-05-19
B-004568,R-0286,Kids Play Area,2024-12-09 02:15:40.754842,2024-12-09 17:15:00,4.0,True,2020-11-25
B-004569,R-0120,Gym,2024-12-09 02:47:11.897656,2024-12-09 16:45:00,2.0,True,2023-09-11
B-004570,R-0038,Swimming Pool,2024-12-09 03:59:54.157887,2024-12-09 17:15:00,5.0,False,2020-08-26
B-004571,R-0083,Multipurpose Hall,2024-12-09 04:48:15.172588,2024-12-20 17:00:00,1.0,True,2020-03-12
B-004572,R-0055,Kids Play Area,2024-12-09 06:21:26.097946,2024-12-09 09:15:00,3.0,False,2020-04-03
B-004573,R-0127,Kids Play Area,2024-12-09 06:42:37.175626,2024-12-09 09:00:00,3.0,False,2020-06-15
B-004574,R-0232,Kids Play Area,2024-12-09 08:27:17.752395,2024-12-09 10:45:00,5.0,True,2022-05-16
B-004575,R-0242,Tennis Court,2024-12-09 08:55:23.470930,2024-12-10 07:45:00,3.0,True,2020-12-31
B-004576,R-0056,Squash Court,2024-12-09 10:22:16.455497,2024-12-10 08:15:00,2.0,True,2020-07-16
B-004577,R-0059,Kids Play Area,2024-12-09 10:46:31.130827,2024-12-09 16:45:00,2.0,True,2021-11-08
B-004578,R-0085,Swimming Pool,2024-12-09 11:54:19.123679,2024-12-10 16:30:00,1.0,False,2022-03-24
B-004579,R-0221,Clubhouse,2024-12-09 17:42:39.583417,2024-12-22 19:45:00,1.0,True,2023-09-29
B-004580,R-0098,Kids Play Area,2024-12-09 19:11:24.429699,2024-12-10 10:45:00,4.0,False,2022-10-31
B-004581,R-0141,Swimming Pool,2024-12-09 21:49:23.648064,2024-12-11 07:30:00,1.0,False,2020-01-06
B-004582,R-0259,Clubhouse,2024-12-10 01:48:26.068946,2024-12-11 17:45:00,3.0,False,2023-12-21
B-004583,R-0139,Tennis Court,2024-12-10 03:15:46.132396,2024-12-11 18:30:00,4.0,True,2022-06-23
B-004584,R-0111,Swimming Pool,2024-12-10 03:39:25.312803,2024-12-13 19:30:00,2.0,True,2022-01-10
B-004585,R-0151,Gym,2024-12-10 05:51:39.901228,2024-12-10 17:45:00,4.0,True,2020-08-06
B-004586,R-0297,Swimming Pool,2024-12-10 06:34:46.739203,2024-12-11 07:15:00,1.0,False,2021-05-14
B-004587,R-0163,Kids Play Area,2024-12-10 13:45:09.539348,2024-12-10 18:45:00,3.0,True,2022-11-25
B-004588,R-0230,Swimming Pool,2024-12-10 14:15:15.189609,2024-12-13 18:15:00,5.0,False,2021-08-29
B-004589,R-0137,Kids Play Area,2024-12-10 15:27:14.891705,2024-12-10 17:30:00,2.0,True,2020-08-26
B-004590,R-0058,Tennis Court,2024-12-10 17:44:35.494436,2024-12-12 06:45:00,3.0,False,2023-09-11
B-004591,R-0011,Multipurpose Hall,2024-12-10 19:15:00.000000,2025-02-23 19:15:00,4.0,False,2022-01-15
B-004592,R-0146,Clubhouse,2024-12-10 21:00:13.365657,2024-12-13 11:00:00,4.0,False,2020-03-14
B-004593,R-0144,Swimming Pool,2024-12-11 02:12:36.668292,2024-12-11 06:45:00,3.0,False,2022-07-09
B-004594,R-0106,Kids Play Area,2024-12-11 04:52:57.933295,2024-12-11 09:45:00,1.0,True,2020-01-23
B-004595,R-0146,Kids Play Area,2024-12-11 06:02:51.100039,2024-12-11 09:15:00,4.0,False,2020-03-14
B-004596,R-0022,Kids Play Area,2024-12-11 06:46:24.766341,2024-12-12 09:00:00,2.0,True,2022-11-11
B-004597,R-0100,Squash Court,2024-12-11 08:17:16.113864,2024-12-13 18:15:00,5.0,True,2020-08-16
B-004598,R-0236,Squash Court,2024-12-11 08:54:50.208410,2024-12-14 08:45:00,1.0,True,2021-05-07
B-004599,R-0190,Clubhouse,2024-12-11 12:12:13.521410,2024-12-31 20:00:00,4.0,True,2022-05-02
B-004600,R-0208,Gym,2024-12-11 13:19:53.725748,2024-12-11 19:15:00,5.0,False,2021-08-16
B-004601,R-0031,Gym,2024-12-11 13:21:49.535345,2024-12-12 16:30:00,1.0,False,2020-10-02
B-004602,R-0036,Kids Play Area,2024-12-11 13:55:04.298305,2024-12-11 16:45:00,3.0,True,2021-02-14
B-004603,R-0256,Kids Play Area,2024-12-11 15:37:57.797223,2024-12-11 18:30:00,3.0,True,2021-06-07
B-004604,R-0050,Clubhouse,2024-12-11 16:20:18.474585,2024-12-15 20:45:00,2.0,False,2022-11-09
B-004605,R-0211,Multipurpose Hall,2024-12-11 18:11:23.400673,2024-12-15 19:00:00,5.0,True,2021-11-19
B-004606,R-0210,Badminton Court,2024-12-11 18:22:15.869362,2024-12-11 20:15:00,1.0,False,2022-05-08
B-004607,R-0097,Multipurpose Hall,2024-12-11 22:18:04.011418,2024-12-19 17:30:00,4.0,False,2021-12-03
B-004608,R-0096,Gym,2024-12-11 23:40:22.439864,2024-12-12 17:30:00,1.0,False,2022-10-22
B-004609,R-0240,Gym,2024-12-11 23:48:04.184817,2024-12-15 16:15:00,4.0,True,2021-08-25
B-004610,R-0019,Tennis Court,2024-12-12 01:16:06.158721,2024-12-12 17:30:00,5.0,False,2022-02-09
B-004611,R-0279,Multipurpose Hall,2024-12-12 05:03:05.076996,2024-12-22 11:15:00,1.0,False,2023-11-24
B-004612,R-0092,Kids Play Area,2024-12-12 06:28:07.584049,2024-12-12 17:45:00,3.0,False,2023-07-28
B-004613,R-0309,Kids Play Area,2024-12-12 06:36:08.281113,2024-12-12 10:45:00,1.0,True,2022-05-22
B-004614,R-0220,Tennis Court,2024-12-12 07:43:06.987879,2024-12-13 06:30:00,5.0,False,2021-05-12
B-004615,R-0176,Tennis Court,2024-12-12 08:57:35.701924,2024-12-12 17:45:00,,True,2022-03-04
B-004616,R-0029,Kids Play Area,2024-12-12 09:18:44.663588,2024-12-12 16:45:00,1.0,False,2020-03-01
B-004617,R-0206,Swimming Pool,2024-12-12 09:31:00.672542,2024-12-12 19:45:00,3.0,False,2021-06-14
B-004618,R-0249,Swimming Pool,2024-12-12 11:59:36.847240,2024-12-13 16:15:00,4.0,True,2021-04-14
B-004619,R-0046,Kids Play Area,2024-12-12 14:54:13.938724,2024-12-12 18:45:00,1.0,True,2021-11-08
B-004620,R-0016,Clubhouse,2024-12-12 17:50:21.681498,2024-12-17 19:00:00,1.0,True,2020-04-13
B-004621,R-0249,Multipurpose Hall,2024-12-12 17:54:59.716651,2024-12-17 17:30:00,4.0,True,2021-04-14
B-004622,R-0145,Tennis Court,2024-12-12 19:47:13.980625,2024-12-13 07:15:00,1.0,False,2021-10-20
B-004623,R-0248,Tennis Court,2024-12-12 20:37:44.418454,2024-12-15 17:15:00,2.0,True,2022-12-30
B-004624,R-0205,Gym,2024-12-12 21:25:29.863290,2024-12-13 06:00:00,3.0,False,2023-01-19
B-004625,R-0076,Badminton Court,2024-12-12 22:18:36.723481,2024-12-17 17:45:00,2.0,False,2020-08-07
B-004626,R-0157,Badminton Court,2024-12-12 23:14:59.452825,2024-12-13 21:00:00,3.0,True,2020-05-01
B-004627,R-0186,Clubhouse,2024-12-13 00:19:48.962041,2024-12-20 17:00:00,2.0,False,2020-11-10
B-004628,R-0177,Kids Play Area,2024-12-13 00:59:29.983977,2024-12-13 10:45:00,1.0,False,2021-12-08
B-004629,R-0317,Gym,2024-12-13 01:23:42.607630,2024-12-13 10:00:00,1.0,False,2023-02-18
B-004630,R-0278,Tennis Court,2024-12-13 03:11:01.731409,2024-12-13 07:45:00,4.0,False,2023-06-25
B-004631,R-0212,Gym,2024-12-13 03:12:14.679972,2024-12-14 08:45:00,5.0,False,2023-06-20
B-004632,R-0162,Kids Play Area,2024-12-13 05:34:09.243626,2024-12-13 09:30:00,5.0,True,2020-05-09
B-004633,R-0090,Badminton Court,2024-12-13 06:56:22.026977,2024-12-15 20:00:00,3.0,False,2020-03-27
B-004634,R-0126,Multipurpose Hall,2024-12-13 07:29:28.028447,2024-12-28 18:15:00,4.0,False,2020-12-04
B-004635,R-0166,Gym,2024-12-13 11:06:13.027907,2024-12-14 11:00:00,4.0,False,2022-10-13
B-004636,R-0138,Badminton Court,2024-12-13 11:18:57.333813,2024-12-14 21:45:00,3.0,False,2021-08-01
B-004637,R-0118,Kids Play Area,2024-12-13 13:13:34.604551,2024-12-13 18:30:00,4.0,True,2021-08-22
B-004638,R-0292,Badminton Court,2024-12-13 13:40:32.097085,2024-12-14 18:30:00,3.0,False,2020-01-30
B-004639,R-0101,Swimming Pool,2024-12-13 14:50:33.160057,2024-12-14 07:30:00,2.0,False,2021-06-13
B-004640,R-0283,Gym,2024-12-13 19:30:00.000000,2024-12-18 07:30:00,1.0,False,2020-02-28
B-004641,R-0175,Squash Court,2024-12-13 22:49:34.496671,2024-12-14 08:15:00,1.0,False,2020-01-26
B-004642,R-0268,Kids Play Area,2024-12-14 11:32:43.378959,2024-12-14 16:30:00,5.0,False,2022-10-01
B-004643,R-0163,Kids Play Area,2024-12-14 12:54:58.653405,2024-12-14 18:30:00,3.0,True,2022-11-25
B-004644,R-0077,Kids Play Area,2024-12-14 15:05:15.178830,2024-12-14 17:30:00,5.0,False,2020-09-28
B-004645,R-0009,Kids Play Area,2024-12-14 16:39:49.388854,2024-12-14 18:00:00,5.0,True,2021-04-09
B-004646,R-0003,Tennis Court,2024-12-14 17:00:44.664656,2024-12-19 06:15:00,1.0,False,2020-06-06
B-004647,R-0166,Clubhouse,2024-12-14 18:02:29.470117,2024-12-28 11:00:00,4.0,False,2022-10-13
B-004648,R-0048,Swimming Pool,2024-12-14 19:28:25.832004,2024-12-15 08:30:00,1.0,True,2023-12-12
B-004649,R-0149,Gym,2024-12-14 20:09:02.663070,2024-12-15 09:30:00,2.0,False,2020-09-09
B-004650,R-0204,Tennis Court,2024-12-15 03:24:37.039079,2024-12-16 17:45:00,4.0,False,2022-05-24
B-004651,R-0194,Kids Play Area,2024-12-15 04:38:55.472958,2024-12-16 09:00:00,1.0,False,2023-01-19
B-004652,R-0013,Multipurpose Hall,2024-12-15 06:36:49.420463,2024-12-23 17:30:00,1.0,True,2023-10-18
B-004653,R-0254,Kids Play Area,2024-12-15 08:08:57.009845,2024-12-15 16:30:00,2.0,False,2020-09-25
B-004654,R-0224,Badminton Court,2024-12-15 10:06:10.258504,2024-12-15 18:30:00,1.0,False,2021-05-19
B-004655,R-0114,Swimming Pool,2024-12-15 10:27:29.252486,2024-12-16 18:15:00,3.0,True,2021-10-04
B-004656,R-0244,Badminton Court,2024-12-15 10:42:38.446740,2024-12-16 19:00:00,2.0,True,2022-07-27
B-004657,R-0203,Swimming Pool,2024-12-15 10:49:23.693324,2024-12-15 17:30:00,4.0,False,2023-10-19
B-004658,R-0057,Multipurpose Hall,2024-12-15 11:04:40.731783,2025-01-08 10:00:00,2.0,False,2022-06-23
B-004659,R-0170,Swimming Pool,2024-12-15 11:15:33.416595,2024-12-15 19:30:00,4.0,False,2023-02-04
B-004660,R-0172,Multipurpose Hall,2024-12-15 11:17:30.598393,2024-12-17 10:15:00,2.0,False,2020-03-14
B-004661,R-0192,Swimming Pool,2024-12-15 11:55:37.181693,2024-12-17 06:00:00,4.0,True,2023-07-01
B-004662,R-0062,Squash Court,2024-12-15 21:46:48.231687,2024-12-17 18:45:00,2.0,False,2020-06-01
B-004663,R-0176,Swimming Pool,2024-12-15 22:44:30.739903,2024-12-16 06:00:00,5.0,True,2022-03-04
B-004664,R-0131,Swimming Pool,2024-12-16 06:04:09.776111,2024-12-17 07:00:00,1.0,True,2023-10-18
B-004665,R-0104,Clubhouse,2024-12-16 07:54:30.699465,2024-12-27 19:00:00,5.0,True,2023-02-09
B-004666,R-0183,Badminton Court,2024-12-16 08:50:29.964723,2024-12-16 19:15:00,5.0,False,2021-12-25
B-004667,R-0018,Tennis Court,2024-12-16 09:10:35.863552,2024-12-16 19:15:00,3.0,False,2020-12-01
B-004668,R-0023,Kids Play Area,2024-12-16 09:25:28.875085,2024-12-16 10:15:00,1.0,False,2022-12-13
B-004669,R-0267,Multipurpose Hall,2024-12-16 10:38:54.974861,2024-12-22 18:30:00,3.0,False,2021-09-07
B-004670,R-0089,Gym,2024-12-16 12:13:45.577803,2024-12-16 19:15:00,1.0,False,2023-02-25
B-004671,R-0267,Kids Play Area,2024-12-16 12:27:53.309923,2024-12-16 16:00:00,3.0,False,2021-09-07
B-004672,R-0278,Gym,2024-12-16 12:43:25.287831,2024-12-17 09:45:00,4.0,False,2023-06-25
B-004673,R-0090,Clubhouse,2024-12-16 16:18:50.425379,2025-01-25 20:45:00,3.0,False,2020-03-27
B-004674,R-0038,Multipurpose Hall,2024-12-16 17:49:42.051808,2024-12-23 19:15:00,5.0,False,2020-08-26
B-004675,R-0182,Gym,2024-12-16 18:34:49.777248,2024-12-17 08:30:00,2.0,True,2022-11-04
B-004676,R-0289,Kids Play Area,2024-12-16 21:49:11.288612,2024-12-17 10:00:00,2.0,True,2021-04-03
B-004677,R-0188,Gym,2024-12-16 22:09:37.925541,2024-12-19 18:15:00,1.0,False,2023-02-11
B-004678,R-0255,Gym,2024-12-16 23:07:52.574437,2024-12-17 12:30:00,4.0,False,2021-08-19
B-004679,R-0133,Swimming Pool,2024-12-16 23:08:11.441002,2024-12-17 17:45:00,4.0,False,2020-03-10
B-004680,R-0157,Kids Play Area,2024-12-16 23:57:53.058944,2024-12-17 16:30:00,3.0,True,2020-05-01
B-004681,R-0267,Kids Play Area,2024-12-17 00:06:47.940581,2024-12-18 16:15:00,,False,2021-09-07
B-004682,R-0065,Squash Court,2024-12-17 00:17:51.857097,2024-12-18 19:00:00,4.0,False,2023-02-14
B-004683,R-0188,Swimming Pool,2024-12-17 01:22:04.132973,2024-12-17 16:00:00,1.0,False,2023-02-11
B-004684,R-0047,Multipurpose Hall,2024-12-17 01:49:16.679452,2024-12-18 17:45:00,2.0,False,2021-10-19
B-004685,R-0012,Gym,2024-12-17 03:26:27.954169,2024-12-19 17:30:00,4.0,True,2020-11-21
B-004686,R-0228,Gym,2024-12-17 05:24:49.793249,2024-12-17 15:00:00,4.0,False,2023-09-10
B-004687,R-0119,Kids Play Area,2024-12-17 07:03:52.047585,2024-12-18 09:45:00,5.0,False,2023-12-08
B-004688,R-0052,Kids Play Area,2024-12-17 07:26:02.327501,2024-12-17 10:30:00,3.0,True,2022-09-27
B-004689,R-0267,Multipurpose Hall,2024-12-17 09:00:54.001833,2024-12-28 18:45:00,3.0,False,2021-09-07
B-004690,R-0128,Kids Play Area,2024-12-17 13:43:29.596232,2024-12-17 18:30:00,4.0,False,2021-12-26
B-004691,R-0011,Multipurpose Hall,2024-12-17 16:35:42.950156,2025-01-10 19:15:00,4.0,False,2022-01-15
B-004692,R-0263,Kids Play Area,2024-12-17 17:06:26.304792,2024-12-18 10:00:00,3.0,True,2022-08-11
B-004693,R-0139,Tennis Court,2024-12-17 20:04:56.214228,2024-12-19 18:30:00,4.0,True,2022-06-23
B-004694,R-0290,Badminton Court,2024-12-18 03:42:26.502630,2024-12-18 20:45:00,3.0,False,2021-02-25
B-004695,R-0018,Tennis Court,2024-12-18 03:47:40.825989,2024-12-19 17:30:00,3.0,False,2020-12-01
B-004696,R-0095,Gym,2024-12-18 04:08:02.151940,2024-12-18 10:30:00,4.0,False,2020-03-19
B-004697,R-0032,Kids Play Area,2024-12-18 07:26:55.112688,2024-12-18 17:30:00,4.0,False,2020-08-02
B-004698,R-0280,Badminton Court,2024-12-18 07:34:20.223919,2024-12-19 20:15:00,3.0,False,2020-03-31
B-004699,R-0124,Squash Court,2024-12-18 07:59:38.956864,2024-12-18 18:00:00,3.0,False,2022-08-31
B-004700,R-0151,Gym,2024-12-18 09:51:14.712451,2024-12-19 17:30:00,4.0,True,2020-08-06
B-004701,R-0101,Badminton Court,2024-12-18 12:13:43.045461,2024-12-22 19:15:00,2.0,False,2021-06-13
B-004702,R-0212,Gym,2024-12-18 12:20:43.790222,2024-12-22 08:15:00,,False,2023-06-20
B-004703,R-0058,Swimming Pool,2024-12-18 12:51:24.436224,2024-12-19 08:00:00,3.0,False,2023-09-11
B-004704,R-0191,Tennis Court,2024-12-18 14:56:00.807132,2024-12-18 19:45:00,2.0,True,2020-01-20
B-004705,R-0203,Clubhouse,2024-12-18 16:43:10.206317,2024-12-29 11:00:00,4.0,False,2023-10-19
B-004706,R-0046,Kids Play Area,2024-12-18 17:17:26.146058,2024-12-18 18:30:00,1.0,True,2021-11-08
B-004707,R-0227,Kids Play Area,2024-12-18 17:28:34.770533,2024-12-18 17:45:00,,True,2021-10-13
B-004708,R-0110,Gym,2024-12-18 20:52:42.861164,2024-12-19 10:45:00,4.0,False,2022-06-09
B-004709,R-0090,Badminton Court,2024-12-18 22:27:26.480630,2024-12-21 17:15:00,3.0,False,2020-03-27
B-004710,R-0276,Tennis Court,2024-12-18 22:48:06.167052,2024-12-22 17:30:00,1.0,False,2021-12-03
B-004711,R-0056,Multipurpose Hall,2024-12-18 23:25:13.531311,2025-01-09 17:15:00,2.0,True,2020-07-16
B-004712,R-0086,Squash Court,2024-12-19 01:26:45.313225,2024-12-19 07:15:00,3.0,False,2023-06-29
B-004713,R-0293,Gym,2024-12-19 03:08:49.820907,2024-12-19 10:45:00,3.0,True,2023-08-16
B-004714,R-0225,Clubhouse,2024-12-19 05:46:04.267357,2024-12-26 11:30:00,2.0,False,2021-03-31
B-004715,R-0249,Badminton Court,2024-12-19 06:25:03.147389,2024-12-20 18:30:00,4.0,True,2021-04-14
B-004716,R-0111,Swimming Pool,2024-12-19 06:37:17.431914,2024-12-19 19:30:00,2.0,True,2022-01-10
B-004717,R-0209,Kids Play Area,2024-12-19 08:03:57.387903,2024-12-19 09:15:00,3.0,False,2023-07-20
B-004718,R-0269,Tennis Court,2024-12-19 16:08:55.052446,2024-12-20 17:30:00,5.0,False,2023-11-18
B-004719,R-0275,Multipurpose Hall,2024-12-19 19:17:10.099311,2025-01-30 19:00:00,4.0,True,2020-05-07
B-004720,R-0106,Squash Court,2024-12-19 21:17:53.377721,2024-12-20 07:30:00,1.0,True,2020-01-23
B-004721,R-0122,Badminton Court,2024-12-19 22:09:56.572097,2024-12-21 20:30:00,1.0,False,2022-11-04
B-004722,R-0041,Clubhouse,2024-12-19 22:27:40.112920,2024-12-24 19:30:00,1.0,True,2020-07-01
B-004723,R-0296,Gym,2024-12-20 00:38:22.341911,2024-12-20 20:30:00,5.0,False,2021-02-23
B-004724,R-0303,Gym,2024-12-20 04:51:45.060492,2024-12-20 11:00:00,2.0,False,2020-02-09
B-004725,R-0248,Gym,2024-12-20 07:19:40.851789,2024-12-21 08:30:00,2.0,True,2022-12-30
B-004726,R-0052,Kids Play Area,2024-12-20 07:50:04.590232,2024-12-20 10:30:00,3.0,True,2022-09-27
B-004727,R-0315,Gym,2024-12-20 08:12:34.405732,2024-12-20 16:45:00,5.0,True,2022-01-23
B-004728,R-0114,Gym,2024-12-20 10:38:18.262536,2024-12-21 08:15:00,3.0,True,2021-10-04
B-004729,R-0082,Swimming Pool,2024-12-20 11:51:56.368944,2024-12-20 16:15:00,4.0,False,2020-08-31
B-004730,R-0187,Kids Play Area,2024-12-20 12:06:55.156446,2024-12-20 16:15:00,4.0,False,2020-04-30
B-004731,R-0245,Squash Court,2024-12-20 14:00:22.070060,2024-12-21 18:15:00,1.0,False,2022-02-09
B-004732,R-0311,Multipurpose Hall,2024-12-20 14:07:20.553514,2025-01-22 18:45:00,5.0,False,2021-06-05
B-004733,R-0144,Badminton Court,2024-12-20 19:48:40.570945,2024-12-21 17:00:00,3.0,False,2022-07-09
B-004734,R-0194,Swimming Pool,2024-12-20 19:53:10.290786,2024-12-23 08:30:00,1.0,False,2023-01-19
B-004735,R-0167,Gym,2024-12-21 00:20:40.630422,2024-12-21 10:30:00,2.0,False,2020-02-05
B-004736,R-0100,Gym,2024-12-21 04:14:18.098186,2024-12-21 14:15:00,5.0,True,2020-08-16
B-004737,R-0033,Swimming Pool,2024-12-21 05:40:55.907340,2024-12-21 17:15:00,1.0,False,2022-09-12
B-004738,R-0240,Tennis Court,2024-12-21 08:28:00.470591,2024-12-23 17:00:00,4.0,True,2021-08-25
B-004739,R-0285,Squash Court,2024-12-21 10:52:36.386139,2024-12-21 18:00:00,1.0,False,2021-10-06
B-004740,R-0019,Tennis Court,2024-12-21 11:22:46.262835,2024-12-22 17:45:00,5.0,False,2022-02-09
B-004741,R-0199,Swimming Pool,2024-12-21 12:10:27.907716,2024-12-21 19:15:00,1.0,False,2023-07-24
B-004742,R-0156,Badminton Court,2024-12-21 14:03:16.150286,2024-12-21 20:00:00,2.0,False,2020-05-03
B-004743,R-0064,Swimming Pool,2024-12-21 15:11:51.398834,2024-12-22 16:00:00,2.0,False,2022-10-17
B-004744,R-0080,Gym,2024-12-21 20:24:00.071751,2024-12-23 18:00:00,4.0,True,2021-01-23
B-004745,R-0128,Clubhouse,2024-12-21 21:14:14.466463,2024-12-23 19:45:00,4.0,False,2021-12-26
B-004746,R-0292,Swimming Pool,2024-12-21 21:30:14.395149,2024-12-22 07:00:00,3.0,False,2020-01-30
B-004747,R-0229,Tennis Court,2024-12-21 22:50:03.862333,2024-12-24 07:45:00,2.0,False,2020-02-16
B-004748,R-0020,Swimming Pool,2024-12-22 00:45:09.761388,2024-12-24 07:00:00,1.0,False,2021-04-01
B-004749,R-0201,Tennis Court,2024-12-22 04:00:20.951440,2024-12-25 06:30:00,5.0,False,2021-04-13
B-004750,R-0271,Kids Play Area,2024-12-22 05:03:06.221827,2024-12-22 09:15:00,1.0,True,2021-04-08
B-004751,R-0202,Squash Court,2024-12-22 07:10:22.032911,2024-12-25 18:30:00,3.0,True,2021-04-27
B-004752,R-0146,Kids Play Area,2024-12-22 08:53:01.604215,2024-12-22 09:30:00,4.0,False,2020-03-14
B-004753,R-0137,Kids Play Area,2024-12-22 14:19:47.186526,2024-12-22 17:45:00,2.0,True,2020-08-26
B-004754,R-0240,Clubhouse,2024-12-22 14:59:55.041628,2025-01-02 17:00:00,4.0,True,2021-08-25
B-004755,R-0032,Tennis Court,2024-12-22 16:23:41.751982,2024-12-23 06:45:00,4.0,False,2020-08-02
B-004756,R-0056,Swimming Pool,2024-12-22 19:08:55.875126,2024-12-23 06:15:00,2.0,True,2020-07-16
B-004757,R-0036,Tennis Court,2024-12-22 20:24:15.280029,2024-12-23 07:45:00,3.0,True,2021-02-14
B-004758,R-0102,Tennis Court,2024-12-22 20:48:49.923333,2024-12-23 06:45:00,1.0,False,2022-05-02
B-004759,R-0234,Squash Court,2024-12-22 23:44:52.705738,2024-12-23 19:45:00,4.0,False,2022-03-24
B-004760,R-0138,Tennis Court,2024-12-23 02:28:55.919439,2024-12-23 18:30:00,3.0,False,2021-08-01
B-004761,R-0206,Gym,2024-12-23 02:53:11.892479,2024-12-24 16:45:00,3.0,False,2021-06-14
B-004762,R-0066,Squash Court,2024-12-23 05:22:05.345438,2024-12-23 19:00:00,2.0,False,2021-02-13
B-004763,R-0005,Kids Play Area,2024-12-23 05:22:41.767105,2024-12-23 09:45:00,3.0,True,2021-05-16
B-004764,R-0039,Gym,2024-12-23 05:51:53.773872,2024-12-25 18:45:00,5.0,False,2020-08-27
B-004765,R-0232,Kids Play Area,2024-12-23 05:55:14.734182,2024-12-23 10:45:00,5.0,True,2022-05-16
B-004766,R-0045,Gym,2024-12-23 10:11:55.006882,2024-12-23 15:30:00,4.0,False,2020-05-15
B-004767,R-0234,Badminton Court,2024-12-23 12:23:52.021252,2024-12-24 18:30:00,4.0,False,2022-03-24
B-004768,R-0211,Swimming Pool,2024-12-23 15:26:47.189724,2024-12-24 08:00:00,5.0,True,2021-11-19
B-004769,R-0026,Tennis Court,2024-12-23 15:29:28.607015,2024-12-25 18:45:00,2.0,False,2022-01-18
B-004770,R-0260,Squash Court,2024-12-23 16:46:28.741197,2024-12-23 18:15:00,5.0,False,2020-02-11
B-004771,R-0302,Swimming Pool,2024-12-23 18:26:54.312566,2024-12-24 19:15:00,2.0,True,2023-05-11
B-004772,R-0115,Clubhouse,2024-12-23 19:45:52.604298,2024-12-26 20:45:00,2.0,False,2021-08-17
B-004773,R-0062,Gym,2024-12-23 22:00:51.857919,2024-12-24 14:15:00,2.0,False,2020-06-01
B-004774,R-0274,Clubhouse,2024-12-23 22:35:05.927918,2024-12-26 12:15:00,1.0,False,2021-08-07
B-004775,R-0215,Gym,2024-12-23 22:38:01.931214,2024-12-24 07:15:00,2.0,True,2023-03-17
B-004776,R-0154,Gym,2024-12-24 00:10:11.731363,2024-12-24 18:15:00,4.0,False,2020-04-23
B-004777,R-0074,Swimming Pool,2024-12-24 04:07:39.218337,2024-12-25 08:30:00,3.0,False,2020-01-21
B-004778,R-0220,Badminton Court,2024-12-24 06:00:00.000000,2024-12-31 18:00:00,5.0,False,2021-05-12
B-004779,R-0180,Gym,2024-12-24 06:44:59.740874,2024-12-26 20:30:00,2.0,False,2020-05-11
B-004780,R-0275,Multipurpose Hall,2024-12-24 07:40:45.622345,2025-02-15 19:15:00,4.0,True,2020-05-07
B-004781,R-0078,Swimming Pool,2024-12-24 10:03:52.649523,2024-12-25 16:15:00,3.0,False,2020-11-08
B-004782,R-0031,Gym,2024-12-24 10:21:18.565599,2024-12-24 16:45:00,1.0,False,2020-10-02
B-004783,R-0143,Kids Play Area,2024-12-24 11:02:04.845139,2024-12-24 18:15:00,5.0,True,2022-08-13
B-004784,R-0316,Badminton Court,2024-12-24 14:07:19.779819,2024-12-24 20:00:00,5.0,False,2021-06-15
B-004785,R-0220,Gym,2024-12-24 15:03:24.437120,2024-12-25 16:15:00,5.0,False,2021-05-12
B-004786,R-0178,Badminton Court,2024-12-24 16:28:54.217210,2024-12-24 20:00:00,2.0,True,2023-06-30
B-004787,R-0134,Multipurpose Hall,2024-12-24 20:54:44.307523,2025-02-01 18:45:00,4.0,False,2020-03-31
B-004788,R-0083,Multipurpose Hall,2024-12-25 02:37:41.502730,2025-01-14 17:30:00,1.0,True,2020-03-12
B-004789,R-0098,Kids Play Area,2024-12-25 05:15:08.745687,2024-12-25 10:45:00,4.0,False,2022-10-31
B-004790,R-0052,Kids Play Area,2024-12-25 08:23:14.513217,2024-12-25 10:45:00,3.0,True,2022-09-27
B-004791,R-0307,Kids Play Area,2024-12-25 08:36:09.261988,2024-12-25 10:15:00,2.0,True,2022-03-13
B-004792,R-0157,Kids Play Area,2024-12-25 11:33:47.664963,2024-12-25 16:45:00,3.0,True,2020-05-01
B-004793,R-0045,Multipurpose Hall,2024-12-25 14:21:44.042554,2024-12-29 19:30:00,4.0,False,2020-05-15
B-004794,R-0300,Tennis Court,2024-12-25 14:36:20.605510,2024-12-26 19:00:00,4.0,False,2023-10-05
B-004795,R-0107,Tennis Court,2024-12-25 15:09:18.191993,2024-12-26 19:45:00,2.0,False,2021-10-10
B-004796,R-0311,Squash Court,2024-12-25 23:46:04.885361,2024-12-26 18:45:00,5.0,False,2021-06-05
B-004797,R-0022,Kids Play Area,2024-12-26 01:01:51.261629,2024-12-26 09:30:00,2.0,True,2022-11-11
B-004798,R-0096,Gym,2024-12-26 02:15:20.421282,2024-12-26 11:30:00,1.0,False,2022-10-22
B-004799,R-0053,Kids Play Area,2024-12-26 02:40:28.169160,2024-12-26 17:15:00,3.0,False,2021-04-10
B-004800,R-0252,Gym,2024-12-26 04:51:44.825078,2024-12-27 12:00:00,2.0,True,2021-11-26
B-004801,R-0032,Tennis Court,2024-12-26 05:38:15.359530,2024-12-27 06:15:00,4.0,False,2020-08-02
B-004802,R-0178,Swimming Pool,2024-12-26 05:46:36.528444,2024-12-26 08:00:00,2.0,True,2023-06-30
B-004803,R-0272,Badminton Court,2024-12-26 06:19:36.785023,2024-12-27 21:45:00,3.0,False,2021-11-30
B-004804,R-0214,Gym,2024-12-26 08:12:17.075738,2024-12-26 11:00:00,1.0,False,2023-10-23
B-004805,R-0160,Tennis Court,2024-12-26 09:14:24.606285,2024-12-27 07:00:00,1.0,True,2020-08-11
B-004806,R-0259,Kids Play Area,2024-12-26 13:58:21.443465,2024-12-26 18:45:00,3.0,False,2023-12-21
B-004807,R-0059,Kids Play Area,2024-12-26 14:31:57.191634,2024-12-27 10:00:00,2.0,True,2021-11-08
B-004808,R-0095,Kids Play Area,2024-12-26 17:42:03.732791,2024-12-26 18:30:00,4.0,False,2020-03-19
B-004809,R-0125,Gym,2024-12-26 22:30:51.522950,2024-12-30 07:45:00,5.0,True,2020-12-19
B-004810,R-0136,Gym,2024-12-27 01:17:15.933368,2024-12-27 10:30:00,5.0,False,2021-06-17
B-004811,R-0114,Kids Play Area,2024-12-27 04:01:32.506394,2024-12-28 10:00:00,3.0,True,2021-10-04
B-004812,R-0244,Squash Court,2024-12-27 04:22:36.662758,2024-12-27 20:45:00,2.0,True,2022-07-27
B-004813,R-0045,Tennis Court,2024-12-27 07:41:16.725208,2024-12-27 19:30:00,4.0,False,2020-05-15
B-004814,R-0215,Gym,2024-12-27 08:01:09.672442,2024-12-28 07:15:00,2.0,True,2023-03-17
B-004815,R-0139,Tennis Court,2024-12-27 09:12:59.577173,2024-12-31 19:00:00,4.0,True,2022-06-23
B-004816,R-0184,Badminton Court,2024-12-27 09:27:01.545140,2024-12-27 21:00:00,1.0,False,2022-11-30
B-004817,R-0002,Tennis Court,2024-12-27 11:09:24.941169,2024-12-30 06:15:00,1.0,False,2022-03-21
B-004818,R-0118,Kids Play Area,2024-12-27 13:04:56.250424,2024-12-27 16:00:00,4.0,True,2021-08-22
B-004819,R-0158,Kids Play Area,2024-12-27 13:53:33.750704,2024-12-27 17:15:00,1.0,True,2021-11-01
B-004820,R-0256,Swimming Pool,2024-12-27 15:30:00.000000,2024-12-27 16:00:00,3.0,True,2021-06-07
B-004821,R-0050,Clubhouse,2024-12-27 16:01:29.778892,2024-12-28 20:15:00,2.0,False,2022-11-09
B-004822,R-0090,Badminton Court,2024-12-27 17:16:46.817805,2024-12-29 17:15:00,3.0,False,2020-03-27
B-004823,R-0273,Multipurpose Hall,2024-12-27 18:45:17.965833,2025-01-11 18:00:00,5.0,False,2020-10-30
B-004824,R-0106,Swimming Pool,2024-12-27 21:15:54.186270,2024-12-28 08:45:00,1.0,True,2020-01-23
B-004825,R-0213,Clubhouse,2024-12-27 21:18:45.672806,2025-01-03 18:15:00,5.0,True,2022-11-19
B-004826,R-0146,Kids Play Area,2024-12-27 21:42:13.708997,2024-12-28 09:15:00,4.0,False,2020-03-14
B-004827,R-0183,Gym,2024-12-27 22:51:35.178208,2024-12-28 15:30:00,5.0,False,2021-12-25
B-004828,R-0082,Clubhouse,2024-12-27 22:59:34.426739,2024-12-29 18:00:00,4.0,False,2020-08-31
B-004829,R-0027,Gym,2024-12-28 03:10:42.100702,2024-12-28 09:15:00,2.0,False,2023-03-12
B-004830,R-0181,Badminton Court,2024-12-28 04:26:44.935820,2024-12-29 18:00:00,4.0,True,2022-08-08
B-004831,R-0303,Tennis Court,2024-12-28 04:30:35.623558,2024-12-29 06:45:00,2.0,False,2020-02-09
B-004832,R-0233,Tennis Court,2024-12-28 09:17:09.200083,2024-12-29 07:15:00,4.0,True,2021-11-14
B-004833,R-0088,Tennis Court,2024-12-28 10:15:41.594756,2024-12-29 07:15:00,5.0,False,2023-05-21
B-004834,R-0067,Swimming Pool,2024-12-28 13:03:02.993253,2024-12-28 18:30:00,3.0,False,2020-11-02
B-004835,R-0085,Gym,2024-12-28 13:38:50.676406,2025-01-01 15:00:00,1.0,False,2022-03-24
B-004836,R-0033,Squash Court,2024-12-28 17:54:58.202769,2024-12-29 19:15:00,1.0,False,2022-09-12
B-004837,R-0304,Clubhouse,2024-12-28 18:29:47.520138,2025-01-01 20:45:00,1.0,False,2022-12-16
B-004838,R-0066,Squash Court,2024-12-29 01:38:49.511414,2024-12-29 19:00:00,2.0,False,2021-02-13
B-004839,R-0278,Gym,2024-12-29 03:18:45.972035,2024-12-29 09:00:00,4.0,False,2023-06-25
B-004840,R-0127,Squash Court,2024-12-29 03:33:57.700215,2024-12-29 07:15:00,3.0,False,2020-06-15
B-004841,R-0069,Tennis Court,2024-12-29 03:37:25.843183,2024-12-29 19:00:00,1.0,False,2023-11-30
B-004842,R-0054,Badminton Court,2024-12-29 04:09:20.771079,2024-12-29 18:15:00,2.0,False,2022-02-13
B-004843,R-0255,Gym,2024-12-29 07:56:37.417278,2024-12-30 12:45:00,4.0,False,2021-08-19
B-004844,R-0217,Squash Court,2024-12-29 08:39:41.288652,2024-12-29 20:30:00,1.0,False,2020-11-09
B-004845,R-0283,Swimming Pool,2024-12-29 10:38:55.842209,2024-12-30 18:15:00,1.0,False,2020-02-28
B-004846,R-0288,Tennis Court,2024-12-29 11:26:02.930917,2024-12-30 07:15:00,4.0,False,2023-09-08
B-004847,R-0193,Badminton Court,2024-12-29 11:32:58.686821,2024-12-29 17:45:00,2.0,True,2021-06-16
B-004848,R-0155,Kids Play Area,2024-12-29 12:34:07.509569,2024-12-29 18:45:00,5.0,True,2021-02-12
B-004849,R-0314,Gym,2024-12-29 13:21:16.607362,2024-12-30 19:45:00,2.0,False,2022-04-28
B-004850,R-0186,Clubhouse,2024-12-29 14:14:08.577261,2025-01-05 11:30:00,2.0,False,2020-11-10
B-004851,R-0235,Swimming Pool,2024-12-29 14:33:26.584420,2024-12-29 19:00:00,2.0,False,2020-08-24
B-004852,R-0057,Kids Play Area,2024-12-29 15:38:24.256012,2024-12-29 17:45:00,2.0,False,2022-06-23
B-004853,R-0294,Tennis Court,2024-12-29 18:28:43.838999,2024-12-30 19:00:00,4.0,False,2021-02-22
B-004854,R-0188,Badminton Court,2024-12-30 05:05:44.811963,2024-12-30 17:30:00,1.0,False,2023-02-11
B-004855,R-0315,Badminton Court,2024-12-30 13:23:27.005129,2024-12-30 20:00:00,5.0,True,2022-01-23
B-004856,R-0221,Kids Play Area,2024-12-30 14:20:32.234376,2024-12-30 17:45:00,1.0,True,2023-09-29
B-004857,R-0293,Badminton Court,2024-12-30 18:50:49.815679,2025-01-01 21:00:00,3.0,True,2023-08-16
B-004858,R-0211,Gym,2024-12-30 23:50:12.922246,2024-12-31 09:00:00,5.0,True,2021-11-19
B-004859,R-0311,Badminton Court,2024-12-31 07:24:27.180566,2025-01-02 18:15:00,5.0,False,2021-06-05
B-004860,R-0111,Swimming Pool,2024-12-31 08:37:41.759627,2025-01-02 06:15:00,2.0,True,2022-01-10
B-004861,R-0309,Kids Play Area,2024-12-31 09:23:09.370929,2024-12-31 10:45:00,1.0,True,2022-05-22
B-004862,R-0232,Badminton Court,2024-12-31 09:30:47.170868,2024-12-31 20:15:00,,True,2022-05-16
B-004863,R-0062,Badminton Court,2024-12-31 11:48:57.166454,2025-01-03 20:30:00,2.0,False,2020-06-01
B-004864,R-0133,Badminton Court,2024-12-31 11:48:57.840571,2024-12-31 18:30:00,4.0,False,2020-03-10
B-004865,R-0119,Clubhouse,2024-12-31 12:27:38.659341,2025-01-10 11:45:00,5.0,False,2023-12-08
B-004866,R-0030,Clubhouse,2024-12-31 13:13:40.493807,2025-01-11 11:45:00,2.0,True,2023-02-05
B-004867,R-0261,Kids Play Area,2024-12-31 14:02:22.952816,2024-12-31 17:30:00,5.0,True,2023-07-12
B-004868,R-0238,Swimming Pool,2024-12-31 17:13:58.039795,2024-12-31 19:00:00,3.0,True,2023-07-13
B-004869,R-0019,Squash Court,2024-12-31 17:15:00.000000,2024-12-31 18:15:00,5.0,False,2022-02-09
B-004870,R-0231,Gym,2024-12-31 17:41:24.290162,2025-01-02 20:30:00,1.0,False,2021-10-30
B-004871,R-0253,Tennis Court,2024-12-31 18:02:03.531787,2025-01-01 06:30:00,4.0,True,2023-11-16
B-004872,R-0081,Gym,2024-12-31 18:07:58.342632,2025-01-01 20:30:00,4.0,False,2021-07-16
B-004873,R-0090,Clubhouse,2024-12-31 19:40:06.447869,2025-03-08 20:30:00,3.0,False,2020-03-27
B-004874,R-0270,Kids Play Area,2024-12-31 21:49:08.136115,2025-01-01 10:15:00,2.0,True,2023-11-01
B-004875,R-0099,Badminton Court,2024-12-31 22:28:19.685580,2025-01-01 18:00:00,2.0,False,2022-07-13
B-004876,R-0245,Squash Court,2024-12-31 23:08:37.816503,2025-01-02 18:30:00,1.0,False,2022-02-09
B-004877,R-0174,Tennis Court,2025-01-01 04:24:58.682262,2025-01-02 07:30:00,3.0,False,2022-11-22
B-004878,R-0285,Gym,2025-01-01 10:47:06.145474,2025-01-01 12:45:00,1.0,False,2021-10-06
B-004879,R-0259,Gym,2025-01-01 11:28:22.022589,2025-01-01 17:15:00,3.0,False,2023-12-21
B-004880,R-0046,Kids Play Area,2025-01-01 17:04:17.609528,2025-01-01 18:45:00,1.0,True,2021-11-08
B-004881,R-0248,Clubhouse,2025-01-01 18:34:47.909607,2025-01-09 11:00:00,2.0,True,2022-12-30
B-004882,R-0282,Multipurpose Hall,2025-01-02 03:27:32.704065,2025-01-07 19:00:00,2.0,False,2020-02-04
B-004883,R-0271,Kids Play Area,2025-01-02 04:03:34.906952,2025-01-02 09:30:00,1.0,True,2021-04-08
B-004884,R-0292,Swimming Pool,2025-01-02 05:27:56.127131,2025-01-04 07:30:00,3.0,False,2020-01-30
B-004885,R-0094,Kids Play Area,2025-01-02 05:54:16.376175,2025-01-02 16:00:00,5.0,False,2020-03-17
B-004886,R-0052,Badminton Court,2025-01-02 08:41:55.569263,2025-01-02 17:30:00,3.0,True,2022-09-27
B-004887,R-0143,Kids Play Area,2025-01-02 11:31:13.674966,2025-01-02 18:00:00,5.0,True,2022-08-13
B-004888,R-0163,Kids Play Area,2025-01-02 11:52:46.704158,2025-01-02 18:15:00,3.0,True,2022-11-25
B-004889,R-0268,Squash Court,2025-01-02 14:37:08.031515,2025-01-03 07:15:00,5.0,False,2022-10-01
B-004890,R-0202,Squash Court,2025-01-02 17:16:53.553352,2025-01-05 18:45:00,3.0,True,2021-04-27
B-004891,R-0231,Multipurpose Hall,2025-01-02 18:14:40.392651,2025-01-23 17:30:00,1.0,False,2021-10-30
B-004892,R-0189,Swimming Pool,2025-01-02 18:47:55.039794,2025-01-03 19:45:00,1.0,False,2022-07-11
B-004893,R-0281,Tennis Court,2025-01-02 19:08:31.769176,2025-01-03 19:00:00,4.0,False,2022-02-14
B-004894,R-0036,Tennis Court,2025-01-02 20:30:50.198338,2025-01-03 07:15:00,3.0,True,2021-02-14
B-004895,R-0199,Squash Court,2025-01-02 20:48:23.376069,2025-01-03 08:15:00,1.0,False,2023-07-24
B-004896,R-0229,Squash Court,2025-01-02 21:30:04.686630,2025-01-03 08:30:00,2.0,False,2020-02-16
B-004897,R-0058,Swimming Pool,2025-01-02 21:56:36.817479,2025-01-04 08:45:00,3.0,False,2023-09-11
B-004898,R-0096,Gym,2025-01-03 00:56:46.266212,2025-01-06 11:45:00,1.0,False,2022-10-22
B-004899,R-0063,Multipurpose Hall,2025-01-03 05:56:27.623986,2025-01-07 10:45:00,2.0,False,2020-11-01
B-004900,R-0282,Multipurpose Hall,2025-01-03 08:34:32.058131,2025-01-09 19:00:00,2.0,False,2020-02-04
B-004901,R-0170,Swimming Pool,2025-01-03 08:40:26.047175,2025-01-03 18:45:00,4.0,False,2023-02-04
B-004902,R-0018,Squash Court,2025-01-03 11:30:16.065201,2025-01-03 19:45:00,3.0,False,2020-12-01
B-004903,R-0180,Kids Play Area,2025-01-03 15:11:35.820619,2025-01-03 16:45:00,2.0,False,2020-05-11
B-004904,R-0212,Gym,2025-01-03 15:37:20.773443,2025-01-04 08:30:00,5.0,False,2023-06-20
B-004905,R-0090,Badminton Court,2025-01-03 16:17:57.188793,2025-01-05 20:45:00,3.0,False,2020-03-27
B-004906,R-0149,Tennis Court,2025-01-03 16:52:19.613771,2025-01-05 17:00:00,2.0,False,2020-09-09
B-004907,R-0181,Gym,2025-01-03 22:46:06.067611,2025-01-05 07:00:00,4.0,True,2022-08-08
B-004908,R-0002,Tennis Court,2025-01-04 02:18:51.727522,2025-01-07 06:45:00,1.0,False,2022-03-21
B-004909,R-0101,Badminton Court,2025-01-04 02:33:33.232392,2025-01-04 19:30:00,2.0,False,2021-06-13
B-004910,R-0100,Kids Play Area,2025-01-04 10:57:25.484830,2025-01-04 17:15:00,5.0,True,2020-08-16
B-004911,R-0187,Multipurpose Hall,2025-01-04 13:32:19.534406,2025-01-12 17:00:00,4.0,False,2020-04-30
B-004912,R-0082,Gym,2025-01-04 13:50:00.627102,2025-01-04 19:15:00,4.0,False,2020-08-31
B-004913,R-0194,Swimming Pool,2025-01-04 17:17:09.461176,2025-01-06 08:30:00,1.0,False,2023-01-19
B-004914,R-0205,Gym,2025-01-04 17:36:42.558580,2025-01-05 06:00:00,3.0,False,2023-01-19
B-004915,R-0070,Swimming Pool,2025-01-04 18:38:31.415112,2025-01-06 06:30:00,3.0,False,2020-04-24
B-004916,R-0104,Gym,2025-01-04 19:50:05.262165,2025-01-05 16:00:00,5.0,True,2023-02-09
B-004917,R-0166,Squash Court,2025-01-04 22:24:14.200920,2025-01-05 07:30:00,4.0,False,2022-10-13
B-004918,R-0086,Squash Court,2025-01-05 04:29:53.584802,2025-01-05 08:00:00,3.0,False,2023-06-29
B-004919,R-0318,Multipurpose Hall,2025-01-05 05:22:52.676715,2025-02-22 10:00:00,4.0,False,2021-01-26
B-004920,R-0106,Swimming Pool,2025-01-05 05:48:42.452440,2025-01-05 08:30:00,1.0,True,2020-01-23
B-004921,R-0033,Swimming Pool,2025-01-05 08:56:46.517842,2025-01-05 17:45:00,1.0,False,2022-09-12
B-004922,R-0045,Badminton Court,2025-01-05 09:45:00.123416,2025-01-05 21:30:00,4.0,False,2020-05-15
B-004923,R-0107,Tennis Court,2025-01-05 10:21:20.841197,2025-01-06 19:15:00,2.0,False,2021-10-10
B-004924,R-0239,Kids Play Area,2025-01-05 13:49:27.062347,2025-01-05 17:45:00,5.0,True,2023-01-01
B-004925,R-0224,Badminton Court,2025-01-05 15:03:15.189302,2025-01-05 18:30:00,1.0,False,2021-05-19
B-004926,R-0269,Gym,2025-01-05 15:34:38.252616,2025-01-05 20:45:00,5.0,False,2023-11-18
B-004927,R-0122,Gym,2025-01-05 15:45:56.013778,2025-01-05 20:45:00,1.0,False,2022-11-04
B-004928,R-0188,Badminton Court,2025-01-05 17:45:28.019544,2025-01-08 18:00:00,1.0,False,2023-02-11
B-004929,R-0175,Squash Court,2025-01-05 18:17:33.087679,2025-01-07 08:45:00,1.0,False,2020-01-26
B-004930,R-0190,Squash Court,2025-01-05 23:00:03.025044,2025-01-07 08:30:00,4.0,True,2022-05-02
B-004931,R-0195,Tennis Court,2025-01-05 23:51:54.980568,2025-01-07 18:00:00,3.0,True,2022-06-30
B-004932,R-0179,Multipurpose Hall,2025-01-06 00:24:13.483115,2025-01-25 10:15:00,3.0,False,2020-12-12
B-004933,R-0098,Clubhouse,2025-01-06 00:58:26.338677,2025-01-31 18:30:00,4.0,False,2022-10-31
B-004934,R-0103,Gym,2025-01-06 02:20:32.330940,2025-01-06 19:00:00,2.0,True,2021-01-15
B-004935,R-0014,Gym,2025-01-06 04:26:02.808049,2025-01-07 13:15:00,3.0,False,2023-02-21
B-004936,R-0067,Squash Court,2025-01-06 06:00:00.000000,2025-01-06 07:00:00,3.0,False,2020-11-02
B-004937,R-0127,Tennis Court,2025-01-06 07:34:40.894303,2025-01-08 07:15:00,3.0,False,2020-06-15
B-004938,R-0005,Kids Play Area,2025-01-06 10:15:00.000000,2025-01-09 10:15:00,3.0,True,2021-05-16
B-004939,R-0066,Badminton Court,2025-01-06 12:50:43.071464,2025-01-07 20:00:00,2.0,False,2021-02-13
B-004940,R-0296,Squash Court,2025-01-06 14:44:35.854236,2025-01-07 19:45:00,5.0,False,2021-02-23
B-004941,R-0142,Kids Play Area,2025-01-06 17:29:21.754986,2025-01-06 18:30:00,5.0,False,2020-05-05
B-004942,R-0297,Kids Play Area,2025-01-06 22:22:09.217478,2025-01-08 09:30:00,1.0,False,2021-05-14
B-004943,R-0075,Gym,2025-01-06 23:06:32.795618,2025-01-07 13:00:00,2.0,False,2023-01-11
B-004944,R-0036,Gym,2025-01-06 23:56:12.313610,2025-01-07 08:45:00,3.0,True,2021-02-14
B-004945,R-0102,Tennis Court,2025-01-07 00:26:37.856815,2025-01-07 06:15:00,1.0,False,2022-05-02
B-004946,R-0300,Badminton Court,2025-01-07 03:04:16.391142,2025-01-07 19:45:00,4.0,False,2023-10-05
B-004947,R-0234,Squash Court,2025-01-07 06:37:23.646124,2025-01-07 19:30:00,4.0,False,2022-03-24
B-004948,R-0245,Tennis Court,2025-01-07 06:45:15.647627,2025-01-10 06:15:00,1.0,False,2022-02-09
B-004949,R-0243,Gym,2025-01-07 08:37:51.090674,2025-01-07 19:15:00,2.0,False,2022-10-01
B-004950,R-0064,Squash Court,2025-01-07 08:52:53.666238,2025-01-07 18:00:00,2.0,False,2022-10-17
B-004951,R-0178,Badminton Court,2025-01-07 11:06:53.522545,2025-01-07 20:00:00,2.0,True,2023-06-30
B-004952,R-0168,Kids Play Area,2025-01-07 12:48:57.402199,2025-01-07 18:30:00,3.0,True,2022-09-23
B-004953,R-0060,Clubhouse,2025-01-07 19:05:00.801562,2025-02-24 18:30:00,4.0,False,2021-10-21
B-004954,R-0264,Gym,2025-01-08 00:31:31.596094,2025-01-08 15:00:00,2.0,False,2020-01-20
B-004955,R-0076,Swimming Pool,2025-01-08 02:20:11.969866,2025-01-08 07:15:00,2.0,False,2020-08-07
B-004956,R-0165,Squash Court,2025-01-08 08:52:08.621550,2025-01-08 20:30:00,2.0,False,2021-12-19
B-004957,R-0019,Tennis Court,2025-01-08 11:46:06.434538,2025-01-08 17:00:00,5.0,False,2022-02-09
B-004958,R-0032,Multipurpose Hall,2025-01-08 13:41:05.253488,2025-01-13 11:30:00,4.0,False,2020-08-02
B-004959,R-0221,Squash Court,2025-01-08 14:49:05.765386,2025-01-10 08:30:00,1.0,True,2023-09-29
B-004960,R-0193,Badminton Court,2025-01-08 15:25:57.451882,2025-01-08 20:30:00,2.0,True,2021-06-16
B-004961,R-0039,Squash Court,2025-01-08 23:11:36.030596,2025-01-10 18:30:00,5.0,False,2020-08-27
B-004962,R-0139,Tennis Court,2025-01-09 00:10:46.656781,2025-01-10 18:00:00,4.0,True,2022-06-23
B-004963,R-0030,Multipurpose Hall,2025-01-09 03:59:32.473182,2025-02-22 11:00:00,2.0,True,2023-02-05
B-004964,R-0303,Gym,2025-01-09 05:25:42.812835,2025-01-09 11:00:00,2.0,False,2020-02-09
B-004965,R-0114,Kids Play Area,2025-01-09 05:42:35.686863,2025-01-09 10:30:00,3.0,True,2021-10-04
B-004966,R-0152,Gym,2025-01-09 07:17:35.191411,2025-01-10 15:45:00,1.0,True,2020-03-08
B-004967,R-0263,Swimming Pool,2025-01-09 09:53:07.342123,2025-01-10 19:00:00,3.0,True,2022-08-11
B-004968,R-0255,Swimming Pool,2025-01-09 10:48:42.243653,2025-01-11 08:30:00,4.0,False,2021-08-19
B-004969,R-0164,Multipurpose Hall,2025-01-09 13:22:33.831950,2025-01-11 17:15:00,5.0,False,2021-03-15
B-004970,R-0254,Tennis Court,2025-01-09 14:18:04.984304,2025-01-12 18:45:00,2.0,False,2020-09-25
B-004971,R-0298,Badminton Court,2025-01-09 14:43:50.539638,2025-01-09 20:30:00,1.0,True,2022-09-18
B-004972,R-0261,Kids Play Area,2025-01-09 15:16:11.277886,2025-01-09 17:15:00,5.0,True,2023-07-12
B-004973,R-0166,Clubhouse,2025-01-09 17:24:07.118453,2025-01-12 11:15:00,4.0,False,2022-10-13
B-004974,R-0220,Gym,2025-01-09 17:55:04.724547,2025-01-10 18:30:00,5.0,False,2021-05-12
B-004975,R-0090,Kids Play Area,2025-01-09 17:58:05.540727,2025-01-11 10:15:00,3.0,False,2020-03-27
B-004976,R-0117,Swimming Pool,2025-01-09 20:56:34.286196,2025-01-11 08:15:00,4.0,False,2020-10-16
B-004977,R-0288,Clubhouse,2025-01-09 21:30:35.775854,2025-01-14 11:30:00,4.0,False,2023-09-08
B-004978,R-0035,Gym,2025-01-09 21:52:26.184497,2025-01-10 15:15:00,1.0,False,2023-05-21
B-004979,R-0208,Gym,2025-01-09 22:14:17.286905,2025-01-10 19:00:00,5.0,False,2021-08-16
B-004980,R-0314,Kids Play Area,2025-01-10 03:13:55.247369,2025-01-10 16:15:00,2.0,False,2022-04-28
B-004981,R-0267,Multipurpose Hall,2025-01-10 04:57:05.353995,2025-01-14 18:45:00,3.0,False,2021-09-07
B-004982,R-0141,Kids Play Area,2025-01-10 06:39:14.715146,2025-01-10 10:45:00,1.0,False,2020-01-06
B-004983,R-0075,Gym,2025-01-10 08:00:02.439196,2025-01-12 07:30:00,2.0,False,2023-01-11
B-004984,R-0146,Badminton Court,2025-01-10 09:02:47.384340,2025-01-10 18:15:00,4.0,False,2020-03-14
B-004985,R-0189,Clubhouse,2025-01-10 09:02:59.850997,2025-01-13 20:00:00,1.0,False,2022-07-11
B-004986,R-0157,Kids Play Area,2025-01-10 13:27:53.449936,2025-01-10 18:15:00,3.0,True,2020-05-01
B-004987,R-0294,Gym,2025-01-10 13:48:42.645203,2025-01-11 07:00:00,4.0,False,2021-02-22
B-004988,R-0066,Badminton Court,2025-01-10 16:33:10.601087,2025-01-11 20:45:00,2.0,False,2021-02-13
B-004989,R-0196,Clubhouse,2025-01-10 17:09:41.354270,2025-02-15 20:30:00,2.0,True,2022-01-24
B-004990,R-0160,Kids Play Area,2025-01-10 17:16:37.134880,2025-01-10 17:45:00,1.0,True,2020-08-11
B-004991,R-0112,Squash Court,2025-01-10 23:34:22.973935,2025-01-11 19:15:00,5.0,False,2020-06-02
B-004992,R-0044,Clubhouse,2025-01-11 00:48:14.231577,2025-01-12 19:30:00,1.0,False,2021-10-23
B-004993,R-0080,Gym,2025-01-11 02:18:03.938024,2025-01-11 18:00:00,4.0,True,2021-01-23
B-004994,R-0079,Kids Play Area,2025-01-11 03:19:58.377037,2025-01-11 10:45:00,3.0,True,2020-08-30
B-004995,R-0033,Swimming Pool,2025-01-11 04:34:13.196008,2025-01-12 17:00:00,1.0,False,2022-09-12
B-004996,R-0123,Clubhouse,2025-01-11 07:09:25.839903,2025-01-12 17:00:00,5.0,False,2021-05-23
B-004997,R-0309,Kids Play Area,2025-01-11 08:56:11.981847,2025-01-11 10:30:00,1.0,True,2022-05-22
B-004998,R-0101,Badminton Court,2025-01-11 11:06:08.294517,2025-01-11 19:45:00,2.0,False,2021-06-13
B-004999,R-0175,Gym,2025-01-11 11:37:16.282719,2025-01-12 10:45:00,1.0,False,2020-01-26
B-005000,R-0086,Squash Court,2025-01-11 12:37:58.308689,2025-01-11 19:30:00,3.0,False,2023-06-29
B-005001,R-0275,Badminton Court,2025-01-11 14:00:20.557446,2025-01-12 21:45:00,4.0,True,2020-05-07
B-005002,R-0137,Kids Play Area,2025-01-11 14:22:45.076585,2025-01-11 17:00:00,2.0,True,2020-08-26
B-005003,R-0225,Clubhouse,2025-01-11 17:07:29.072945,2025-01-15 11:45:00,2.0,False,2021-03-31
B-005004,R-0190,Tennis Court,2025-01-11 21:12:07.288500,2025-01-13 07:45:00,4.0,True,2022-05-02
B-005005,R-0151,Gym,2025-01-11 22:26:35.551181,2025-01-13 17:45:00,4.0,True,2020-08-06
B-005006,R-0174,Gym,2025-01-12 00:12:15.389781,2025-01-13 11:00:00,3.0,False,2022-11-22
B-005007,R-0209,Squash Court,2025-01-12 01:25:35.283241,2025-01-12 07:15:00,3.0,False,2023-07-20
B-005008,R-0097,Tennis Court,2025-01-12 02:01:10.934852,2025-01-13 07:45:00,4.0,False,2021-12-03
B-005009,R-0064,Multipurpose Hall,2025-01-12 05:11:01.559350,2025-02-01 18:15:00,2.0,False,2022-10-17
B-005010,R-0311,Multipurpose Hall,2025-01-12 06:53:24.098731,2025-02-04 18:45:00,5.0,False,2021-06-05
B-005011,R-0144,Badminton Court,2025-01-12 07:51:37.576596,2025-01-12 17:30:00,3.0,False,2022-07-09
B-005012,R-0047,Swimming Pool,2025-01-12 08:15:12.377186,2025-01-12 17:45:00,2.0,False,2021-10-19
B-005013,R-0198,Clubhouse,2025-01-12 08:32:07.389945,2025-01-17 11:30:00,5.0,False,2023-09-18
B-005014,R-0252,Clubhouse,2025-01-12 09:15:12.984874,2025-01-24 11:00:00,2.0,True,2021-11-26
B-005015,R-0062,Badminton Court,2025-01-12 10:08:32.126619,2025-01-14 20:00:00,2.0,False,2020-06-01
B-005016,R-0311,Multipurpose Hall,2025-01-12 10:54:24.319554,2025-01-27 18:30:00,5.0,False,2021-06-05
B-005017,R-0077,Kids Play Area,2025-01-12 11:52:54.743411,2025-01-12 18:15:00,5.0,False,2020-09-28
B-005018,R-0259,Gym,2025-01-12 11:56:27.588874,2025-01-13 15:15:00,3.0,False,2023-12-21
B-005019,R-0006,Tennis Court,2025-01-12 12:40:17.869703,2025-01-13 07:00:00,1.0,True,2022-03-03
B-005020,R-0203,Tennis Court,2025-01-12 13:24:15.729861,2025-01-13 07:15:00,4.0,False,2023-10-19
B-005021,R-0098,Gym,2025-01-12 14:04:17.449638,2025-01-13 09:45:00,4.0,False,2022-10-31
B-005022,R-0230,Clubhouse,2025-01-12 14:57:15.815316,2025-02-07 20:30:00,5.0,False,2021-08-29
B-005023,R-0224,Badminton Court,2025-01-12 15:17:05.574514,2025-01-12 18:45:00,1.0,False,2021-05-19
B-005024,R-0027,Badminton Court,2025-01-12 16:13:24.899653,2025-01-12 21:15:00,2.0,False,2023-03-12
B-005025,R-0076,Multipurpose Hall,2025-01-12 22:56:40.944981,2025-01-19 11:00:00,2.0,False,2020-08-07
B-005026,R-0221,Gym,2025-01-13 00:22:10.531579,2025-01-13 09:00:00,1.0,True,2023-09-29
B-005027,R-0220,Badminton Court,2025-01-13 03:55:11.260844,2025-01-15 17:15:00,5.0,False,2021-05-12
B-005028,R-0111,Kids Play Area,2025-01-13 04:41:06.737273,2025-01-13 09:30:00,2.0,True,2022-01-10
B-005029,R-0301,Kids Play Area,2025-01-13 07:08:35.446914,2025-01-13 09:45:00,3.0,False,2023-12-19
B-005030,R-0100,Kids Play Area,2025-01-13 07:29:56.025138,2025-01-13 17:15:00,5.0,True,2020-08-16
B-005031,R-0291,Kids Play Area,2025-01-13 08:29:02.233284,2025-01-13 10:45:00,5.0,False,2020-11-14
B-005032,R-0285,Multipurpose Hall,2025-01-13 09:52:47.322971,2025-01-15 17:45:00,1.0,False,2021-10-06
B-005033,R-0046,Gym,2025-01-13 11:01:43.075799,2025-01-13 19:45:00,1.0,True,2021-11-08
B-005034,R-0260,Squash Court,2025-01-13 16:10:56.025463,2025-01-13 18:15:00,5.0,False,2020-02-11
B-005035,R-0207,Gym,2025-01-13 17:12:39.998131,2025-01-14 08:15:00,3.0,False,2021-04-11
B-005036,R-0162,Kids Play Area,2025-01-13 20:23:38.083153,2025-01-14 09:45:00,5.0,True,2020-05-09
B-005037,R-0052,Badminton Court,2025-01-13 21:37:45.253267,2025-01-14 17:45:00,3.0,True,2022-09-27
B-005038,R-0281,Kids Play Area,2025-01-13 22:51:25.789332,2025-01-14 18:00:00,4.0,False,2022-02-14
B-005039,R-0177,Kids Play Area,2025-01-14 04:20:15.445452,2025-01-14 10:45:00,1.0,False,2021-12-08
B-005040,R-0317,Gym,2025-01-14 05:02:58.486077,2025-01-14 09:00:00,1.0,False,2023-02-18
B-005041,R-0127,Kids Play Area,2025-01-14 07:17:59.929289,2025-01-14 09:45:00,3.0,False,2020-06-15
B-005042,R-0158,Kids Play Area,2025-01-14 08:47:15.241791,2025-01-14 10:00:00,1.0,True,2021-11-01
B-005043,R-0232,Kids Play Area,2025-01-14 09:03:32.422070,2025-01-14 10:45:00,5.0,True,2022-05-16
B-005044,R-0302,Squash Court,2025-01-14 09:22:21.538552,2025-01-14 19:15:00,2.0,True,2023-05-11
B-005045,R-0150,Squash Court,2025-01-14 10:05:35.832219,2025-01-14 18:00:00,5.0,False,2021-02-11
B-005046,R-0274,Swimming Pool,2025-01-14 12:33:16.189881,2025-01-14 16:30:00,1.0,False,2021-08-07
B-005047,R-0036,Kids Play Area,2025-01-14 16:22:45.412380,2025-01-14 18:30:00,3.0,True,2021-02-14
B-005048,R-0256,Gym,2025-01-14 16:33:19.878048,2025-01-14 19:30:00,3.0,True,2021-06-07
B-005049,R-0139,Tennis Court,2025-01-14 19:00:19.860750,2025-01-15 18:15:00,4.0,True,2022-06-23
B-005050,R-0258,Multipurpose Hall,2025-01-14 20:33:39.196982,2025-03-09 10:30:00,2.0,True,2023-04-04
B-005051,R-0249,Swimming Pool,2025-01-14 22:13:17.775422,2025-01-15 16:30:00,4.0,True,2021-04-14
B-005052,R-0138,Kids Play Area,2025-01-15 03:51:55.231696,2025-01-15 16:15:00,3.0,False,2021-08-01
B-005053,R-0144,Multipurpose Hall,2025-01-15 04:58:14.661670,2025-02-05 11:00:00,3.0,False,2022-07-09
B-005054,R-0126,Clubhouse,2025-01-15 07:08:37.493957,2025-01-19 20:00:00,4.0,False,2020-12-04
B-005055,R-0074,Gym,2025-01-15 14:51:16.043623,2025-01-16 10:15:00,3.0,False,2020-01-21
B-005056,R-0082,Gym,2025-01-15 15:11:37.452456,2025-01-15 19:00:00,4.0,False,2020-08-31
B-005057,R-0119,Kids Play Area,2025-01-15 20:05:18.738152,2025-01-16 09:45:00,5.0,False,2023-12-08
B-005058,R-0215,Gym,2025-01-15 21:03:56.348809,2025-01-16 07:00:00,2.0,True,2023-03-17
B-005059,R-0146,Gym,2025-01-15 21:55:27.919563,2025-01-16 11:00:00,4.0,False,2020-03-14
B-005060,R-0240,Kids Play Area,2025-01-16 02:04:23.636535,2025-01-16 16:15:00,4.0,True,2021-08-25
B-005061,R-0268,Squash Court,2025-01-16 02:13:57.262288,2025-01-18 07:45:00,5.0,False,2022-10-01
B-005062,R-0248,Clubhouse,2025-01-16 10:40:39.900544,2025-01-25 11:30:00,2.0,True,2022-12-30
B-005063,R-0177,Clubhouse,2025-01-16 11:12:01.099440,2025-01-27 11:15:00,1.0,False,2021-12-08
B-005064,R-0311,Kids Play Area,2025-01-16 11:50:21.642962,2025-01-16 16:00:00,5.0,False,2021-06-05
B-005065,R-0163,Kids Play Area,2025-01-16 13:12:36.911145,2025-01-16 18:45:00,3.0,True,2022-11-25
B-005066,R-0181,Gym,2025-01-16 14:08:50.181635,2025-01-18 07:00:00,4.0,True,2022-08-08
B-005067,R-0157,Kids Play Area,2025-01-16 14:19:50.846485,2025-01-17 17:15:00,3.0,True,2020-05-01
B-005068,R-0310,Multipurpose Hall,2025-01-16 17:57:50.648727,2025-01-24 17:45:00,3.0,False,2022-10-15
B-005069,R-0179,Swimming Pool,2025-01-16 18:03:50.754894,2025-01-18 06:15:00,3.0,False,2020-12-12
B-005070,R-0092,Kids Play Area,2025-01-16 22:08:06.160164,2025-01-17 17:45:00,3.0,False,2023-07-28
B-005071,R-0288,Tennis Court,2025-01-16 23:39:18.091553,2025-01-18 07:15:00,4.0,False,2023-09-08
B-005072,R-0108,Gym,2025-01-16 23:57:44.183075,2025-01-19 12:15:00,2.0,False,2020-05-18
B-005073,R-0016,Kids Play Area,2025-01-17 01:20:05.048266,2025-01-18 09:00:00,1.0,True,2020-04-13
B-005074,R-0278,Gym,2025-01-17 03:32:25.945769,2025-01-17 09:15:00,4.0,False,2023-06-25
B-005075,R-0280,Kids Play Area,2025-01-17 08:12:28.563988,2025-01-17 10:30:00,3.0,False,2020-03-31
B-005076,R-0066,Squash Court,2025-01-17 08:46:00.673535,2025-01-17 19:30:00,2.0,False,2021-02-13
B-005077,R-0217,Tennis Court,2025-01-17 10:55:31.658458,2025-01-17 17:45:00,1.0,False,2020-11-09
B-005078,R-0281,Tennis Court,2025-01-17 12:33:01.596038,2025-01-21 19:45:00,4.0,False,2022-02-14
B-005079,R-0300,Badminton Court,2025-01-17 14:19:23.055000,2025-01-18 19:30:00,4.0,False,2023-10-05
B-005080,R-0139,Tennis Court,2025-01-17 20:28:32.215084,2025-01-18 18:45:00,4.0,True,2022-06-23
B-005081,R-0120,Gym,2025-01-18 01:14:19.332042,2025-01-19 16:45:00,2.0,True,2023-09-11
B-005082,R-0305,Clubhouse,2025-01-18 04:34:15.995949,2025-01-20 11:15:00,5.0,False,2023-08-05
B-005083,R-0235,Badminton Court,2025-01-18 05:22:24.849460,2025-01-19 21:00:00,2.0,False,2020-08-24
B-005084,R-0188,Gym,2025-01-18 05:28:38.277313,2025-01-18 18:30:00,1.0,False,2023-02-11
B-005085,R-0187,Clubhouse,2025-01-18 06:00:25.188959,2025-01-27 12:15:00,4.0,False,2020-04-30
B-005086,R-0181,Badminton Court,2025-01-18 06:30:00.000000,2025-01-25 18:30:00,4.0,True,2022-08-08
B-005087,R-0135,Tennis Court,2025-01-18 10:51:58.113714,2025-01-20 07:30:00,2.0,True,2021-05-18
B-005088,R-0211,Multipurpose Hall,2025-01-18 11:33:37.266644,2025-01-23 19:15:00,5.0,True,2021-11-19
B-005089,R-0286,Multipurpose Hall,2025-01-18 15:11:38.853460,2025-01-19 19:45:00,4.0,True,2020-11-25
B-005090,R-0310,Gym,2025-01-18 16:32:15.934688,2025-01-19 17:30:00,3.0,False,2022-10-15
B-005091,R-0117,Clubhouse,2025-01-18 20:55:03.829639,2025-01-27 11:00:00,4.0,False,2020-10-16
B-005092,R-0233,Badminton Court,2025-01-18 21:23:17.276518,2025-01-19 17:45:00,4.0,True,2021-11-14
B-005093,R-0089,Gym,2025-01-19 01:55:45.328519,2025-01-19 17:00:00,1.0,False,2023-02-25
B-005094,R-0064,Swimming Pool,2025-01-19 02:49:49.850330,2025-01-19 17:45:00,2.0,False,2022-10-17
B-005095,R-0212,Gym,2025-01-19 04:03:26.442359,2025-01-20 08:45:00,5.0,False,2023-06-20
B-005096,R-0251,Kids Play Area,2025-01-19 05:17:17.274583,2025-01-19 10:30:00,4.0,True,2023-12-13
B-005097,R-0095,Tennis Court,2025-01-19 06:19:03.094147,2025-01-19 17:15:00,4.0,False,2020-03-19
B-005098,R-0028,Gym,2025-01-19 06:22:37.070272,2025-01-19 20:00:00,4.0,False,2023-12-08
B-005099,R-0269,Gym,2025-01-19 06:52:24.721918,2025-01-19 15:15:00,5.0,False,2023-11-18
B-005100,R-0203,Badminton Court,2025-01-19 07:23:06.427557,2025-01-19 20:45:00,4.0,False,2023-10-19
B-005101,R-0230,Tennis Court,2025-01-19 07:24:48.210494,2025-01-22 18:30:00,5.0,False,2021-08-29
B-005102,R-0100,Kids Play Area,2025-01-19 08:22:53.238822,2025-01-19 17:30:00,5.0,True,2020-08-16
B-005103,R-0077,Kids Play Area,2025-01-19 11:27:34.371672,2025-01-19 17:45:00,5.0,False,2020-09-28
B-005104,R-0164,Squash Court,2025-01-19 11:41:44.381205,2025-01-19 19:30:00,5.0,False,2021-03-15
B-005105,R-0255,Kids Play Area,2025-01-19 12:04:25.302205,2025-01-19 18:00:00,4.0,False,2021-08-19
B-005106,R-0101,Badminton Court,2025-01-19 21:38:30.070730,2025-01-20 19:00:00,2.0,False,2021-06-13
B-005107,R-0188,Badminton Court,2025-01-20 01:17:37.320622,2025-01-21 17:30:00,1.0,False,2023-02-11
B-005108,R-0303,Multipurpose Hall,2025-01-20 02:21:46.844919,2025-01-22 17:30:00,2.0,False,2020-02-09
B-005109,R-0134,Badminton Court,2025-01-20 06:33:01.203245,2025-01-22 18:30:00,4.0,False,2020-03-31
B-005110,R-0139,Clubhouse,2025-01-20 07:40:27.500420,2025-02-16 20:30:00,4.0,True,2022-06-23
B-005111,R-0026,Tennis Court,2025-01-20 08:41:27.425832,2025-01-20 18:00:00,2.0,False,2022-01-18
B-005112,R-0167,Clubhouse,2025-01-20 09:39:00.062575,2025-01-25 12:00:00,2.0,False,2020-02-05
B-005113,R-0098,Kids Play Area,2025-01-20 10:13:05.641915,2025-01-21 10:30:00,4.0,False,2022-10-31
B-005114,R-0158,Swimming Pool,2025-01-20 11:36:44.321037,2025-01-20 16:30:00,1.0,True,2021-11-01
B-005115,R-0023,Badminton Court,2025-01-20 12:07:53.074919,2025-01-20 20:15:00,1.0,False,2022-12-13
B-005116,R-0063,Multipurpose Hall,2025-01-20 13:22:04.843053,2025-01-31 10:30:00,2.0,False,2020-11-01
B-005117,R-0078,Swimming Pool,2025-01-20 14:07:20.114964,2025-01-21 16:15:00,3.0,False,2020-11-08
B-005118,R-0143,Kids Play Area,2025-01-20 15:22:47.730578,2025-01-20 18:00:00,5.0,True,2022-08-13
B-005119,R-0138,Squash Court,2025-01-20 17:49:07.891264,2025-01-21 18:15:00,3.0,False,2021-08-01
B-005120,R-0317,Gym,2025-01-20 21:57:29.843573,2025-01-21 10:00:00,1.0,False,2023-02-18
B-005121,R-0093,Clubhouse,2025-01-20 22:30:55.596437,2025-01-24 19:00:00,5.0,False,2020-04-20
B-005122,R-0111,Swimming Pool,2025-01-21 00:58:49.211327,2025-01-21 19:15:00,2.0,True,2022-01-10
B-005123,R-0076,Kids Play Area,2025-01-21 01:33:28.675676,2025-01-21 09:15:00,2.0,False,2020-08-07
B-005124,R-0135,Badminton Court,2025-01-21 01:46:47.293538,2025-01-21 17:30:00,2.0,True,2021-05-18
B-005125,R-0145,Tennis Court,2025-01-21 02:25:27.337951,2025-01-21 07:30:00,1.0,False,2021-10-20
B-005126,R-0052,Badminton Court,2025-01-21 03:17:10.148600,2025-01-21 17:15:00,3.0,True,2022-09-27
B-005127,R-0096,Gym,2025-01-21 03:17:30.498630,2025-01-21 11:30:00,1.0,False,2022-10-22
B-005128,R-0102,Squash Court,2025-01-21 05:05:05.652905,2025-01-21 07:45:00,1.0,False,2022-05-02
B-005129,R-0076,Multipurpose Hall,2025-01-21 07:42:03.868603,2025-02-23 10:15:00,2.0,False,2020-08-07
B-005130,R-0150,Tennis Court,2025-01-21 09:51:10.246500,2025-01-22 07:00:00,5.0,False,2021-02-11
B-005131,R-0118,Kids Play Area,2025-01-21 10:49:48.496863,2025-01-21 18:30:00,4.0,True,2021-08-22
B-005132,R-0214,Kids Play Area,2025-01-21 10:53:44.259741,2025-01-21 16:45:00,1.0,False,2023-10-23
B-005133,R-0265,Clubhouse,2025-01-21 12:07:41.809323,2025-02-08 19:45:00,3.0,False,2023-04-02
B-005134,R-0014,Swimming Pool,2025-01-21 19:48:40.441927,2025-01-23 06:45:00,3.0,False,2023-02-21
B-005135,R-0184,Squash Court,2025-01-21 20:43:23.469347,2025-01-24 08:30:00,1.0,False,2022-11-30
B-005136,R-0192,Squash Court,2025-01-21 20:45:00.000000,2025-01-27 20:45:00,4.0,True,2023-07-01
B-005137,R-0266,Tennis Court,2025-01-21 21:13:32.568568,2025-01-23 17:15:00,4.0,True,2023-12-21
B-005138,R-0047,Squash Court,2025-01-22 01:27:26.511754,2025-01-22 08:45:00,2.0,False,2021-10-19
B-005139,R-0300,Badminton Court,2025-01-22 02:37:50.836254,2025-01-23 17:45:00,4.0,False,2023-10-05
B-005140,R-0073,Kids Play Area,2025-01-22 03:35:50.421541,2025-01-22 10:00:00,1.0,True,2021-06-20
B-005141,R-0194,Swimming Pool,2025-01-22 05:36:23.237369,2025-01-23 08:15:00,1.0,False,2023-01-19
B-005142,R-0166,Gym,2025-01-22 07:04:56.278072,2025-01-22 11:30:00,4.0,False,2022-10-13
B-005143,R-0080,Squash Court,2025-01-22 07:42:51.344802,2025-01-22 20:30:00,4.0,True,2021-01-23
B-005144,R-0082,Gym,2025-01-22 11:07:17.507681,2025-01-22 19:00:00,4.0,False,2020-08-31
B-005145,R-0115,Badminton Court,2025-01-22 12:24:56.633630,2025-01-22 20:30:00,2.0,False,2021-08-17
B-005146,R-0279,Multipurpose Hall,2025-01-22 13:36:13.839410,2025-02-01 11:45:00,1.0,False,2023-11-24
B-005147,R-0180,Multipurpose Hall,2025-01-22 17:51:18.154755,2025-02-02 10:45:00,2.0,False,2020-05-11
B-005148,R-0229,Squash Court,2025-01-22 18:27:49.649475,2025-01-24 07:30:00,2.0,False,2020-02-16
B-005149,R-0058,Tennis Court,2025-01-22 22:44:09.074738,2025-01-24 06:45:00,3.0,False,2023-09-11
B-005150,R-0042,Badminton Court,2025-01-23 09:07:14.588799,2025-01-23 17:00:00,3.0,False,2022-11-14
B-005151,R-0256,Tennis Court,2025-01-23 09:51:39.107196,2025-01-23 19:00:00,3.0,True,2021-06-07
B-005152,R-0254,Gym,2025-01-23 10:06:22.629977,2025-01-23 17:00:00,2.0,False,2020-09-25
B-005153,R-0064,Gym,2025-01-23 10:41:46.521529,2025-01-23 18:45:00,2.0,False,2022-10-17
B-005154,R-0011,Multipurpose Hall,2025-01-23 11:36:46.096214,2025-01-31 17:15:00,4.0,False,2022-01-15
B-005155,R-0256,Gym,2025-01-23 11:39:55.104937,2025-01-24 08:15:00,3.0,True,2021-06-07
B-005156,R-0178,Badminton Court,2025-01-23 13:22:36.287025,2025-01-23 20:30:00,2.0,True,2023-06-30
B-005157,R-0138,Swimming Pool,2025-01-23 13:36:51.464639,2025-01-24 16:45:00,,False,2021-08-01
B-005158,R-0133,Swimming Pool,2025-01-23 14:09:40.467310,2025-01-23 17:45:00,4.0,False,2020-03-10
B-005159,R-0100,Tennis Court,2025-01-23 16:22:04.041969,2025-01-24 17:00:00,5.0,True,2020-08-16
B-005160,R-0153,Gym,2025-01-24 00:21:12.204166,2025-01-24 08:00:00,5.0,False,2023-03-03
B-005161,R-0002,Tennis Court,2025-01-24 03:13:01.669700,2025-01-28 06:30:00,1.0,False,2022-03-21
B-005162,R-0136,Swimming Pool,2025-01-24 05:49:42.103452,2025-01-25 08:15:00,5.0,False,2021-06-17
B-005163,R-0053,Tennis Court,2025-01-24 09:07:18.379429,2025-02-01 17:30:00,3.0,False,2021-04-10
B-005164,R-0265,Gym,2025-01-24 10:11:25.271527,2025-01-26 20:45:00,3.0,False,2023-04-02
B-005165,R-0055,Squash Court,2025-01-24 11:00:36.980578,2025-01-24 19:30:00,3.0,False,2020-04-03
B-005166,R-0240,Kids Play Area,2025-01-24 11:14:53.649618,2025-01-24 17:00:00,4.0,True,2021-08-25
B-005167,R-0129,Swimming Pool,2025-01-24 11:46:50.582085,2025-01-24 18:15:00,2.0,False,2022-06-19
B-005168,R-0056,Squash Court,2025-01-24 13:16:30.894564,2025-01-25 08:30:00,2.0,True,2020-07-16
B-005169,R-0285,Squash Court,2025-01-24 16:19:26.973153,2025-01-24 20:00:00,1.0,False,2021-10-06
B-005170,R-0267,Kids Play Area,2025-01-24 18:01:05.353787,2025-01-24 18:30:00,3.0,False,2021-09-07
B-005171,R-0279,Tennis Court,2025-01-24 18:21:15.452205,2025-01-25 17:45:00,1.0,False,2023-11-24
B-005172,R-0062,Badminton Court,2025-01-24 19:47:05.842222,2025-01-27 20:45:00,2.0,False,2020-06-01
B-005173,R-0033,Squash Court,2025-01-24 23:14:08.217339,2025-01-25 19:15:00,1.0,False,2022-09-12
B-005174,R-0054,Swimming Pool,2025-01-25 00:33:24.427842,2025-01-25 07:00:00,2.0,False,2022-02-13
B-005175,R-0205,Clubhouse,2025-01-25 01:08:18.974203,2025-01-30 20:30:00,3.0,False,2023-01-19
B-005176,R-0020,Tennis Court,2025-01-25 02:16:29.191874,2025-01-26 07:45:00,1.0,False,2021-04-01
B-005177,R-0036,Multipurpose Hall,2025-01-25 02:20:24.452634,2025-01-30 10:15:00,3.0,True,2021-02-14
B-005178,R-0021,Multipurpose Hall,2025-01-25 02:25:02.054689,2025-02-02 18:15:00,5.0,False,2021-06-16
B-005179,R-0319,Swimming Pool,2025-01-25 03:16:22.289534,2025-01-25 17:30:00,1.0,False,2020-02-22
B-005180,R-0215,Badminton Court,2025-01-25 06:47:49.384800,2025-01-25 18:15:00,2.0,True,2023-03-17
B-005181,R-0066,Squash Court,2025-01-25 07:47:03.487502,2025-01-25 19:30:00,2.0,False,2021-02-13
B-005182,R-0174,Multipurpose Hall,2025-01-25 09:22:42.764283,2025-02-02 11:45:00,3.0,False,2022-11-22
B-005183,R-0146,Badminton Court,2025-01-25 09:38:02.173571,2025-01-25 18:15:00,4.0,False,2020-03-14
B-005184,R-0069,Badminton Court,2025-01-25 10:18:24.145963,2025-01-25 19:15:00,1.0,False,2023-11-30
B-005185,R-0255,Multipurpose Hall,2025-01-25 10:44:56.638524,2025-02-02 19:30:00,4.0,False,2021-08-19
B-005186,R-0012,Gym,2025-01-25 10:53:48.184323,2025-01-26 17:00:00,4.0,True,2020-11-21
B-005187,R-0190,Squash Court,2025-01-25 11:19:46.597755,2025-01-26 08:15:00,4.0,True,2022-05-02
B-005188,R-0009,Kids Play Area,2025-01-25 12:03:04.394828,2025-01-25 16:45:00,5.0,True,2021-04-09
B-005189,R-0234,Multipurpose Hall,2025-01-25 12:06:35.443842,2025-02-04 10:45:00,4.0,False,2022-03-24
B-005190,R-0061,Kids Play Area,2025-01-25 13:19:16.202713,2025-01-25 18:15:00,1.0,False,2022-11-06
B-005191,R-0045,Tennis Court,2025-01-25 13:37:59.639126,2025-01-25 19:15:00,4.0,False,2020-05-15
B-005192,R-0032,Squash Court,2025-01-25 19:04:17.507157,2025-01-26 07:45:00,4.0,False,2020-08-02
B-005193,R-0184,Tennis Court,2025-01-25 20:45:02.762319,2025-01-29 07:15:00,1.0,False,2022-11-30
B-005194,R-0267,Gym,2025-01-26 03:11:17.849977,2025-01-26 17:45:00,,False,2021-09-07
B-005195,R-0267,Multipurpose Hall,2025-01-26 03:29:50.643497,2025-01-31 18:45:00,3.0,False,2021-09-07
B-005196,R-0170,Swimming Pool,2025-01-26 05:01:45.237785,2025-01-26 18:30:00,4.0,False,2023-02-04
B-005197,R-0232,Kids Play Area,2025-01-26 05:25:18.622499,2025-01-27 10:45:00,5.0,True,2022-05-16
B-005198,R-0112,Tennis Court,2025-01-26 06:23:40.956840,2025-01-26 18:15:00,5.0,False,2020-06-02
B-005199,R-0244,Badminton Court,2025-01-26 06:50:04.655709,2025-01-26 20:00:00,2.0,True,2022-07-27
B-005200,R-0205,Kids Play Area,2025-01-26 08:09:24.225193,2025-01-26 17:15:00,3.0,False,2023-01-19
B-005201,R-0131,Badminton Court,2025-01-26 08:39:29.214546,2025-01-26 19:30:00,1.0,True,2023-10-18
B-005202,R-0122,Kids Play Area,2025-01-26 12:36:39.026644,2025-01-26 17:30:00,1.0,False,2022-11-04
B-005203,R-0180,Multipurpose Hall,2025-01-26 13:11:04.230032,2025-02-04 10:30:00,2.0,False,2020-05-11
B-005204,R-0259,Gym,2025-01-26 13:46:26.595302,2025-01-26 17:00:00,3.0,False,2023-12-21
B-005205,R-0194,Squash Court,2025-01-26 16:14:58.607407,2025-01-30 08:30:00,1.0,False,2023-01-19
B-005206,R-0280,Tennis Court,2025-01-26 17:07:12.004457,2025-01-27 17:30:00,3.0,False,2020-03-31
B-005207,R-0301,Kids Play Area,2025-01-26 18:01:26.660546,2025-01-27 09:45:00,3.0,False,2023-12-19
B-005208,R-0057,Clubhouse,2025-01-26 19:47:32.959112,2025-01-28 11:45:00,2.0,False,2022-06-23
B-005209,R-0304,Clubhouse,2025-01-26 22:23:46.430286,2025-01-28 20:45:00,1.0,False,2022-12-16
B-005210,R-0080,Gym,2025-01-26 23:13:16.903764,2025-01-27 18:00:00,4.0,True,2021-01-23
B-005211,R-0234,Tennis Court,2025-01-26 23:18:58.421607,2025-01-29 06:30:00,4.0,False,2022-03-24
B-005212,R-0294,Clubhouse,2025-01-26 23:50:42.089896,2025-02-01 20:30:00,4.0,False,2021-02-22
B-005213,R-0085,Clubhouse,2025-01-27 00:42:10.163271,2025-02-07 19:15:00,1.0,False,2022-03-24
B-005214,R-0058,Swimming Pool,2025-01-27 04:33:23.129310,2025-01-27 08:15:00,3.0,False,2023-09-11
B-005215,R-0237,Squash Court,2025-01-27 04:49:35.116184,2025-01-27 18:00:00,2.0,False,2020-12-11
B-005216,R-0194,Multipurpose Hall,2025-01-27 05:48:48.211987,2025-03-18 11:30:00,1.0,False,2023-01-19
B-005217,R-0127,Kids Play Area,2025-01-27 06:26:58.999952,2025-01-27 09:15:00,3.0,False,2020-06-15
B-005218,R-0119,Kids Play Area,2025-01-27 09:47:49.448150,2025-01-28 09:15:00,5.0,False,2023-12-08
B-005219,R-0164,Multipurpose Hall,2025-01-27 11:54:11.289552,2025-02-01 17:30:00,5.0,False,2021-03-15
B-005220,R-0123,Squash Court,2025-01-27 12:00:49.620483,2025-01-27 19:30:00,5.0,False,2021-05-23
B-005221,R-0263,Kids Play Area,2025-01-27 12:40:45.637987,2025-01-28 10:00:00,3.0,True,2022-08-11
B-005222,R-0179,Multipurpose Hall,2025-01-27 19:46:44.432724,2025-02-01 10:00:00,3.0,False,2020-12-12
B-005223,R-0139,Squash Court,2025-01-27 22:16:10.076469,2025-01-29 18:30:00,4.0,True,2022-06-23
B-005224,R-0018,Gym,2025-01-28 04:26:34.501238,2025-01-28 20:15:00,3.0,False,2020-12-01
B-005225,R-0086,Gym,2025-01-28 05:05:53.086134,2025-01-28 06:15:00,3.0,False,2023-06-29
B-005226,R-0276,Kids Play Area,2025-01-28 05:21:01.097946,2025-01-28 16:00:00,1.0,False,2021-12-03
B-005227,R-0245,Squash Court,2025-01-28 07:01:24.938104,2025-01-29 18:00:00,1.0,False,2022-02-09
B-005228,R-0122,Badminton Court,2025-01-28 08:17:37.754841,2025-01-29 21:45:00,1.0,False,2022-11-04
B-005229,R-0158,Swimming Pool,2025-01-28 09:53:45.250881,2025-01-28 16:30:00,1.0,True,2021-11-01
B-005230,R-0013,Gym,2025-01-28 12:06:05.117157,2025-01-28 16:30:00,1.0,True,2023-10-18
B-005231,R-0150,Swimming Pool,2025-01-28 13:38:55.567832,2025-01-28 17:15:00,5.0,False,2021-02-11
B-005232,R-0180,Kids Play Area,2025-01-28 14:44:26.317957,2025-01-28 17:30:00,2.0,False,2020-05-11
B-005233,R-0227,Kids Play Area,2025-01-28 15:38:19.777829,2025-01-28 17:15:00,4.0,True,2021-10-13
B-005234,R-0064,Multipurpose Hall,2025-01-28 15:45:01.493725,2025-02-02 17:45:00,2.0,False,2022-10-17
B-005235,R-0288,Tennis Court,2025-01-28 17:40:53.448736,2025-01-29 07:15:00,4.0,False,2023-09-08
B-005236,R-0087,Multipurpose Hall,2025-01-28 19:15:00.000000,2025-01-29 19:15:00,1.0,False,2023-02-22
B-005237,R-0207,Badminton Court,2025-01-28 20:25:25.940264,2025-01-29 21:45:00,3.0,False,2021-04-11
B-005238,R-0126,Tennis Court,2025-01-28 21:34:24.561657,2025-01-30 19:00:00,4.0,False,2020-12-04
B-005239,R-0210,Tennis Court,2025-01-28 22:20:34.206764,2025-01-29 07:45:00,1.0,False,2022-05-08
B-005240,R-0261,Tennis Court,2025-01-28 23:21:05.257832,2025-01-29 17:00:00,5.0,True,2023-07-12
B-005241,R-0129,Multipurpose Hall,2025-01-29 00:16:18.632911,2025-02-11 10:15:00,2.0,False,2022-06-19
B-005242,R-0043,Gym,2025-01-29 00:47:33.130283,2025-01-30 07:00:00,5.0,False,2023-06-13
B-005243,R-0001,Clubhouse,2025-01-29 02:37:28.740760,2025-02-08 20:30:00,4.0,False,2021-03-19
B-005244,R-0073,Swimming Pool,2025-01-29 04:22:08.340055,2025-01-29 08:15:00,1.0,True,2021-06-20
B-005245,R-0092,Kids Play Area,2025-01-29 06:51:43.167008,2025-01-29 17:15:00,3.0,False,2023-07-28
B-005246,R-0039,Kids Play Area,2025-01-29 10:08:05.344074,2025-01-29 16:45:00,5.0,False,2020-08-27
B-005247,R-0290,Gym,2025-01-29 12:15:13.260134,2025-01-29 16:15:00,3.0,False,2021-02-25
B-005248,R-0203,Badminton Court,2025-01-29 12:20:17.889366,2025-01-29 18:30:00,4.0,False,2023-10-19
B-005249,R-0151,Gym,2025-01-29 14:04:16.173352,2025-01-29 17:00:00,4.0,True,2020-08-06
B-005250,R-0056,Squash Court,2025-01-29 14:06:28.883904,2025-01-30 07:15:00,2.0,True,2020-07-16
B-005251,R-0221,Kids Play Area,2025-01-29 14:36:43.469422,2025-01-30 17:15:00,1.0,True,2023-09-29
B-005252,R-0052,Badminton Court,2025-01-29 17:41:05.590055,2025-01-29 20:00:00,3.0,True,2022-09-27
B-005253,R-0175,Tennis Court,2025-01-30 00:44:23.749251,2025-01-31 07:15:00,1.0,False,2020-01-26
B-005254,R-0220,Badminton Court,2025-01-30 03:58:47.786435,2025-01-30 18:45:00,5.0,False,2021-05-12
B-005255,R-0269,Badminton Court,2025-01-30 07:35:01.760967,2025-01-30 18:00:00,5.0,False,2023-11-18
B-005256,R-0266,Kids Play Area,2025-01-30 08:52:48.203211,2025-01-30 18:30:00,4.0,True,2023-12-21
B-005257,R-0061,Badminton Court,2025-01-30 13:02:31.861179,2025-02-01 19:45:00,1.0,False,2022-11-06
B-005258,R-0093,Clubhouse,2025-01-30 13:17:22.582033,2025-02-01 18:30:00,5.0,False,2020-04-20
B-005259,R-0039,Multipurpose Hall,2025-01-30 13:51:44.473731,2025-02-22 18:45:00,5.0,False,2020-08-27
B-005260,R-0212,Tennis Court,2025-01-30 14:35:36.284011,2025-02-02 18:15:00,5.0,False,2023-06-20
B-005261,R-0170,Swimming Pool,2025-01-30 18:30:00.000000,2025-02-05 18:30:00,4.0,False,2023-02-04
B-005262,R-0029,Kids Play Area,2025-01-30 21:04:20.858848,2025-01-31 16:15:00,1.0,False,2020-03-01
B-005263,R-0039,Multipurpose Hall,2025-01-31 03:07:39.172748,2025-02-15 11:30:00,5.0,False,2020-08-27
B-005264,R-0233,Badminton Court,2025-01-31 04:15:14.303893,2025-01-31 21:15:00,4.0,True,2021-11-14
B-005265,R-0285,Gym,2025-01-31 07:04:44.112793,2025-01-31 12:15:00,1.0,False,2021-10-06
B-005266,R-0145,Multipurpose Hall,2025-01-31 07:45:38.800211,2025-02-03 19:00:00,1.0,False,2021-10-20
B-005267,R-0312,Badminton Court,2025-01-31 09:44:59.786220,2025-02-03 20:30:00,1.0,False,2022-09-04
B-005268,R-0157,Kids Play Area,2025-01-31 12:02:16.120297,2025-01-31 16:15:00,3.0,True,2020-05-01
B-005269,R-0198,Gym,2025-01-31 12:43:03.052453,2025-01-31 20:15:00,5.0,False,2023-09-18
B-005270,R-0306,Kids Play Area,2025-01-31 13:01:15.473132,2025-01-31 16:00:00,3.0,True,2022-09-30
B-005271,R-0038,Kids Play Area,2025-01-31 14:48:28.358660,2025-01-31 17:15:00,5.0,False,2020-08-26
B-005272,R-0221,Clubhouse,2025-01-31 18:09:01.456937,2025-03-18 19:45:00,1.0,True,2023-09-29
B-005273,R-0060,Gym,2025-01-31 20:20:56.560114,2025-02-01 16:30:00,4.0,False,2021-10-21
B-005274,R-0030,Gym,2025-01-31 22:41:43.006735,2025-02-02 06:00:00,2.0,True,2023-02-05
B-005275,R-0067,Tennis Court,2025-01-31 23:24:31.463616,2025-02-01 07:00:00,3.0,False,2020-11-02
B-005276,R-0044,Squash Court,2025-02-01 08:10:40.506597,2025-02-01 18:00:00,1.0,False,2021-10-23
B-005277,R-0249,Swimming Pool,2025-02-01 08:19:00.641825,2025-02-01 16:00:00,4.0,True,2021-04-14
B-005278,R-0105,Squash Court,2025-02-01 08:20:33.482014,2025-02-03 08:30:00,1.0,False,2021-09-14
B-005279,R-0242,Clubhouse,2025-02-01 11:15:26.830350,2025-02-15 17:45:00,3.0,True,2020-12-31
B-005280,R-0293,Multipurpose Hall,2025-02-01 14:22:19.499390,2025-02-19 10:45:00,3.0,True,2023-08-16
B-005281,R-0099,Badminton Court,2025-02-01 15:16:15.582200,2025-02-01 18:45:00,2.0,False,2022-07-13
B-005282,R-0082,Gym,2025-02-01 15:16:45.203345,2025-02-01 19:00:00,4.0,False,2020-08-31
B-005283,R-0025,Tennis Court,2025-02-01 16:02:14.893720,2025-02-05 19:00:00,4.0,True,2020-12-30
B-005284,R-0058,Swimming Pool,2025-02-01 17:22:09.670185,2025-02-02 08:45:00,3.0,False,2023-09-11
B-005285,R-0190,Squash Court,2025-02-01 18:22:21.701102,2025-02-02 08:30:00,4.0,True,2022-05-02
B-005286,R-0305,Tennis Court,2025-02-01 20:17:25.839863,2025-02-02 07:45:00,5.0,False,2023-08-05
B-005287,R-0284,Gym,2025-02-01 23:10:13.342763,2025-02-03 09:45:00,1.0,False,2023-06-19
B-005288,R-0195,Clubhouse,2025-02-02 00:52:29.318916,2025-02-13 12:45:00,3.0,True,2022-06-30
B-005289,R-0283,Swimming Pool,2025-02-02 01:04:38.562711,2025-02-02 17:00:00,1.0,False,2020-02-28
B-005290,R-0026,Tennis Court,2025-02-02 02:47:07.065809,2025-02-03 18:45:00,2.0,False,2022-01-18
B-005291,R-0122,Badminton Court,2025-02-02 09:56:20.410735,2025-02-02 21:30:00,1.0,False,2022-11-04
B-005292,R-0264,Tennis Court,2025-02-02 12:01:09.235485,2025-02-03 06:15:00,2.0,False,2020-01-20
B-005293,R-0206,Tennis Court,2025-02-02 12:21:43.678077,2025-02-04 18:00:00,3.0,False,2021-06-14
B-005294,R-0054,Badminton Court,2025-02-02 14:56:59.930672,2025-02-02 17:00:00,2.0,False,2022-02-13
B-005295,R-0165,Gym,2025-02-02 15:17:42.266733,2025-02-02 18:45:00,2.0,False,2021-12-19
B-005296,R-0162,Squash Court,2025-02-02 15:47:45.029291,2025-02-04 08:00:00,5.0,True,2020-05-09
B-005297,R-0072,Swimming Pool,2025-02-02 17:04:31.431919,2025-02-04 17:30:00,4.0,False,2022-05-01
B-005298,R-0100,Badminton Court,2025-02-02 20:01:04.200629,2025-02-03 21:30:00,5.0,True,2020-08-16
B-005299,R-0263,Tennis Court,2025-02-02 21:25:02.565480,2025-02-05 07:30:00,3.0,True,2022-08-11
B-005300,R-0231,Tennis Court,2025-02-02 22:11:41.581813,2025-02-04 18:00:00,1.0,False,2021-10-30
B-005301,R-0310,Squash Court,2025-02-03 01:53:51.329207,2025-02-04 18:45:00,3.0,False,2022-10-15
B-005302,R-0184,Clubhouse,2025-02-03 02:30:45.141514,2025-02-25 11:15:00,1.0,False,2022-11-30
B-005303,R-0102,Squash Court,2025-02-03 03:15:37.814373,2025-02-03 08:15:00,1.0,False,2022-05-02
B-005304,R-0240,Gym,2025-02-03 03:28:12.825041,2025-02-04 16:45:00,4.0,True,2021-08-25
B-005305,R-0034,Badminton Court,2025-02-03 06:11:34.475086,2025-02-03 18:00:00,4.0,True,2020-04-02
B-005306,R-0225,Kids Play Area,2025-02-03 08:35:51.327778,2025-02-03 10:45:00,2.0,False,2021-03-31
B-005307,R-0029,Kids Play Area,2025-02-03 08:52:12.750057,2025-02-03 16:15:00,1.0,False,2020-03-01
B-005308,R-0019,Tennis Court,2025-02-03 12:05:48.719375,2025-02-03 17:00:00,5.0,False,2022-02-09
B-005309,R-0046,Clubhouse,2025-02-03 14:07:19.680421,2025-02-13 18:30:00,1.0,True,2021-11-08
B-005310,R-0241,Clubhouse,2025-02-03 15:44:59.356027,2025-02-07 17:15:00,3.0,False,2022-05-23
B-005311,R-0195,Tennis Court,2025-02-03 19:45:44.304302,2025-02-05 18:15:00,3.0,True,2022-06-30
B-005312,R-0296,Squash Court,2025-02-03 20:32:40.064469,2025-02-04 18:45:00,5.0,False,2021-02-23
B-005313,R-0147,Squash Court,2025-02-04 00:57:23.845546,2025-02-04 18:30:00,5.0,False,2023-05-17
B-005314,R-0263,Tennis Court,2025-02-04 01:52:32.323005,2025-02-06 07:30:00,3.0,True,2022-08-11
B-005315,R-0031,Gym,2025-02-04 06:03:53.833668,2025-02-04 16:30:00,1.0,False,2020-10-02
B-005316,R-0279,Kids Play Area,2025-02-04 07:33:53.439397,2025-02-04 10:00:00,1.0,False,2023-11-24
B-005317,R-0224,Clubhouse,2025-02-04 08:22:03.272947,2025-02-12 18:30:00,1.0,False,2021-05-19
B-005318,R-0203,Swimming Pool,2025-02-04 09:02:16.025061,2025-02-05 17:00:00,4.0,False,2023-10-19
B-005319,R-0052,Badminton Court,2025-02-04 11:01:14.500146,2025-02-04 17:00:00,3.0,True,2022-09-27
B-005320,R-0173,Squash Court,2025-02-04 21:12:22.857101,2025-02-08 19:15:00,2.0,False,2021-03-09
B-005321,R-0110,Gym,2025-02-05 01:57:38.607401,2025-02-05 10:45:00,4.0,False,2022-06-09
B-005322,R-0027,Tennis Court,2025-02-05 02:45:09.909352,2025-02-06 06:30:00,2.0,False,2023-03-12
B-005323,R-0273,Multipurpose Hall,2025-02-05 02:53:31.973726,2025-02-19 18:15:00,5.0,False,2020-10-30
B-005324,R-0260,Gym,2025-02-05 03:16:17.783053,2025-02-05 08:45:00,5.0,False,2020-02-11
B-005325,R-0267,Multipurpose Hall,2025-02-05 03:41:41.744429,2025-02-24 18:15:00,3.0,False,2021-09-07
B-005326,R-0211,Gym,2025-02-05 06:22:38.590149,2025-02-06 07:00:00,5.0,True,2021-11-19
B-005327,R-0224,Badminton Court,2025-02-05 07:17:26.231631,2025-02-05 17:45:00,1.0,False,2021-05-19
B-005328,R-0181,Badminton Court,2025-02-05 08:30:09.689689,2025-02-06 18:15:00,4.0,True,2022-08-08
B-005329,R-0091,Squash Court,2025-02-05 09:04:20.259364,2025-02-05 20:45:00,2.0,True,2023-12-22
B-005330,R-0313,Badminton Court,2025-02-05 09:58:12.573359,2025-02-05 19:30:00,2.0,False,2022-01-03
B-005331,R-0111,Swimming Pool,2025-02-05 10:14:22.840724,2025-02-05 19:00:00,2.0,True,2022-01-10
B-005332,R-0145,Multipurpose Hall,2025-02-05 13:49:46.593404,2025-02-08 19:15:00,1.0,False,2021-10-20
B-005333,R-0096,Gym,2025-02-05 15:05:55.341114,2025-02-06 11:15:00,1.0,False,2022-10-22
B-005334,R-0006,Tennis Court,2025-02-05 17:07:55.377386,2025-02-08 07:30:00,1.0,True,2022-03-03
B-005335,R-0046,Kids Play Area,2025-02-05 17:30:50.809763,2025-02-05 18:15:00,1.0,True,2021-11-08
B-005336,R-0139,Squash Court,2025-02-05 19:29:28.783876,2025-02-06 20:45:00,4.0,True,2022-06-23
B-005337,R-0182,Gym,2025-02-05 20:59:44.897155,2025-02-06 08:45:00,2.0,True,2022-11-04
B-005338,R-0076,Swimming Pool,2025-02-05 21:40:08.370870,2025-02-09 07:15:00,2.0,False,2020-08-07
B-005339,R-0215,Gym,2025-02-05 23:07:07.068473,2025-02-08 07:45:00,2.0,True,2023-03-17
B-005340,R-0062,Badminton Court,2025-02-06 00:26:03.017752,2025-02-06 20:15:00,2.0,False,2020-06-01
B-005341,R-0104,Gym,2025-02-06 02:26:35.292769,2025-02-06 16:00:00,5.0,True,2023-02-09
B-005342,R-0098,Gym,2025-02-06 02:47:26.583681,2025-02-06 09:00:00,4.0,False,2022-10-31
B-005343,R-0002,Tennis Court,2025-02-06 04:52:53.109895,2025-02-06 18:15:00,1.0,False,2022-03-21
B-005344,R-0052,Badminton Court,2025-02-06 08:27:17.981088,2025-02-06 17:15:00,3.0,True,2022-09-27
B-005345,R-0193,Tennis Court,2025-02-06 09:22:51.036879,2025-02-06 18:45:00,2.0,True,2021-06-16
B-005346,R-0032,Tennis Court,2025-02-06 09:51:35.202060,2025-02-06 19:30:00,4.0,False,2020-08-02
B-005347,R-0012,Gym,2025-02-06 11:40:56.057907,2025-02-08 17:45:00,4.0,True,2020-11-21
B-005348,R-0027,Clubhouse,2025-02-06 12:00:42.915567,2025-02-12 11:15:00,2.0,False,2023-03-12
B-005349,R-0140,Kids Play Area,2025-02-06 12:26:10.454179,2025-02-06 16:45:00,1.0,True,2022-11-16
B-005350,R-0283,Clubhouse,2025-02-06 15:37:05.447394,2025-03-10 18:30:00,1.0,False,2020-02-28
B-005351,R-0137,Kids Play Area,2025-02-06 16:14:20.829954,2025-02-06 17:30:00,2.0,True,2020-08-26
B-005352,R-0090,Badminton Court,2025-02-06 22:32:16.660094,2025-02-09 20:15:00,3.0,False,2020-03-27
B-005353,R-0036,Tennis Court,2025-02-06 23:22:17.185879,2025-02-07 07:45:00,3.0,True,2021-02-14
B-005354,R-0297,Tennis Court,2025-02-07 07:00:00.000000,2025-02-17 19:00:00,1.0,False,2021-05-14
B-005355,R-0010,Clubhouse,2025-02-07 07:05:13.022763,2025-03-09 11:15:00,3.0,True,2020-10-23
B-005356,R-0106,Kids Play Area,2025-02-07 08:56:58.650635,2025-02-07 09:30:00,1.0,True,2020-01-23
B-005357,R-0132,Squash Court,2025-02-07 12:06:10.753934,2025-02-11 08:00:00,3.0,True,2020-10-06
B-005358,R-0047,Swimming Pool,2025-02-07 14:58:54.412469,2025-02-07 16:30:00,2.0,False,2021-10-19
B-005359,R-0273,Badminton Court,2025-02-07 16:04:30.788484,2025-02-10 21:15:00,5.0,False,2020-10-30
B-005360,R-0187,Badminton Court,2025-02-07 16:12:50.091705,2025-02-07 19:00:00,4.0,False,2020-04-30
B-005361,R-0068,Swimming Pool,2025-02-07 17:58:09.759323,2025-02-08 16:45:00,3.0,False,2022-08-28
B-005362,R-0236,Squash Court,2025-02-07 19:56:39.746518,2025-02-09 08:30:00,1.0,True,2021-05-07
B-005363,R-0121,Kids Play Area,2025-02-07 19:57:45.741797,2025-02-08 09:15:00,4.0,False,2023-04-27
B-005364,R-0106,Swimming Pool,2025-02-07 22:31:43.877495,2025-02-08 08:45:00,1.0,True,2020-01-23
B-005365,R-0149,Tennis Court,2025-02-07 22:50:47.374681,2025-02-09 19:45:00,2.0,False,2020-09-09
B-005366,R-0292,Badminton Court,2025-02-08 00:11:19.037185,2025-02-08 18:15:00,3.0,False,2020-01-30
B-005367,R-0247,Tennis Court,2025-02-08 02:46:12.580288,2025-02-08 07:45:00,3.0,True,2021-09-01
B-005368,R-0043,Gym,2025-02-08 03:36:19.630561,2025-02-09 11:30:00,5.0,False,2023-06-13
B-005369,R-0088,Multipurpose Hall,2025-02-08 04:34:26.336677,2025-02-27 17:00:00,5.0,False,2023-05-21
B-005370,R-0079,Kids Play Area,2025-02-08 09:15:21.964399,2025-02-08 10:45:00,3.0,True,2020-08-30
B-005371,R-0168,Kids Play Area,2025-02-08 10:17:01.735041,2025-02-08 18:45:00,3.0,True,2022-09-23
B-005372,R-0175,Multipurpose Hall,2025-02-08 10:28:12.426359,2025-02-21 19:00:00,1.0,False,2020-01-26
B-005373,R-0024,Swimming Pool,2025-02-08 12:46:27.296381,2025-02-09 07:30:00,1.0,False,2020-09-16
B-005374,R-0086,Squash Court,2025-02-08 15:25:10.290549,2025-02-08 19:45:00,3.0,False,2023-06-29
B-005375,R-0121,Clubhouse,2025-02-08 19:30:24.192489,2025-03-05 11:45:00,4.0,False,2023-04-27
B-005376,R-0279,Swimming Pool,2025-02-08 19:38:42.725237,2025-02-09 06:00:00,1.0,False,2023-11-24
B-005377,R-0205,Gym,2025-02-08 20:13:33.575066,2025-02-09 06:30:00,3.0,False,2023-01-19
B-005378,R-0311,Clubhouse,2025-02-08 21:04:35.117519,2025-02-15 20:15:00,5.0,False,2021-06-05
B-005379,R-0259,Clubhouse,2025-02-08 23:04:38.598001,2025-03-04 19:00:00,3.0,False,2023-12-21
B-005380,R-0084,Swimming Pool,2025-02-08 23:38:26.411743,2025-02-09 07:00:00,1.0,False,2021-03-07
B-005381,R-0066,Gym,2025-02-08 23:46:38.701451,2025-02-09 08:30:00,2.0,False,2021-02-13
B-005382,R-0113,Tennis Court,2025-02-09 01:31:28.236757,2025-02-10 07:30:00,4.0,False,2022-06-28
B-005383,R-0158,Swimming Pool,2025-02-09 07:16:51.910133,2025-02-09 16:00:00,1.0,True,2021-11-01
B-005384,R-0255,Kids Play Area,2025-02-09 08:22:37.845940,2025-02-09 18:30:00,4.0,False,2021-08-19
B-005385,R-0092,Kids Play Area,2025-02-09 09:38:22.309415,2025-02-09 17:45:00,3.0,False,2023-07-28
B-005386,R-0057,Kids Play Area,2025-02-09 11:02:43.179925,2025-02-09 17:45:00,2.0,False,2022-06-23
B-005387,R-0199,Badminton Court,2025-02-09 11:23:09.174858,2025-02-09 17:15:00,1.0,False,2023-07-24
B-005388,R-0219,Gym,2025-02-09 12:44:43.641270,2025-02-09 17:30:00,1.0,False,2022-08-10
B-005389,R-0183,Badminton Court,2025-02-09 13:44:50.976984,2025-02-09 19:45:00,5.0,False,2021-12-25
B-005390,R-0122,Kids Play Area,2025-02-09 14:12:09.259049,2025-02-09 17:00:00,1.0,False,2022-11-04
B-005391,R-0173,Clubhouse,2025-02-09 14:16:34.165358,2025-02-22 12:00:00,2.0,False,2021-03-09
B-005392,R-0259,Kids Play Area,2025-02-09 14:39:18.158747,2025-02-09 17:15:00,3.0,False,2023-12-21
B-005393,R-0146,Swimming Pool,2025-02-09 14:56:12.775787,2025-02-09 19:45:00,4.0,False,2020-03-14
B-005394,R-0194,Kids Play Area,2025-02-09 15:09:29.016164,2025-02-10 09:00:00,1.0,False,2023-01-19
B-005395,R-0312,Gym,2025-02-09 23:16:07.152064,2025-02-12 10:15:00,1.0,False,2022-09-04
B-005396,R-0152,Badminton Court,2025-02-10 01:22:24.242849,2025-02-14 20:15:00,1.0,True,2020-03-08
B-005397,R-0289,Squash Court,2025-02-10 04:55:04.305861,2025-02-10 20:45:00,2.0,True,2021-04-03
B-005398,R-0069,Swimming Pool,2025-02-10 06:18:46.321895,2025-02-10 18:00:00,1.0,False,2023-11-30
B-005399,R-0190,Gym,2025-02-10 11:39:42.676827,2025-02-11 19:30:00,4.0,True,2022-05-02
B-005400,R-0188,Gym,2025-02-10 13:41:19.897287,2025-02-12 18:45:00,1.0,False,2023-02-11
B-005401,R-0040,Tennis Court,2025-02-10 13:55:30.011147,2025-02-12 18:30:00,2.0,True,2023-09-02
B-005402,R-0036,Multipurpose Hall,2025-02-10 19:39:23.275673,2025-02-14 10:00:00,3.0,True,2021-02-14
B-005403,R-0221,Badminton Court,2025-02-11 00:26:01.196506,2025-02-11 17:45:00,1.0,True,2023-09-29
B-005404,R-0220,Gym,2025-02-11 03:53:51.763188,2025-02-13 10:00:00,5.0,False,2021-05-12
B-005405,R-0135,Gym,2025-02-11 05:15:00.000000,2025-02-15 17:15:00,2.0,True,2021-05-18
B-005406,R-0100,Tennis Court,2025-02-11 05:15:00.000000,2025-02-21 17:15:00,5.0,True,2020-08-16
B-005407,R-0234,Squash Court,2025-02-11 06:57:31.105082,2025-02-11 19:30:00,4.0,False,2022-03-24
B-005408,R-0238,Tennis Court,2025-02-11 09:34:39.713925,2025-02-11 18:30:00,3.0,True,2023-07-13
B-005409,R-0177,Gym,2025-02-11 10:34:46.223540,2025-02-12 10:30:00,1.0,False,2021-12-08
B-005410,R-0212,Gym,2025-02-11 12:11:05.373260,2025-02-15 08:45:00,5.0,False,2023-06-20
B-005411,R-0165,Badminton Court,2025-02-11 14:18:15.252614,2025-02-11 20:15:00,2.0,False,2021-12-19
B-005412,R-0102,Tennis Court,2025-02-11 15:42:05.715293,2025-02-14 07:15:00,1.0,False,2022-05-02
B-005413,R-0163,Kids Play Area,2025-02-12 01:26:45.294361,2025-02-12 18:15:00,3.0,True,2022-11-25
B-005414,R-0229,Squash Court,2025-02-12 03:29:27.075148,2025-02-12 07:15:00,2.0,False,2020-02-16
B-005415,R-0249,Swimming Pool,2025-02-12 03:53:49.060370,2025-02-12 16:15:00,4.0,True,2021-04-14
B-005416,R-0056,Swimming Pool,2025-02-12 05:10:02.525986,2025-02-12 18:45:00,2.0,True,2020-07-16
B-005417,R-0259,Clubhouse,2025-02-12 10:00:48.951625,2025-02-17 19:00:00,3.0,False,2023-12-21
B-005418,R-0063,Badminton Court,2025-02-12 13:19:58.520066,2025-02-12 19:15:00,2.0,False,2020-11-01
B-005419,R-0131,Swimming Pool,2025-02-12 14:22:36.420118,2025-02-13 07:15:00,1.0,True,2023-10-18
B-005420,R-0216,Kids Play Area,2025-02-12 15:41:41.384938,2025-02-12 16:15:00,2.0,True,2022-08-14
B-005421,R-0055,Tennis Court,2025-02-12 19:15:50.760017,2025-02-13 17:45:00,3.0,False,2020-04-03
B-005422,R-0105,Badminton Court,2025-02-12 19:35:43.948806,2025-02-16 18:45:00,1.0,False,2021-09-14
B-005423,R-0207,Multipurpose Hall,2025-02-12 20:16:51.929067,2025-04-03 10:45:00,3.0,False,2021-04-11
B-005424,R-0142,Swimming Pool,2025-02-12 21:31:37.633159,2025-02-13 07:00:00,5.0,False,2020-05-05
B-005425,R-0066,Badminton Court,2025-02-13 02:25:18.723460,2025-02-15 20:30:00,2.0,False,2021-02-13
B-005426,R-0232,Kids Play Area,2025-02-13 03:23:21.101763,2025-02-13 10:30:00,5.0,True,2022-05-16
B-005427,R-0092,Kids Play Area,2025-02-13 07:30:12.568033,2025-02-14 17:45:00,3.0,False,2023-07-28
B-005428,R-0196,Clubhouse,2025-02-13 07:36:54.268107,2025-03-16 20:00:00,2.0,True,2022-01-24
B-005429,R-0159,Squash Court,2025-02-13 10:47:02.913133,2025-02-13 20:15:00,3.0,True,2022-11-14
B-005430,R-0151,Gym,2025-02-13 11:26:21.566007,2025-02-13 17:15:00,4.0,True,2020-08-06
B-005431,R-0232,Kids Play Area,2025-02-13 12:36:40.641137,2025-02-13 17:45:00,5.0,True,2022-05-16
B-005432,R-0126,Tennis Court,2025-02-13 13:22:00.808840,2025-02-16 18:15:00,4.0,False,2020-12-04
B-005433,R-0063,Badminton Court,2025-02-13 16:00:39.546019,2025-02-13 19:45:00,2.0,False,2020-11-01
B-005434,R-0271,Squash Court,2025-02-13 18:35:01.202516,2025-02-14 08:30:00,1.0,True,2021-04-08
B-005435,R-0265,Swimming Pool,2025-02-13 19:39:07.576196,2025-02-15 17:15:00,3.0,False,2023-04-02
B-005436,R-0007,Swimming Pool,2025-02-13 19:40:11.172035,2025-02-15 06:15:00,3.0,False,2022-04-08
B-005437,R-0278,Tennis Court,2025-02-13 19:57:29.825626,2025-02-14 07:30:00,4.0,False,2023-06-25
B-005438,R-0225,Clubhouse,2025-02-13 22:22:06.856886,2025-02-26 11:30:00,2.0,False,2021-03-31
B-005439,R-0208,Gym,2025-02-13 22:27:14.674889,2025-02-14 19:00:00,5.0,False,2021-08-16
B-005440,R-0280,Squash Court,2025-02-13 23:17:44.907388,2025-02-14 18:15:00,3.0,False,2020-03-31
B-005441,R-0069,Badminton Court,2025-02-14 00:27:37.383473,2025-02-14 19:30:00,1.0,False,2023-11-30
B-005442,R-0101,Squash Court,2025-02-14 01:47:30.410373,2025-02-15 07:00:00,2.0,False,2021-06-13
B-005443,R-0258,Multipurpose Hall,2025-02-14 02:22:54.328030,2025-02-21 10:30:00,2.0,True,2023-04-04
B-005444,R-0167,Gym,2025-02-14 07:41:44.295429,2025-02-14 10:15:00,2.0,False,2020-02-05
B-005445,R-0082,Clubhouse,2025-02-14 08:07:04.420117,2025-02-16 18:30:00,4.0,False,2020-08-31
B-005446,R-0164,Multipurpose Hall,2025-02-14 12:36:49.383423,2025-02-16 17:00:00,5.0,False,2021-03-15
B-005447,R-0304,Gym,2025-02-14 12:43:56.048221,2025-02-14 18:30:00,1.0,False,2022-12-16
B-005448,R-0103,Swimming Pool,2025-02-14 13:52:27.947295,2025-02-17 19:30:00,2.0,True,2021-01-15
B-005449,R-0290,Gym,2025-02-14 14:46:54.377820,2025-02-14 16:45:00,3.0,False,2021-02-25
B-005450,R-0023,Badminton Court,2025-02-14 17:58:48.738664,2025-02-14 20:15:00,1.0,False,2022-12-13
B-005451,R-0184,Swimming Pool,2025-02-14 20:04:16.839180,2025-02-17 08:00:00,1.0,False,2022-11-30
B-005452,R-0169,Kids Play Area,2025-02-14 20:10:03.790664,2025-02-15 10:15:00,2.0,True,2020-03-26
B-005453,R-0174,Gym,2025-02-14 21:16:18.509035,2025-02-15 11:00:00,3.0,False,2022-11-22
B-005454,R-0294,Clubhouse,2025-02-14 21:23:10.915233,2025-02-16 20:30:00,4.0,False,2021-02-22
B-005455,R-0054,Squash Court,2025-02-15 06:19:34.507331,2025-02-15 08:30:00,2.0,False,2022-02-13
B-005456,R-0010,Multipurpose Hall,2025-02-15 06:26:35.284407,2025-02-26 10:15:00,3.0,True,2020-10-23
B-005457,R-0061,Swimming Pool,2025-02-15 06:31:38.248979,2025-02-15 19:15:00,1.0,False,2022-11-06
B-005458,R-0099,Badminton Court,2025-02-15 07:57:48.225243,2025-02-15 18:15:00,2.0,False,2022-07-13
B-005459,R-0146,Badminton Court,2025-02-15 08:05:32.411544,2025-02-15 18:30:00,4.0,False,2020-03-14
B-005460,R-0122,Badminton Court,2025-02-15 08:26:57.105757,2025-02-15 21:45:00,1.0,False,2022-11-04
B-005461,R-0064,Gym,2025-02-15 08:54:19.091198,2025-02-15 18:15:00,2.0,False,2022-10-17
B-005462,R-0125,Gym,2025-02-15 08:58:02.309116,2025-02-18 10:15:00,5.0,True,2020-12-19
B-005463,R-0181,Kids Play Area,2025-02-15 09:09:52.962701,2025-02-15 18:15:00,4.0,True,2022-08-08
B-005464,R-0269,Kids Play Area,2025-02-15 09:22:25.898581,2025-02-15 16:15:00,5.0,False,2023-11-18
B-005465,R-0133,Swimming Pool,2025-02-15 11:56:22.856746,2025-02-15 16:45:00,4.0,False,2020-03-10
B-005466,R-0044,Squash Court,2025-02-15 12:59:59.548610,2025-02-15 18:15:00,1.0,False,2021-10-23
B-005467,R-0120,Swimming Pool,2025-02-15 16:14:17.765318,2025-02-16 17:00:00,2.0,True,2023-09-11
B-005468,R-0024,Clubhouse,2025-02-15 20:57:32.803540,2025-03-02 17:45:00,1.0,False,2020-09-16
B-005469,R-0029,Badminton Court,2025-02-15 21:29:50.041060,2025-02-16 19:45:00,1.0,False,2020-03-01
B-005470,R-0130,Tennis Court,2025-02-16 04:33:08.807283,2025-02-16 17:15:00,3.0,False,2022-05-02
B-005471,R-0037,Swimming Pool,2025-02-16 04:48:53.566674,2025-02-16 07:15:00,1.0,False,2021-10-22
B-005472,R-0154,Gym,2025-02-16 04:51:19.381239,2025-02-17 09:00:00,4.0,False,2020-04-23
B-005473,R-0267,Kids Play Area,2025-02-16 04:56:27.672754,2025-02-16 16:30:00,3.0,False,2021-09-07
B-005474,R-0209,Gym,2025-02-16 06:24:15.939814,2025-02-16 11:15:00,3.0,False,2023-07-20
B-005475,R-0076,Swimming Pool,2025-02-16 07:56:30.028459,2025-02-18 06:30:00,2.0,False,2020-08-07
B-005476,R-0303,Gym,2025-02-16 08:15:59.554936,2025-02-16 11:00:00,2.0,False,2020-02-09
B-005477,R-0253,Swimming Pool,2025-02-16 10:27:17.602880,2025-02-17 06:00:00,4.0,True,2023-11-16
B-005478,R-0048,Kids Play Area,2025-02-16 11:04:22.540406,2025-02-16 16:30:00,1.0,True,2023-12-12
B-005479,R-0274,Swimming Pool,2025-02-16 12:36:49.243890,2025-02-16 16:15:00,1.0,False,2021-08-07
B-005480,R-0136,Clubhouse,2025-02-16 14:18:06.897407,2025-03-14 17:00:00,5.0,False,2021-06-17
B-005481,R-0124,Swimming Pool,2025-02-16 14:31:29.706341,2025-02-16 17:30:00,3.0,False,2022-08-31
B-005482,R-0058,Swimming Pool,2025-02-16 14:33:44.481100,2025-02-17 08:00:00,3.0,False,2023-09-11
B-005483,R-0155,Gym,2025-02-16 15:14:13.759260,2025-02-16 17:00:00,5.0,True,2021-02-12
B-005484,R-0033,Swimming Pool,2025-02-16 17:25:02.403767,2025-02-17 19:00:00,1.0,False,2022-09-12
B-005485,R-0187,Multipurpose Hall,2025-02-16 18:13:27.167446,2025-02-20 17:45:00,4.0,False,2020-04-30
B-005486,R-0311,Clubhouse,2025-02-16 18:39:53.644810,2025-03-30 11:45:00,5.0,False,2021-06-05
B-005487,R-0293,Multipurpose Hall,2025-02-16 19:55:56.220618,2025-02-27 10:15:00,3.0,True,2023-08-16
B-005488,R-0257,Swimming Pool,2025-02-16 20:15:46.224700,2025-02-17 18:00:00,4.0,False,2020-12-06
B-005489,R-0153,Gym,2025-02-16 21:15:42.304254,2025-02-17 08:30:00,5.0,False,2023-03-03
B-005490,R-0047,Squash Court,2025-02-16 22:38:05.613600,2025-02-17 18:15:00,2.0,False,2021-10-19
B-005491,R-0211,Multipurpose Hall,2025-02-17 03:08:58.199654,2025-02-19 19:30:00,5.0,True,2021-11-19
B-005492,R-0160,Kids Play Area,2025-02-17 08:33:08.208490,2025-02-17 17:30:00,1.0,True,2020-08-11
B-005493,R-0163,Kids Play Area,2025-02-17 09:51:47.683515,2025-02-17 18:15:00,3.0,True,2022-11-25
B-005494,R-0141,Swimming Pool,2025-02-17 10:26:51.969686,2025-02-17 16:30:00,1.0,False,2020-01-06
B-005495,R-0178,Clubhouse,2025-02-17 11:03:15.314687,2025-02-19 17:45:00,2.0,True,2023-06-30
B-005496,R-0038,Tennis Court,2025-02-17 11:57:00.039051,2025-02-19 17:15:00,5.0,False,2020-08-26
B-005497,R-0266,Kids Play Area,2025-02-17 15:50:29.688627,2025-02-17 18:45:00,4.0,True,2023-12-21
B-005498,R-0158,Gym,2025-02-17 17:04:00.581729,2025-02-17 20:15:00,1.0,True,2021-11-01
B-005499,R-0207,Swimming Pool,2025-02-17 18:51:08.851671,2025-02-18 17:15:00,3.0,False,2021-04-11
B-005500,R-0032,Tennis Court,2025-02-17 20:23:29.518003,2025-02-18 06:00:00,4.0,False,2020-08-02
B-005501,R-0245,Squash Court,2025-02-17 20:51:09.751898,2025-02-21 18:15:00,1.0,False,2022-02-09
B-005502,R-0267,Multipurpose Hall,2025-02-17 21:23:37.575159,2025-03-09 19:00:00,3.0,False,2021-09-07
B-005503,R-0212,Gym,2025-02-17 22:35:16.010778,2025-02-19 08:45:00,5.0,False,2023-06-20
B-005504,R-0119,Kids Play Area,2025-02-17 23:18:38.750933,2025-02-18 09:15:00,5.0,False,2023-12-08
B-005505,R-0166,Gym,2025-02-18 00:10:55.985315,2025-02-18 11:00:00,4.0,False,2022-10-13
B-005506,R-0161,Kids Play Area,2025-02-18 00:54:33.639294,2025-02-18 10:45:00,4.0,True,2022-05-10
B-005507,R-0220,Tennis Court,2025-02-18 01:13:51.221522,2025-02-19 06:00:00,5.0,False,2021-05-12
B-005508,R-0296,Gym,2025-02-18 03:11:46.260063,2025-02-20 19:45:00,,False,2021-02-23
B-005509,R-0085,Gym,2025-02-18 04:09:11.085581,2025-02-18 15:45:00,1.0,False,2022-03-24
B-005510,R-0043,Gym,2025-02-18 04:51:44.816111,2025-02-19 11:30:00,5.0,False,2023-06-13
B-005511,R-0170,Badminton Court,2025-02-18 05:44:14.048471,2025-02-19 18:15:00,4.0,False,2023-02-04
B-005512,R-0180,Kids Play Area,2025-02-18 08:10:45.947200,2025-02-18 16:00:00,2.0,False,2020-05-11
B-005513,R-0127,Tennis Court,2025-02-18 09:45:22.062220,2025-02-18 17:15:00,3.0,False,2020-06-15
B-005514,R-0289,Squash Court,2025-02-18 10:00:43.214662,2025-02-18 20:45:00,2.0,True,2021-04-03
B-005515,R-0098,Gym,2025-02-18 19:57:04.019048,2025-02-19 06:00:00,4.0,False,2022-10-31
B-005516,R-0063,Badminton Court,2025-02-18 21:04:36.469125,2025-02-19 19:15:00,2.0,False,2020-11-01
B-005517,R-0311,Multipurpose Hall,2025-02-18 22:38:03.156201,2025-03-12 18:00:00,5.0,False,2021-06-05
B-005518,R-0098,Clubhouse,2025-02-19 03:17:42.543297,2025-03-13 11:00:00,,False,2022-10-31
B-005519,R-0075,Badminton Court,2025-02-19 06:07:00.387681,2025-02-19 18:45:00,2.0,False,2023-01-11
B-005520,R-0038,Multipurpose Hall,2025-02-19 09:58:59.987765,2025-03-02 19:45:00,5.0,False,2020-08-26
B-005521,R-0019,Clubhouse,2025-02-19 10:03:23.112960,2025-02-22 20:30:00,5.0,False,2022-02-09
B-005522,R-0022,Squash Court,2025-02-19 10:53:21.764056,2025-02-20 07:15:00,2.0,True,2022-11-11
B-005523,R-0234,Squash Court,2025-02-19 15:27:02.164481,2025-02-20 19:15:00,4.0,False,2022-03-24
B-005524,R-0147,Badminton Court,2025-02-19 18:20:26.854633,2025-02-20 21:00:00,5.0,False,2023-05-17
B-005525,R-0005,Kids Play Area,2025-02-19 19:01:03.462601,2025-02-20 10:15:00,3.0,True,2021-05-16
B-005526,R-0026,Tennis Court,2025-02-19 20:06:33.078923,2025-02-21 18:45:00,2.0,False,2022-01-18
B-005527,R-0139,Tennis Court,2025-02-19 21:29:52.492252,2025-02-22 18:15:00,4.0,True,2022-06-23
B-005528,R-0263,Swimming Pool,2025-02-19 21:48:45.810212,2025-02-20 19:45:00,3.0,True,2022-08-11
B-005529,R-0068,Clubhouse,2025-02-19 23:35:26.536433,2025-03-04 20:00:00,3.0,False,2022-08-28
B-005530,R-0303,Multipurpose Hall,2025-02-20 00:46:53.073157,2025-02-21 18:00:00,2.0,False,2020-02-09
B-005531,R-0106,Swimming Pool,2025-02-20 02:14:33.651162,2025-02-20 08:45:00,1.0,True,2020-01-23
B-005532,R-0020,Gym,2025-02-20 02:41:02.878694,2025-02-20 09:00:00,1.0,False,2021-04-01
B-005533,R-0129,Multipurpose Hall,2025-02-20 05:11:28.259935,2025-03-02 10:00:00,2.0,False,2022-06-19
B-005534,R-0285,Gym,2025-02-20 06:23:26.691136,2025-02-20 12:00:00,1.0,False,2021-10-06
B-005535,R-0157,Kids Play Area,2025-02-20 07:49:17.258539,2025-02-20 18:15:00,3.0,True,2020-05-01
B-005536,R-0278,Gym,2025-02-20 07:58:52.303070,2025-02-20 09:45:00,4.0,False,2023-06-25
B-005537,R-0146,Kids Play Area,2025-02-20 08:34:15.091288,2025-02-20 09:15:00,4.0,False,2020-03-14
B-005538,R-0099,Badminton Court,2025-02-20 09:02:49.606593,2025-02-20 18:15:00,2.0,False,2022-07-13
B-005539,R-0155,Gym,2025-02-20 10:11:46.884650,2025-02-23 17:00:00,5.0,True,2021-02-12
B-005540,R-0232,Multipurpose Hall,2025-02-20 10:19:49.001566,2025-02-24 10:00:00,5.0,True,2022-05-16
B-005541,R-0256,Tennis Court,2025-02-20 11:17:13.623177,2025-02-20 19:00:00,3.0,True,2021-06-07
B-005542,R-0190,Squash Court,2025-02-20 12:10:08.460440,2025-02-21 08:45:00,4.0,True,2022-05-02
B-005543,R-0002,Squash Court,2025-02-20 12:25:09.251138,2025-02-23 19:15:00,1.0,False,2022-03-21
B-005544,R-0168,Kids Play Area,2025-02-20 14:14:32.344755,2025-02-20 18:00:00,3.0,True,2022-09-23
B-005545,R-0255,Kids Play Area,2025-02-20 17:01:01.494800,2025-02-22 18:15:00,4.0,False,2021-08-19
B-005546,R-0252,Tennis Court,2025-02-20 17:59:36.423683,2025-02-22 06:00:00,2.0,True,2021-11-26
B-005547,R-0171,Swimming Pool,2025-02-20 20:09:59.959168,2025-02-21 19:00:00,4.0,False,2020-03-16
B-005548,R-0167,Swimming Pool,2025-02-21 02:29:20.719181,2025-02-21 07:45:00,2.0,False,2020-02-05
B-005549,R-0222,Badminton Court,2025-02-21 06:15:08.475944,2025-02-22 21:00:00,3.0,False,2021-06-30
B-005550,R-0066,Clubhouse,2025-02-21 07:16:08.826550,2025-03-01 18:15:00,2.0,False,2021-02-13
B-005551,R-0240,Tennis Court,2025-02-21 08:38:55.994888,2025-02-26 17:30:00,4.0,True,2021-08-25
B-005552,R-0086,Squash Court,2025-02-21 08:41:46.085627,2025-02-21 19:45:00,3.0,False,2023-06-29
B-005553,R-0052,Badminton Court,2025-02-21 09:28:54.550949,2025-02-21 17:45:00,3.0,True,2022-09-27
B-005554,R-0149,Tennis Court,2025-02-21 09:41:03.177436,2025-02-22 17:15:00,2.0,False,2020-09-09
B-005555,R-0217,Tennis Court,2025-02-21 10:33:54.727083,2025-02-22 17:00:00,1.0,False,2020-11-09
B-005556,R-0137,Kids Play Area,2025-02-21 12:19:09.935948,2025-02-21 17:15:00,,True,2020-08-26
B-005557,R-0101,Badminton Court,2025-02-21 13:23:44.308749,2025-02-21 19:15:00,2.0,False,2021-06-13
B-005558,R-0319,Swimming Pool,2025-02-21 14:19:55.973927,2025-02-22 18:30:00,1.0,False,2020-02-22
B-005559,R-0306,Kids Play Area,2025-02-21 15:10:24.779388,2025-02-21 16:30:00,3.0,True,2022-09-30
B-005560,R-0248,Clubhouse,2025-02-21 16:35:24.984983,2025-02-27 11:15:00,2.0,True,2022-12-30
B-005561,R-0083,Multipurpose Hall,2025-02-21 17:17:03.822017,2025-02-25 17:15:00,1.0,True,2020-03-12
B-005562,R-0174,Gym,2025-02-21 17:17:57.603531,2025-02-22 11:00:00,3.0,False,2022-11-22
B-005563,R-0045,Badminton Court,2025-02-21 17:38:33.860750,2025-02-21 21:30:00,4.0,False,2020-05-15
B-005564,R-0012,Gym,2025-02-21 17:43:36.659661,2025-02-23 17:00:00,4.0,True,2020-11-21
B-005565,R-0293,Tennis Court,2025-02-21 18:37:35.251095,2025-02-23 07:45:00,3.0,True,2023-08-16
B-005566,R-0202,Gym,2025-02-21 18:49:09.837501,2025-02-22 12:45:00,3.0,True,2021-04-27
B-005567,R-0211,Multipurpose Hall,2025-02-22 01:49:00.684219,2025-02-28 19:15:00,,True,2021-11-19
B-005568,R-0254,Gym,2025-02-22 03:33:22.830905,2025-02-22 17:30:00,2.0,False,2020-09-25
B-005569,R-0050,Clubhouse,2025-02-22 05:38:47.232538,2025-03-01 20:15:00,2.0,False,2022-11-09
B-005570,R-0069,Gym,2025-02-22 06:47:51.227890,2025-02-22 15:45:00,1.0,False,2023-11-30
B-005571,R-0036,Kids Play Area,2025-02-22 07:32:02.861460,2025-02-22 09:45:00,3.0,True,2021-02-14
B-005572,R-0122,Gym,2025-02-22 11:17:58.949412,2025-02-23 20:00:00,1.0,False,2022-11-04
B-005573,R-0286,Multipurpose Hall,2025-02-22 12:05:34.656332,2025-03-02 19:30:00,4.0,True,2020-11-25
B-005574,R-0319,Swimming Pool,2025-02-22 17:17:55.136725,2025-02-26 18:00:00,1.0,False,2020-02-22
B-005575,R-0206,Badminton Court,2025-02-23 00:03:49.723336,2025-02-23 20:00:00,3.0,False,2021-06-14
B-005576,R-0136,Swimming Pool,2025-02-23 00:37:50.841660,2025-02-23 06:45:00,5.0,False,2021-06-17
B-005577,R-0166,Gym,2025-02-23 01:13:27.639970,2025-02-23 11:00:00,4.0,False,2022-10-13
B-005578,R-0263,Badminton Court,2025-02-23 02:38:00.643496,2025-02-23 20:15:00,3.0,True,2022-08-11
B-005579,R-0181,Badminton Court,2025-02-23 04:18:40.487999,2025-02-23 20:30:00,4.0,True,2022-08-08
B-005580,R-0275,Kids Play Area,2025-02-23 05:25:18.730360,2025-02-23 17:30:00,4.0,True,2020-05-07
B-005581,R-0018,Tennis Court,2025-02-23 05:36:28.173283,2025-02-23 19:00:00,3.0,False,2020-12-01
B-005582,R-0028,Gym,2025-02-23 06:47:36.396314,2025-02-23 14:30:00,4.0,False,2023-12-08
B-005583,R-0133,Clubhouse,2025-02-23 07:54:42.110313,2025-03-04 17:45:00,4.0,False,2020-03-10
B-005584,R-0293,Tennis Court,2025-02-23 10:53:34.037191,2025-02-25 07:30:00,3.0,True,2023-08-16
B-005585,R-0119,Clubhouse,2025-02-23 11:15:00.000000,2025-05-24 11:15:00,5.0,False,2023-12-08
B-005586,R-0221,Gym,2025-02-23 13:03:28.681120,2025-02-24 16:15:00,1.0,True,2023-09-29
B-005587,R-0311,Multipurpose Hall,2025-02-23 18:08:52.499020,2025-03-21 18:45:00,5.0,False,2021-06-05
B-005588,R-0110,Kids Play Area,2025-02-23 20:25:32.747352,2025-02-24 09:00:00,4.0,False,2022-06-09
B-005589,R-0212,Tennis Court,2025-02-23 23:44:17.711621,2025-03-02 06:45:00,5.0,False,2023-06-20
B-005590,R-0311,Kids Play Area,2025-02-24 01:25:04.126097,2025-02-24 17:45:00,5.0,False,2021-06-05
B-005591,R-0059,Kids Play Area,2025-02-24 02:02:27.455258,2025-02-24 10:45:00,2.0,True,2021-11-08
B-005592,R-0261,Tennis Court,2025-02-24 02:15:57.753336,2025-02-26 17:15:00,5.0,True,2023-07-12
B-005593,R-0090,Badminton Court,2025-02-24 02:20:14.916952,2025-02-26 19:00:00,3.0,False,2020-03-27
B-005594,R-0194,Swimming Pool,2025-02-24 02:40:23.310537,2025-02-24 08:15:00,1.0,False,2023-01-19
B-005595,R-0017,Clubhouse,2025-02-24 04:21:38.445112,2025-02-28 11:00:00,1.0,False,2023-04-21
B-005596,R-0198,Multipurpose Hall,2025-02-24 05:28:49.060766,2025-03-01 17:00:00,5.0,False,2023-09-18
B-005597,R-0098,Gym,2025-02-24 08:11:26.070775,2025-02-25 09:00:00,4.0,False,2022-10-31
B-005598,R-0301,Badminton Court,2025-02-24 09:06:54.622479,2025-02-24 17:45:00,3.0,False,2023-12-19
B-005599,R-0104,Gym,2025-02-24 09:55:07.765835,2025-02-25 16:30:00,5.0,True,2023-02-09
B-005600,R-0110,Squash Court,2025-02-24 10:04:52.750374,2025-02-25 08:30:00,4.0,False,2022-06-09
B-005601,R-0182,Badminton Court,2025-02-24 10:23:32.885098,2025-02-25 20:30:00,2.0,True,2022-11-04
B-005602,R-0088,Multipurpose Hall,2025-02-24 10:24:08.430182,2025-03-07 17:15:00,5.0,False,2023-05-21
B-005603,R-0003,Swimming Pool,2025-02-24 10:41:36.290631,2025-02-25 19:15:00,1.0,False,2020-06-06
B-005604,R-0177,Clubhouse,2025-02-24 11:24:44.243537,2025-03-03 11:30:00,1.0,False,2021-12-08
B-005605,R-0229,Squash Court,2025-02-24 13:34:02.959840,2025-02-25 07:45:00,2.0,False,2020-02-16
B-005606,R-0152,Badminton Court,2025-02-24 13:49:23.797666,2025-02-27 19:45:00,1.0,True,2020-03-08
B-005607,R-0276,Kids Play Area,2025-02-24 13:55:13.906447,2025-02-24 17:30:00,1.0,False,2021-12-03
B-005608,R-0313,Kids Play Area,2025-02-24 14:02:52.730366,2025-02-24 18:00:00,2.0,False,2022-01-03
B-005609,R-0255,Multipurpose Hall,2025-02-24 19:43:01.276940,2025-03-17 11:30:00,,False,2021-08-19
B-005610,R-0062,Badminton Court,2025-02-25 03:29:39.583371,2025-02-25 20:15:00,2.0,False,2020-06-01
B-005611,R-0190,Squash Court,2025-02-25 04:24:16.387143,2025-02-25 08:45:00,4.0,True,2022-05-02
B-005612,R-0303,Gym,2025-02-25 06:33:22.941374,2025-02-25 11:45:00,2.0,False,2020-02-09
B-005613,R-0135,Multipurpose Hall,2025-02-25 06:48:57.389303,2025-04-16 18:45:00,2.0,True,2021-05-18
B-005614,R-0029,Kids Play Area,2025-02-25 07:11:31.367103,2025-02-26 16:30:00,1.0,False,2020-03-01
B-005615,R-0066,Squash Court,2025-02-25 07:41:54.030881,2025-02-26 19:15:00,2.0,False,2021-02-13
B-005616,R-0253,Kids Play Area,2025-02-25 09:34:33.544341,2025-02-25 10:45:00,4.0,True,2023-11-16
B-005617,R-0073,Kids Play Area,2025-02-25 09:42:05.904539,2025-02-25 10:45:00,1.0,True,2021-06-20
B-005618,R-0077,Kids Play Area,2025-02-25 13:55:32.363206,2025-02-25 17:15:00,5.0,False,2020-09-28
B-005619,R-0036,Tennis Court,2025-02-25 22:25:30.419944,2025-02-26 07:45:00,3.0,True,2021-02-14
B-005620,R-0134,Kids Play Area,2025-02-26 03:40:32.822409,2025-02-26 10:15:00,4.0,False,2020-03-31
B-005621,R-0089,Gym,2025-02-26 04:17:49.800421,2025-02-26 15:15:00,1.0,False,2023-02-25
B-005622,R-0210,Gym,2025-02-26 04:47:49.981777,2025-02-26 11:45:00,1.0,False,2022-05-08
B-005623,R-0215,Tennis Court,2025-02-26 07:13:44.419543,2025-03-01 06:00:00,2.0,True,2023-03-17
B-005624,R-0084,Swimming Pool,2025-02-26 09:50:27.863864,2025-02-27 07:00:00,1.0,False,2021-03-07
B-005625,R-0064,Badminton Court,2025-02-26 10:25:46.200083,2025-02-26 17:30:00,2.0,False,2022-10-17
B-005626,R-0186,Kids Play Area,2025-02-26 12:17:53.854892,2025-02-26 16:00:00,2.0,False,2020-11-10
B-005627,R-0161,Squash Court,2025-02-26 13:27:38.463554,2025-03-01 07:45:00,4.0,True,2022-05-10
B-005628,R-0265,Swimming Pool,2025-02-26 14:56:45.955121,2025-02-27 17:15:00,3.0,False,2023-04-02
B-005629,R-0291,Badminton Court,2025-02-26 16:23:41.088573,2025-02-26 21:45:00,5.0,False,2020-11-14
B-005630,R-0193,Badminton Court,2025-02-26 17:05:38.502346,2025-02-26 21:00:00,2.0,True,2021-06-16
B-005631,R-0139,Tennis Court,2025-02-26 17:55:17.863537,2025-02-28 17:15:00,,True,2022-06-23
B-005632,R-0288,Tennis Court,2025-02-26 19:47:33.553976,2025-02-28 07:15:00,4.0,False,2023-09-08
B-005633,R-0255,Gym,2025-02-26 21:29:42.052799,2025-02-27 12:00:00,4.0,False,2021-08-19
B-005634,R-0102,Tennis Court,2025-02-27 02:25:33.187583,2025-02-28 06:30:00,1.0,False,2022-05-02
B-005635,R-0115,Swimming Pool,2025-02-27 06:12:10.716452,2025-02-27 17:30:00,2.0,False,2021-08-17
B-005636,R-0138,Squash Court,2025-02-27 07:08:06.765338,2025-02-27 18:45:00,3.0,False,2021-08-01
B-005637,R-0118,Kids Play Area,2025-02-27 09:52:44.268728,2025-02-27 18:45:00,4.0,True,2021-08-22
B-005638,R-0180,Kids Play Area,2025-02-27 10:07:39.939517,2025-02-27 16:30:00,2.0,False,2020-05-11
B-005639,R-0013,Swimming Pool,2025-02-27 11:11:00.479973,2025-02-28 19:00:00,1.0,True,2023-10-18
B-005640,R-0146,Badminton Court,2025-02-27 13:50:12.983891,2025-02-27 18:00:00,4.0,False,2020-03-14
B-005641,R-0273,Swimming Pool,2025-02-27 14:43:36.605253,2025-03-01 16:00:00,5.0,False,2020-10-30
B-005642,R-0279,Tennis Court,2025-02-27 21:00:06.637533,2025-02-28 17:45:00,1.0,False,2023-11-24
B-005643,R-0149,Tennis Court,2025-02-27 21:32:21.493635,2025-03-01 17:00:00,2.0,False,2020-09-09
B-005644,R-0114,Kids Play Area,2025-02-27 21:40:44.783934,2025-03-01 10:45:00,3.0,True,2021-10-04
B-005645,R-0223,Swimming Pool,2025-02-27 21:49:22.841678,2025-02-28 18:15:00,1.0,False,2021-12-28
B-005646,R-0158,Clubhouse,2025-02-27 22:39:26.521909,2025-03-03 19:15:00,1.0,True,2021-11-01
B-005647,R-0199,Kids Play Area,2025-02-28 01:34:54.837806,2025-02-28 10:30:00,1.0,False,2023-07-24
B-005648,R-0167,Gym,2025-02-28 02:28:54.911315,2025-02-28 10:00:00,2.0,False,2020-02-05
B-005649,R-0110,Gym,2025-02-28 02:34:01.927697,2025-02-28 10:45:00,4.0,False,2022-06-09
B-005650,R-0273,Swimming Pool,2025-02-28 03:37:57.723638,2025-03-01 16:00:00,5.0,False,2020-10-30
B-005651,R-0056,Badminton Court,2025-02-28 03:45:13.834973,2025-02-28 17:00:00,2.0,True,2020-07-16
B-005652,R-0269,Badminton Court,2025-02-28 10:47:25.519643,2025-03-01 19:00:00,5.0,False,2023-11-18
B-005653,R-0207,Gym,2025-02-28 10:49:08.854978,2025-03-02 08:00:00,3.0,False,2021-04-11
B-005654,R-0267,Multipurpose Hall,2025-02-28 13:22:06.187161,2025-03-19 18:30:00,3.0,False,2021-09-07
B-005655,R-0009,Kids Play Area,2025-02-28 14:16:22.752122,2025-02-28 16:00:00,5.0,True,2021-04-09
B-005656,R-0294,Clubhouse,2025-02-28 16:06:53.963077,2025-03-08 20:15:00,4.0,False,2021-02-22
B-005657,R-0236,Gym,2025-02-28 18:40:29.731745,2025-03-02 06:15:00,1.0,True,2021-05-07
B-005658,R-0275,Kids Play Area,2025-02-28 19:19:07.222402,2025-03-01 17:45:00,4.0,True,2020-05-07
B-005659,R-0048,Swimming Pool,2025-02-28 19:37:16.493927,2025-03-01 08:15:00,1.0,True,2023-12-12
B-005660,R-0144,Badminton Court,2025-02-28 22:51:48.162789,2025-03-01 21:45:00,3.0,False,2022-07-09
B-005661,R-0125,Clubhouse,2025-03-01 01:30:36.542373,2025-03-18 11:30:00,5.0,True,2020-12-19
B-005662,R-0197,Gym,2025-03-01 04:17:18.761070,2025-03-01 09:30:00,3.0,False,2023-05-10
B-005663,R-0248,Gym,2025-03-01 05:47:19.406338,2025-03-01 08:15:00,2.0,True,2022-12-30
B-005664,R-0235,Swimming Pool,2025-03-01 08:21:37.510012,2025-03-01 19:45:00,2.0,False,2020-08-24
B-005665,R-0237,Squash Court,2025-03-01 08:56:51.558367,2025-03-01 18:45:00,2.0,False,2020-12-11
B-005666,R-0276,Kids Play Area,2025-03-01 10:31:21.593660,2025-03-01 18:15:00,1.0,False,2021-12-03
B-005667,R-0204,Gym,2025-03-01 11:36:24.544794,2025-03-02 12:15:00,4.0,False,2022-05-24
B-005668,R-0124,Swimming Pool,2025-03-01 11:38:18.351928,2025-03-01 17:45:00,3.0,False,2022-08-31
B-005669,R-0303,Swimming Pool,2025-03-01 12:27:49.439261,2025-03-01 19:00:00,2.0,False,2020-02-09
B-005670,R-0209,Badminton Court,2025-03-01 14:07:03.335994,2025-03-01 19:45:00,3.0,False,2023-07-20
B-005671,R-0280,Swimming Pool,2025-03-02 02:56:52.425091,2025-03-03 06:15:00,3.0,False,2020-03-31
B-005672,R-0135,Gym,2025-03-02 04:48:28.124693,2025-03-03 07:00:00,2.0,True,2021-05-18
B-005673,R-0263,Badminton Court,2025-03-02 08:00:00.000000,2025-03-09 20:00:00,3.0,True,2022-08-11
B-005674,R-0052,Badminton Court,2025-03-02 08:52:28.013674,2025-03-02 17:00:00,3.0,True,2022-09-27
B-005675,R-0242,Clubhouse,2025-03-02 10:05:32.323094,2025-03-16 17:00:00,3.0,True,2020-12-31
B-005676,R-0115,Badminton Court,2025-03-02 11:37:15.168348,2025-03-02 18:30:00,2.0,False,2021-08-17
B-005677,R-0221,Gym,2025-03-02 12:44:32.055762,2025-03-03 16:00:00,1.0,True,2023-09-29
B-005678,R-0217,Kids Play Area,2025-03-02 13:45:55.302406,2025-03-02 16:30:00,1.0,False,2020-11-09
B-005679,R-0053,Tennis Court,2025-03-02 16:41:34.332168,2025-03-05 17:30:00,3.0,False,2021-04-10
B-005680,R-0078,Gym,2025-03-02 16:56:09.215321,2025-03-04 08:00:00,3.0,False,2020-11-08
B-005681,R-0137,Kids Play Area,2025-03-02 17:02:50.439537,2025-03-02 17:45:00,2.0,True,2020-08-26
B-005682,R-0096,Gym,2025-03-02 19:37:36.095876,2025-03-03 11:00:00,1.0,False,2022-10-22
B-005683,R-0317,Gym,2025-03-02 20:23:49.524844,2025-03-03 10:30:00,1.0,False,2023-02-18
B-005684,R-0092,Multipurpose Hall,2025-03-02 23:58:38.858804,2025-03-21 19:30:00,3.0,False,2023-07-28
B-005685,R-0085,Swimming Pool,2025-03-03 02:38:16.686176,2025-03-03 16:00:00,1.0,False,2022-03-24
B-005686,R-0151,Gym,2025-03-03 04:42:41.306178,2025-03-03 17:30:00,4.0,True,2020-08-06
B-005687,R-0159,Squash Court,2025-03-03 08:55:59.517296,2025-03-03 19:15:00,3.0,True,2022-11-14
B-005688,R-0300,Badminton Court,2025-03-03 09:43:13.614732,2025-03-03 19:00:00,4.0,False,2023-10-05
B-005689,R-0030,Multipurpose Hall,2025-03-03 11:42:28.952185,2025-04-02 11:00:00,2.0,True,2023-02-05
B-005690,R-0046,Gym,2025-03-03 12:29:07.888591,2025-03-03 15:15:00,1.0,True,2021-11-08
B-005691,R-0128,Tennis Court,2025-03-03 12:33:53.099368,2025-03-04 17:45:00,4.0,False,2021-12-26
B-005692,R-0105,Tennis Court,2025-03-03 12:35:54.293794,2025-03-07 07:45:00,1.0,False,2021-09-14
B-005693,R-0139,Tennis Court,2025-03-03 15:32:58.758967,2025-03-13 18:15:00,4.0,True,2022-06-23
B-005694,R-0297,Kids Play Area,2025-03-03 17:23:00.006714,2025-03-04 10:30:00,1.0,False,2021-05-14
B-005695,R-0036,Tennis Court,2025-03-03 18:19:01.248298,2025-03-04 06:00:00,3.0,True,2021-02-14
B-005696,R-0111,Swimming Pool,2025-03-03 19:04:08.390241,2025-03-04 19:00:00,2.0,True,2022-01-10
B-005697,R-0141,Swimming Pool,2025-03-04 01:23:06.850881,2025-03-04 07:15:00,1.0,False,2020-01-06
B-005698,R-0285,Gym,2025-03-04 03:58:25.848326,2025-03-04 12:15:00,1.0,False,2021-10-06
B-005699,R-0023,Tennis Court,2025-03-04 04:49:37.249916,2025-03-05 06:15:00,1.0,False,2022-12-13
B-005700,R-0189,Gym,2025-03-04 05:26:33.774637,2025-03-06 06:15:00,1.0,False,2022-07-11
B-005701,R-0148,Badminton Court,2025-03-04 06:06:26.661681,2025-03-04 18:45:00,3.0,False,2020-09-02
B-005702,R-0232,Kids Play Area,2025-03-04 06:49:22.922100,2025-03-04 10:00:00,5.0,True,2022-05-16
B-005703,R-0229,Tennis Court,2025-03-04 08:52:32.161984,2025-03-07 07:00:00,2.0,False,2020-02-16
B-005704,R-0070,Gym,2025-03-04 09:43:58.547670,2025-03-06 19:00:00,3.0,False,2020-04-24
B-005705,R-0114,Kids Play Area,2025-03-04 10:15:00.000000,2025-03-07 10:15:00,3.0,True,2021-10-04
B-005706,R-0041,Clubhouse,2025-03-04 10:25:03.451185,2025-03-08 20:30:00,1.0,True,2020-07-01
B-005707,R-0290,Gym,2025-03-04 13:12:14.449417,2025-03-04 16:00:00,3.0,False,2021-02-25
B-005708,R-0131,Badminton Court,2025-03-04 14:18:58.387953,2025-03-10 19:45:00,1.0,True,2023-10-18
B-005709,R-0174,Gym,2025-03-04 19:43:22.575741,2025-03-05 11:30:00,3.0,False,2022-11-22
B-005710,R-0032,Tennis Court,2025-03-04 20:26:45.737299,2025-03-06 06:15:00,4.0,False,2020-08-02
B-005711,R-0214,Squash Court,2025-03-04 21:03:55.238353,2025-03-05 07:00:00,1.0,False,2023-10-23
B-005712,R-0083,Multipurpose Hall,2025-03-04 22:46:32.944769,2025-03-18 17:45:00,1.0,True,2020-03-12
B-005713,R-0091,Badminton Court,2025-03-05 00:32:14.756169,2025-03-05 19:45:00,2.0,True,2023-12-22
B-005714,R-0143,Kids Play Area,2025-03-05 01:58:22.034527,2025-03-05 18:30:00,5.0,True,2022-08-13
B-005715,R-0270,Kids Play Area,2025-03-05 03:45:46.874144,2025-03-05 10:30:00,2.0,True,2023-11-01
B-005716,R-0130,Swimming Pool,2025-03-05 04:57:07.387072,2025-03-05 08:15:00,3.0,False,2022-05-02
B-005717,R-0311,Kids Play Area,2025-03-05 05:17:38.241473,2025-03-06 16:30:00,5.0,False,2021-06-05
B-005718,R-0176,Squash Court,2025-03-05 07:10:50.374253,2025-03-05 20:15:00,5.0,True,2022-03-04
B-005719,R-0194,Kids Play Area,2025-03-05 14:31:16.072923,2025-03-06 09:30:00,1.0,False,2023-01-19
B-005720,R-0105,Tennis Court,2025-03-05 15:00:52.843075,2025-03-08 07:45:00,1.0,False,2021-09-14
B-005721,R-0087,Multipurpose Hall,2025-03-05 18:04:52.093040,2025-03-08 19:30:00,1.0,False,2023-02-22
B-005722,R-0245,Gym,2025-03-05 19:48:26.628588,2025-03-06 15:15:00,1.0,False,2022-02-09
B-005723,R-0056,Swimming Pool,2025-03-05 21:08:49.523604,2025-03-06 08:45:00,2.0,True,2020-07-16
B-005724,R-0152,Tennis Court,2025-03-06 03:22:31.505830,2025-03-12 18:30:00,1.0,True,2020-03-08
B-005725,R-0062,Badminton Court,2025-03-06 04:59:35.660652,2025-03-06 21:45:00,2.0,False,2020-06-01
B-005726,R-0233,Badminton Court,2025-03-06 06:44:22.977758,2025-03-08 20:00:00,4.0,True,2021-11-14
B-005727,R-0006,Gym,2025-03-06 08:50:16.019732,2025-03-07 10:30:00,1.0,True,2022-03-03
B-005728,R-0288,Tennis Court,2025-03-06 09:19:15.304494,2025-03-07 06:15:00,4.0,False,2023-09-08
B-005729,R-0287,Swimming Pool,2025-03-06 10:21:25.013091,2025-03-06 19:15:00,3.0,False,2022-04-21
B-005730,R-0191,Tennis Court,2025-03-06 12:12:06.704330,2025-03-07 19:30:00,2.0,True,2020-01-20
B-005731,R-0159,Squash Court,2025-03-06 12:22:24.553097,2025-03-06 19:00:00,3.0,True,2022-11-14
B-005732,R-0293,Tennis Court,2025-03-06 14:33:39.126909,2025-03-07 07:00:00,3.0,True,2023-08-16
B-005733,R-0092,Squash Court,2025-03-06 17:03:14.450434,2025-03-09 08:00:00,3.0,False,2023-07-28
B-005734,R-0181,Kids Play Area,2025-03-06 20:35:20.313500,2025-03-07 10:00:00,4.0,True,2022-08-08
B-005735,R-0237,Clubhouse,2025-03-06 20:52:46.449315,2025-03-12 11:45:00,2.0,False,2020-12-11
B-005736,R-0031,Gym,2025-03-06 22:11:47.876415,2025-03-07 16:00:00,1.0,False,2020-10-02
B-005737,R-0302,Clubhouse,2025-03-06 22:53:28.889948,2025-03-19 19:15:00,2.0,True,2023-05-11
B-005738,R-0109,Gym,2025-03-07 05:18:45.275654,2025-03-07 11:00:00,3.0,False,2022-10-11
B-005739,R-0052,Kids Play Area,2025-03-07 07:47:01.346390,2025-03-07 10:15:00,3.0,True,2022-09-27
B-005740,R-0253,Gym,2025-03-07 10:36:50.322185,2025-03-07 17:00:00,4.0,True,2023-11-16
B-005741,R-0155,Gym,2025-03-07 11:06:51.785940,2025-03-08 17:00:00,5.0,True,2021-02-12
B-005742,R-0157,Kids Play Area,2025-03-07 12:53:58.568186,2025-03-07 16:45:00,3.0,True,2020-05-01
B-005743,R-0306,Kids Play Area,2025-03-07 14:57:14.311853,2025-03-07 16:15:00,3.0,True,2022-09-30
B-005744,R-0083,Multipurpose Hall,2025-03-07 17:09:42.174067,2025-03-12 17:15:00,1.0,True,2020-03-12
B-005745,R-0212,Squash Court,2025-03-07 17:26:50.775160,2025-03-09 07:45:00,5.0,False,2023-06-20
B-005746,R-0076,Multipurpose Hall,2025-03-07 17:41:38.431080,2025-03-17 10:30:00,2.0,False,2020-08-07
B-005747,R-0069,Swimming Pool,2025-03-07 19:17:05.246228,2025-03-08 17:00:00,1.0,False,2023-11-30
B-005748,R-0057,Badminton Court,2025-03-07 19:23:51.727370,2025-03-08 20:30:00,2.0,False,2022-06-23
B-005749,R-0166,Gym,2025-03-07 20:21:00.319437,2025-03-08 10:15:00,4.0,False,2022-10-13
B-005750,R-0019,Tennis Court,2025-03-07 20:39:14.518269,2025-03-08 17:30:00,5.0,False,2022-02-09
B-005751,R-0016,Clubhouse,2025-03-07 21:33:49.000229,2025-03-20 19:00:00,1.0,True,2020-04-13
B-005752,R-0036,Swimming Pool,2025-03-07 22:36:44.025878,2025-03-08 06:30:00,3.0,True,2021-02-14
B-005753,R-0129,Squash Court,2025-03-07 22:53:38.917794,2025-03-09 08:30:00,2.0,False,2022-06-19
B-005754,R-0269,Kids Play Area,2025-03-07 23:27:44.006237,2025-03-08 16:15:00,5.0,False,2023-11-18
B-005755,R-0221,Clubhouse,2025-03-08 00:28:07.808316,2025-04-21 19:00:00,1.0,True,2023-09-29
B-005756,R-0279,Badminton Court,2025-03-08 04:31:09.444226,2025-03-08 21:30:00,1.0,False,2023-11-24
B-005757,R-0086,Squash Court,2025-03-08 05:09:30.862746,2025-03-08 07:45:00,3.0,False,2023-06-29
B-005758,R-0054,Badminton Court,2025-03-08 09:10:21.281794,2025-03-08 18:15:00,2.0,False,2022-02-13
B-005759,R-0146,Badminton Court,2025-03-08 10:38:24.686083,2025-03-08 18:00:00,4.0,False,2020-03-14
B-005760,R-0220,Badminton Court,2025-03-08 12:05:27.902797,2025-03-10 18:00:00,5.0,False,2021-05-12
B-005761,R-0122,Kids Play Area,2025-03-08 14:07:03.459387,2025-03-08 17:45:00,1.0,False,2022-11-04
B-005762,R-0039,Multipurpose Hall,2025-03-08 14:48:32.164392,2025-03-21 10:30:00,5.0,False,2020-08-27
B-005763,R-0260,Gym,2025-03-08 17:48:43.873920,2025-03-08 20:15:00,5.0,False,2020-02-11
B-005764,R-0047,Swimming Pool,2025-03-08 19:02:24.075583,2025-03-09 17:45:00,2.0,False,2021-10-19
B-005765,R-0255,Tennis Court,2025-03-08 21:11:43.404880,2025-03-11 07:30:00,4.0,False,2021-08-19
B-005766,R-0299,Tennis Court,2025-03-09 03:30:35.617736,2025-03-10 19:45:00,5.0,False,2020-07-29
B-005767,R-0151,Gym,2025-03-09 04:26:34.953835,2025-03-10 17:30:00,4.0,True,2020-08-06
B-005768,R-0190,Tennis Court,2025-03-09 04:37:25.909917,2025-03-10 17:00:00,4.0,True,2022-05-02
B-005769,R-0090,Multipurpose Hall,2025-03-09 05:08:53.491755,2025-04-28 17:45:00,3.0,False,2020-03-27
B-005770,R-0268,Kids Play Area,2025-03-09 06:07:44.426808,2025-03-09 16:30:00,5.0,False,2022-10-01
B-005771,R-0039,Gym,2025-03-09 06:11:59.748753,2025-03-09 17:00:00,5.0,False,2020-08-27
B-005772,R-0028,Kids Play Area,2025-03-09 06:27:00.648538,2025-03-09 10:45:00,4.0,False,2023-12-08
B-005773,R-0228,Gym,2025-03-09 06:34:22.121435,2025-03-09 20:00:00,4.0,False,2023-09-10
B-005774,R-0039,Multipurpose Hall,2025-03-09 07:15:36.247491,2025-03-13 10:45:00,5.0,False,2020-08-27
B-005775,R-0025,Gym,2025-03-09 09:02:28.124254,2025-03-09 17:30:00,4.0,True,2020-12-30
B-005776,R-0208,Swimming Pool,2025-03-09 10:32:19.025458,2025-03-09 19:30:00,5.0,False,2021-08-16
B-005777,R-0064,Gym,2025-03-09 11:57:14.191602,2025-03-09 18:30:00,2.0,False,2022-10-17
B-005778,R-0211,Multipurpose Hall,2025-03-09 13:35:56.233197,2025-03-15 19:00:00,5.0,True,2021-11-19
B-005779,R-0049,Gym,2025-03-09 14:06:48.111825,2025-03-10 10:15:00,3.0,True,2020-11-28
B-005780,R-0259,Gym,2025-03-09 14:58:31.972688,2025-03-10 15:15:00,3.0,False,2023-12-21
B-005781,R-0117,Swimming Pool,2025-03-09 15:30:25.569815,2025-03-10 08:15:00,4.0,False,2020-10-16
B-005782,R-0044,Squash Court,2025-03-09 17:30:46.470356,2025-03-09 20:30:00,1.0,False,2021-10-23
B-005783,R-0289,Kids Play Area,2025-03-10 00:05:57.503151,2025-03-10 10:15:00,2.0,True,2021-04-03
B-005784,R-0059,Kids Play Area,2025-03-10 01:28:30.360507,2025-03-10 10:00:00,2.0,True,2021-11-08
B-005785,R-0058,Swimming Pool,2025-03-10 03:24:47.169927,2025-03-10 08:45:00,3.0,False,2023-09-11
B-005786,R-0154,Kids Play Area,2025-03-10 04:39:35.362564,2025-03-11 18:45:00,4.0,False,2020-04-23
B-005787,R-0142,Badminton Court,2025-03-10 10:29:34.390044,2025-03-10 17:00:00,5.0,False,2020-05-05
B-005788,R-0119,Kids Play Area,2025-03-10 15:36:23.915556,2025-03-11 10:30:00,5.0,False,2023-12-08
B-005789,R-0082,Gym,2025-03-10 17:10:43.137348,2025-03-10 19:45:00,4.0,False,2020-08-31
B-005790,R-0135,Badminton Court,2025-03-10 17:48:45.125973,2025-03-12 17:00:00,2.0,True,2021-05-18
B-005791,R-0096,Tennis Court,2025-03-10 19:59:34.925304,2025-03-13 07:30:00,1.0,False,2022-10-22
B-005792,R-0030,Gym,2025-03-10 20:28:13.698394,2025-03-11 16:45:00,2.0,True,2023-02-05
B-005793,R-0035,Gym,2025-03-10 20:48:02.906482,2025-03-11 15:15:00,1.0,False,2023-05-21
B-005794,R-0170,Swimming Pool,2025-03-10 23:48:38.167407,2025-03-11 18:30:00,4.0,False,2023-02-04
B-005795,R-0128,Squash Court,2025-03-11 06:15:57.847284,2025-03-11 19:00:00,4.0,False,2021-12-26
B-005796,R-0036,Kids Play Area,2025-03-11 07:20:48.420541,2025-03-11 10:15:00,3.0,True,2021-02-14
B-005797,R-0052,Kids Play Area,2025-03-11 07:44:28.667287,2025-03-11 10:45:00,3.0,True,2022-09-27
B-005798,R-0034,Badminton Court,2025-03-11 07:47:31.394279,2025-03-11 21:00:00,4.0,True,2020-04-02
B-005799,R-0296,Kids Play Area,2025-03-11 07:48:02.545218,2025-03-11 16:45:00,5.0,False,2021-02-23
B-005800,R-0046,Swimming Pool,2025-03-11 08:35:29.882869,2025-03-11 17:30:00,1.0,True,2021-11-08
B-005801,R-0150,Squash Court,2025-03-11 10:16:06.926566,2025-03-12 18:45:00,5.0,False,2021-02-11
B-005802,R-0184,Badminton Court,2025-03-11 15:22:00.715715,2025-03-14 21:15:00,1.0,False,2022-11-30
B-005803,R-0040,Squash Court,2025-03-11 15:26:12.232495,2025-03-14 07:45:00,2.0,True,2023-09-02
B-005804,R-0026,Tennis Court,2025-03-11 15:26:20.173863,2025-03-12 18:15:00,2.0,False,2022-01-18
B-005805,R-0110,Squash Court,2025-03-11 16:32:24.063375,2025-03-12 08:45:00,4.0,False,2022-06-09
B-005806,R-0145,Multipurpose Hall,2025-03-11 17:32:45.676597,2025-03-14 19:45:00,1.0,False,2021-10-20
B-005807,R-0180,Badminton Court,2025-03-11 21:01:15.238629,2025-03-12 21:30:00,2.0,False,2020-05-11
B-005808,R-0102,Tennis Court,2025-03-11 21:17:26.031819,2025-03-12 06:45:00,1.0,False,2022-05-02
B-005809,R-0056,Swimming Pool,2025-03-11 23:56:10.216577,2025-03-13 08:45:00,2.0,True,2020-07-16
B-005810,R-0230,Gym,2025-03-12 01:25:46.869232,2025-03-15 09:30:00,5.0,False,2021-08-29
B-005811,R-0313,Clubhouse,2025-03-12 04:43:56.892478,2025-03-15 11:30:00,2.0,False,2022-01-03
B-005812,R-0268,Squash Court,2025-03-12 05:26:29.160895,2025-03-15 08:15:00,5.0,False,2022-10-01
B-005813,R-0289,Kids Play Area,2025-03-12 08:07:52.734733,2025-03-12 10:30:00,2.0,True,2021-04-03
B-005814,R-0278,Tennis Court,2025-03-12 13:04:17.521267,2025-03-13 07:15:00,4.0,False,2023-06-25
B-005815,R-0290,Swimming Pool,2025-03-12 14:06:17.998698,2025-03-12 19:00:00,3.0,False,2021-02-25
B-005816,R-0303,Kids Play Area,2025-03-12 14:31:59.383248,2025-03-12 16:00:00,2.0,False,2020-02-09
B-005817,R-0038,Swimming Pool,2025-03-12 15:20:52.300922,2025-03-13 17:45:00,5.0,False,2020-08-26
B-005818,R-0275,Swimming Pool,2025-03-12 19:49:48.303487,2025-03-16 17:00:00,4.0,True,2020-05-07
B-005819,R-0188,Swimming Pool,2025-03-12 19:51:32.782577,2025-03-13 16:45:00,1.0,False,2023-02-11
B-005820,R-0158,Clubhouse,2025-03-13 00:11:11.745869,2025-03-14 19:30:00,1.0,True,2021-11-01
B-005821,R-0062,Badminton Court,2025-03-13 02:42:10.128706,2025-03-14 20:15:00,2.0,False,2020-06-01
B-005822,R-0052,Squash Court,2025-03-13 03:24:44.079528,2025-03-13 07:45:00,3.0,True,2022-09-27
B-005823,R-0225,Kids Play Area,2025-03-13 04:38:26.148574,2025-03-13 10:30:00,2.0,False,2021-03-31
B-005824,R-0101,Badminton Court,2025-03-13 11:45:15.850035,2025-03-15 19:00:00,2.0,False,2021-06-13
B-005825,R-0187,Kids Play Area,2025-03-13 12:35:21.714656,2025-03-13 16:15:00,4.0,False,2020-04-30
B-005826,R-0278,Badminton Court,2025-03-13 17:06:46.752910,2025-03-14 20:45:00,4.0,False,2023-06-25
B-005827,R-0207,Swimming Pool,2025-03-13 17:30:30.386980,2025-03-14 17:00:00,3.0,False,2021-04-11
B-005828,R-0152,Squash Court,2025-03-13 17:50:22.920263,2025-03-17 08:00:00,1.0,True,2020-03-08
B-005829,R-0185,Tennis Court,2025-03-14 00:33:35.401073,2025-03-14 18:00:00,4.0,False,2023-10-25
B-005830,R-0301,Multipurpose Hall,2025-03-14 03:06:33.139043,2025-04-17 19:15:00,3.0,False,2023-12-19
B-005831,R-0303,Gym,2025-03-14 05:59:55.593004,2025-03-14 11:30:00,2.0,False,2020-02-09
B-005832,R-0215,Gym,2025-03-14 07:37:05.348490,2025-03-15 07:00:00,2.0,True,2023-03-17
B-005833,R-0279,Swimming Pool,2025-03-14 09:35:30.224983,2025-03-15 06:15:00,1.0,False,2023-11-24
B-005834,R-0144,Swimming Pool,2025-03-14 10:23:19.810711,2025-03-15 06:45:00,3.0,False,2022-07-09
B-005835,R-0058,Swimming Pool,2025-03-14 13:00:31.950273,2025-03-15 08:00:00,3.0,False,2023-09-11
B-005836,R-0034,Badminton Court,2025-03-14 14:33:04.274322,2025-03-14 21:15:00,4.0,True,2020-04-02
B-005837,R-0274,Swimming Pool,2025-03-14 15:07:02.382433,2025-03-14 16:30:00,1.0,False,2021-08-07
B-005838,R-0226,Badminton Court,2025-03-14 16:03:09.290851,2025-03-15 17:45:00,3.0,False,2020-02-27
B-005839,R-0282,Multipurpose Hall,2025-03-14 21:47:00.454455,2025-03-19 19:15:00,2.0,False,2020-02-04
B-005840,R-0222,Squash Court,2025-03-15 01:06:03.428312,2025-03-15 19:15:00,3.0,False,2021-06-30
B-005841,R-0235,Squash Court,2025-03-15 02:26:31.898071,2025-03-15 18:00:00,2.0,False,2020-08-24
B-005842,R-0271,Tennis Court,2025-03-15 03:10:49.824412,2025-03-16 06:30:00,1.0,True,2021-04-08
B-005843,R-0262,Swimming Pool,2025-03-15 05:28:34.459103,2025-03-15 19:15:00,5.0,False,2023-08-23
B-005844,R-0127,Kids Play Area,2025-03-15 06:24:23.499756,2025-03-15 09:30:00,3.0,False,2020-06-15
B-005845,R-0232,Kids Play Area,2025-03-15 07:02:19.199836,2025-03-15 10:45:00,5.0,True,2022-05-16
B-005846,R-0011,Multipurpose Hall,2025-03-15 08:27:51.206624,2025-05-04 19:45:00,4.0,False,2022-01-15
B-005847,R-0309,Kids Play Area,2025-03-15 09:03:11.707083,2025-03-15 10:30:00,1.0,True,2022-05-22
B-005848,R-0158,Swimming Pool,2025-03-15 10:21:19.205473,2025-03-15 16:30:00,1.0,True,2021-11-01
B-005849,R-0033,Swimming Pool,2025-03-15 11:41:47.980040,2025-03-16 16:30:00,1.0,False,2022-09-12
B-005850,R-0240,Clubhouse,2025-03-15 13:29:52.679073,2025-03-28 17:45:00,4.0,True,2021-08-25
B-005851,R-0020,Swimming Pool,2025-03-15 14:21:35.206164,2025-03-16 07:00:00,1.0,False,2021-04-01
B-005852,R-0122,Gym,2025-03-15 14:49:18.673872,2025-03-15 19:30:00,,False,2022-11-04
B-005853,R-0187,Clubhouse,2025-03-15 15:53:56.469466,2025-03-26 12:45:00,4.0,False,2020-04-30
B-005854,R-0233,Gym,2025-03-15 17:34:31.831480,2025-03-17 17:45:00,4.0,True,2021-11-14
B-005855,R-0259,Multipurpose Hall,2025-03-16 02:30:27.191620,2025-03-20 19:30:00,3.0,False,2023-12-21
B-005856,R-0174,Gym,2025-03-16 02:37:11.623835,2025-03-16 11:45:00,3.0,False,2022-11-22
B-005857,R-0066,Squash Court,2025-03-16 03:28:51.713064,2025-03-16 18:00:00,2.0,False,2021-02-13
B-005858,R-0060,Badminton Court,2025-03-16 06:27:22.209577,2025-03-17 19:30:00,4.0,False,2021-10-21
B-005859,R-0105,Gym,2025-03-16 07:39:10.252059,2025-03-17 09:00:00,1.0,False,2021-09-14
B-005860,R-0311,Clubhouse,2025-03-16 09:34:12.115021,2025-05-26 11:45:00,5.0,False,2021-06-05
B-005861,R-0039,Tennis Court,2025-03-16 11:32:22.337056,2025-03-17 18:45:00,5.0,False,2020-08-27
B-005862,R-0120,Tennis Court,2025-03-16 14:45:03.116678,2025-03-17 18:45:00,2.0,True,2023-09-11
B-005863,R-0165,Squash Court,2025-03-16 17:46:46.291085,2025-03-16 19:00:00,2.0,False,2021-12-19
B-005864,R-0256,Swimming Pool,2025-03-17 06:33:33.246248,2025-03-17 16:45:00,3.0,True,2021-06-07
B-005865,R-0193,Badminton Court,2025-03-17 07:03:09.979672,2025-03-17 21:00:00,2.0,True,2021-06-16
B-005866,R-0186,Kids Play Area,2025-03-17 07:23:56.574675,2025-03-17 16:15:00,2.0,False,2020-11-10
B-005867,R-0221,Multipurpose Hall,2025-03-17 10:01:37.675785,2025-04-11 18:00:00,1.0,True,2023-09-29
B-005868,R-0182,Kids Play Area,2025-03-17 11:38:47.112529,2025-03-17 18:15:00,2.0,True,2022-11-04
B-005869,R-0271,Squash Court,2025-03-17 12:28:49.690875,2025-03-18 08:30:00,1.0,True,2021-04-08
B-005870,R-0266,Kids Play Area,2025-03-17 13:24:29.476056,2025-03-17 18:15:00,4.0,True,2023-12-21
B-005871,R-0221,Kids Play Area,2025-03-17 13:37:15.715421,2025-03-17 17:30:00,1.0,True,2023-09-29
B-005872,R-0032,Tennis Court,2025-03-17 17:24:07.183147,2025-03-21 06:45:00,4.0,False,2020-08-02
B-005873,R-0212,Multipurpose Hall,2025-03-17 22:39:15.433101,2025-04-13 10:15:00,5.0,False,2023-06-20
B-005874,R-0185,Tennis Court,2025-03-18 03:57:17.443890,2025-03-18 18:45:00,4.0,False,2023-10-25
B-005875,R-0227,Squash Court,2025-03-18 04:24:17.023841,2025-03-18 18:45:00,4.0,True,2021-10-13
B-005876,R-0229,Kids Play Area,2025-03-18 05:28:57.585862,2025-03-18 09:45:00,2.0,False,2020-02-16
B-005877,R-0301,Kids Play Area,2025-03-18 06:08:38.984400,2025-03-18 09:45:00,3.0,False,2023-12-19
B-005878,R-0022,Squash Court,2025-03-18 19:45:58.968371,2025-03-20 07:30:00,2.0,True,2022-11-11
B-005879,R-0203,Tennis Court,2025-03-18 19:48:08.331963,2025-03-24 07:15:00,4.0,False,2023-10-19
B-005880,R-0090,Badminton Court,2025-03-18 19:52:01.490609,2025-03-23 20:30:00,3.0,False,2020-03-27
B-005881,R-0263,Badminton Court,2025-03-18 22:05:05.155432,2025-03-20 20:30:00,3.0,True,2022-08-11
B-005882,R-0220,Kids Play Area,2025-03-18 22:14:26.181176,2025-03-19 17:00:00,5.0,False,2021-05-12
B-005883,R-0032,Swimming Pool,2025-03-19 00:46:08.766696,2025-03-19 07:15:00,4.0,False,2020-08-02
B-005884,R-0186,Clubhouse,2025-03-19 00:58:14.427184,2025-03-29 17:15:00,2.0,False,2020-11-10
B-005885,R-0105,Tennis Court,2025-03-19 01:36:12.390229,2025-03-21 06:15:00,1.0,False,2021-09-14
B-005886,R-0231,Clubhouse,2025-03-19 01:42:32.893262,2025-04-15 17:30:00,1.0,False,2021-10-30
B-005887,R-0064,Badminton Court,2025-03-19 04:11:57.626704,2025-03-19 18:15:00,2.0,False,2022-10-17
B-005888,R-0280,Kids Play Area,2025-03-19 07:14:49.259094,2025-03-19 10:30:00,3.0,False,2020-03-31
B-005889,R-0023,Tennis Court,2025-03-19 11:29:14.539846,2025-03-21 06:15:00,1.0,False,2022-12-13
B-005890,R-0212,Gym,2025-03-19 14:26:03.988517,2025-03-22 10:30:00,5.0,False,2023-06-20
B-005891,R-0255,Multipurpose Hall,2025-03-19 19:09:24.983618,2025-04-11 19:45:00,4.0,False,2021-08-19
B-005892,R-0155,Swimming Pool,2025-03-19 22:19:11.608393,2025-03-20 19:00:00,5.0,True,2021-02-12
B-005893,R-0310,Multipurpose Hall,2025-03-19 22:23:39.040759,2025-04-05 17:30:00,3.0,False,2022-10-15
B-005894,R-0244,Badminton Court,2025-03-20 00:44:24.294934,2025-03-20 19:15:00,2.0,True,2022-07-27
B-005895,R-0240,Kids Play Area,2025-03-20 06:58:51.330267,2025-03-20 16:15:00,4.0,True,2021-08-25
B-005896,R-0100,Badminton Court,2025-03-20 08:30:52.988790,2025-03-20 18:45:00,5.0,True,2020-08-16
B-005897,R-0153,Gym,2025-03-20 09:15:00.589366,2025-03-21 08:45:00,5.0,False,2023-03-03
B-005898,R-0181,Clubhouse,2025-03-20 11:39:15.794586,2025-04-05 11:15:00,4.0,True,2022-08-08
B-005899,R-0159,Squash Court,2025-03-20 12:05:09.155114,2025-03-20 19:15:00,3.0,True,2022-11-14
B-005900,R-0189,Swimming Pool,2025-03-20 12:10:00.773490,2025-03-20 19:00:00,1.0,False,2022-07-11
B-005901,R-0199,Squash Court,2025-03-20 14:03:16.751916,2025-03-21 08:00:00,1.0,False,2023-07-24
B-005902,R-0196,Squash Court,2025-03-20 16:25:16.472781,2025-03-22 20:15:00,2.0,True,2022-01-24
B-005903,R-0039,Multipurpose Hall,2025-03-20 22:13:07.309138,2025-04-15 11:45:00,5.0,False,2020-08-27
B-005904,R-0035,Gym,2025-03-20 22:47:06.246427,2025-03-21 15:15:00,1.0,False,2023-05-21
B-005905,R-0117,Swimming Pool,2025-03-21 01:42:27.079216,2025-03-22 07:30:00,4.0,False,2020-10-16
B-005906,R-0265,Swimming Pool,2025-03-21 02:16:42.743969,2025-03-22 17:15:00,3.0,False,2023-04-02
B-005907,R-0064,Gym,2025-03-21 05:17:47.147233,2025-03-21 15:30:00,2.0,False,2022-10-17
B-005908,R-0009,Kids Play Area,2025-03-21 05:21:45.421713,2025-03-21 10:45:00,5.0,True,2021-04-09
B-005909,R-0300,Tennis Court,2025-03-21 05:33:47.058039,2025-03-22 17:45:00,4.0,False,2023-10-05
B-005910,R-0178,Clubhouse,2025-03-21 11:07:04.059177,2025-03-24 17:00:00,2.0,True,2023-06-30
B-005911,R-0100,Swimming Pool,2025-03-21 11:10:16.832480,2025-03-22 16:15:00,5.0,True,2020-08-16
B-005912,R-0091,Kids Play Area,2025-03-21 12:28:27.785564,2025-03-21 16:00:00,2.0,True,2023-12-22
B-005913,R-0102,Squash Court,2025-03-21 13:17:49.169805,2025-03-21 18:45:00,1.0,False,2022-05-02
B-005914,R-0133,Swimming Pool,2025-03-21 15:16:55.688385,2025-03-21 17:45:00,4.0,False,2020-03-10
B-005915,R-0167,Clubhouse,2025-03-21 16:16:27.951200,2025-03-23 12:30:00,2.0,False,2020-02-05
B-005916,R-0248,Gym,2025-03-21 18:06:08.838576,2025-03-22 08:00:00,2.0,True,2022-12-30
B-005917,R-0272,Badminton Court,2025-03-21 20:39:15.588197,2025-03-22 21:30:00,,False,2021-11-30
B-005918,R-0276,Kids Play Area,2025-03-21 20:50:14.393743,2025-03-22 16:00:00,1.0,False,2021-12-03
B-005919,R-0018,Kids Play Area,2025-03-21 23:24:09.459506,2025-03-22 18:45:00,3.0,False,2020-12-01
B-005920,R-0055,Swimming Pool,2025-03-22 06:18:14.522081,2025-03-22 18:30:00,3.0,False,2020-04-03
B-005921,R-0207,Badminton Court,2025-03-22 06:31:10.136507,2025-03-24 21:30:00,3.0,False,2021-04-11
B-005922,R-0139,Tennis Court,2025-03-22 06:51:27.123677,2025-03-25 18:30:00,4.0,True,2022-06-23
B-005923,R-0043,Gym,2025-03-22 07:13:07.215588,2025-03-24 11:45:00,5.0,False,2023-06-13
B-005924,R-0289,Kids Play Area,2025-03-22 08:00:25.689498,2025-03-23 10:30:00,2.0,True,2021-04-03
B-005925,R-0012,Tennis Court,2025-03-22 09:14:07.961340,2025-03-23 06:15:00,4.0,True,2020-11-21
B-005926,R-0010,Badminton Court,2025-03-22 09:42:14.284205,2025-03-23 17:00:00,3.0,True,2020-10-23
B-005927,R-0066,Clubhouse,2025-03-22 10:38:41.019959,2025-03-30 12:15:00,2.0,False,2021-02-13
B-005928,R-0175,Tennis Court,2025-03-22 13:29:18.498346,2025-03-23 07:00:00,1.0,False,2020-01-26
B-005929,R-0146,Badminton Court,2025-03-22 14:19:08.333395,2025-03-22 18:00:00,4.0,False,2020-03-14
B-005930,R-0082,Gym,2025-03-22 14:34:20.838326,2025-03-22 19:00:00,4.0,False,2020-08-31
B-005931,R-0218,Squash Court,2025-03-22 16:20:05.914343,2025-03-22 19:45:00,1.0,False,2022-10-26
B-005932,R-0293,Tennis Court,2025-03-22 16:25:35.458208,2025-03-23 07:30:00,3.0,True,2023-08-16
B-005933,R-0183,Badminton Court,2025-03-22 17:24:32.940104,2025-03-22 21:45:00,5.0,False,2021-12-25
B-005934,R-0086,Gym,2025-03-22 18:32:27.703465,2025-03-23 06:00:00,3.0,False,2023-06-29
B-005935,R-0190,Squash Court,2025-03-22 19:17:58.737882,2025-03-25 07:15:00,4.0,True,2022-05-02
B-005936,R-0109,Multipurpose Hall,2025-03-22 19:55:13.669685,2025-04-23 11:00:00,3.0,False,2022-10-11
B-005937,R-0064,Badminton Court,2025-03-22 22:25:06.621315,2025-03-23 17:15:00,2.0,False,2022-10-17
B-005938,R-0122,Swimming Pool,2025-03-22 23:30:56.224428,2025-03-23 16:15:00,1.0,False,2022-11-04
B-005939,R-0286,Swimming Pool,2025-03-23 07:24:35.551187,2025-03-23 17:00:00,4.0,True,2020-11-25
B-005940,R-0209,Gym,2025-03-23 07:27:34.294095,2025-03-23 11:30:00,3.0,False,2023-07-20
B-005941,R-0269,Gym,2025-03-23 13:16:12.278353,2025-03-23 20:30:00,5.0,False,2023-11-18
B-005942,R-0146,Badminton Court,2025-03-23 13:42:48.712056,2025-03-23 18:45:00,4.0,False,2020-03-14
B-005943,R-0159,Multipurpose Hall,2025-03-23 13:44:28.866461,2025-03-26 19:30:00,3.0,True,2022-11-14
B-005944,R-0114,Swimming Pool,2025-03-23 14:47:00.937945,2025-03-24 18:00:00,3.0,True,2021-10-04
B-005945,R-0006,Gym,2025-03-23 16:11:42.517859,2025-03-24 09:15:00,1.0,True,2022-03-03
B-005946,R-0096,Gym,2025-03-23 16:50:37.189376,2025-03-24 11:45:00,1.0,False,2022-10-22
B-005947,R-0264,Squash Court,2025-03-23 17:00:00.000000,2025-03-23 18:00:00,2.0,False,2020-01-20
B-005948,R-0172,Multipurpose Hall,2025-03-23 18:22:05.809808,2025-03-28 10:00:00,2.0,False,2020-03-14
B-005949,R-0052,Badminton Court,2025-03-24 00:53:33.138490,2025-03-24 17:00:00,3.0,True,2022-09-27
B-005950,R-0045,Gym,2025-03-24 02:46:08.910669,2025-03-24 15:00:00,4.0,False,2020-05-15
B-005951,R-0303,Gym,2025-03-24 04:48:20.635215,2025-03-24 11:00:00,2.0,False,2020-02-09
B-005952,R-0098,Clubhouse,2025-03-24 04:57:58.031626,2025-04-08 18:00:00,4.0,False,2022-10-31
B-005953,R-0075,Tennis Court,2025-03-24 06:01:39.482567,2025-03-24 19:30:00,2.0,False,2023-01-11
B-005954,R-0225,Multipurpose Hall,2025-03-24 06:37:08.868446,2025-04-03 19:00:00,2.0,False,2021-03-31
B-005955,R-0247,Swimming Pool,2025-03-24 07:13:56.053709,2025-03-24 19:00:00,3.0,True,2021-09-01
B-005956,R-0110,Squash Court,2025-03-24 07:53:05.000103,2025-03-26 08:30:00,4.0,False,2022-06-09
B-005957,R-0158,Swimming Pool,2025-03-24 10:34:19.918522,2025-03-24 16:30:00,1.0,True,2021-11-01
B-005958,R-0227,Squash Court,2025-03-24 12:06:19.052401,2025-03-24 18:45:00,4.0,True,2021-10-13
B-005959,R-0312,Gym,2025-03-24 13:43:09.788625,2025-03-26 09:00:00,1.0,False,2022-09-04
B-005960,R-0275,Multipurpose Hall,2025-03-24 17:29:01.301581,2025-03-30 19:30:00,4.0,True,2020-05-07
B-005961,R-0136,Squash Court,2025-03-24 19:16:13.690930,2025-03-25 07:30:00,5.0,False,2021-06-17
B-005962,R-0171,Swimming Pool,2025-03-24 19:23:25.366309,2025-03-25 19:15:00,4.0,False,2020-03-16
B-005963,R-0184,Badminton Court,2025-03-24 21:21:29.798091,2025-03-26 21:15:00,1.0,False,2022-11-30
B-005964,R-0036,Tennis Court,2025-03-24 21:50:34.079411,2025-03-25 07:45:00,3.0,True,2021-02-14
B-005965,R-0238,Squash Court,2025-03-25 03:58:08.600405,2025-03-25 08:30:00,3.0,True,2023-07-13
B-005966,R-0239,Kids Play Area,2025-03-25 05:03:19.509125,2025-03-25 17:45:00,5.0,True,2023-01-01
B-005967,R-0111,Swimming Pool,2025-03-25 09:01:44.786967,2025-03-25 19:30:00,2.0,True,2022-01-10
B-005968,R-0306,Kids Play Area,2025-03-25 11:51:21.694179,2025-03-25 16:00:00,3.0,True,2022-09-30
B-005969,R-0296,Squash Court,2025-03-25 12:41:17.958208,2025-03-26 18:00:00,5.0,False,2021-02-23
B-005970,R-0163,Kids Play Area,2025-03-25 13:11:02.073470,2025-03-25 18:00:00,3.0,True,2022-11-25
B-005971,R-0203,Tennis Court,2025-03-25 13:29:11.586402,2025-03-26 07:15:00,4.0,False,2023-10-19
B-005972,R-0020,Gym,2025-03-25 14:39:28.867540,2025-03-26 09:15:00,1.0,False,2021-04-01
B-005973,R-0121,Clubhouse,2025-03-25 17:23:44.834581,2025-04-09 19:30:00,4.0,False,2023-04-27
B-005974,R-0235,Swimming Pool,2025-03-25 18:58:16.142637,2025-03-26 19:30:00,2.0,False,2020-08-24
B-005975,R-0026,Tennis Court,2025-03-26 00:16:32.539173,2025-03-26 18:00:00,2.0,False,2022-01-18
B-005976,R-0154,Badminton Court,2025-03-26 00:32:25.752291,2025-03-27 21:15:00,4.0,False,2020-04-23
B-005977,R-0098,Gym,2025-03-26 02:17:08.276886,2025-03-28 11:00:00,4.0,False,2022-10-31
B-005978,R-0058,Swimming Pool,2025-03-26 02:55:46.353277,2025-03-27 08:15:00,3.0,False,2023-09-11
B-005979,R-0278,Tennis Court,2025-03-26 08:24:49.876375,2025-03-27 07:30:00,4.0,False,2023-06-25
B-005980,R-0003,Swimming Pool,2025-03-26 08:27:31.953919,2025-03-27 19:15:00,1.0,False,2020-06-06
B-005981,R-0014,Gym,2025-03-26 10:02:15.596214,2025-03-27 07:00:00,3.0,False,2023-02-21
B-005982,R-0165,Squash Court,2025-03-26 10:46:15.279163,2025-03-27 19:15:00,2.0,False,2021-12-19
B-005983,R-0062,Badminton Court,2025-03-26 12:13:50.962785,2025-03-28 20:00:00,2.0,False,2020-06-01
B-005984,R-0038,Badminton Court,2025-03-26 21:20:33.919926,2025-03-27 18:00:00,5.0,False,2020-08-26
B-005985,R-0211,Swimming Pool,2025-03-27 01:28:44.786256,2025-03-27 08:45:00,5.0,True,2021-11-19
B-005986,R-0087,Clubhouse,2025-03-27 05:26:19.829974,2025-04-01 19:30:00,1.0,False,2023-02-22
B-005987,R-0155,Gym,2025-03-27 06:00:45.589219,2025-03-27 17:00:00,5.0,True,2021-02-12
B-005988,R-0016,Multipurpose Hall,2025-03-27 07:05:16.211188,2025-04-23 18:30:00,1.0,True,2020-04-13
B-005989,R-0019,Tennis Court,2025-03-27 12:29:21.831901,2025-03-27 17:30:00,5.0,False,2022-02-09
B-005990,R-0094,Badminton Court,2025-03-27 14:56:35.877293,2025-03-27 17:00:00,5.0,False,2020-03-17
B-005991,R-0234,Kids Play Area,2025-03-27 15:03:42.653030,2025-03-27 18:30:00,4.0,False,2022-03-24
B-005992,R-0267,Gym,2025-03-27 20:32:05.675305,2025-03-29 14:30:00,3.0,False,2021-09-07
B-005993,R-0061,Swimming Pool,2025-03-27 22:24:49.943332,2025-03-28 19:45:00,1.0,False,2022-11-06
B-005994,R-0268,Squash Court,2025-03-28 03:02:56.617483,2025-03-29 07:45:00,5.0,False,2022-10-01
B-005995,R-0166,Tennis Court,2025-03-28 05:25:53.364709,2025-03-30 07:00:00,4.0,False,2022-10-13
B-005996,R-0195,Badminton Court,2025-03-28 06:35:06.113908,2025-03-29 21:00:00,3.0,True,2022-06-30
B-005997,R-0055,Swimming Pool,2025-03-28 09:06:13.713943,2025-03-28 18:30:00,3.0,False,2020-04-03
B-005998,R-0255,Tennis Court,2025-03-28 09:15:15.799584,2025-03-29 07:00:00,4.0,False,2021-08-19
B-005999,R-0274,Squash Court,2025-03-28 09:48:26.415627,2025-03-28 20:30:00,1.0,False,2021-08-07
B-006000,R-0056,Swimming Pool,2025-03-28 12:08:06.166073,2025-03-29 08:30:00,2.0,True,2020-07-16
B-006001,R-0096,Badminton Court,2025-03-28 14:27:57.607192,2025-03-28 20:45:00,1.0,False,2022-10-22
B-006002,R-0243,Gym,2025-03-28 15:46:22.255919,2025-03-28 19:15:00,2.0,False,2022-10-01
B-006003,R-0252,Gym,2025-03-28 19:12:22.156974,2025-03-29 11:30:00,2.0,True,2021-11-26
B-006004,R-0057,Swimming Pool,2025-03-29 01:46:39.795398,2025-03-30 06:45:00,2.0,False,2022-06-23
B-006005,R-0153,Gym,2025-03-29 01:47:06.292085,2025-03-29 08:15:00,5.0,False,2023-03-03
B-006006,R-0182,Gym,2025-03-29 02:45:34.798683,2025-03-29 08:30:00,2.0,True,2022-11-04
B-006007,R-0279,Squash Court,2025-03-29 04:17:59.159258,2025-03-30 07:15:00,1.0,False,2023-11-24
B-006008,R-0011,Swimming Pool,2025-03-29 04:34:24.033657,2025-03-30 16:15:00,4.0,False,2022-01-15
B-006009,R-0072,Clubhouse,2025-03-29 05:08:56.368193,2025-05-10 17:30:00,4.0,False,2022-05-01
B-006010,R-0139,Tennis Court,2025-03-29 10:20:08.859021,2025-04-04 18:30:00,4.0,True,2022-06-23
B-006011,R-0006,Tennis Court,2025-03-29 10:56:41.661379,2025-03-31 07:15:00,1.0,True,2022-03-03
B-006012,R-0064,Tennis Court,2025-03-29 11:04:19.832395,2025-03-29 18:45:00,2.0,False,2022-10-17
B-006013,R-0294,Swimming Pool,2025-03-29 11:05:30.018022,2025-03-29 18:45:00,4.0,False,2021-02-22
B-006014,R-0127,Tennis Court,2025-03-29 12:45:05.519158,2025-03-29 17:45:00,3.0,False,2020-06-15
B-006015,R-0157,Kids Play Area,2025-03-29 12:59:54.437526,2025-03-29 16:45:00,3.0,True,2020-05-01
B-006016,R-0100,Kids Play Area,2025-03-29 13:31:55.676093,2025-03-29 17:30:00,5.0,True,2020-08-16
B-006017,R-0032,Multipurpose Hall,2025-03-29 14:18:23.793605,2025-04-14 11:30:00,4.0,False,2020-08-02
B-006018,R-0112,Kids Play Area,2025-03-29 16:15:26.100670,2025-03-29 18:15:00,5.0,False,2020-06-02
B-006019,R-0220,Badminton Court,2025-03-29 16:27:13.315514,2025-03-30 18:00:00,5.0,False,2021-05-12
B-006020,R-0184,Badminton Court,2025-03-29 16:35:41.255007,2025-03-31 21:15:00,1.0,False,2022-11-30
B-006021,R-0188,Swimming Pool,2025-03-29 18:05:21.011530,2025-03-30 16:15:00,1.0,False,2023-02-11
B-006022,R-0144,Badminton Court,2025-03-29 19:54:11.856949,2025-04-01 17:15:00,3.0,False,2022-07-09
B-006023,R-0276,Kids Play Area,2025-03-29 21:02:18.060871,2025-03-30 17:00:00,1.0,False,2021-12-03
B-006024,R-0036,Multipurpose Hall,2025-03-29 23:31:45.375734,2025-03-31 10:30:00,3.0,True,2021-02-14
B-006025,R-0232,Kids Play Area,2025-03-30 01:22:25.857285,2025-03-31 09:15:00,5.0,True,2022-05-16
B-006026,R-0030,Multipurpose Hall,2025-03-30 03:22:03.804515,2025-04-20 11:30:00,2.0,True,2023-02-05
B-006027,R-0101,Kids Play Area,2025-03-30 03:22:51.375270,2025-03-30 10:00:00,2.0,False,2021-06-13
B-006028,R-0189,Squash Court,2025-03-30 08:10:05.555762,2025-03-31 20:30:00,1.0,False,2022-07-11
B-006029,R-0255,Gym,2025-03-30 12:19:16.430284,2025-04-02 12:30:00,4.0,False,2021-08-19
B-006030,R-0067,Swimming Pool,2025-03-31 01:36:44.370697,2025-03-31 07:15:00,3.0,False,2020-11-02
B-006031,R-0083,Gym,2025-03-31 02:25:51.397068,2025-03-31 08:45:00,1.0,True,2020-03-12
B-006032,R-0276,Multipurpose Hall,2025-03-31 03:19:30.706475,2025-05-11 17:45:00,1.0,False,2021-12-03
B-006033,R-0259,Tennis Court,2025-03-31 04:30:37.715709,2025-04-02 06:30:00,3.0,False,2023-12-21
B-006034,R-0212,Tennis Court,2025-03-31 04:50:24.029836,2025-04-01 06:15:00,5.0,False,2023-06-20
B-006035,R-0031,Badminton Court,2025-03-31 05:49:24.774703,2025-03-31 19:15:00,1.0,False,2020-10-02
B-006036,R-0129,Kids Play Area,2025-03-31 06:10:57.242239,2025-03-31 10:15:00,2.0,False,2022-06-19
B-006037,R-0043,Swimming Pool,2025-03-31 08:30:00.000000,2025-04-06 08:30:00,5.0,False,2023-06-13
B-006038,R-0220,Gym,2025-03-31 09:25:13.253702,2025-04-04 16:45:00,5.0,False,2021-05-12
B-006039,R-0269,Badminton Court,2025-03-31 11:46:45.231363,2025-03-31 19:15:00,5.0,False,2023-11-18
B-006040,R-0090,Badminton Court,2025-03-31 12:11:52.509777,2025-04-05 20:00:00,3.0,False,2020-03-27
B-006041,R-0194,Swimming Pool,2025-03-31 12:40:26.310654,2025-04-01 08:30:00,1.0,False,2023-01-19
B-006042,R-0052,Squash Court,2025-03-31 15:40:13.900165,2025-04-01 07:15:00,3.0,True,2022-09-27
B-006043,R-0245,Squash Court,2025-03-31 19:06:14.504419,2025-04-03 18:30:00,1.0,False,2022-02-09
B-006044,R-0211,Swimming Pool,2025-03-31 20:52:39.769128,2025-04-02 08:45:00,5.0,True,2021-11-19
B-006045,R-0212,Clubhouse,2025-03-31 23:22:31.803174,2025-04-27 11:30:00,5.0,False,2023-06-20
B-006046,R-0076,Swimming Pool,2025-04-01 04:48:40.641814,2025-04-03 07:45:00,2.0,False,2020-08-07
B-006047,R-0150,Swimming Pool,2025-04-01 05:53:47.708093,2025-04-02 17:00:00,5.0,False,2021-02-11
B-006048,R-0166,Gym,2025-04-01 09:41:03.281243,2025-04-02 11:00:00,4.0,False,2022-10-13
B-006049,R-0257,Multipurpose Hall,2025-04-01 09:55:02.450218,2025-04-16 18:45:00,4.0,False,2020-12-06
B-006050,R-0256,Swimming Pool,2025-04-01 10:12:33.690877,2025-04-01 16:30:00,3.0,True,2021-06-07
B-006051,R-0128,Tennis Court,2025-04-01 10:16:35.244834,2025-04-02 17:15:00,4.0,False,2021-12-26
B-006052,R-0034,Swimming Pool,2025-04-01 11:00:59.769798,2025-04-01 16:15:00,4.0,True,2020-04-02
B-006053,R-0046,Kids Play Area,2025-04-01 14:10:23.812078,2025-04-01 18:30:00,1.0,True,2021-11-08
B-006054,R-0042,Badminton Court,2025-04-01 17:11:10.305794,2025-04-01 20:30:00,3.0,False,2022-11-14
B-006055,R-0068,Swimming Pool,2025-04-01 23:48:39.270233,2025-04-02 19:30:00,3.0,False,2022-08-28
B-006056,R-0158,Swimming Pool,2025-04-02 00:01:21.682664,2025-04-02 16:15:00,1.0,True,2021-11-01
B-006057,R-0032,Kids Play Area,2025-04-02 05:32:41.890089,2025-04-02 17:15:00,4.0,False,2020-08-02
B-006058,R-0313,Gym,2025-04-02 06:36:19.548280,2025-04-02 09:45:00,2.0,False,2022-01-03
B-006059,R-0096,Squash Court,2025-04-02 07:43:00.855978,2025-04-03 07:00:00,1.0,False,2022-10-22
B-006060,R-0307,Kids Play Area,2025-04-02 08:05:01.421188,2025-04-02 10:30:00,2.0,True,2022-03-13
B-006061,R-0192,Swimming Pool,2025-04-02 08:47:53.199925,2025-04-03 08:15:00,4.0,True,2023-07-01
B-006062,R-0041,Clubhouse,2025-04-02 13:37:34.659259,2025-04-06 20:15:00,1.0,True,2020-07-01
B-006063,R-0288,Gym,2025-04-02 14:52:11.405080,2025-04-03 07:30:00,4.0,False,2023-09-08
B-006064,R-0124,Swimming Pool,2025-04-02 15:21:07.855240,2025-04-02 17:45:00,3.0,False,2022-08-31
B-006065,R-0095,Gym,2025-04-02 21:15:40.503912,2025-04-03 11:45:00,4.0,False,2020-03-19
B-006066,R-0265,Swimming Pool,2025-04-02 21:30:48.029537,2025-04-05 17:45:00,3.0,False,2023-04-02
B-006067,R-0262,Tennis Court,2025-04-03 00:16:53.145506,2025-04-04 07:30:00,5.0,False,2023-08-23
B-006068,R-0151,Gym,2025-04-03 02:55:04.727099,2025-04-03 17:00:00,4.0,True,2020-08-06
B-006069,R-0022,Kids Play Area,2025-04-03 04:23:56.897828,2025-04-03 09:15:00,2.0,True,2022-11-11
B-006070,R-0177,Swimming Pool,2025-04-03 05:16:40.646271,2025-04-03 08:45:00,1.0,False,2021-12-08
B-006071,R-0302,Gym,2025-04-03 05:26:18.978374,2025-04-03 15:30:00,2.0,True,2023-05-11
B-006072,R-0146,Badminton Court,2025-04-03 07:54:31.114913,2025-04-03 18:00:00,4.0,False,2020-03-14
B-006073,R-0100,Tennis Court,2025-04-03 10:20:26.107880,2025-04-05 17:30:00,5.0,True,2020-08-16
B-006074,R-0187,Multipurpose Hall,2025-04-03 10:46:49.004352,2025-04-17 17:45:00,4.0,False,2020-04-30
B-006075,R-0122,Badminton Court,2025-04-03 11:33:37.063947,2025-04-05 21:45:00,1.0,False,2022-11-04
B-006076,R-0112,Multipurpose Hall,2025-04-03 17:30:51.575453,2025-04-12 19:45:00,5.0,False,2020-06-02
B-006077,R-0271,Tennis Court,2025-04-03 19:37:30.804506,2025-04-05 07:00:00,1.0,True,2021-04-08
B-006078,R-0311,Clubhouse,2025-04-03 20:09:59.175992,2025-04-14 11:45:00,5.0,False,2021-06-05
B-006079,R-0194,Swimming Pool,2025-04-04 03:05:10.802968,2025-04-05 08:45:00,1.0,False,2023-01-19
B-006080,R-0278,Swimming Pool,2025-04-04 06:00:00.000000,2025-04-04 06:30:00,4.0,False,2023-06-25
B-006081,R-0209,Badminton Court,2025-04-04 06:32:40.610294,2025-04-04 18:00:00,3.0,False,2023-07-20
B-006082,R-0264,Gym,2025-04-04 10:46:07.138148,2025-04-04 15:45:00,2.0,False,2020-01-20
B-006083,R-0186,Gym,2025-04-04 12:03:05.246914,2025-04-04 18:00:00,2.0,False,2020-11-10
B-006084,R-0298,Swimming Pool,2025-04-04 12:49:50.861862,2025-04-04 17:15:00,1.0,True,2022-09-18
B-006085,R-0269,Multipurpose Hall,2025-04-04 14:38:14.898970,2025-04-25 18:30:00,5.0,False,2023-11-18
B-006086,R-0194,Clubhouse,2025-04-04 17:00:00.000000,2025-07-03 17:00:00,1.0,False,2023-01-19
B-006087,R-0024,Swimming Pool,2025-04-04 18:02:16.131766,2025-04-05 07:45:00,1.0,False,2020-09-16
B-006088,R-0064,Badminton Court,2025-04-04 18:22:41.569663,2025-04-05 18:45:00,2.0,False,2022-10-17
B-006089,R-0166,Gym,2025-04-04 21:17:34.346470,2025-04-05 11:00:00,4.0,False,2022-10-13
B-006090,R-0279,Multipurpose Hall,2025-04-04 21:34:30.343423,2025-04-19 11:15:00,1.0,False,2023-11-24
B-006091,R-0054,Badminton Court,2025-04-04 22:08:12.531542,2025-04-05 21:15:00,2.0,False,2022-02-13
B-006092,R-0206,Swimming Pool,2025-04-04 22:10:45.191544,2025-04-05 19:30:00,3.0,False,2021-06-14
B-006093,R-0239,Tennis Court,2025-04-04 23:21:56.967491,2025-04-06 18:45:00,5.0,True,2023-01-01
B-006094,R-0180,Badminton Court,2025-04-05 05:26:40.832363,2025-04-11 21:45:00,2.0,False,2020-05-11
B-006095,R-0086,Squash Court,2025-04-05 09:10:47.871780,2025-04-05 19:30:00,3.0,False,2023-06-29
B-006096,R-0186,Clubhouse,2025-04-05 10:55:40.197486,2025-04-28 11:00:00,2.0,False,2020-11-10
B-006097,R-0066,Squash Court,2025-04-05 11:36:42.327643,2025-04-05 19:00:00,,False,2021-02-13
B-006098,R-0039,Kids Play Area,2025-04-05 13:14:35.799274,2025-04-05 17:45:00,5.0,False,2020-08-27
B-006099,R-0110,Squash Court,2025-04-05 15:30:14.561023,2025-04-06 08:30:00,4.0,False,2022-06-09
B-006100,R-0106,Badminton Court,2025-04-05 16:09:46.391145,2025-04-05 19:00:00,1.0,True,2020-01-23
B-006101,R-0215,Gym,2025-04-05 18:31:07.066483,2025-04-06 09:45:00,2.0,True,2023-03-17
B-006102,R-0284,Badminton Court,2025-04-05 22:31:06.565202,2025-04-06 18:15:00,1.0,False,2023-06-19
B-006103,R-0319,Swimming Pool,2025-04-06 01:25:32.934018,2025-04-06 18:45:00,1.0,False,2020-02-22
B-006104,R-0233,Squash Court,2025-04-06 03:07:38.243413,2025-04-06 20:00:00,4.0,True,2021-11-14
B-006105,R-0187,Squash Court,2025-04-06 07:44:09.605465,2025-04-07 07:45:00,4.0,False,2020-04-30
B-006106,R-0281,Kids Play Area,2025-04-06 11:38:11.641070,2025-04-06 18:30:00,4.0,False,2022-02-14
B-006107,R-0045,Swimming Pool,2025-04-06 12:46:19.509306,2025-04-06 16:45:00,4.0,False,2020-05-15
B-006108,R-0113,Swimming Pool,2025-04-06 14:02:20.435156,2025-04-08 07:15:00,4.0,False,2022-06-28
B-006109,R-0141,Swimming Pool,2025-04-06 14:28:06.117939,2025-04-07 07:15:00,1.0,False,2020-01-06
B-006110,R-0163,Kids Play Area,2025-04-06 14:29:29.502744,2025-04-06 18:30:00,3.0,True,2022-11-25
B-006111,R-0048,Kids Play Area,2025-04-06 15:05:51.422079,2025-04-06 17:00:00,1.0,True,2023-12-12
B-006112,R-0277,Swimming Pool,2025-04-06 15:49:52.897811,2025-04-07 19:30:00,1.0,True,2022-11-26
B-006113,R-0135,Swimming Pool,2025-04-06 16:32:04.332825,2025-04-07 17:15:00,2.0,True,2021-05-18
B-006114,R-0060,Clubhouse,2025-04-06 17:40:30.296375,2025-04-28 18:30:00,4.0,False,2021-10-21
B-006115,R-0230,Tennis Court,2025-04-06 18:31:44.839963,2025-04-07 18:30:00,5.0,False,2021-08-29
B-006116,R-0164,Multipurpose Hall,2025-04-06 19:01:56.065865,2025-04-09 18:00:00,5.0,False,2021-03-15
B-006117,R-0211,Multipurpose Hall,2025-04-06 19:05:52.578857,2025-04-15 19:30:00,5.0,True,2021-11-19
B-006118,R-0303,Gym,2025-04-07 00:42:12.924870,2025-04-07 11:15:00,2.0,False,2020-02-09
B-006119,R-0142,Swimming Pool,2025-04-07 02:47:21.183758,2025-04-07 07:30:00,5.0,False,2020-05-05
B-006120,R-0020,Gym,2025-04-07 03:33:50.134820,2025-04-07 09:00:00,1.0,False,2021-04-01
B-006121,R-0036,Badminton Court,2025-04-07 05:55:43.178430,2025-04-07 20:45:00,3.0,True,2021-02-14
B-006122,R-0102,Tennis Court,2025-04-07 10:29:31.706653,2025-04-08 06:15:00,1.0,False,2022-05-02
B-006123,R-0133,Swimming Pool,2025-04-07 10:46:08.050341,2025-04-07 17:15:00,4.0,False,2020-03-10
B-006124,R-0120,Tennis Court,2025-04-07 12:15:28.941485,2025-04-08 17:00:00,2.0,True,2023-09-11
B-006125,R-0293,Kids Play Area,2025-04-07 15:17:17.627075,2025-04-07 17:15:00,3.0,True,2023-08-16
B-006126,R-0188,Badminton Court,2025-04-07 15:41:40.728700,2025-04-13 17:45:00,1.0,False,2023-02-11
B-006127,R-0260,Swimming Pool,2025-04-07 15:55:11.639644,2025-04-07 19:15:00,5.0,False,2020-02-11
B-006128,R-0055,Swimming Pool,2025-04-07 17:45:13.904489,2025-04-07 18:45:00,3.0,False,2020-04-03
B-006129,R-0117,Swimming Pool,2025-04-07 18:59:05.856962,2025-04-08 08:30:00,4.0,False,2020-10-16
B-006130,R-0083,Multipurpose Hall,2025-04-07 19:43:17.064550,2025-04-15 17:15:00,1.0,True,2020-03-12
B-006131,R-0198,Squash Court,2025-04-07 19:59:24.864357,2025-04-08 18:15:00,5.0,False,2023-09-18
B-006132,R-0005,Badminton Court,2025-04-07 20:09:56.179324,2025-04-08 17:15:00,3.0,True,2021-05-16
B-006133,R-0111,Gym,2025-04-08 00:49:54.739668,2025-04-08 17:00:00,2.0,True,2022-01-10
B-006134,R-0096,Gym,2025-04-08 03:10:31.837206,2025-04-08 11:00:00,1.0,False,2022-10-22
B-006135,R-0118,Kids Play Area,2025-04-08 13:19:19.555410,2025-04-08 18:15:00,4.0,True,2021-08-22
B-006136,R-0193,Badminton Court,2025-04-08 13:25:30.807908,2025-04-08 17:45:00,2.0,True,2021-06-16
B-006137,R-0317,Swimming Pool,2025-04-08 13:40:19.059545,2025-04-08 18:00:00,1.0,False,2023-02-18
B-006138,R-0103,Swimming Pool,2025-04-08 13:51:15.898015,2025-04-09 08:30:00,2.0,True,2021-01-15
B-006139,R-0125,Gym,2025-04-08 15:51:44.692397,2025-04-09 07:45:00,5.0,True,2020-12-19
B-006140,R-0044,Squash Court,2025-04-08 16:37:04.587339,2025-04-08 20:45:00,1.0,False,2021-10-23
B-006141,R-0302,Gym,2025-04-08 17:09:28.461426,2025-04-09 15:00:00,2.0,True,2023-05-11
B-006142,R-0060,Squash Court,2025-04-08 18:36:15.529010,2025-04-09 07:30:00,4.0,False,2021-10-21
B-006143,R-0105,Badminton Court,2025-04-08 20:08:21.230754,2025-04-09 19:30:00,1.0,False,2021-09-14
B-006144,R-0234,Squash Court,2025-04-09 02:06:20.672134,2025-04-09 19:15:00,4.0,False,2022-03-24
B-006145,R-0161,Tennis Court,2025-04-09 02:11:33.434719,2025-04-10 07:30:00,4.0,True,2022-05-10
B-006146,R-0190,Multipurpose Hall,2025-04-09 04:02:22.789985,2025-04-16 18:30:00,,True,2022-05-02
B-006147,R-0203,Gym,2025-04-09 04:50:35.331543,2025-04-09 11:45:00,4.0,False,2023-10-19
B-006148,R-0073,Kids Play Area,2025-04-09 05:37:03.668872,2025-04-09 10:00:00,1.0,True,2021-06-20
B-006149,R-0194,Kids Play Area,2025-04-09 09:23:19.383107,2025-04-10 09:30:00,1.0,False,2023-01-19
B-006150,R-0143,Swimming Pool,2025-04-09 09:25:39.172854,2025-04-09 16:15:00,5.0,True,2022-08-13
B-006151,R-0184,Multipurpose Hall,2025-04-09 11:00:00.000000,2025-06-23 11:00:00,1.0,False,2022-11-30
B-006152,R-0259,Kids Play Area,2025-04-09 11:57:32.432027,2025-04-09 18:45:00,3.0,False,2023-12-21
B-006153,R-0290,Gym,2025-04-09 12:03:28.252075,2025-04-09 16:30:00,3.0,False,2021-02-25
B-006154,R-0187,Kids Play Area,2025-04-09 12:07:26.163246,2025-04-09 16:15:00,4.0,False,2020-04-30
B-006155,R-0305,Clubhouse,2025-04-09 12:30:12.191144,2025-04-12 11:45:00,5.0,False,2023-08-05
B-006156,R-0062,Gym,2025-04-09 18:51:18.047808,2025-04-10 14:30:00,2.0,False,2020-06-01
B-006157,R-0235,Squash Court,2025-04-09 23:52:08.923357,2025-04-12 18:30:00,2.0,False,2020-08-24
B-006158,R-0247,Swimming Pool,2025-04-10 02:34:38.506856,2025-04-10 06:15:00,3.0,True,2021-09-01
B-006159,R-0052,Kids Play Area,2025-04-10 05:39:10.408106,2025-04-10 09:00:00,3.0,True,2022-09-27
B-006160,R-0297,Multipurpose Hall,2025-04-10 10:45:00.000000,2025-06-24 10:45:00,1.0,False,2021-05-14
B-006161,R-0146,Badminton Court,2025-04-10 11:13:56.176133,2025-04-10 18:45:00,4.0,False,2020-03-14
B-006162,R-0029,Tennis Court,2025-04-10 12:43:36.748341,2025-04-12 17:45:00,1.0,False,2020-03-01
B-006163,R-0208,Gym,2025-04-10 16:19:58.780618,2025-04-11 19:15:00,5.0,False,2021-08-16
B-006164,R-0122,Kids Play Area,2025-04-10 18:37:44.405956,2025-04-11 17:00:00,1.0,False,2022-11-04
B-006165,R-0085,Tennis Court,2025-04-10 20:29:19.888888,2025-04-11 17:30:00,1.0,False,2022-03-24
B-006166,R-0076,Badminton Court,2025-04-10 22:11:46.827103,2025-04-15 17:00:00,2.0,False,2020-08-07
B-006167,R-0107,Multipurpose Hall,2025-04-11 00:54:31.729195,2025-04-16 10:45:00,2.0,False,2021-10-10
B-006168,R-0032,Kids Play Area,2025-04-11 01:55:38.544651,2025-04-11 09:00:00,4.0,False,2020-08-02
B-006169,R-0057,Kids Play Area,2025-04-11 09:46:47.975999,2025-04-11 16:45:00,2.0,False,2022-06-23
B-006170,R-0110,Clubhouse,2025-04-11 14:38:36.554707,2025-04-20 11:45:00,4.0,False,2022-06-09
B-006171,R-0222,Tennis Court,2025-04-11 22:41:25.743916,2025-04-13 07:45:00,3.0,False,2021-06-30
B-006172,R-0220,Tennis Court,2025-04-12 02:18:26.617529,2025-04-17 06:15:00,5.0,False,2021-05-12
B-006173,R-0189,Squash Court,2025-04-12 02:49:57.607452,2025-04-12 20:00:00,1.0,False,2022-07-11
B-006174,R-0294,Squash Court,2025-04-12 03:55:31.207417,2025-04-12 07:00:00,4.0,False,2021-02-22
B-006175,R-0269,Badminton Court,2025-04-12 04:49:49.574411,2025-04-13 19:15:00,5.0,False,2023-11-18
B-006176,R-0167,Gym,2025-04-12 06:04:46.254953,2025-04-12 10:00:00,2.0,False,2020-02-05
B-006177,R-0071,Squash Court,2025-04-12 07:32:38.519406,2025-04-12 18:15:00,3.0,False,2021-04-18
B-006178,R-0061,Swimming Pool,2025-04-12 08:22:05.222897,2025-04-12 19:45:00,1.0,False,2022-11-06
B-006179,R-0085,Swimming Pool,2025-04-12 09:44:31.580828,2025-04-14 08:00:00,1.0,False,2022-03-24
B-006180,R-0064,Tennis Court,2025-04-12 11:11:25.440560,2025-04-12 18:15:00,2.0,False,2022-10-17
B-006181,R-0249,Swimming Pool,2025-04-12 14:44:36.666976,2025-04-12 16:45:00,4.0,True,2021-04-14
B-006182,R-0288,Gym,2025-04-12 18:57:33.352154,2025-04-14 08:45:00,4.0,False,2023-09-08
B-006183,R-0041,Clubhouse,2025-04-12 20:15:00.000000,2025-04-13 20:15:00,1.0,True,2020-07-01
B-006184,R-0114,Swimming Pool,2025-04-13 01:16:40.168207,2025-04-15 16:45:00,3.0,True,2021-10-04
B-006185,R-0052,Clubhouse,2025-04-13 01:54:33.191701,2025-04-16 11:00:00,3.0,True,2022-09-27
B-006186,R-0299,Tennis Court,2025-04-13 02:12:57.783607,2025-04-13 19:00:00,5.0,False,2020-07-29
B-006187,R-0209,Badminton Court,2025-04-13 02:46:24.076003,2025-04-13 18:00:00,3.0,False,2023-07-20
B-006188,R-0237,Gym,2025-04-13 03:11:31.506219,2025-04-13 11:15:00,2.0,False,2020-12-11
B-006189,R-0232,Kids Play Area,2025-04-13 03:38:08.549734,2025-04-13 10:00:00,5.0,True,2022-05-16
B-006190,R-0127,Kids Play Area,2025-04-13 04:52:35.977407,2025-04-13 09:30:00,3.0,False,2020-06-15
B-006191,R-0054,Squash Court,2025-04-13 05:22:30.148429,2025-04-13 07:30:00,2.0,False,2022-02-13
B-006192,R-0130,Clubhouse,2025-04-13 09:08:01.906521,2025-04-29 17:30:00,3.0,False,2022-05-02
B-006193,R-0077,Kids Play Area,2025-04-13 10:48:51.084189,2025-04-13 16:30:00,5.0,False,2020-09-28
B-006194,R-0149,Tennis Court,2025-04-13 11:19:59.043078,2025-04-13 17:00:00,2.0,False,2020-09-09
B-006195,R-0060,Clubhouse,2025-04-13 11:23:20.764832,2025-05-06 18:15:00,4.0,False,2021-10-21
B-006196,R-0091,Squash Court,2025-04-13 11:33:18.816181,2025-04-13 20:15:00,2.0,True,2023-12-22
B-006197,R-0157,Kids Play Area,2025-04-13 12:16:31.605344,2025-04-13 16:30:00,3.0,True,2020-05-01
B-006198,R-0265,Swimming Pool,2025-04-13 14:09:42.021717,2025-04-14 17:00:00,3.0,False,2023-04-02
B-006199,R-0019,Tennis Court,2025-04-13 14:44:54.150148,2025-04-13 17:15:00,5.0,False,2022-02-09
B-006200,R-0227,Kids Play Area,2025-04-13 14:44:59.919711,2025-04-13 17:15:00,4.0,True,2021-10-13
B-006201,R-0272,Badminton Court,2025-04-13 16:49:17.039104,2025-04-14 21:15:00,3.0,False,2021-11-30
B-006202,R-0295,Badminton Court,2025-04-13 16:58:47.733045,2025-04-14 21:45:00,3.0,False,2023-02-14
B-006203,R-0082,Gym,2025-04-13 17:34:08.156376,2025-04-13 19:15:00,4.0,False,2020-08-31
B-006204,R-0240,Gym,2025-04-13 19:16:45.575221,2025-04-14 16:30:00,4.0,True,2021-08-25
B-006205,R-0058,Swimming Pool,2025-04-13 21:17:36.355075,2025-04-14 07:00:00,3.0,False,2023-09-11
B-006206,R-0274,Clubhouse,2025-04-13 21:24:17.313949,2025-04-17 12:45:00,1.0,False,2021-08-07
B-006207,R-0194,Swimming Pool,2025-04-13 21:51:12.972735,2025-04-15 08:15:00,1.0,False,2023-01-19
B-006208,R-0046,Clubhouse,2025-04-13 21:56:32.450338,2025-04-17 18:15:00,1.0,True,2021-11-08
B-006209,R-0060,Multipurpose Hall,2025-04-13 23:26:01.973424,2025-04-17 10:00:00,4.0,False,2021-10-21
B-006210,R-0190,Multipurpose Hall,2025-04-14 05:36:17.707304,2025-04-24 18:30:00,4.0,True,2022-05-02
B-006211,R-0225,Clubhouse,2025-04-14 06:36:31.627403,2025-04-19 11:45:00,2.0,False,2021-03-31
B-006212,R-0059,Kids Play Area,2025-04-14 08:02:52.910812,2025-04-14 10:15:00,2.0,True,2021-11-08
B-006213,R-0006,Kids Play Area,2025-04-14 08:20:42.446436,2025-04-14 17:00:00,1.0,True,2022-03-03
B-006214,R-0238,Tennis Court,2025-04-14 12:41:27.099650,2025-04-14 19:00:00,3.0,True,2023-07-13
B-006215,R-0023,Tennis Court,2025-04-14 12:48:00.856474,2025-04-15 06:30:00,1.0,False,2022-12-13
B-006216,R-0092,Gym,2025-04-14 15:41:32.598147,2025-04-15 06:45:00,3.0,False,2023-07-28
B-006217,R-0036,Kids Play Area,2025-04-14 15:44:16.314145,2025-04-14 18:00:00,3.0,True,2021-02-14
B-006218,R-0292,Swimming Pool,2025-04-14 16:02:49.193307,2025-04-19 07:15:00,3.0,False,2020-01-30
B-006219,R-0309,Badminton Court,2025-04-14 16:51:24.797879,2025-04-14 20:00:00,1.0,True,2022-05-22
B-006220,R-0033,Swimming Pool,2025-04-14 22:32:07.393390,2025-04-15 08:45:00,1.0,False,2022-09-12
B-006221,R-0291,Swimming Pool,2025-04-14 22:42:18.828970,2025-04-15 08:45:00,5.0,False,2020-11-14
B-006222,R-0090,Clubhouse,2025-04-14 23:07:55.458543,2025-05-03 20:30:00,3.0,False,2020-03-27
B-006223,R-0169,Swimming Pool,2025-04-15 00:40:30.998826,2025-04-15 17:30:00,2.0,True,2020-03-26
B-006224,R-0023,Tennis Court,2025-04-15 01:23:44.213180,2025-04-15 06:30:00,1.0,False,2022-12-13
B-006225,R-0152,Kids Play Area,2025-04-15 03:27:34.333633,2025-04-15 10:45:00,1.0,True,2020-03-08
B-006226,R-0171,Swimming Pool,2025-04-15 03:30:49.636851,2025-04-15 08:15:00,4.0,False,2020-03-16
B-006227,R-0228,Gym,2025-04-15 08:03:27.840443,2025-04-15 15:30:00,4.0,False,2023-09-10
B-006228,R-0028,Gym,2025-04-15 09:20:10.344135,2025-04-15 13:00:00,4.0,False,2023-12-08
B-006229,R-0243,Multipurpose Hall,2025-04-15 11:15:00.000000,2025-04-16 11:15:00,2.0,False,2022-10-01
B-006230,R-0070,Swimming Pool,2025-04-15 13:56:51.882556,2025-04-16 06:30:00,3.0,False,2020-04-24
B-006231,R-0045,Clubhouse,2025-04-15 16:38:06.879750,2025-04-19 17:45:00,4.0,False,2020-05-15
B-006232,R-0263,Kids Play Area,2025-04-15 16:44:19.787862,2025-04-16 17:00:00,3.0,True,2022-08-11
B-006233,R-0056,Swimming Pool,2025-04-15 22:11:52.779566,2025-04-16 08:30:00,2.0,True,2020-07-16
B-006234,R-0287,Gym,2025-04-15 22:22:41.406309,2025-04-16 15:00:00,3.0,False,2022-04-21
B-006235,R-0182,Gym,2025-04-15 22:25:10.330602,2025-04-16 18:15:00,2.0,True,2022-11-04
B-006236,R-0212,Gym,2025-04-15 23:48:55.042375,2025-04-16 10:00:00,5.0,False,2023-06-20
B-006237,R-0121,Squash Court,2025-04-16 00:27:58.019080,2025-04-19 08:45:00,4.0,False,2023-04-27
B-006238,R-0253,Swimming Pool,2025-04-16 02:13:23.341492,2025-04-16 06:30:00,4.0,True,2023-11-16
B-006239,R-0044,Squash Court,2025-04-16 03:30:17.160840,2025-04-16 18:45:00,1.0,False,2021-10-23
B-006240,R-0184,Badminton Court,2025-04-16 11:26:00.398797,2025-04-17 21:00:00,1.0,False,2022-11-30
B-006241,R-0066,Tennis Court,2025-04-16 12:39:41.859785,2025-04-18 07:00:00,2.0,False,2021-02-13
B-006242,R-0266,Kids Play Area,2025-04-16 15:08:46.577098,2025-04-16 18:15:00,4.0,True,2023-12-21
B-006243,R-0300,Tennis Court,2025-04-16 17:06:24.673780,2025-04-17 19:15:00,4.0,False,2023-10-05
B-006244,R-0063,Badminton Court,2025-04-16 17:36:21.757112,2025-04-17 19:30:00,2.0,False,2020-11-01
B-006245,R-0038,Gym,2025-04-16 17:47:46.544307,2025-04-17 08:00:00,5.0,False,2020-08-26
B-006246,R-0062,Badminton Court,2025-04-16 21:34:40.442423,2025-04-18 20:30:00,2.0,False,2020-06-01
B-006247,R-0090,Tennis Court,2025-04-16 22:36:00.249429,2025-04-20 18:15:00,3.0,False,2020-03-27
B-006248,R-0018,Swimming Pool,2025-04-16 23:01:03.933464,2025-04-19 18:00:00,3.0,False,2020-12-01
B-006249,R-0159,Tennis Court,2025-04-16 23:18:30.339136,2025-04-17 19:00:00,3.0,True,2022-11-14
B-006250,R-0311,Kids Play Area,2025-04-17 02:06:02.474968,2025-04-18 17:15:00,5.0,False,2021-06-05
B-006251,R-0119,Kids Play Area,2025-04-17 02:08:35.860368,2025-04-17 09:30:00,5.0,False,2023-12-08
B-006252,R-0317,Gym,2025-04-17 04:53:38.774708,2025-04-17 10:45:00,1.0,False,2023-02-18
B-006253,R-0095,Gym,2025-04-17 08:20:33.780334,2025-04-17 11:45:00,4.0,False,2020-03-19
B-006254,R-0158,Swimming Pool,2025-04-17 08:25:40.514402,2025-04-17 16:00:00,1.0,True,2021-11-01
B-006255,R-0313,Swimming Pool,2025-04-17 10:47:46.322586,2025-04-17 16:00:00,2.0,False,2022-01-03
B-006256,R-0151,Gym,2025-04-17 12:33:58.098601,2025-04-18 16:30:00,4.0,True,2020-08-06
B-006257,R-0003,Swimming Pool,2025-04-17 12:34:15.682312,2025-04-18 19:00:00,1.0,False,2020-06-06
B-006258,R-0268,Squash Court,2025-04-17 16:17:26.292335,2025-04-19 07:00:00,5.0,False,2022-10-01
B-006259,R-0240,Gym,2025-04-18 00:05:18.294289,2025-04-18 07:30:00,4.0,True,2021-08-25
B-006260,R-0142,Swimming Pool,2025-04-18 00:59:41.420626,2025-04-18 07:45:00,5.0,False,2020-05-05
B-006261,R-0035,Swimming Pool,2025-04-18 05:15:36.692136,2025-04-19 16:45:00,1.0,False,2023-05-21
B-006262,R-0232,Kids Play Area,2025-04-18 07:40:43.860534,2025-04-18 10:15:00,5.0,True,2022-05-16
B-006263,R-0258,Swimming Pool,2025-04-18 09:34:22.574335,2025-04-19 19:00:00,2.0,True,2023-04-04
B-006264,R-0255,Kids Play Area,2025-04-18 10:50:48.555167,2025-04-18 18:15:00,4.0,False,2021-08-19
B-006265,R-0100,Tennis Court,2025-04-18 11:51:19.389113,2025-04-19 19:00:00,5.0,True,2020-08-16
B-006266,R-0187,Multipurpose Hall,2025-04-18 13:05:51.755851,2025-04-25 17:00:00,4.0,False,2020-04-30
B-006267,R-0091,Tennis Court,2025-04-18 20:46:45.861235,2025-04-20 06:45:00,2.0,True,2023-12-22
B-006268,R-0018,Tennis Court,2025-04-18 21:41:11.061817,2025-04-20 19:00:00,3.0,False,2020-12-01
B-006269,R-0122,Badminton Court,2025-04-19 00:51:12.015432,2025-04-19 21:00:00,1.0,False,2022-11-04
B-006270,R-0248,Kids Play Area,2025-04-19 04:42:01.438525,2025-04-19 10:30:00,2.0,True,2022-12-30
B-006271,R-0276,Kids Play Area,2025-04-19 06:34:03.461852,2025-04-19 16:30:00,1.0,False,2021-12-03
B-006272,R-0124,Swimming Pool,2025-04-19 07:03:55.270474,2025-04-19 17:00:00,3.0,False,2022-08-31
B-006273,R-0137,Kids Play Area,2025-04-19 15:58:41.656506,2025-04-19 16:45:00,2.0,True,2020-08-26
B-006274,R-0267,Kids Play Area,2025-04-19 18:36:49.258081,2025-04-20 16:30:00,3.0,False,2021-09-07
B-006275,R-0024,Swimming Pool,2025-04-19 20:38:49.274366,2025-04-20 07:15:00,1.0,False,2020-09-16
B-006276,R-0197,Swimming Pool,2025-04-19 21:41:09.452366,2025-04-20 16:15:00,3.0,False,2023-05-10
B-006277,R-0094,Clubhouse,2025-04-20 02:15:25.252256,2025-04-23 17:45:00,5.0,False,2020-03-17
B-006278,R-0208,Swimming Pool,2025-04-20 07:21:42.972152,2025-04-21 08:30:00,5.0,False,2021-08-16
B-006279,R-0026,Tennis Court,2025-04-20 10:10:51.250951,2025-04-22 18:15:00,2.0,False,2022-01-18
B-006280,R-0086,Squash Court,2025-04-20 11:25:59.806833,2025-04-20 19:30:00,3.0,False,2023-06-29
B-006281,R-0047,Squash Court,2025-04-20 12:13:14.236690,2025-04-20 18:15:00,2.0,False,2021-10-19
B-006282,R-0196,Tennis Court,2025-04-20 12:15:41.756493,2025-04-26 17:30:00,2.0,True,2022-01-24
B-006283,R-0022,Kids Play Area,2025-04-20 20:57:01.914852,2025-04-21 09:30:00,2.0,True,2022-11-11
B-006284,R-0278,Badminton Court,2025-04-20 23:23:36.328782,2025-04-21 17:45:00,4.0,False,2023-06-25
B-006285,R-0098,Gym,2025-04-21 00:31:08.699655,2025-04-23 09:15:00,4.0,False,2022-10-31
B-006286,R-0002,Tennis Court,2025-04-21 01:53:14.578189,2025-04-23 06:15:00,1.0,False,2022-03-21
B-006287,R-0105,Gym,2025-04-21 02:19:02.472780,2025-04-21 09:00:00,1.0,False,2021-09-14
B-006288,R-0269,Badminton Court,2025-04-21 06:45:18.965057,2025-04-21 19:30:00,5.0,False,2023-11-18
B-006289,R-0002,Tennis Court,2025-04-21 07:18:58.194719,2025-04-24 06:15:00,1.0,False,2022-03-21
B-006290,R-0259,Squash Court,2025-04-21 07:37:57.292573,2025-04-21 20:00:00,3.0,False,2023-12-21
B-006291,R-0058,Kids Play Area,2025-04-21 10:01:34.296323,2025-04-21 16:30:00,3.0,False,2023-09-11
B-006292,R-0057,Multipurpose Hall,2025-04-21 10:43:44.429385,2025-04-26 18:15:00,2.0,False,2022-06-23
B-006293,R-0267,Multipurpose Hall,2025-04-21 11:37:57.128878,2025-05-14 19:30:00,3.0,False,2021-09-07
B-006294,R-0264,Squash Court,2025-04-21 11:38:56.483053,2025-04-21 18:15:00,2.0,False,2020-01-20
B-006295,R-0244,Badminton Court,2025-04-21 13:00:53.969102,2025-04-22 19:30:00,2.0,True,2022-07-27
B-006296,R-0209,Swimming Pool,2025-04-21 14:19:28.453859,2025-04-21 17:45:00,3.0,False,2023-07-20
B-006297,R-0266,Tennis Court,2025-04-21 16:33:25.794059,2025-04-22 17:45:00,4.0,True,2023-12-21
B-006298,R-0025,Tennis Court,2025-04-21 16:54:31.218175,2025-04-22 07:15:00,4.0,True,2020-12-30
B-006299,R-0178,Kids Play Area,2025-04-21 17:37:09.238564,2025-04-21 18:45:00,2.0,True,2023-06-30
B-006300,R-0145,Tennis Court,2025-04-21 19:39:25.547483,2025-04-22 07:45:00,1.0,False,2021-10-20
B-006301,R-0096,Gym,2025-04-21 20:58:34.217608,2025-04-22 11:15:00,1.0,False,2022-10-22
B-006302,R-0194,Badminton Court,2025-04-21 21:54:15.583444,2025-04-23 19:15:00,1.0,False,2023-01-19
B-006303,R-0206,Swimming Pool,2025-04-22 02:01:17.194849,2025-04-24 19:00:00,3.0,False,2021-06-14
B-006304,R-0223,Badminton Court,2025-04-22 02:02:58.452980,2025-04-22 19:00:00,1.0,False,2021-12-28
B-006305,R-0036,Kids Play Area,2025-04-22 06:29:19.239436,2025-04-22 09:00:00,3.0,True,2021-02-14
B-006306,R-0157,Kids Play Area,2025-04-22 07:27:14.318187,2025-04-22 09:00:00,3.0,True,2020-05-01
B-006307,R-0055,Tennis Court,2025-04-22 08:37:28.764572,2025-04-22 18:45:00,3.0,False,2020-04-03
B-006308,R-0303,Swimming Pool,2025-04-22 11:14:47.595441,2025-04-22 19:00:00,2.0,False,2020-02-09
B-006309,R-0021,Tennis Court,2025-04-22 11:36:55.794345,2025-04-26 07:45:00,5.0,False,2021-06-16
B-006310,R-0229,Swimming Pool,2025-04-22 12:44:43.128469,2025-04-23 07:30:00,2.0,False,2020-02-16
B-006311,R-0215,Squash Court,2025-04-22 13:18:48.391289,2025-04-22 18:15:00,2.0,True,2023-03-17
B-006312,R-0121,Multipurpose Hall,2025-04-22 13:56:38.161091,2025-05-03 17:45:00,4.0,False,2023-04-27
B-006313,R-0172,Kids Play Area,2025-04-22 14:36:14.898511,2025-04-22 17:00:00,2.0,False,2020-03-14
B-006314,R-0139,Squash Court,2025-04-22 16:05:46.220225,2025-04-23 18:30:00,4.0,True,2022-06-23
B-006315,R-0011,Kids Play Area,2025-04-22 17:07:18.924830,2025-04-23 16:15:00,4.0,False,2022-01-15
B-006316,R-0191,Kids Play Area,2025-04-22 17:54:14.039310,2025-04-22 18:45:00,2.0,True,2020-01-20
B-006317,R-0101,Squash Court,2025-04-22 18:33:08.885463,2025-04-23 07:15:00,2.0,False,2021-06-13
B-006318,R-0032,Tennis Court,2025-04-22 22:25:32.319886,2025-04-24 06:45:00,4.0,False,2020-08-02
B-006319,R-0181,Tennis Court,2025-04-23 00:53:14.008489,2025-04-25 06:30:00,4.0,True,2022-08-08
B-006320,R-0048,Clubhouse,2025-04-23 00:58:49.013955,2025-04-27 17:15:00,1.0,True,2023-12-12
B-006321,R-0070,Swimming Pool,2025-04-23 02:18:01.766956,2025-04-23 06:30:00,3.0,False,2020-04-24
B-006322,R-0267,Kids Play Area,2025-04-23 09:29:55.379263,2025-04-23 16:45:00,3.0,False,2021-09-07
B-006323,R-0111,Swimming Pool,2025-04-23 11:57:02.830135,2025-04-24 19:45:00,2.0,True,2022-01-10
B-006324,R-0260,Swimming Pool,2025-04-23 13:46:16.580283,2025-04-23 17:30:00,5.0,False,2020-02-11
B-006325,R-0180,Badminton Court,2025-04-23 14:20:21.849983,2025-04-25 17:30:00,2.0,False,2020-05-11
B-006326,R-0176,Kids Play Area,2025-04-23 15:43:21.154012,2025-04-23 18:30:00,5.0,True,2022-03-04
B-006327,R-0193,Badminton Court,2025-04-23 16:34:10.754283,2025-04-23 20:30:00,2.0,True,2021-06-16
B-006328,R-0187,Multipurpose Hall,2025-04-23 17:15:00.000000,2025-04-24 17:15:00,4.0,False,2020-04-30
B-006329,R-0019,Multipurpose Hall,2025-04-23 18:05:23.605006,2025-04-26 18:30:00,5.0,False,2022-02-09
B-006330,R-0071,Tennis Court,2025-04-23 18:06:06.261545,2025-04-24 18:15:00,3.0,False,2021-04-18
B-006331,R-0273,Gym,2025-04-23 21:49:37.457547,2025-04-26 15:00:00,5.0,False,2020-10-30
B-006332,R-0061,Swimming Pool,2025-04-24 02:07:14.781183,2025-04-26 19:15:00,1.0,False,2022-11-06
B-006333,R-0234,Gym,2025-04-24 02:51:13.161298,2025-04-24 17:15:00,4.0,False,2022-03-24
B-006334,R-0292,Swimming Pool,2025-04-24 07:42:02.286816,2025-04-26 07:30:00,3.0,False,2020-01-30
B-006335,R-0117,Squash Court,2025-04-24 09:15:36.710798,2025-04-27 08:15:00,4.0,False,2020-10-16
B-006336,R-0204,Gym,2025-04-24 11:29:58.563194,2025-04-24 14:00:00,4.0,False,2022-05-24
B-006337,R-0064,Tennis Court,2025-04-24 12:36:08.555486,2025-04-26 18:15:00,2.0,False,2022-10-17
B-006338,R-0056,Swimming Pool,2025-04-24 15:21:32.454478,2025-04-25 19:30:00,2.0,True,2020-07-16
B-006339,R-0188,Swimming Pool,2025-04-24 16:30:00.000000,2025-04-30 16:30:00,1.0,False,2023-02-11
B-006340,R-0309,Kids Play Area,2025-04-24 16:50:00.674601,2025-04-24 17:30:00,1.0,True,2022-05-22
B-006341,R-0152,Kids Play Area,2025-04-24 17:06:36.919082,2025-04-25 10:00:00,1.0,True,2020-03-08
B-006342,R-0279,Multipurpose Hall,2025-04-24 22:38:33.849011,2025-04-27 11:00:00,1.0,False,2023-11-24
B-006343,R-0164,Multipurpose Hall,2025-04-25 00:58:41.928170,2025-04-27 17:45:00,5.0,False,2021-03-15
B-006344,R-0158,Swimming Pool,2025-04-25 01:49:00.033080,2025-04-25 16:30:00,1.0,True,2021-11-01
B-006345,R-0267,Multipurpose Hall,2025-04-25 03:00:27.600668,2025-05-01 18:45:00,3.0,False,2021-09-07
B-006346,R-0209,Multipurpose Hall,2025-04-25 03:56:47.446468,2025-05-01 10:15:00,3.0,False,2023-07-20
B-006347,R-0039,Tennis Court,2025-04-25 04:25:21.821995,2025-04-26 18:30:00,5.0,False,2020-08-27
B-006348,R-0275,Kids Play Area,2025-04-25 04:39:25.949420,2025-04-25 18:00:00,4.0,True,2020-05-07
B-006349,R-0288,Tennis Court,2025-04-25 08:48:27.108279,2025-04-28 07:00:00,4.0,False,2023-09-08
B-006350,R-0219,Swimming Pool,2025-04-25 09:39:51.428088,2025-04-25 19:00:00,1.0,False,2022-08-10
B-006351,R-0013,Swimming Pool,2025-04-25 12:02:25.984215,2025-04-25 19:45:00,1.0,True,2023-10-18
B-006352,R-0268,Multipurpose Hall,2025-04-25 16:05:13.359314,2025-05-03 11:45:00,5.0,False,2022-10-01
B-006353,R-0178,Clubhouse,2025-04-25 17:29:34.819140,2025-04-27 11:00:00,2.0,True,2023-06-30
B-006354,R-0076,Tennis Court,2025-04-25 19:00:00.000000,2025-05-06 07:00:00,2.0,False,2020-08-07
B-006355,R-0146,Clubhouse,2025-04-25 19:22:22.063205,2025-04-27 11:30:00,4.0,False,2020-03-14
B-006356,R-0271,Squash Court,2025-04-25 23:31:57.024760,2025-04-27 08:30:00,1.0,True,2021-04-08
B-006357,R-0117,Squash Court,2025-04-26 00:54:03.187256,2025-04-26 08:00:00,4.0,False,2020-10-16
B-006358,R-0233,Squash Court,2025-04-26 01:40:56.916477,2025-04-26 20:15:00,4.0,True,2021-11-14
B-006359,R-0122,Gym,2025-04-26 06:04:18.444397,2025-04-26 20:45:00,1.0,False,2022-11-04
B-006360,R-0073,Kids Play Area,2025-04-26 06:47:30.676528,2025-04-26 10:45:00,1.0,True,2021-06-20
B-006361,R-0314,Squash Court,2025-04-26 07:02:15.846880,2025-04-26 18:45:00,2.0,False,2022-04-28
B-006362,R-0101,Squash Court,2025-04-26 09:28:08.182122,2025-04-27 07:45:00,2.0,False,2021-06-13
B-006363,R-0069,Swimming Pool,2025-04-26 09:33:26.819093,2025-04-26 18:30:00,1.0,False,2023-11-30
B-006364,R-0297,Clubhouse,2025-04-26 09:46:55.350622,2025-05-20 20:00:00,1.0,False,2021-05-14
B-006365,R-0173,Badminton Court,2025-04-26 13:22:51.938126,2025-04-27 21:15:00,2.0,False,2021-03-09
B-006366,R-0066,Squash Court,2025-04-26 15:38:20.184027,2025-04-27 19:00:00,2.0,False,2021-02-13
B-006367,R-0139,Tennis Court,2025-04-26 18:07:47.200390,2025-04-28 18:30:00,4.0,True,2022-06-23
B-006368,R-0105,Tennis Court,2025-04-26 20:19:42.129573,2025-04-29 07:30:00,1.0,False,2021-09-14
B-006369,R-0144,Badminton Court,2025-04-26 21:43:39.998724,2025-04-27 17:15:00,3.0,False,2022-07-09
B-006370,R-0021,Multipurpose Hall,2025-04-26 23:08:03.792837,2025-06-28 11:30:00,5.0,False,2021-06-16
B-006371,R-0108,Kids Play Area,2025-04-26 23:11:31.260875,2025-04-27 10:00:00,2.0,False,2020-05-18
B-006372,R-0242,Badminton Court,2025-04-27 01:25:17.682690,2025-04-27 21:30:00,3.0,True,2020-12-31
B-006373,R-0228,Badminton Court,2025-04-27 04:54:48.338273,2025-04-27 19:45:00,4.0,False,2023-09-10
B-006374,R-0086,Swimming Pool,2025-04-27 05:08:32.582029,2025-04-27 08:15:00,3.0,False,2023-06-29
B-006375,R-0168,Kids Play Area,2025-04-27 07:37:38.752296,2025-04-27 18:00:00,3.0,True,2022-09-23
B-006376,R-0082,Gym,2025-04-27 08:31:18.127078,2025-04-27 19:00:00,4.0,False,2020-08-31
B-006377,R-0027,Squash Court,2025-04-27 08:51:21.476456,2025-04-27 20:15:00,2.0,False,2023-03-12
B-006378,R-0100,Tennis Court,2025-04-27 10:45:40.659472,2025-04-28 17:15:00,5.0,True,2020-08-16
B-006379,R-0184,Badminton Court,2025-04-27 12:03:42.114613,2025-04-28 21:15:00,1.0,False,2022-11-30
B-006380,R-0118,Gym,2025-04-27 13:42:07.689473,2025-04-27 18:45:00,4.0,True,2021-08-22
B-006381,R-0151,Gym,2025-04-27 21:39:24.910872,2025-04-28 06:30:00,4.0,True,2020-08-06
B-006382,R-0311,Kids Play Area,2025-04-28 00:21:40.174101,2025-04-28 16:45:00,5.0,False,2021-06-05
B-006383,R-0189,Swimming Pool,2025-04-28 00:40:59.447475,2025-04-28 19:00:00,1.0,False,2022-07-11
B-006384,R-0049,Badminton Court,2025-04-28 03:41:38.105009,2025-04-28 21:00:00,3.0,True,2020-11-28
B-006385,R-0249,Swimming Pool,2025-04-28 05:20:46.814155,2025-04-28 16:30:00,4.0,True,2021-04-14
B-006386,R-0036,Multipurpose Hall,2025-04-28 07:50:57.062910,2025-04-30 10:45:00,3.0,True,2021-02-14
B-006387,R-0207,Swimming Pool,2025-04-28 10:59:04.357984,2025-04-28 17:30:00,3.0,False,2021-04-11
B-006388,R-0232,Kids Play Area,2025-04-28 12:35:28.520183,2025-04-29 09:00:00,5.0,True,2022-05-16
B-006389,R-0306,Kids Play Area,2025-04-28 12:52:13.209561,2025-04-28 16:30:00,3.0,True,2022-09-30
B-006390,R-0285,Squash Court,2025-04-28 15:45:58.132227,2025-04-28 20:15:00,1.0,False,2021-10-06
B-006391,R-0187,Squash Court,2025-04-28 20:32:40.241558,2025-04-29 19:15:00,4.0,False,2020-04-30
B-006392,R-0253,Tennis Court,2025-04-28 21:55:26.825748,2025-04-29 06:30:00,4.0,True,2023-11-16
B-006393,R-0210,Squash Court,2025-04-29 03:37:25.476427,2025-04-29 07:00:00,1.0,False,2022-05-08
B-006394,R-0197,Swimming Pool,2025-04-29 10:12:14.278394,2025-04-29 16:45:00,3.0,False,2023-05-10
B-006395,R-0297,Squash Court,2025-04-29 10:17:34.676137,2025-04-30 08:15:00,1.0,False,2021-05-14
B-006396,R-0255,Kids Play Area,2025-04-29 12:29:34.988081,2025-04-29 18:45:00,4.0,False,2021-08-19
B-006397,R-0046,Tennis Court,2025-04-29 12:30:34.864684,2025-04-29 18:30:00,1.0,True,2021-11-08
B-006398,R-0137,Kids Play Area,2025-04-29 14:39:05.533310,2025-04-29 17:15:00,2.0,True,2020-08-26
B-006399,R-0318,Swimming Pool,2025-04-29 14:40:10.141477,2025-04-30 06:15:00,4.0,False,2021-01-26
B-006400,R-0021,Tennis Court,2025-04-29 18:34:24.150722,2025-04-30 07:15:00,5.0,False,2021-06-16
B-006401,R-0303,Gym,2025-04-29 19:43:22.790302,2025-04-29 20:00:00,2.0,False,2020-02-09
B-006402,R-0163,Gym,2025-04-29 20:18:59.011756,2025-04-30 17:15:00,3.0,True,2022-11-25
B-006403,R-0083,Clubhouse,2025-04-30 00:47:20.460940,2025-05-12 17:00:00,1.0,True,2020-03-12
B-006404,R-0220,Multipurpose Hall,2025-04-30 00:56:35.444003,2025-05-22 11:30:00,5.0,False,2021-05-12
B-006405,R-0303,Multipurpose Hall,2025-04-30 05:52:59.896415,2025-05-04 17:00:00,2.0,False,2020-02-09
B-006406,R-0311,Clubhouse,2025-04-30 05:55:14.027468,2025-05-07 11:45:00,5.0,False,2021-06-05
B-006407,R-0256,Swimming Pool,2025-04-30 07:10:50.370294,2025-04-30 16:45:00,3.0,True,2021-06-07
B-006408,R-0150,Swimming Pool,2025-04-30 08:47:54.609148,2025-04-30 17:15:00,5.0,False,2021-02-11
B-006409,R-0039,Kids Play Area,2025-04-30 10:09:26.655403,2025-04-30 16:15:00,5.0,False,2020-08-27
B-006410,R-0062,Gym,2025-04-30 10:21:25.178972,2025-05-02 14:15:00,2.0,False,2020-06-01
B-006411,R-0263,Swimming Pool,2025-04-30 10:53:20.816615,2025-05-01 18:30:00,3.0,True,2022-08-11
B-006412,R-0296,Squash Court,2025-04-30 18:00:00.000000,2025-05-06 18:00:00,5.0,False,2021-02-23
B-006413,R-0192,Kids Play Area,2025-05-01 00:02:54.731417,2025-05-01 10:00:00,4.0,True,2023-07-01
B-006414,R-0023,Tennis Court,2025-05-01 01:22:06.412601,2025-05-02 06:45:00,1.0,False,2022-12-13
B-006415,R-0225,Kids Play Area,2025-05-01 05:57:18.671068,2025-05-01 10:45:00,2.0,False,2021-03-31
B-006416,R-0052,Squash Court,2025-05-01 06:31:27.429349,2025-05-01 08:15:00,3.0,True,2022-09-27
B-006417,R-0277,Kids Play Area,2025-05-01 08:13:44.548692,2025-05-01 09:45:00,1.0,True,2022-11-26
B-006418,R-0279,Multipurpose Hall,2025-05-01 10:43:16.593324,2025-05-09 11:45:00,1.0,False,2023-11-24
B-006419,R-0181,Clubhouse,2025-05-01 11:55:05.540456,2025-05-20 11:45:00,4.0,True,2022-08-08
B-006420,R-0095,Squash Court,2025-05-01 12:11:12.441597,2025-05-01 19:30:00,4.0,False,2020-03-19
B-006421,R-0234,Clubhouse,2025-05-01 14:49:11.232316,2025-05-08 17:00:00,4.0,False,2022-03-24
B-006422,R-0170,Swimming Pool,2025-05-01 15:03:01.168981,2025-05-02 16:30:00,4.0,False,2023-02-04
B-006423,R-0195,Tennis Court,2025-05-01 17:11:46.078530,2025-05-02 18:30:00,3.0,True,2022-06-30
B-006424,R-0129,Badminton Court,2025-05-01 21:27:53.852127,2025-05-03 20:30:00,2.0,False,2022-06-19
B-006425,R-0120,Kids Play Area,2025-05-01 22:08:53.991351,2025-05-02 10:00:00,2.0,True,2023-09-11
B-006426,R-0180,Badminton Court,2025-05-02 00:32:42.244027,2025-05-02 21:30:00,2.0,False,2020-05-11
B-006427,R-0230,Tennis Court,2025-05-02 05:37:48.875294,2025-05-04 17:45:00,5.0,False,2021-08-29
B-006428,R-0117,Squash Court,2025-05-02 12:15:55.639448,2025-05-03 07:45:00,4.0,False,2020-10-16
B-006429,R-0261,Kids Play Area,2025-05-02 12:34:57.119712,2025-05-02 17:45:00,5.0,True,2023-07-12
B-006430,R-0313,Swimming Pool,2025-05-02 13:44:32.080809,2025-05-02 16:45:00,2.0,False,2022-01-03
B-006431,R-0104,Gym,2025-05-02 14:19:41.609223,2025-05-03 16:45:00,5.0,True,2023-02-09
B-006432,R-0213,Clubhouse,2025-05-02 16:52:49.287898,2025-05-22 12:15:00,5.0,True,2022-11-19
B-006433,R-0226,Tennis Court,2025-05-02 16:53:47.383692,2025-05-04 19:15:00,3.0,False,2020-02-27
B-006434,R-0274,Multipurpose Hall,2025-05-02 18:42:42.871894,2025-05-04 19:30:00,1.0,False,2021-08-07
B-006435,R-0138,Tennis Court,2025-05-02 19:00:50.320990,2025-05-07 19:15:00,3.0,False,2021-08-01
B-006436,R-0157,Swimming Pool,2025-05-02 20:17:36.070401,2025-05-04 17:30:00,3.0,True,2020-05-01
B-006437,R-0101,Kids Play Area,2025-05-02 23:24:09.063977,2025-05-03 10:00:00,2.0,False,2021-06-13
B-006438,R-0252,Gym,2025-05-03 00:31:36.554627,2025-05-03 11:30:00,2.0,True,2021-11-26
B-006439,R-0106,Swimming Pool,2025-05-03 03:39:15.946304,2025-05-03 08:00:00,1.0,True,2020-01-23
B-006440,R-0229,Squash Court,2025-05-03 04:02:38.053311,2025-05-04 07:15:00,2.0,False,2020-02-16
B-006441,R-0058,Kids Play Area,2025-05-03 05:26:04.054113,2025-05-03 16:45:00,3.0,False,2023-09-11
B-006442,R-0198,Multipurpose Hall,2025-05-03 06:10:29.511962,2025-05-23 17:15:00,5.0,False,2023-09-18
B-006443,R-0154,Squash Court,2025-05-03 06:10:51.684330,2025-05-05 19:00:00,4.0,False,2020-04-23
B-006444,R-0254,Badminton Court,2025-05-03 11:10:48.894094,2025-05-03 20:30:00,2.0,False,2020-09-25
B-006445,R-0045,Kids Play Area,2025-05-03 13:06:02.495186,2025-05-03 17:45:00,4.0,False,2020-05-15
B-006446,R-0082,Gym,2025-05-03 13:11:16.081009,2025-05-03 19:00:00,4.0,False,2020-08-31
B-006447,R-0065,Swimming Pool,2025-05-03 13:42:53.559713,2025-05-04 08:45:00,4.0,False,2023-02-14
B-006448,R-0170,Multipurpose Hall,2025-05-03 15:31:47.625828,2025-05-22 18:30:00,4.0,False,2023-02-04
B-006449,R-0259,Clubhouse,2025-05-03 19:33:05.182515,2025-05-07 19:00:00,3.0,False,2023-12-21
B-006450,R-0199,Multipurpose Hall,2025-05-03 21:24:15.250289,2025-05-18 18:15:00,1.0,False,2023-07-24
B-006451,R-0205,Gym,2025-05-04 01:01:43.098536,2025-05-04 06:00:00,3.0,False,2023-01-19
B-006452,R-0283,Swimming Pool,2025-05-04 02:26:58.041270,2025-05-05 06:30:00,1.0,False,2020-02-28
B-006453,R-0293,Kids Play Area,2025-05-04 02:49:37.069612,2025-05-04 10:15:00,3.0,True,2023-08-16
B-006454,R-0069,Gym,2025-05-04 09:18:41.935225,2025-05-04 15:00:00,1.0,False,2023-11-30
B-006455,R-0275,Kids Play Area,2025-05-04 11:17:34.250553,2025-05-04 17:45:00,4.0,True,2020-05-07
B-006456,R-0064,Swimming Pool,2025-05-04 13:00:14.937350,2025-05-04 17:00:00,2.0,False,2022-10-17
B-006457,R-0126,Kids Play Area,2025-05-04 14:15:15.868584,2025-05-04 18:15:00,4.0,False,2020-12-04
B-006458,R-0099,Kids Play Area,2025-05-04 15:25:38.479267,2025-05-04 18:15:00,2.0,False,2022-07-13
B-006459,R-0282,Clubhouse,2025-05-04 16:23:00.005354,2025-05-12 12:45:00,2.0,False,2020-02-04
B-006460,R-0153,Gym,2025-05-04 16:50:07.505326,2025-05-04 19:45:00,5.0,False,2023-03-03
B-006461,R-0164,Squash Court,2025-05-04 17:12:26.008888,2025-05-04 19:30:00,5.0,False,2021-03-15
B-006462,R-0294,Tennis Court,2025-05-04 17:45:00.000000,2025-05-04 19:45:00,4.0,False,2021-02-22
B-006463,R-0022,Kids Play Area,2025-05-04 18:26:42.589573,2025-05-05 09:15:00,2.0,True,2022-11-11
B-006464,R-0170,Swimming Pool,2025-05-05 00:53:58.947454,2025-05-05 18:45:00,4.0,False,2023-02-04
B-006465,R-0141,Swimming Pool,2025-05-05 02:33:11.967639,2025-05-05 07:30:00,1.0,False,2020-01-06
B-006466,R-0096,Badminton Court,2025-05-05 02:40:52.663303,2025-05-05 20:15:00,1.0,False,2022-10-22
B-006467,R-0032,Tennis Court,2025-05-05 05:29:17.944326,2025-05-06 06:30:00,4.0,False,2020-08-02
B-006468,R-0032,Tennis Court,2025-05-05 08:00:29.521546,2025-05-09 06:30:00,4.0,False,2020-08-02
B-006469,R-0135,Kids Play Area,2025-05-05 11:59:29.919250,2025-05-05 18:15:00,2.0,True,2021-05-18
B-006470,R-0246,Swimming Pool,2025-05-05 13:05:06.341294,2025-05-07 08:45:00,2.0,False,2020-03-20
B-006471,R-0047,Swimming Pool,2025-05-05 14:30:48.643710,2025-05-05 17:00:00,2.0,False,2021-10-19
B-006472,R-0198,Gym,2025-05-05 14:33:50.528269,2025-05-05 18:30:00,5.0,False,2023-09-18
B-006473,R-0189,Swimming Pool,2025-05-05 20:50:26.151987,2025-05-06 16:45:00,1.0,False,2022-07-11
B-006474,R-0247,Swimming Pool,2025-05-06 02:14:32.807366,2025-05-06 06:30:00,3.0,True,2021-09-01
B-006475,R-0038,Multipurpose Hall,2025-05-06 03:41:03.563023,2025-05-15 19:00:00,5.0,False,2020-08-26
B-006476,R-0056,Swimming Pool,2025-05-06 03:57:22.637560,2025-05-06 08:45:00,2.0,True,2020-07-16
B-006477,R-0288,Clubhouse,2025-05-06 04:30:06.420583,2025-05-12 11:45:00,4.0,False,2023-09-08
B-006478,R-0024,Multipurpose Hall,2025-05-06 05:30:25.683491,2025-05-17 11:30:00,1.0,False,2020-09-16
B-006479,R-0232,Kids Play Area,2025-05-06 05:41:47.963027,2025-05-06 10:15:00,5.0,True,2022-05-16
B-006480,R-0297,Multipurpose Hall,2025-05-06 06:11:17.424183,2025-05-13 19:00:00,1.0,False,2021-05-14
B-006481,R-0012,Badminton Court,2025-05-06 06:33:41.082537,2025-05-10 17:15:00,4.0,True,2020-11-21
B-006482,R-0127,Kids Play Area,2025-05-06 08:41:49.435885,2025-05-06 09:30:00,3.0,False,2020-06-15
B-006483,R-0039,Multipurpose Hall,2025-05-06 09:26:09.998664,2025-06-02 19:45:00,5.0,False,2020-08-27
B-006484,R-0013,Swimming Pool,2025-05-06 09:53:49.905797,2025-05-06 19:15:00,1.0,True,2023-10-18
B-006485,R-0029,Squash Court,2025-05-06 13:36:18.990673,2025-05-08 18:15:00,1.0,False,2020-03-01
B-006486,R-0290,Swimming Pool,2025-05-06 13:37:02.044195,2025-05-06 19:45:00,3.0,False,2021-02-25
B-006487,R-0118,Badminton Court,2025-05-06 15:48:32.779622,2025-05-06 21:45:00,4.0,True,2021-08-22
B-006488,R-0175,Swimming Pool,2025-05-06 17:23:37.735348,2025-05-07 18:45:00,1.0,False,2020-01-26
B-006489,R-0188,Swimming Pool,2025-05-06 18:00:00.000000,2025-05-12 18:00:00,1.0,False,2023-02-11
B-006490,R-0083,Badminton Court,2025-05-06 20:22:54.179536,2025-05-07 17:15:00,1.0,True,2020-03-12
B-006491,R-0152,Gym,2025-05-06 21:05:32.229393,2025-05-07 17:15:00,1.0,True,2020-03-08
B-006492,R-0122,Tennis Court,2025-05-06 21:41:12.933933,2025-05-07 18:45:00,1.0,False,2022-11-04
B-006493,R-0031,Badminton Court,2025-05-07 01:18:23.996474,2025-05-07 19:15:00,1.0,False,2020-10-02
B-006494,R-0177,Squash Court,2025-05-07 01:53:12.805866,2025-05-08 18:00:00,1.0,False,2021-12-08
B-006495,R-0139,Tennis Court,2025-05-07 02:33:18.995823,2025-05-09 18:15:00,4.0,True,2022-06-23
B-006496,R-0110,Squash Court,2025-05-07 03:08:28.353530,2025-05-07 18:00:00,4.0,False,2022-06-09
B-006497,R-0038,Badminton Court,2025-05-07 03:20:45.848432,2025-05-07 17:30:00,5.0,False,2020-08-26
B-006498,R-0120,Clubhouse,2025-05-07 06:16:17.335620,2025-05-21 17:00:00,2.0,True,2023-09-11
B-006499,R-0238,Tennis Court,2025-05-07 06:39:40.372255,2025-05-07 19:00:00,3.0,True,2023-07-13
B-006500,R-0240,Tennis Court,2025-05-07 07:30:43.288043,2025-05-09 17:15:00,4.0,True,2021-08-25
B-006501,R-0169,Kids Play Area,2025-05-07 08:10:10.854684,2025-05-08 16:30:00,2.0,True,2020-03-26
B-006502,R-0017,Kids Play Area,2025-05-07 08:34:52.400823,2025-05-07 09:45:00,1.0,False,2023-04-21
B-006503,R-0186,Clubhouse,2025-05-07 08:51:55.426638,2025-05-16 11:45:00,2.0,False,2020-11-10
B-006504,R-0309,Kids Play Area,2025-05-07 08:55:06.184653,2025-05-07 10:45:00,1.0,True,2022-05-22
B-006505,R-0070,Swimming Pool,2025-05-07 09:00:16.457557,2025-05-09 07:00:00,3.0,False,2020-04-24
B-006506,R-0134,Tennis Court,2025-05-07 13:39:30.710286,2025-05-11 19:30:00,4.0,False,2020-03-31
B-006507,R-0142,Kids Play Area,2025-05-07 15:11:02.378330,2025-05-07 18:15:00,5.0,False,2020-05-05
B-006508,R-0036,Kids Play Area,2025-05-07 16:51:42.413947,2025-05-07 18:15:00,3.0,True,2021-02-14
B-006509,R-0184,Tennis Court,2025-05-07 18:03:02.435193,2025-05-10 07:00:00,1.0,False,2022-11-30
B-006510,R-0084,Gym,2025-05-07 23:24:45.116821,2025-05-08 09:45:00,1.0,False,2021-03-07
B-006511,R-0245,Squash Court,2025-05-08 03:03:33.110950,2025-05-09 18:30:00,1.0,False,2022-02-09
B-006512,R-0064,Swimming Pool,2025-05-08 04:16:53.416059,2025-05-08 17:30:00,2.0,False,2022-10-17
B-006513,R-0263,Squash Court,2025-05-08 04:53:58.199751,2025-05-09 07:30:00,3.0,True,2022-08-11
B-006514,R-0232,Kids Play Area,2025-05-08 05:03:54.205892,2025-05-08 09:30:00,5.0,True,2022-05-16
B-006515,R-0278,Squash Court,2025-05-08 07:33:56.247369,2025-05-08 19:00:00,4.0,False,2023-06-25
B-006516,R-0052,Kids Play Area,2025-05-08 08:38:01.011255,2025-05-08 10:30:00,3.0,True,2022-09-27
B-006517,R-0033,Squash Court,2025-05-08 09:00:23.777574,2025-05-08 19:00:00,1.0,False,2022-09-12
B-006518,R-0076,Tennis Court,2025-05-08 11:10:43.406677,2025-05-13 06:15:00,2.0,False,2020-08-07
B-006519,R-0030,Gym,2025-05-08 12:51:14.201131,2025-05-10 06:45:00,2.0,True,2023-02-05
B-006520,R-0314,Tennis Court,2025-05-08 14:42:10.966034,2025-05-10 18:30:00,2.0,False,2022-04-28
B-006521,R-0040,Tennis Court,2025-05-08 18:04:00.897269,2025-05-09 07:45:00,2.0,True,2023-09-02
B-006522,R-0069,Swimming Pool,2025-05-08 19:56:12.683481,2025-05-09 18:00:00,1.0,False,2023-11-30
B-006523,R-0117,Clubhouse,2025-05-08 21:25:01.586374,2025-05-24 11:15:00,4.0,False,2020-10-16
B-006524,R-0182,Gym,2025-05-08 23:22:59.715322,2025-05-09 15:30:00,2.0,True,2022-11-04
B-006525,R-0190,Squash Court,2025-05-09 02:44:05.227897,2025-05-09 08:15:00,4.0,True,2022-05-02
B-006526,R-0280,Tennis Court,2025-05-09 03:26:12.861070,2025-05-10 17:45:00,3.0,False,2020-03-31
B-006527,R-0027,Gym,2025-05-09 04:31:03.918396,2025-05-10 09:00:00,2.0,False,2023-03-12
B-006528,R-0269,Multipurpose Hall,2025-05-09 04:59:47.208216,2025-05-22 18:45:00,5.0,False,2023-11-18
B-006529,R-0271,Tennis Court,2025-05-09 06:02:25.728488,2025-05-09 19:15:00,1.0,True,2021-04-08
B-006530,R-0111,Swimming Pool,2025-05-09 07:16:30.404775,2025-05-09 19:30:00,2.0,True,2022-01-10
B-006531,R-0039,Badminton Court,2025-05-09 08:15:13.644913,2025-05-11 21:45:00,5.0,False,2020-08-27
B-006532,R-0081,Multipurpose Hall,2025-05-09 08:46:03.629154,2025-05-17 10:15:00,4.0,False,2021-07-16
B-006533,R-0287,Swimming Pool,2025-05-09 08:53:23.693210,2025-05-09 19:15:00,3.0,False,2022-04-21
B-006534,R-0163,Multipurpose Hall,2025-05-09 09:18:15.536836,2025-05-21 17:00:00,3.0,True,2022-11-25
B-006535,R-0045,Gym,2025-05-09 09:34:08.770898,2025-05-09 15:45:00,4.0,False,2020-05-15
B-006536,R-0255,Gym,2025-05-09 09:47:19.424869,2025-05-11 12:00:00,4.0,False,2021-08-19
B-006537,R-0018,Tennis Court,2025-05-09 09:47:33.585076,2025-05-09 19:30:00,3.0,False,2020-12-01
B-006538,R-0265,Swimming Pool,2025-05-09 11:49:07.603098,2025-05-10 17:15:00,3.0,False,2023-04-02
B-006539,R-0158,Swimming Pool,2025-05-09 12:32:27.989936,2025-05-09 16:00:00,1.0,True,2021-11-01
B-006540,R-0236,Kids Play Area,2025-05-09 12:38:53.844672,2025-05-10 09:00:00,1.0,True,2021-05-07
B-006541,R-0024,Tennis Court,2025-05-09 12:45:14.604576,2025-05-10 07:15:00,1.0,False,2020-09-16
B-006542,R-0179,Multipurpose Hall,2025-05-09 14:00:18.930646,2025-05-17 10:30:00,3.0,False,2020-12-12
B-006543,R-0215,Gym,2025-05-09 15:58:29.802550,2025-05-10 07:00:00,2.0,True,2023-03-17
B-006544,R-0212,Squash Court,2025-05-09 17:21:49.683644,2025-05-11 07:15:00,5.0,False,2023-06-20
B-006545,R-0196,Kids Play Area,2025-05-09 18:10:46.299913,2025-05-10 17:30:00,2.0,True,2022-01-24
B-006546,R-0117,Swimming Pool,2025-05-09 19:47:39.352899,2025-05-11 08:30:00,4.0,False,2020-10-16
B-006547,R-0272,Badminton Court,2025-05-09 20:32:43.450918,2025-05-16 21:00:00,3.0,False,2021-11-30
B-006548,R-0251,Squash Court,2025-05-10 00:38:31.855169,2025-05-10 20:15:00,4.0,True,2023-12-13
B-006549,R-0269,Badminton Court,2025-05-10 01:46:34.475956,2025-05-10 19:30:00,5.0,False,2023-11-18
B-006550,R-0286,Swimming Pool,2025-05-10 03:24:06.633156,2025-05-10 17:30:00,4.0,True,2020-11-25
B-006551,R-0180,Kids Play Area,2025-05-10 04:32:45.714965,2025-05-10 16:45:00,2.0,False,2020-05-11
B-006552,R-0144,Badminton Court,2025-05-10 05:38:07.012917,2025-05-10 21:30:00,3.0,False,2022-07-09
B-006553,R-0209,Squash Court,2025-05-10 06:45:00.000000,2025-05-10 07:45:00,3.0,False,2023-07-20
B-006554,R-0146,Swimming Pool,2025-05-10 09:52:41.402898,2025-05-10 19:00:00,4.0,False,2020-03-14
B-006555,R-0057,Swimming Pool,2025-05-10 12:38:19.506218,2025-05-11 06:45:00,2.0,False,2022-06-23
B-006556,R-0066,Squash Court,2025-05-10 13:09:29.507515,2025-05-10 19:15:00,2.0,False,2021-02-13
B-006557,R-0225,Clubhouse,2025-05-10 14:09:31.195294,2025-05-13 11:00:00,2.0,False,2021-03-31
B-006558,R-0124,Squash Court,2025-05-10 14:29:32.609003,2025-05-10 18:30:00,3.0,False,2022-08-31
B-006559,R-0141,Tennis Court,2025-05-10 15:03:23.449068,2025-05-12 06:45:00,1.0,False,2020-01-06
B-006560,R-0011,Multipurpose Hall,2025-05-10 15:18:44.786972,2025-05-17 19:15:00,4.0,False,2022-01-15
B-006561,R-0009,Kids Play Area,2025-05-10 15:21:50.718416,2025-05-10 16:45:00,5.0,True,2021-04-09
B-006562,R-0039,Multipurpose Hall,2025-05-10 16:22:47.562408,2025-05-31 10:45:00,5.0,False,2020-08-27
B-006563,R-0139,Tennis Court,2025-05-10 17:05:54.234466,2025-05-15 18:30:00,4.0,True,2022-06-23
B-006564,R-0220,Badminton Court,2025-05-10 19:46:01.799170,2025-05-11 18:00:00,5.0,False,2021-05-12
B-006565,R-0275,Swimming Pool,2025-05-10 20:00:31.157767,2025-05-14 18:00:00,4.0,True,2020-05-07
B-006566,R-0023,Tennis Court,2025-05-10 21:51:10.530488,2025-05-11 06:00:00,1.0,False,2022-12-13
B-006567,R-0037,Squash Court,2025-05-10 23:18:57.456747,2025-05-11 08:45:00,1.0,False,2021-10-22
B-006568,R-0215,Gym,2025-05-11 04:02:41.134157,2025-05-11 15:00:00,2.0,True,2023-03-17
B-006569,R-0224,Badminton Court,2025-05-11 06:29:59.572151,2025-05-11 18:15:00,1.0,False,2021-05-19
B-006570,R-0133,Swimming Pool,2025-05-11 13:03:21.610783,2025-05-13 08:15:00,4.0,False,2020-03-10
B-006571,R-0227,Kids Play Area,2025-05-11 14:48:08.048851,2025-05-11 17:00:00,4.0,True,2021-10-13
B-006572,R-0302,Multipurpose Hall,2025-05-11 20:30:51.020482,2025-05-21 19:00:00,2.0,True,2023-05-11
B-006573,R-0102,Tennis Court,2025-05-11 23:46:29.465934,2025-05-12 06:30:00,1.0,False,2022-05-02
B-006574,R-0281,Multipurpose Hall,2025-05-12 01:58:29.267797,2025-05-13 18:45:00,4.0,False,2022-02-14
B-006575,R-0233,Tennis Court,2025-05-12 03:23:00.398161,2025-05-17 07:45:00,4.0,True,2021-11-14
B-006576,R-0065,Tennis Court,2025-05-12 04:24:22.435705,2025-05-13 07:00:00,4.0,False,2023-02-14
B-006577,R-0177,Kids Play Area,2025-05-12 06:56:15.435048,2025-05-12 10:15:00,1.0,False,2021-12-08
B-006578,R-0216,Badminton Court,2025-05-12 07:16:55.438825,2025-05-12 18:00:00,2.0,True,2022-08-14
B-006579,R-0092,Kids Play Area,2025-05-12 13:22:50.095326,2025-05-12 17:45:00,3.0,False,2023-07-28
B-006580,R-0056,Squash Court,2025-05-12 14:04:57.759976,2025-05-13 07:00:00,2.0,True,2020-07-16
B-006581,R-0129,Clubhouse,2025-05-12 15:20:25.194108,2025-05-25 12:45:00,2.0,False,2022-06-19
B-006582,R-0128,Tennis Court,2025-05-12 15:52:51.337380,2025-05-13 06:45:00,4.0,False,2021-12-26
B-006583,R-0190,Squash Court,2025-05-12 16:06:48.476284,2025-05-13 08:15:00,4.0,True,2022-05-02
B-006584,R-0058,Squash Court,2025-05-12 17:02:47.456223,2025-05-13 18:45:00,3.0,False,2023-09-11
B-006585,R-0105,Tennis Court,2025-05-12 21:39:14.547894,2025-05-20 07:30:00,1.0,False,2021-09-14
B-006586,R-0104,Gym,2025-05-12 23:20:35.247792,2025-05-13 16:45:00,5.0,True,2023-02-09
B-006587,R-0229,Squash Court,2025-05-13 04:45:34.702305,2025-05-15 07:45:00,2.0,False,2020-02-16
B-006588,R-0232,Kids Play Area,2025-05-13 05:31:45.876402,2025-05-13 10:00:00,5.0,True,2022-05-16
B-006589,R-0068,Squash Court,2025-05-13 06:41:47.007646,2025-05-13 20:45:00,3.0,False,2022-08-28
B-006590,R-0163,Gym,2025-05-13 08:28:55.880163,2025-05-13 19:30:00,3.0,True,2022-11-25
B-006591,R-0203,Tennis Court,2025-05-13 10:23:59.786256,2025-05-14 06:45:00,4.0,False,2023-10-19
B-006592,R-0168,Kids Play Area,2025-05-13 10:31:49.008702,2025-05-13 18:30:00,3.0,True,2022-09-23
B-006593,R-0135,Kids Play Area,2025-05-13 10:58:59.582238,2025-05-13 18:15:00,2.0,True,2021-05-18
B-006594,R-0302,Swimming Pool,2025-05-13 13:14:49.821511,2025-05-13 19:15:00,2.0,True,2023-05-11
B-006595,R-0180,Badminton Court,2025-05-13 15:20:48.864839,2025-05-13 21:30:00,2.0,False,2020-05-11
B-006596,R-0032,Tennis Court,2025-05-13 16:04:07.855673,2025-05-16 06:30:00,4.0,False,2020-08-02
B-006597,R-0183,Multipurpose Hall,2025-05-13 16:44:16.606832,2025-05-17 10:45:00,5.0,False,2021-12-25
B-006598,R-0032,Tennis Court,2025-05-13 16:59:36.871463,2025-05-14 07:30:00,4.0,False,2020-08-02
B-006599,R-0293,Tennis Court,2025-05-13 19:48:38.147064,2025-05-15 07:30:00,3.0,True,2023-08-16
B-006600,R-0016,Kids Play Area,2025-05-13 21:08:39.152665,2025-05-14 16:00:00,1.0,True,2020-04-13
B-006601,R-0291,Badminton Court,2025-05-14 00:40:51.793273,2025-05-15 17:45:00,5.0,False,2020-11-14
B-006602,R-0248,Gym,2025-05-14 03:12:07.587426,2025-05-14 08:15:00,2.0,True,2022-12-30
B-006603,R-0221,Gym,2025-05-14 05:21:08.341589,2025-05-15 16:00:00,1.0,True,2023-09-29
B-006604,R-0063,Badminton Court,2025-05-14 06:59:48.760459,2025-05-14 19:45:00,2.0,False,2020-11-01
B-006605,R-0320,Squash Court,2025-05-14 08:15:25.599005,2025-05-14 18:30:00,2.0,True,2022-10-14
B-006606,R-0267,Multipurpose Hall,2025-05-14 09:36:19.471137,2025-07-14 18:30:00,3.0,False,2021-09-07
B-006607,R-0039,Multipurpose Hall,2025-05-14 18:30:19.900338,2025-07-06 10:30:00,5.0,False,2020-08-27
B-006608,R-0089,Gym,2025-05-14 23:40:50.385888,2025-05-15 17:00:00,1.0,False,2023-02-25
B-006609,R-0022,Kids Play Area,2025-05-15 00:41:58.922475,2025-05-15 09:00:00,2.0,True,2022-11-11
B-006610,R-0036,Swimming Pool,2025-05-15 01:44:37.348792,2025-05-15 06:30:00,3.0,True,2021-02-14
B-006611,R-0307,Gym,2025-05-15 02:22:25.017057,2025-05-15 06:15:00,2.0,True,2022-03-13
B-006612,R-0064,Multipurpose Hall,2025-05-15 05:07:39.694026,2025-05-24 17:45:00,2.0,False,2022-10-17
B-006613,R-0046,Gym,2025-05-15 07:19:18.470313,2025-05-15 19:45:00,1.0,True,2021-11-08
B-006614,R-0061,Swimming Pool,2025-05-15 08:29:00.877410,2025-05-15 19:15:00,1.0,False,2022-11-06
B-006615,R-0062,Badminton Court,2025-05-15 09:18:00.556559,2025-05-16 20:45:00,2.0,False,2020-06-01
B-006616,R-0292,Badminton Court,2025-05-15 10:12:54.192303,2025-05-18 18:15:00,3.0,False,2020-01-30
B-006617,R-0222,Clubhouse,2025-05-15 15:42:50.250192,2025-05-20 12:15:00,3.0,False,2021-06-30
B-006618,R-0059,Kids Play Area,2025-05-15 16:24:40.986646,2025-05-16 10:15:00,2.0,True,2021-11-08
B-006619,R-0181,Gym,2025-05-15 17:57:00.169614,2025-05-17 07:15:00,4.0,True,2022-08-08
B-006620,R-0268,Squash Court,2025-05-15 20:40:23.038199,2025-05-17 07:45:00,5.0,False,2022-10-01
B-006621,R-0205,Clubhouse,2025-05-16 00:04:36.762488,2025-05-20 20:00:00,3.0,False,2023-01-19
B-006622,R-0240,Gym,2025-05-16 02:56:05.680374,2025-05-17 16:45:00,4.0,True,2021-08-25
B-006623,R-0144,Badminton Court,2025-05-16 04:14:16.402863,2025-05-16 17:00:00,3.0,False,2022-07-09
B-006624,R-0053,Badminton Court,2025-05-16 12:27:44.804278,2025-05-17 18:45:00,3.0,False,2021-04-10
B-006625,R-0158,Kids Play Area,2025-05-16 14:41:21.981724,2025-05-16 16:30:00,1.0,True,2021-11-01
B-006626,R-0086,Squash Court,2025-05-16 15:23:30.817885,2025-05-16 19:15:00,3.0,False,2023-06-29
B-006627,R-0115,Badminton Court,2025-05-16 15:41:03.817038,2025-05-17 17:45:00,2.0,False,2021-08-17
B-006628,R-0026,Multipurpose Hall,2025-05-16 18:32:40.680532,2025-05-28 19:15:00,2.0,False,2022-01-18
B-006629,R-0090,Badminton Court,2025-05-16 18:35:22.341603,2025-05-17 20:30:00,3.0,False,2020-03-27
B-006630,R-0300,Badminton Court,2025-05-16 21:26:34.483387,2025-05-17 19:45:00,4.0,False,2023-10-05
B-006631,R-0167,Gym,2025-05-17 04:34:03.158996,2025-05-17 10:15:00,2.0,False,2020-02-05
B-006632,R-0105,Badminton Court,2025-05-17 06:45:00.000000,2025-05-24 18:45:00,1.0,False,2021-09-14
B-006633,R-0146,Gym,2025-05-17 06:51:02.680431,2025-05-17 11:45:00,4.0,False,2020-03-14
B-006634,R-0166,Kids Play Area,2025-05-17 09:00:58.296497,2025-05-17 16:15:00,4.0,False,2022-10-13
B-006635,R-0117,Swimming Pool,2025-05-17 09:09:49.297346,2025-05-18 06:30:00,4.0,False,2020-10-16
B-006636,R-0028,Gym,2025-05-17 13:27:20.130001,2025-05-17 20:00:00,4.0,False,2023-12-08
B-006637,R-0194,Tennis Court,2025-05-17 13:55:44.907274,2025-05-19 19:30:00,1.0,False,2023-01-19
B-006638,R-0174,Tennis Court,2025-05-17 15:59:23.808996,2025-05-18 06:45:00,3.0,False,2022-11-22
B-006639,R-0137,Kids Play Area,2025-05-17 16:18:39.928897,2025-05-17 17:45:00,2.0,True,2020-08-26
B-006640,R-0019,Kids Play Area,2025-05-17 17:18:26.788240,2025-05-17 18:45:00,5.0,False,2022-02-09
B-006641,R-0101,Badminton Court,2025-05-17 20:46:31.401402,2025-05-18 19:45:00,2.0,False,2021-06-13
B-006642,R-0060,Clubhouse,2025-05-17 22:59:06.059873,2025-05-26 20:00:00,4.0,False,2021-10-21
B-006643,R-0106,Swimming Pool,2025-05-18 00:40:21.969126,2025-05-18 08:15:00,1.0,True,2020-01-23
B-006644,R-0052,Multipurpose Hall,2025-05-18 01:26:25.882150,2025-05-23 10:15:00,3.0,True,2022-09-27
B-006645,R-0064,Gym,2025-05-18 06:08:32.002320,2025-05-18 18:45:00,2.0,False,2022-10-17
B-006646,R-0265,Swimming Pool,2025-05-18 09:04:29.953664,2025-05-18 17:00:00,3.0,False,2023-04-02
B-006647,R-0245,Squash Court,2025-05-18 09:46:06.187806,2025-05-19 18:30:00,1.0,False,2022-02-09
B-006648,R-0060,Clubhouse,2025-05-18 11:54:44.721541,2025-06-01 18:15:00,4.0,False,2021-10-21
B-006649,R-0083,Multipurpose Hall,2025-05-18 13:16:01.059009,2025-05-29 17:00:00,1.0,True,2020-03-12
B-006650,R-0234,Squash Court,2025-05-18 16:47:25.332982,2025-05-19 19:15:00,4.0,False,2022-03-24
B-006651,R-0212,Badminton Court,2025-05-18 17:20:46.611470,2025-05-19 17:45:00,5.0,False,2023-06-20
B-006652,R-0314,Swimming Pool,2025-05-18 20:26:31.355522,2025-05-21 18:15:00,2.0,False,2022-04-28
B-006653,R-0236,Kids Play Area,2025-05-18 22:16:38.265134,2025-05-19 09:00:00,1.0,True,2021-05-07
B-006654,R-0293,Tennis Court,2025-05-19 01:11:00.647307,2025-05-20 07:30:00,3.0,True,2023-08-16
B-006655,R-0058,Swimming Pool,2025-05-19 02:01:36.454782,2025-05-19 08:00:00,3.0,False,2023-09-11
B-006656,R-0176,Swimming Pool,2025-05-19 02:18:57.557832,2025-05-19 06:15:00,5.0,True,2022-03-04
B-006657,R-0231,Gym,2025-05-19 03:23:27.551971,2025-05-19 20:15:00,1.0,False,2021-10-30
B-006658,R-0150,Tennis Court,2025-05-19 04:10:58.904448,2025-05-20 07:00:00,5.0,False,2021-02-11
B-006659,R-0131,Badminton Court,2025-05-19 05:48:25.648411,2025-05-19 19:30:00,1.0,True,2023-10-18
B-006660,R-0207,Multipurpose Hall,2025-05-19 06:45:06.017304,2025-05-31 10:45:00,,False,2021-04-11
B-006661,R-0079,Kids Play Area,2025-05-19 06:48:41.689157,2025-05-19 10:45:00,3.0,True,2020-08-30
B-006662,R-0040,Swimming Pool,2025-05-19 07:17:26.581413,2025-05-22 07:15:00,2.0,True,2023-09-02
B-006663,R-0017,Kids Play Area,2025-05-19 07:45:36.429774,2025-05-19 09:15:00,1.0,False,2023-04-21
B-006664,R-0098,Tennis Court,2025-05-19 11:07:37.390731,2025-05-23 17:30:00,4.0,False,2022-10-31
B-006665,R-0244,Badminton Court,2025-05-19 11:46:35.988956,2025-05-19 19:00:00,2.0,True,2022-07-27
B-006666,R-0047,Squash Court,2025-05-19 14:31:48.180604,2025-05-19 20:15:00,2.0,False,2021-10-19
B-006667,R-0149,Tennis Court,2025-05-19 17:54:50.649537,2025-05-20 17:00:00,2.0,False,2020-09-09
B-006668,R-0125,Gym,2025-05-19 18:00:53.649546,2025-05-20 07:30:00,5.0,True,2020-12-19
B-006669,R-0135,Kids Play Area,2025-05-19 21:48:31.128061,2025-05-20 09:45:00,2.0,True,2021-05-18
B-006670,R-0023,Tennis Court,2025-05-20 03:17:05.841884,2025-05-21 06:45:00,1.0,False,2022-12-13
B-006671,R-0070,Swimming Pool,2025-05-20 03:17:50.427424,2025-05-21 06:15:00,3.0,False,2020-04-24
B-006672,R-0210,Tennis Court,2025-05-20 03:29:00.358239,2025-05-21 19:30:00,1.0,False,2022-05-08
B-006673,R-0111,Swimming Pool,2025-05-20 08:17:38.237327,2025-05-22 19:30:00,2.0,True,2022-01-10
B-006674,R-0157,Kids Play Area,2025-05-20 12:09:30.515494,2025-05-20 16:00:00,3.0,True,2020-05-01
B-006675,R-0228,Badminton Court,2025-05-20 12:15:42.838442,2025-05-21 19:30:00,4.0,False,2023-09-10
B-006676,R-0091,Kids Play Area,2025-05-20 14:10:24.551338,2025-05-20 16:30:00,2.0,True,2023-12-22
B-006677,R-0039,Kids Play Area,2025-05-20 15:30:34.485752,2025-05-21 16:45:00,5.0,False,2020-08-27
B-006678,R-0141,Swimming Pool,2025-05-20 17:45:42.429275,2025-05-21 07:45:00,1.0,False,2020-01-06
B-006679,R-0278,Tennis Court,2025-05-20 19:33:16.178910,2025-05-21 18:45:00,4.0,False,2023-06-25
B-006680,R-0109,Gym,2025-05-20 19:35:09.643232,2025-05-21 11:45:00,3.0,False,2022-10-11
B-006681,R-0102,Squash Court,2025-05-20 21:49:58.176510,2025-05-21 07:00:00,1.0,False,2022-05-02
B-006682,R-0271,Squash Court,2025-05-20 22:18:53.589875,2025-05-21 08:30:00,1.0,True,2021-04-08
B-006683,R-0100,Gym,2025-05-21 04:06:27.918308,2025-05-21 14:15:00,5.0,True,2020-08-16
B-006684,R-0139,Tennis Court,2025-05-21 04:21:38.596658,2025-05-23 07:30:00,4.0,True,2022-06-23
B-006685,R-0226,Clubhouse,2025-05-21 04:44:57.725177,2025-05-24 19:30:00,3.0,False,2020-02-27
B-006686,R-0152,Tennis Court,2025-05-21 10:42:28.192060,2025-05-30 18:00:00,1.0,True,2020-03-08
B-006687,R-0267,Swimming Pool,2025-05-21 13:13:43.609965,2025-05-22 16:15:00,3.0,False,2021-09-07
B-006688,R-0259,Kids Play Area,2025-05-21 14:26:50.790072,2025-05-21 18:00:00,3.0,False,2023-12-21
B-006689,R-0215,Gym,2025-05-21 19:26:27.661414,2025-05-22 07:15:00,2.0,True,2023-03-17
B-006690,R-0232,Kids Play Area,2025-05-22 06:02:04.330138,2025-05-22 10:00:00,5.0,True,2022-05-16
B-006691,R-0253,Kids Play Area,2025-05-22 06:21:24.178814,2025-05-22 10:00:00,4.0,True,2023-11-16
B-006692,R-0096,Gym,2025-05-22 07:27:29.168958,2025-05-22 15:15:00,1.0,False,2022-10-22
B-006693,R-0110,Badminton Court,2025-05-22 07:52:37.411397,2025-05-22 19:45:00,4.0,False,2022-06-09
B-006694,R-0074,Swimming Pool,2025-05-22 08:59:14.329556,2025-05-23 07:15:00,3.0,False,2020-01-21
B-006695,R-0285,Gym,2025-05-22 09:12:28.086185,2025-05-22 12:30:00,1.0,False,2021-10-06
B-006696,R-0165,Swimming Pool,2025-05-22 10:36:58.586003,2025-05-22 17:15:00,2.0,False,2021-12-19
B-006697,R-0238,Squash Court,2025-05-22 10:44:55.890741,2025-05-22 20:15:00,3.0,True,2023-07-13
B-006698,R-0158,Swimming Pool,2025-05-22 12:55:52.877870,2025-05-22 17:15:00,1.0,True,2021-11-01
B-006699,R-0316,Squash Court,2025-05-22 16:30:00.809847,2025-05-22 19:45:00,5.0,False,2021-06-15
B-006700,R-0056,Squash Court,2025-05-22 17:43:09.427699,2025-05-23 07:15:00,2.0,True,2020-07-16
B-006701,R-0121,Clubhouse,2025-05-22 20:57:41.916537,2025-06-22 11:15:00,4.0,False,2023-04-27
B-006702,R-0004,Squash Court,2025-05-23 02:05:08.957294,2025-05-23 07:00:00,2.0,True,2023-10-13
B-006703,R-0267,Multipurpose Hall,2025-05-23 02:09:05.847505,2025-05-31 17:00:00,3.0,False,2021-09-07
B-006704,R-0196,Tennis Court,2025-05-23 02:50:51.396187,2025-05-24 17:45:00,2.0,True,2022-01-24
B-006705,R-0066,Badminton Court,2025-05-23 04:28:10.236828,2025-05-24 20:15:00,2.0,False,2021-02-13
B-006706,R-0038,Gym,2025-05-23 05:07:31.129354,2025-05-23 17:30:00,5.0,False,2020-08-26
B-006707,R-0030,Gym,2025-05-23 05:30:20.728125,2025-05-23 16:00:00,2.0,True,2023-02-05
B-006708,R-0114,Kids Play Area,2025-05-23 07:53:23.368125,2025-05-24 10:00:00,3.0,True,2021-10-04
B-006709,R-0082,Swimming Pool,2025-05-23 10:27:45.585806,2025-05-23 16:15:00,4.0,False,2020-08-31
B-006710,R-0086,Squash Court,2025-05-23 13:25:37.152548,2025-05-23 19:00:00,3.0,False,2023-06-29
B-006711,R-0077,Kids Play Area,2025-05-23 15:48:28.152229,2025-05-23 17:45:00,5.0,False,2020-09-28
B-006712,R-0083,Multipurpose Hall,2025-05-23 17:42:59.252270,2025-05-27 17:00:00,1.0,True,2020-03-12
B-006713,R-0288,Tennis Court,2025-05-23 18:25:56.739795,2025-05-26 07:15:00,4.0,False,2023-09-08
B-006714,R-0229,Squash Court,2025-05-23 22:50:08.259477,2025-05-24 07:30:00,2.0,False,2020-02-16
B-006715,R-0190,Kids Play Area,2025-05-24 00:05:49.663123,2025-05-24 09:30:00,4.0,True,2022-05-02
B-006716,R-0263,Tennis Court,2025-05-24 02:10:25.864162,2025-05-29 07:30:00,3.0,True,2022-08-11
B-006717,R-0029,Tennis Court,2025-05-24 03:06:27.292243,2025-05-25 17:45:00,1.0,False,2020-03-01
B-006718,R-0010,Kids Play Area,2025-05-24 04:04:48.410009,2025-05-24 10:00:00,3.0,True,2020-10-23
B-006719,R-0166,Gym,2025-05-24 04:47:45.656263,2025-05-24 11:15:00,4.0,False,2022-10-13
B-006720,R-0225,Swimming Pool,2025-05-24 05:06:30.455411,2025-05-24 07:45:00,2.0,False,2021-03-31
B-006721,R-0245,Gym,2025-05-24 05:17:57.227302,2025-05-26 15:45:00,1.0,False,2022-02-09
B-006722,R-0276,Kids Play Area,2025-05-24 05:41:53.846372,2025-05-24 16:45:00,1.0,False,2021-12-03
B-006723,R-0186,Gym,2025-05-24 06:40:43.398580,2025-05-25 18:30:00,2.0,False,2020-11-10
B-006724,R-0064,Swimming Pool,2025-05-24 10:39:51.678504,2025-05-24 17:15:00,2.0,False,2022-10-17
B-006725,R-0155,Squash Court,2025-05-24 11:39:38.516094,2025-05-24 20:00:00,5.0,True,2021-02-12
B-006726,R-0011,Swimming Pool,2025-05-24 15:21:02.901150,2025-05-25 16:00:00,4.0,False,2022-01-15
B-006727,R-0124,Squash Court,2025-05-24 18:09:41.512375,2025-05-24 20:45:00,3.0,False,2022-08-31
B-006728,R-0039,Multipurpose Hall,2025-05-24 18:28:36.035841,2025-08-05 10:30:00,5.0,False,2020-08-27
B-006729,R-0215,Gym,2025-05-24 19:01:01.257587,2025-05-25 07:45:00,2.0,True,2023-03-17
B-006730,R-0018,Gym,2025-05-24 20:00:37.632858,2025-05-25 15:30:00,3.0,False,2020-12-01
B-006731,R-0027,Gym,2025-05-24 20:47:34.567799,2025-05-25 09:15:00,,False,2023-03-12
B-006732,R-0022,Tennis Court,2025-05-24 21:19:47.630757,2025-05-27 17:00:00,2.0,True,2022-11-11
B-006733,R-0186,Clubhouse,2025-05-24 22:07:47.402904,2025-06-07 11:00:00,2.0,False,2020-11-10
B-006734,R-0032,Squash Court,2025-05-25 00:21:01.271043,2025-05-27 07:00:00,4.0,False,2020-08-02
B-006735,R-0120,Gym,2025-05-25 03:18:23.397505,2025-05-25 16:00:00,2.0,True,2023-09-11
B-006736,R-0149,Tennis Court,2025-05-25 06:14:13.408415,2025-05-25 17:00:00,,False,2020-09-09
B-006737,R-0048,Clubhouse,2025-05-25 07:34:16.752296,2025-06-03 12:00:00,1.0,True,2023-12-12
B-006738,R-0032,Tennis Court,2025-05-25 09:01:36.293178,2025-05-26 06:45:00,4.0,False,2020-08-02
B-006739,R-0038,Clubhouse,2025-05-25 11:21:16.911440,2025-06-11 20:45:00,5.0,False,2020-08-26
B-006740,R-0245,Squash Court,2025-05-25 12:26:40.108595,2025-05-27 18:45:00,1.0,False,2022-02-09
B-006741,R-0191,Tennis Court,2025-05-25 12:54:15.034260,2025-05-25 19:45:00,2.0,True,2020-01-20
B-006742,R-0269,Gym,2025-05-25 17:58:16.006145,2025-05-25 20:15:00,5.0,False,2023-11-18
B-006743,R-0240,Gym,2025-05-25 18:26:31.691557,2025-05-27 16:00:00,4.0,True,2021-08-25
B-006744,R-0299,Tennis Court,2025-05-25 18:50:20.051189,2025-05-26 19:30:00,5.0,False,2020-07-29
B-006745,R-0189,Squash Court,2025-05-25 20:07:24.753690,2025-05-26 20:00:00,1.0,False,2022-07-11
B-006746,R-0050,Swimming Pool,2025-05-25 20:21:53.497402,2025-05-26 06:15:00,2.0,False,2022-11-09
B-006747,R-0210,Squash Court,2025-05-26 00:29:32.104878,2025-05-26 08:00:00,1.0,False,2022-05-08
B-006748,R-0183,Badminton Court,2025-05-26 02:40:29.716632,2025-05-26 19:15:00,5.0,False,2021-12-25
B-006749,R-0136,Clubhouse,2025-05-26 03:07:44.902693,2025-06-08 17:45:00,5.0,False,2021-06-17
B-006750,R-0146,Kids Play Area,2025-05-26 03:15:55.334571,2025-05-26 09:15:00,4.0,False,2020-03-14
B-006751,R-0184,Swimming Pool,2025-05-26 03:59:23.592826,2025-05-27 07:30:00,1.0,False,2022-11-30
B-006752,R-0177,Gym,2025-05-26 07:52:00.622211,2025-05-27 10:45:00,1.0,False,2021-12-08
B-006753,R-0068,Swimming Pool,2025-05-26 08:22:32.428177,2025-05-29 19:15:00,3.0,False,2022-08-28
B-006754,R-0134,Badminton Court,2025-05-26 15:04:31.593836,2025-05-28 18:00:00,4.0,False,2020-03-31
B-006755,R-0043,Gym,2025-05-26 17:02:05.741858,2025-05-28 11:00:00,5.0,False,2023-06-13
B-006756,R-0111,Tennis Court,2025-05-26 19:03:26.063122,2025-05-28 18:15:00,2.0,True,2022-01-10
B-006757,R-0291,Badminton Court,2025-05-26 19:48:28.243634,2025-05-27 21:15:00,5.0,False,2020-11-14
B-006758,R-0141,Swimming Pool,2025-05-26 21:57:39.028494,2025-05-27 19:45:00,1.0,False,2020-01-06
B-006759,R-0045,Clubhouse,2025-05-26 23:50:48.316306,2025-05-31 17:45:00,4.0,False,2020-05-15
B-006760,R-0305,Gym,2025-05-27 00:11:05.503890,2025-05-27 06:00:00,5.0,False,2023-08-05
B-006761,R-0180,Badminton Court,2025-05-27 03:27:28.107079,2025-05-27 21:30:00,2.0,False,2020-05-11
B-006762,R-0231,Gym,2025-05-27 07:07:40.575641,2025-05-30 11:00:00,1.0,False,2021-10-30
B-006763,R-0127,Kids Play Area,2025-05-27 07:10:56.102411,2025-05-27 09:00:00,3.0,False,2020-06-15
B-006764,R-0057,Kids Play Area,2025-05-27 09:01:21.596782,2025-05-27 17:00:00,2.0,False,2022-06-23
B-006765,R-0109,Clubhouse,2025-05-27 09:56:30.952451,2025-06-04 11:15:00,3.0,False,2022-10-11
B-006766,R-0303,Multipurpose Hall,2025-05-27 10:50:31.483345,2025-05-29 19:45:00,2.0,False,2020-02-09
B-006767,R-0296,Squash Court,2025-05-27 11:08:30.850272,2025-05-28 18:15:00,5.0,False,2021-02-23
B-006768,R-0036,Multipurpose Hall,2025-05-27 11:11:10.586204,2025-05-29 10:30:00,3.0,True,2021-02-14
B-006769,R-0158,Kids Play Area,2025-05-27 15:46:50.055382,2025-05-27 17:15:00,1.0,True,2021-11-01
B-006770,R-0081,Squash Court,2025-05-27 16:59:38.718181,2025-05-28 07:15:00,4.0,False,2021-07-16
B-006771,R-0290,Squash Court,2025-05-27 17:29:34.210630,2025-05-27 19:00:00,3.0,False,2021-02-25
B-006772,R-0058,Swimming Pool,2025-05-27 19:42:42.057936,2025-05-28 16:30:00,3.0,False,2023-09-11
B-006773,R-0187,Tennis Court,2025-05-27 20:03:30.227938,2025-05-29 06:30:00,4.0,False,2020-04-30
B-006774,R-0040,Swimming Pool,2025-05-27 20:35:22.744453,2025-05-28 08:15:00,2.0,True,2023-09-02
B-006775,R-0292,Multipurpose Hall,2025-05-28 01:13:06.335278,2025-08-03 11:30:00,3.0,False,2020-01-30
B-006776,R-0279,Swimming Pool,2025-05-28 02:03:44.959324,2025-05-28 06:30:00,1.0,False,2023-11-24
B-006777,R-0301,Swimming Pool,2025-05-28 02:14:20.768718,2025-05-28 08:30:00,3.0,False,2023-12-19
B-006778,R-0166,Gym,2025-05-28 02:17:20.199950,2025-05-28 11:15:00,4.0,False,2022-10-13
B-006779,R-0240,Tennis Court,2025-05-28 05:12:20.694199,2025-05-30 17:00:00,4.0,True,2021-08-25
B-006780,R-0154,Multipurpose Hall,2025-05-28 06:32:13.780022,2025-06-17 17:15:00,4.0,False,2020-04-23
B-006781,R-0293,Kids Play Area,2025-05-28 06:55:45.804928,2025-05-28 09:45:00,3.0,True,2023-08-16
B-006782,R-0094,Badminton Court,2025-05-28 10:16:04.960849,2025-05-28 18:15:00,5.0,False,2020-03-17
B-006783,R-0128,Kids Play Area,2025-05-28 12:06:38.848036,2025-05-28 18:45:00,4.0,False,2021-12-26
B-006784,R-0157,Swimming Pool,2025-05-28 13:31:38.577852,2025-05-29 19:45:00,3.0,True,2020-05-01
B-006785,R-0282,Clubhouse,2025-05-28 16:49:08.482559,2025-06-01 11:30:00,2.0,False,2020-02-04
B-006786,R-0203,Swimming Pool,2025-05-28 16:52:17.056962,2025-05-29 17:30:00,4.0,False,2023-10-19
B-006787,R-0059,Kids Play Area,2025-05-28 21:01:28.097757,2025-05-29 10:00:00,2.0,True,2021-11-08
B-006788,R-0138,Squash Court,2025-05-28 22:17:39.901993,2025-05-29 18:30:00,3.0,False,2021-08-01
B-006789,R-0232,Badminton Court,2025-05-28 22:22:09.215683,2025-05-29 20:45:00,5.0,True,2022-05-16
B-006790,R-0117,Swimming Pool,2025-05-28 22:55:20.985706,2025-05-29 08:45:00,4.0,False,2020-10-16
B-006791,R-0271,Squash Court,2025-05-28 23:52:04.797212,2025-05-30 08:45:00,1.0,True,2021-04-08
B-006792,R-0076,Badminton Court,2025-05-29 00:52:37.220512,2025-05-31 17:30:00,2.0,False,2020-08-07
B-006793,R-0162,Kids Play Area,2025-05-29 01:43:56.303649,2025-05-29 10:45:00,5.0,True,2020-05-09
B-006794,R-0315,Squash Court,2025-05-29 02:16:08.962749,2025-06-03 18:45:00,5.0,True,2022-01-23
B-006795,R-0170,Swimming Pool,2025-05-29 04:01:53.329194,2025-05-31 18:00:00,4.0,False,2023-02-04
B-006796,R-0106,Swimming Pool,2025-05-29 04:56:56.773258,2025-05-29 06:45:00,1.0,True,2020-01-23
B-006797,R-0319,Swimming Pool,2025-05-29 05:42:00.980896,2025-05-29 18:45:00,1.0,False,2020-02-22
B-006798,R-0052,Gym,2025-05-29 06:16:53.195779,2025-05-29 11:15:00,3.0,True,2022-09-27
B-006799,R-0306,Kids Play Area,2025-05-29 10:35:54.959965,2025-05-29 16:00:00,3.0,True,2022-09-30
B-006800,R-0062,Badminton Court,2025-05-29 14:48:56.672561,2025-05-30 19:45:00,2.0,False,2020-06-01
B-006801,R-0032,Tennis Court,2025-05-29 16:34:43.829685,2025-06-01 06:15:00,4.0,False,2020-08-02
B-006802,R-0016,Kids Play Area,2025-05-30 01:35:12.039813,2025-05-30 16:00:00,1.0,True,2020-04-13
B-006803,R-0275,Swimming Pool,2025-05-30 02:23:28.389008,2025-05-31 19:45:00,4.0,True,2020-05-07
B-006804,R-0273,Squash Court,2025-05-30 02:26:34.954379,2025-05-31 19:15:00,5.0,False,2020-10-30
B-006805,R-0278,Gym,2025-05-30 04:33:25.013273,2025-05-30 09:45:00,4.0,False,2023-06-25
B-006806,R-0212,Gym,2025-05-30 05:10:02.793988,2025-05-31 08:15:00,5.0,False,2023-06-20
B-006807,R-0090,Squash Court,2025-05-30 08:19:06.886144,2025-05-31 08:45:00,3.0,False,2020-03-27
B-006808,R-0144,Badminton Court,2025-05-30 11:46:54.690674,2025-05-31 17:00:00,3.0,False,2022-07-09
B-006809,R-0163,Kids Play Area,2025-05-30 15:17:39.551045,2025-05-30 18:15:00,3.0,True,2022-11-25
B-006810,R-0001,Multipurpose Hall,2025-05-30 17:50:11.010312,2025-06-05 17:45:00,4.0,False,2021-03-19
B-006811,R-0181,Gym,2025-05-30 19:06:36.808408,2025-05-31 07:45:00,4.0,True,2022-08-08
B-006812,R-0056,Squash Court,2025-05-31 00:57:47.243016,2025-05-31 07:30:00,2.0,True,2020-07-16
B-006813,R-0012,Gym,2025-05-31 10:54:11.409478,2025-06-03 17:15:00,4.0,True,2020-11-21
B-006814,R-0180,Badminton Court,2025-05-31 11:17:39.646507,2025-05-31 21:00:00,2.0,False,2020-05-11
B-006815,R-0027,Squash Court,2025-05-31 12:16:15.491519,2025-05-31 20:30:00,2.0,False,2023-03-12
B-006816,R-0292,Badminton Court,2025-05-31 14:48:00.628394,2025-06-01 18:45:00,3.0,False,2020-01-30
B-006817,R-0227,Kids Play Area,2025-05-31 14:55:31.898233,2025-05-31 17:45:00,4.0,True,2021-10-13
B-006818,R-0091,Clubhouse,2025-05-31 15:58:08.694941,2025-06-10 17:30:00,2.0,True,2023-12-22
B-006819,R-0290,Gym,2025-05-31 18:55:28.468891,2025-05-31 20:00:00,3.0,False,2021-02-25
B-006820,R-0093,Tennis Court,2025-05-31 20:37:43.736679,2025-06-01 17:00:00,5.0,False,2020-04-20
B-006821,R-0245,Squash Court,2025-05-31 20:41:19.028444,2025-06-01 18:00:00,1.0,False,2022-02-09
B-006822,R-0190,Gym,2025-05-31 21:12:37.899822,2025-06-02 10:45:00,4.0,True,2022-05-02
B-006823,R-0069,Swimming Pool,2025-06-01 03:02:14.889715,2025-06-01 18:15:00,1.0,False,2023-11-30
B-006824,R-0209,Gym,2025-06-01 05:19:02.385380,2025-06-01 11:15:00,3.0,False,2023-07-20
B-006825,R-0110,Swimming Pool,2025-06-01 06:02:15.698184,2025-06-03 06:30:00,4.0,False,2022-06-09
B-006826,R-0146,Kids Play Area,2025-06-01 07:26:23.499692,2025-06-01 09:15:00,4.0,False,2020-03-14
B-006827,R-0222,Tennis Court,2025-06-01 08:25:48.028895,2025-06-03 07:15:00,3.0,False,2021-06-30
B-006828,R-0137,Kids Play Area,2025-06-01 11:35:19.386059,2025-06-01 17:00:00,2.0,True,2020-08-26
B-006829,R-0211,Gym,2025-06-01 11:57:37.318028,2025-06-02 07:15:00,5.0,True,2021-11-19
B-006830,R-0215,Kids Play Area,2025-06-01 13:37:00.403532,2025-06-01 17:30:00,2.0,True,2023-03-17
B-006831,R-0194,Squash Court,2025-06-01 13:38:59.894527,2025-06-04 08:45:00,1.0,False,2023-01-19
B-006832,R-0158,Kids Play Area,2025-06-01 16:34:59.905500,2025-06-01 17:15:00,1.0,True,2021-11-01
B-006833,R-0224,Badminton Court,2025-06-01 17:15:00.000000,2025-06-01 18:15:00,1.0,False,2021-05-19
B-006834,R-0141,Gym,2025-06-01 23:48:17.644557,2025-06-02 17:15:00,1.0,False,2020-01-06
B-006835,R-0084,Gym,2025-06-01 23:51:16.416550,2025-06-02 09:30:00,1.0,False,2021-03-07
B-006836,R-0046,Swimming Pool,2025-06-02 04:28:54.420475,2025-06-02 08:15:00,1.0,True,2021-11-08
B-006837,R-0122,Gym,2025-06-02 05:36:55.855567,2025-06-02 20:45:00,1.0,False,2022-11-04
B-006838,R-0293,Kids Play Area,2025-06-02 08:45:29.307649,2025-06-02 17:00:00,3.0,True,2023-08-16
B-006839,R-0212,Clubhouse,2025-06-02 11:52:03.511786,2025-06-14 11:45:00,5.0,False,2023-06-20
B-006840,R-0249,Tennis Court,2025-06-02 17:10:22.885323,2025-06-04 18:00:00,4.0,True,2021-04-14
B-006841,R-0274,Gym,2025-06-02 20:43:14.038586,2025-06-03 10:15:00,1.0,False,2021-08-07
B-006842,R-0096,Gym,2025-06-02 21:31:56.252373,2025-06-03 11:45:00,1.0,False,2022-10-22
B-006843,R-0100,Squash Court,2025-06-03 00:07:46.284738,2025-06-03 18:45:00,5.0,True,2020-08-16
B-006844,R-0080,Gym,2025-06-03 00:25:13.408898,2025-06-03 18:30:00,4.0,True,2021-01-23
B-006845,R-0011,Multipurpose Hall,2025-06-03 03:16:05.315577,2025-06-14 19:30:00,4.0,False,2022-01-15
B-006846,R-0165,Swimming Pool,2025-06-03 05:43:44.194654,2025-06-03 17:45:00,2.0,False,2021-12-19
B-006847,R-0297,Badminton Court,2025-06-03 07:14:34.219629,2025-06-03 17:45:00,1.0,False,2021-05-14
B-006848,R-0127,Kids Play Area,2025-06-03 08:47:31.796117,2025-06-03 09:30:00,3.0,False,2020-06-15
B-006849,R-0208,Swimming Pool,2025-06-03 09:11:44.202179,2025-06-04 18:15:00,,False,2021-08-16
B-006850,R-0019,Gym,2025-06-03 10:30:25.881455,2025-06-03 15:45:00,5.0,False,2022-02-09
B-006851,R-0211,Clubhouse,2025-06-03 10:33:51.345952,2025-06-12 19:15:00,5.0,True,2021-11-19
B-006852,R-0175,Tennis Court,2025-06-03 12:06:58.247717,2025-06-05 07:15:00,1.0,False,2020-01-26
B-006853,R-0158,Swimming Pool,2025-06-03 15:24:36.404706,2025-06-03 18:45:00,1.0,True,2021-11-01
B-006854,R-0296,Squash Court,2025-06-03 15:45:13.146993,2025-06-05 19:00:00,5.0,False,2021-02-23
B-006855,R-0101,Swimming Pool,2025-06-03 16:03:59.853557,2025-06-04 06:15:00,2.0,False,2021-06-13
B-006856,R-0279,Multipurpose Hall,2025-06-03 18:59:23.194543,2025-06-08 10:15:00,1.0,False,2023-11-24
B-006857,R-0212,Multipurpose Hall,2025-06-03 19:07:33.948349,2025-06-20 11:45:00,5.0,False,2023-06-20
B-006858,R-0297,Clubhouse,2025-06-03 20:45:00.000000,2025-09-01 20:45:00,1.0,False,2021-05-14
B-006859,R-0269,Multipurpose Hall,2025-06-03 22:34:48.751915,2025-06-07 18:00:00,5.0,False,2023-11-18
B-006860,R-0120,Swimming Pool,2025-06-03 23:08:30.817186,2025-06-04 17:15:00,2.0,True,2023-09-11
B-006861,R-0063,Gym,2025-06-04 00:48:34.545473,2025-06-04 07:30:00,2.0,False,2020-11-01
B-006862,R-0111,Kids Play Area,2025-06-04 01:03:17.136594,2025-06-04 09:45:00,2.0,True,2022-01-10
B-006863,R-0114,Swimming Pool,2025-06-04 01:27:29.971607,2025-06-05 18:30:00,3.0,True,2021-10-04
B-006864,R-0016,Kids Play Area,2025-06-04 02:03:33.035537,2025-06-04 16:45:00,1.0,True,2020-04-13
B-006865,R-0311,Kids Play Area,2025-06-04 02:59:35.856204,2025-06-04 16:45:00,5.0,False,2021-06-05
B-006866,R-0047,Swimming Pool,2025-06-04 05:28:29.124037,2025-06-04 17:00:00,2.0,False,2021-10-19
B-006867,R-0259,Gym,2025-06-04 06:20:42.177115,2025-06-05 15:30:00,3.0,False,2023-12-21
B-006868,R-0224,Clubhouse,2025-06-04 07:29:07.128155,2025-06-07 17:30:00,1.0,False,2021-05-19
B-006869,R-0151,Gym,2025-06-04 12:07:27.214347,2025-06-04 15:30:00,4.0,True,2020-08-06
B-006870,R-0064,Tennis Court,2025-06-04 16:03:34.685072,2025-06-05 18:30:00,2.0,False,2022-10-17
B-006871,R-0151,Tennis Court,2025-06-04 18:53:16.031247,2025-06-05 17:30:00,4.0,True,2020-08-06
B-006872,R-0090,Clubhouse,2025-06-05 01:23:12.782469,2025-08-09 20:00:00,3.0,False,2020-03-27
B-006873,R-0199,Tennis Court,2025-06-05 03:47:26.579710,2025-06-07 19:00:00,1.0,False,2023-07-24
B-006874,R-0103,Swimming Pool,2025-06-05 04:36:31.516401,2025-06-06 19:45:00,2.0,True,2021-01-15
B-006875,R-0242,Multipurpose Hall,2025-06-05 06:42:43.952370,2025-06-14 11:15:00,3.0,True,2020-12-31
B-006876,R-0300,Tennis Court,2025-06-05 07:24:11.422267,2025-06-05 19:15:00,4.0,False,2023-10-05
B-006877,R-0039,Multipurpose Hall,2025-06-05 11:09:31.908322,2025-06-24 10:45:00,5.0,False,2020-08-27
B-006878,R-0193,Kids Play Area,2025-06-05 13:36:23.781204,2025-06-05 17:30:00,2.0,True,2021-06-16
B-006879,R-0255,Tennis Court,2025-06-05 14:15:46.592317,2025-06-08 07:00:00,4.0,False,2021-08-19
B-006880,R-0208,Gym,2025-06-05 14:36:11.152364,2025-06-05 19:45:00,5.0,False,2021-08-16
B-006881,R-0234,Squash Court,2025-06-05 15:33:46.034661,2025-06-06 19:30:00,4.0,False,2022-03-24
B-006882,R-0062,Squash Court,2025-06-05 21:12:18.693475,2025-06-11 07:45:00,2.0,False,2020-06-01
B-006883,R-0265,Swimming Pool,2025-06-05 21:41:11.169020,2025-06-06 17:15:00,3.0,False,2023-04-02
B-006884,R-0154,Kids Play Area,2025-06-05 22:56:07.506835,2025-06-06 18:00:00,4.0,False,2020-04-23
B-006885,R-0173,Badminton Court,2025-06-06 03:01:59.629621,2025-06-08 21:00:00,2.0,False,2021-03-09
B-006886,R-0232,Kids Play Area,2025-06-06 06:40:27.906482,2025-06-06 10:45:00,5.0,True,2022-05-16
B-006887,R-0024,Swimming Pool,2025-06-06 08:20:03.191481,2025-06-07 07:00:00,1.0,False,2020-09-16
B-006888,R-0171,Swimming Pool,2025-06-06 08:45:04.640302,2025-06-06 19:00:00,4.0,False,2020-03-16
B-006889,R-0073,Kids Play Area,2025-06-06 08:56:32.163538,2025-06-06 10:30:00,1.0,True,2021-06-20
B-006890,R-0203,Swimming Pool,2025-06-06 09:12:53.289887,2025-06-07 08:45:00,4.0,False,2023-10-19
B-006891,R-0307,Kids Play Area,2025-06-06 10:07:30.000000,2025-06-06 10:15:00,2.0,True,2022-03-13
B-006892,R-0131,Badminton Court,2025-06-06 10:55:47.764440,2025-06-07 20:30:00,1.0,True,2023-10-18
B-006893,R-0120,Kids Play Area,2025-06-06 11:14:30.279297,2025-06-06 16:15:00,2.0,True,2023-09-11
B-006894,R-0099,Badminton Court,2025-06-06 11:19:10.062235,2025-06-06 19:30:00,2.0,False,2022-07-13
B-006895,R-0003,Tennis Court,2025-06-06 11:51:31.309863,2025-06-07 17:00:00,1.0,False,2020-06-06
B-006896,R-0226,Badminton Court,2025-06-06 12:13:15.850265,2025-06-06 21:00:00,3.0,False,2020-02-27
B-006897,R-0129,Squash Court,2025-06-06 12:51:38.587702,2025-06-07 08:45:00,2.0,False,2022-06-19
B-006898,R-0196,Swimming Pool,2025-06-06 13:43:08.864907,2025-06-07 17:45:00,2.0,True,2022-01-24
B-006899,R-0024,Clubhouse,2025-06-06 16:40:28.961106,2025-06-14 11:30:00,1.0,False,2020-09-16
B-006900,R-0048,Gym,2025-06-06 17:29:11.322901,2025-06-07 10:15:00,1.0,True,2023-12-12
B-006901,R-0144,Swimming Pool,2025-06-06 20:19:52.135208,2025-06-07 06:45:00,3.0,False,2022-07-09
B-006902,R-0167,Tennis Court,2025-06-07 00:24:30.170378,2025-06-07 07:45:00,2.0,False,2020-02-05
B-006903,R-0149,Tennis Court,2025-06-07 01:26:51.566132,2025-06-08 17:15:00,2.0,False,2020-09-09
B-006904,R-0155,Gym,2025-06-07 02:02:43.998851,2025-06-07 17:45:00,5.0,True,2021-02-12
B-006905,R-0039,Multipurpose Hall,2025-06-07 02:10:08.800706,2025-06-17 10:30:00,5.0,False,2020-08-27
B-006906,R-0153,Gym,2025-06-07 03:20:32.494196,2025-06-07 08:45:00,5.0,False,2023-03-03
B-006907,R-0139,Tennis Court,2025-06-07 06:24:47.314289,2025-06-11 18:30:00,4.0,True,2022-06-23
B-006908,R-0298,Multipurpose Hall,2025-06-07 07:36:01.562204,2025-06-11 18:45:00,1.0,True,2022-09-18
B-006909,R-0078,Squash Court,2025-06-07 07:43:13.912516,2025-06-07 20:00:00,3.0,False,2020-11-08
B-006910,R-0028,Swimming Pool,2025-06-07 09:22:28.209204,2025-06-07 19:30:00,4.0,False,2023-12-08
B-006911,R-0268,Squash Court,2025-06-07 10:45:21.694000,2025-06-08 07:00:00,5.0,False,2022-10-01
B-006912,R-0242,Badminton Court,2025-06-07 11:17:01.316634,2025-06-07 21:45:00,3.0,True,2020-12-31
B-006913,R-0178,Clubhouse,2025-06-07 11:24:48.502672,2025-06-08 19:45:00,2.0,True,2023-06-30
B-006914,R-0086,Squash Court,2025-06-07 16:34:15.340617,2025-06-07 19:15:00,3.0,False,2023-06-29
B-006915,R-0076,Badminton Court,2025-06-07 17:33:32.553282,2025-06-08 17:00:00,2.0,False,2020-08-07
B-006916,R-0090,Squash Court,2025-06-07 20:36:46.379780,2025-06-08 07:45:00,3.0,False,2020-03-27
B-006917,R-0206,Swimming Pool,2025-06-07 21:48:04.078472,2025-06-08 19:15:00,3.0,False,2021-06-14
B-006918,R-0147,Squash Court,2025-06-08 00:12:02.916201,2025-06-08 18:15:00,5.0,False,2023-05-17
B-006919,R-0082,Clubhouse,2025-06-08 03:33:39.971345,2025-06-14 18:45:00,4.0,False,2020-08-31
B-006920,R-0033,Swimming Pool,2025-06-08 08:37:30.376373,2025-06-08 17:30:00,1.0,False,2022-09-12
B-006921,R-0104,Badminton Court,2025-06-08 09:53:27.310321,2025-06-09 20:00:00,5.0,True,2023-02-09
B-006922,R-0267,Multipurpose Hall,2025-06-08 10:32:42.186585,2025-06-14 18:30:00,3.0,False,2021-09-07
B-006923,R-0220,Badminton Court,2025-06-08 12:00:01.201896,2025-06-11 18:15:00,5.0,False,2021-05-12
B-006924,R-0297,Gym,2025-06-08 12:06:29.647487,2025-06-11 08:00:00,1.0,False,2021-05-14
B-006925,R-0098,Gym,2025-06-08 12:49:04.456782,2025-06-10 09:15:00,4.0,False,2022-10-31
B-006926,R-0157,Kids Play Area,2025-06-08 14:19:02.603838,2025-06-08 16:15:00,3.0,True,2020-05-01
B-006927,R-0018,Swimming Pool,2025-06-08 14:45:37.844019,2025-06-09 16:00:00,3.0,False,2020-12-01
B-006928,R-0293,Gym,2025-06-08 15:35:14.686118,2025-06-09 10:30:00,3.0,True,2023-08-16
B-006929,R-0225,Kids Play Area,2025-06-08 16:11:54.604805,2025-06-09 18:30:00,2.0,False,2021-03-31
B-006930,R-0302,Gym,2025-06-08 19:06:54.670888,2025-06-09 15:15:00,,True,2023-05-11
B-006931,R-0246,Swimming Pool,2025-06-08 19:38:56.465027,2025-06-10 08:00:00,2.0,False,2020-03-20
B-006932,R-0269,Swimming Pool,2025-06-08 20:48:55.388773,2025-06-09 18:00:00,,False,2023-11-18
B-006933,R-0313,Gym,2025-06-08 21:51:02.811079,2025-06-09 09:30:00,2.0,False,2022-01-03
B-006934,R-0053,Tennis Court,2025-06-08 23:01:46.209560,2025-06-11 17:15:00,3.0,False,2021-04-10
B-006935,R-0159,Multipurpose Hall,2025-06-09 02:48:39.425455,2025-06-11 19:30:00,3.0,True,2022-11-14
B-006936,R-0042,Badminton Court,2025-06-09 03:03:39.012885,2025-06-09 17:00:00,3.0,False,2022-11-14
B-006937,R-0240,Gym,2025-06-09 04:34:06.521740,2025-06-11 17:30:00,4.0,True,2021-08-25
B-006938,R-0029,Kids Play Area,2025-06-09 05:28:11.020367,2025-06-09 16:15:00,1.0,False,2020-03-01
B-006939,R-0059,Kids Play Area,2025-06-09 06:18:38.801123,2025-06-09 10:00:00,2.0,True,2021-11-08
B-006940,R-0113,Swimming Pool,2025-06-09 07:12:29.529773,2025-06-10 07:00:00,4.0,False,2022-06-28
B-006941,R-0241,Multipurpose Hall,2025-06-09 09:56:34.767633,2025-06-21 18:15:00,3.0,False,2022-05-23
B-006942,R-0260,Squash Court,2025-06-09 11:19:19.451303,2025-06-09 18:45:00,5.0,False,2020-02-11
B-006943,R-0083,Multipurpose Hall,2025-06-09 12:23:06.514394,2025-06-16 17:45:00,1.0,True,2020-03-12
B-006944,R-0135,Gym,2025-06-09 12:46:14.810270,2025-06-10 06:00:00,2.0,True,2021-05-18
B-006945,R-0215,Badminton Court,2025-06-09 12:58:49.560987,2025-06-10 18:15:00,2.0,True,2023-03-17
B-006946,R-0285,Tennis Court,2025-06-09 13:18:06.328615,2025-06-10 19:00:00,1.0,False,2021-10-06
B-006947,R-0080,Clubhouse,2025-06-09 14:07:42.521072,2025-06-20 20:45:00,4.0,True,2021-01-23
B-006948,R-0188,Tennis Court,2025-06-09 20:14:39.597818,2025-06-11 17:45:00,1.0,False,2023-02-11
B-006949,R-0098,Clubhouse,2025-06-10 00:35:54.984963,2025-06-26 18:45:00,4.0,False,2022-10-31
B-006950,R-0180,Kids Play Area,2025-06-10 05:43:25.753379,2025-06-10 16:45:00,2.0,False,2020-05-11
B-006951,R-0196,Swimming Pool,2025-06-10 06:58:27.866745,2025-06-14 17:15:00,2.0,True,2022-01-24
B-006952,R-0278,Gym,2025-06-10 09:00:00.000000,2025-06-10 09:15:00,4.0,False,2023-06-25
B-006953,R-0163,Gym,2025-06-10 09:34:43.795532,2025-06-10 17:15:00,3.0,True,2022-11-25
B-006954,R-0046,Swimming Pool,2025-06-10 13:16:53.823774,2025-06-10 16:00:00,1.0,True,2021-11-08
B-006955,R-0141,Tennis Court,2025-06-10 16:45:52.690989,2025-06-11 06:45:00,1.0,False,2020-01-06
B-006956,R-0108,Clubhouse,2025-06-10 19:50:09.800836,2025-06-15 19:45:00,2.0,False,2020-05-18
B-006957,R-0249,Swimming Pool,2025-06-10 20:33:32.572808,2025-06-11 17:30:00,4.0,True,2021-04-14
B-006958,R-0299,Multipurpose Hall,2025-06-11 02:06:08.957636,2025-06-14 17:15:00,5.0,False,2020-07-29
B-006959,R-0279,Multipurpose Hall,2025-06-11 05:27:40.031158,2025-07-05 11:45:00,1.0,False,2023-11-24
B-006960,R-0190,Swimming Pool,2025-06-11 06:33:37.589228,2025-06-11 16:30:00,4.0,True,2022-05-02
B-006961,R-0228,Gym,2025-06-11 07:03:02.907971,2025-06-11 15:00:00,4.0,False,2023-09-10
B-006962,R-0127,Clubhouse,2025-06-11 07:53:20.093866,2025-06-13 18:45:00,3.0,False,2020-06-15
B-006963,R-0045,Clubhouse,2025-06-11 07:56:25.372947,2025-06-14 17:45:00,4.0,False,2020-05-15
B-006964,R-0280,Badminton Court,2025-06-11 09:23:36.964509,2025-06-11 20:00:00,3.0,False,2020-03-31
B-006965,R-0056,Swimming Pool,2025-06-11 11:35:39.282503,2025-06-12 06:45:00,2.0,True,2020-07-16
B-006966,R-0137,Kids Play Area,2025-06-11 14:21:49.579101,2025-06-11 17:45:00,2.0,True,2020-08-26
B-006967,R-0194,Clubhouse,2025-06-11 16:06:12.189843,2025-07-16 11:15:00,1.0,False,2023-01-19
B-006968,R-0152,Tennis Court,2025-06-11 17:36:28.977927,2025-06-13 18:15:00,1.0,True,2020-03-08
B-006969,R-0194,Swimming Pool,2025-06-11 18:12:08.860408,2025-06-12 08:15:00,1.0,False,2023-01-19
B-006970,R-0011,Multipurpose Hall,2025-06-12 00:08:08.595391,2025-06-21 19:45:00,4.0,False,2022-01-15
B-006971,R-0036,Multipurpose Hall,2025-06-12 02:20:11.255164,2025-06-13 11:00:00,3.0,True,2021-02-14
B-006972,R-0161,Tennis Court,2025-06-12 02:41:52.749077,2025-06-18 07:30:00,4.0,True,2022-05-10
B-006973,R-0303,Gym,2025-06-12 04:20:34.852823,2025-06-12 11:45:00,2.0,False,2020-02-09
B-006974,R-0253,Kids Play Area,2025-06-12 05:20:23.804799,2025-06-12 09:15:00,4.0,True,2023-11-16
B-006975,R-0035,Swimming Pool,2025-06-12 06:48:24.886318,2025-06-16 07:45:00,1.0,False,2023-05-21
B-006976,R-0058,Clubhouse,2025-06-12 09:28:19.731477,2025-06-18 17:15:00,3.0,False,2023-09-11
B-006977,R-0101,Badminton Court,2025-06-12 09:49:46.981742,2025-06-14 20:15:00,2.0,False,2021-06-13
B-006978,R-0096,Gym,2025-06-12 11:45:20.758504,2025-06-13 11:00:00,1.0,False,2022-10-22
B-006979,R-0066,Clubhouse,2025-06-12 12:46:38.580905,2025-06-21 19:45:00,2.0,False,2021-02-13
B-006980,R-0261,Swimming Pool,2025-06-12 13:54:57.996970,2025-06-12 18:00:00,5.0,True,2023-07-12
B-006981,R-0010,Swimming Pool,2025-06-12 14:57:10.505895,2025-06-14 19:45:00,3.0,True,2020-10-23
B-006982,R-0165,Squash Court,2025-06-12 15:03:59.418150,2025-06-12 19:45:00,2.0,False,2021-12-19
B-006983,R-0124,Swimming Pool,2025-06-12 16:51:07.899904,2025-06-12 17:30:00,3.0,False,2022-08-31
B-006984,R-0256,Swimming Pool,2025-06-12 17:06:07.668387,2025-06-12 19:00:00,3.0,True,2021-06-07
B-006985,R-0152,Kids Play Area,2025-06-12 23:46:51.550853,2025-06-15 10:30:00,1.0,True,2020-03-08
B-006986,R-0286,Gym,2025-06-13 01:58:49.234665,2025-06-14 17:30:00,4.0,True,2020-11-25
B-006987,R-0176,Swimming Pool,2025-06-13 02:15:56.937253,2025-06-13 06:00:00,5.0,True,2022-03-04
B-006988,R-0122,Badminton Court,2025-06-13 04:39:03.441758,2025-06-14 21:45:00,1.0,False,2022-11-04
B-006989,R-0209,Gym,2025-06-13 05:26:34.371984,2025-06-13 11:45:00,3.0,False,2023-07-20
B-006990,R-0231,Kids Play Area,2025-06-13 05:35:41.077469,2025-06-13 18:00:00,1.0,False,2021-10-30
B-006991,R-0066,Squash Court,2025-06-13 06:53:10.088309,2025-06-13 19:00:00,2.0,False,2021-02-13
B-006992,R-0146,Badminton Court,2025-06-13 08:22:02.807532,2025-06-13 18:45:00,4.0,False,2020-03-14
B-006993,R-0311,Swimming Pool,2025-06-13 12:42:21.013691,2025-06-16 16:15:00,5.0,False,2021-06-05
B-006994,R-0259,Kids Play Area,2025-06-13 12:47:45.174841,2025-06-13 18:15:00,3.0,False,2023-12-21
B-006995,R-0243,Kids Play Area,2025-06-13 17:22:14.340546,2025-06-13 18:15:00,2.0,False,2022-10-01
B-006996,R-0098,Kids Play Area,2025-06-13 17:40:29.748997,2025-06-14 10:15:00,4.0,False,2022-10-31
B-006997,R-0175,Squash Court,2025-06-13 18:09:30.988831,2025-06-14 08:45:00,1.0,False,2020-01-26
B-006998,R-0265,Swimming Pool,2025-06-13 21:34:28.231104,2025-06-14 06:30:00,3.0,False,2023-04-02
B-006999,R-0003,Swimming Pool,2025-06-14 01:10:19.536968,2025-06-15 19:00:00,1.0,False,2020-06-06
B-007000,R-0048,Gym,2025-06-14 02:21:10.872347,2025-06-15 15:15:00,1.0,True,2023-12-12
B-007001,R-0248,Clubhouse,2025-06-14 04:00:25.401091,2025-06-21 11:45:00,2.0,True,2022-12-30
B-007002,R-0132,Tennis Court,2025-06-14 08:17:54.913268,2025-06-19 18:00:00,3.0,True,2020-10-06
B-007003,R-0240,Gym,2025-06-14 09:02:05.096463,2025-06-16 16:15:00,4.0,True,2021-08-25
B-007004,R-0181,Badminton Court,2025-06-14 09:19:21.114161,2025-06-16 18:00:00,4.0,True,2022-08-08
B-007005,R-0229,Squash Court,2025-06-14 11:13:46.328851,2025-06-15 08:00:00,2.0,False,2020-02-16
B-007006,R-0232,Clubhouse,2025-06-14 11:49:27.046990,2025-06-24 20:30:00,5.0,True,2022-05-16
B-007007,R-0172,Kids Play Area,2025-06-14 12:43:12.253237,2025-06-14 17:15:00,2.0,False,2020-03-14
B-007008,R-0088,Tennis Court,2025-06-14 15:00:55.749222,2025-06-16 07:45:00,5.0,False,2023-05-21
B-007009,R-0213,Tennis Court,2025-06-14 16:55:16.504730,2025-06-17 07:30:00,5.0,True,2022-11-19
B-007010,R-0103,Badminton Court,2025-06-14 18:16:18.268883,2025-06-16 20:00:00,2.0,True,2021-01-15
B-007011,R-0020,Gym,2025-06-14 23:22:19.721545,2025-06-15 09:30:00,1.0,False,2021-04-01
B-007012,R-0059,Kids Play Area,2025-06-15 04:51:57.084029,2025-06-15 09:15:00,2.0,True,2021-11-08
B-007013,R-0187,Tennis Court,2025-06-15 05:34:41.470344,2025-06-16 18:15:00,4.0,False,2020-04-30
B-007014,R-0275,Kids Play Area,2025-06-15 09:27:36.778395,2025-06-15 17:15:00,4.0,True,2020-05-07
B-007015,R-0259,Multipurpose Hall,2025-06-15 10:45:30.304862,2025-07-11 19:30:00,3.0,False,2023-12-21
B-007016,R-0184,Swimming Pool,2025-06-15 12:27:34.905646,2025-06-16 07:00:00,1.0,False,2022-11-30
B-007017,R-0146,Badminton Court,2025-06-15 14:25:42.672099,2025-06-15 18:00:00,4.0,False,2020-03-14
B-007018,R-0203,Tennis Court,2025-06-15 14:37:27.504620,2025-06-17 07:45:00,4.0,False,2023-10-19
B-007019,R-0137,Kids Play Area,2025-06-15 16:40:52.025535,2025-06-15 18:30:00,2.0,True,2020-08-26
B-007020,R-0141,Swimming Pool,2025-06-15 17:31:19.635034,2025-06-16 07:45:00,1.0,False,2020-01-06
B-007021,R-0258,Badminton Court,2025-06-15 20:30:33.709158,2025-06-17 20:30:00,2.0,True,2023-04-04
B-007022,R-0105,Badminton Court,2025-06-15 22:17:18.925965,2025-06-19 19:45:00,1.0,False,2021-09-14
B-007023,R-0221,Gym,2025-06-16 00:23:49.279470,2025-06-16 16:30:00,1.0,True,2023-09-29
B-007024,R-0085,Swimming Pool,2025-06-16 00:42:01.921815,2025-06-16 16:30:00,1.0,False,2022-03-24
B-007025,R-0106,Gym,2025-06-16 02:37:55.722016,2025-06-17 07:15:00,1.0,True,2020-01-23
B-007026,R-0313,Gym,2025-06-16 03:43:39.733583,2025-06-16 09:30:00,2.0,False,2022-01-03
B-007027,R-0170,Swimming Pool,2025-06-16 08:01:21.982520,2025-06-16 18:00:00,4.0,False,2023-02-04
B-007028,R-0186,Gym,2025-06-16 08:50:27.152275,2025-06-16 18:30:00,2.0,False,2020-11-10
B-007029,R-0238,Badminton Court,2025-06-16 11:48:22.710520,2025-06-16 17:30:00,3.0,True,2023-07-13
B-007030,R-0255,Gym,2025-06-16 15:48:11.826117,2025-06-18 16:45:00,4.0,False,2021-08-19
B-007031,R-0265,Clubhouse,2025-06-16 16:09:49.275349,2025-07-15 17:00:00,3.0,False,2023-04-02
B-007032,R-0117,Swimming Pool,2025-06-16 21:27:52.422760,2025-06-17 08:30:00,4.0,False,2020-10-16
B-007033,R-0228,Gym,2025-06-17 02:18:12.046597,2025-06-17 15:30:00,4.0,False,2023-09-10
B-007034,R-0119,Clubhouse,2025-06-17 02:44:25.895530,2025-08-20 11:00:00,5.0,False,2023-12-08
B-007035,R-0236,Squash Court,2025-06-17 06:06:00.364186,2025-06-21 08:15:00,1.0,True,2021-05-07
B-007036,R-0310,Badminton Court,2025-06-17 07:26:30.367860,2025-06-17 20:15:00,3.0,False,2022-10-15
B-007037,R-0014,Kids Play Area,2025-06-17 10:46:52.611070,2025-06-17 17:15:00,3.0,False,2023-02-21
B-007038,R-0125,Squash Court,2025-06-17 12:22:59.537167,2025-06-19 19:00:00,5.0,True,2020-12-19
B-007039,R-0032,Swimming Pool,2025-06-17 15:47:11.921320,2025-06-18 07:30:00,4.0,False,2020-08-02
B-007040,R-0166,Squash Court,2025-06-17 20:19:11.840225,2025-06-18 07:15:00,4.0,False,2022-10-13
B-007041,R-0119,Kids Play Area,2025-06-17 22:20:51.310056,2025-06-18 09:30:00,5.0,False,2023-12-08
B-007042,R-0111,Swimming Pool,2025-06-18 01:01:24.054366,2025-06-18 19:15:00,2.0,True,2022-01-10
B-007043,R-0234,Squash Court,2025-06-18 05:13:38.970805,2025-06-18 19:45:00,4.0,False,2022-03-24
B-007044,R-0196,Multipurpose Hall,2025-06-18 05:50:22.087009,2025-07-13 10:00:00,2.0,True,2022-01-24
B-007045,R-0146,Kids Play Area,2025-06-18 08:01:16.147150,2025-06-18 09:00:00,4.0,False,2020-03-14
B-007046,R-0247,Badminton Court,2025-06-18 11:25:46.061890,2025-06-18 21:30:00,3.0,True,2021-09-01
B-007047,R-0099,Badminton Court,2025-06-18 12:14:52.841054,2025-06-18 18:30:00,2.0,False,2022-07-13
B-007048,R-0052,Badminton Court,2025-06-18 14:54:31.911671,2025-06-18 17:00:00,3.0,True,2022-09-27
B-007049,R-0026,Kids Play Area,2025-06-18 15:38:04.538422,2025-06-18 18:45:00,2.0,False,2022-01-18
B-007050,R-0064,Swimming Pool,2025-06-18 20:46:50.007863,2025-06-19 17:45:00,2.0,False,2022-10-17
B-007051,R-0254,Badminton Court,2025-06-18 20:50:09.107129,2025-06-21 18:00:00,2.0,False,2020-09-25
B-007052,R-0222,Tennis Court,2025-06-19 01:02:41.998535,2025-06-20 07:00:00,3.0,False,2021-06-30
B-007053,R-0145,Tennis Court,2025-06-19 03:58:14.898083,2025-06-19 07:30:00,1.0,False,2021-10-20
B-007054,R-0022,Swimming Pool,2025-06-19 05:32:11.134794,2025-06-22 08:00:00,2.0,True,2022-11-11
B-007055,R-0174,Gym,2025-06-19 07:12:44.403442,2025-06-22 11:30:00,3.0,False,2022-11-22
B-007056,R-0272,Swimming Pool,2025-06-19 10:34:48.282371,2025-06-20 19:45:00,3.0,False,2021-11-30
B-007057,R-0280,Squash Court,2025-06-19 10:48:20.808137,2025-06-19 18:15:00,3.0,False,2020-03-31
B-007058,R-0233,Badminton Court,2025-06-19 11:36:24.151665,2025-06-21 17:00:00,4.0,True,2021-11-14
B-007059,R-0235,Swimming Pool,2025-06-19 11:57:30.500588,2025-06-20 19:00:00,2.0,False,2020-08-24
B-007060,R-0288,Tennis Court,2025-06-19 12:13:37.999503,2025-06-21 19:30:00,4.0,False,2023-09-08
B-007061,R-0297,Badminton Court,2025-06-19 12:47:58.140045,2025-06-19 17:45:00,1.0,False,2021-05-14
B-007062,R-0231,Tennis Court,2025-06-19 13:57:44.298304,2025-06-24 18:45:00,1.0,False,2021-10-30
B-007063,R-0255,Tennis Court,2025-06-19 14:43:38.339579,2025-06-22 07:15:00,4.0,False,2021-08-19
B-007064,R-0147,Swimming Pool,2025-06-19 17:41:04.428659,2025-06-20 19:45:00,5.0,False,2023-05-17
B-007065,R-0030,Swimming Pool,2025-06-19 20:54:15.419909,2025-06-22 06:30:00,2.0,True,2023-02-05
B-007066,R-0100,Gym,2025-06-19 23:08:03.487471,2025-06-22 14:15:00,5.0,True,2020-08-16
B-007067,R-0096,Gym,2025-06-20 01:17:24.080491,2025-06-20 11:00:00,1.0,False,2022-10-22
B-007068,R-0293,Kids Play Area,2025-06-20 01:31:22.915500,2025-06-20 17:00:00,3.0,True,2023-08-16
B-007069,R-0122,Gym,2025-06-20 04:19:10.186397,2025-06-21 20:00:00,1.0,False,2022-11-04
B-007070,R-0285,Multipurpose Hall,2025-06-20 04:42:15.185588,2025-06-25 17:00:00,1.0,False,2021-10-06
B-007071,R-0189,Swimming Pool,2025-06-20 04:44:51.798646,2025-06-20 19:15:00,1.0,False,2022-07-11
B-007072,R-0057,Badminton Court,2025-06-20 04:46:03.498170,2025-06-21 21:30:00,2.0,False,2022-06-23
B-007073,R-0130,Tennis Court,2025-06-20 07:07:40.973772,2025-06-21 17:15:00,3.0,False,2022-05-02
B-007074,R-0184,Badminton Court,2025-06-20 11:29:55.012347,2025-06-24 19:45:00,1.0,False,2022-11-30
B-007075,R-0047,Swimming Pool,2025-06-20 11:31:03.789441,2025-06-20 17:15:00,2.0,False,2021-10-19
B-007076,R-0261,Tennis Court,2025-06-20 14:18:55.436448,2025-06-20 18:15:00,5.0,True,2023-07-12
B-007077,R-0234,Multipurpose Hall,2025-06-20 14:36:47.930005,2025-06-29 19:00:00,4.0,False,2022-03-24
B-007078,R-0078,Swimming Pool,2025-06-20 15:04:19.339146,2025-06-21 18:00:00,3.0,False,2020-11-08
B-007079,R-0255,Multipurpose Hall,2025-06-20 15:12:14.541762,2025-06-28 19:30:00,4.0,False,2021-08-19
B-007080,R-0158,Swimming Pool,2025-06-20 15:31:47.484027,2025-06-20 16:15:00,1.0,True,2021-11-01
B-007081,R-0045,Clubhouse,2025-06-20 18:34:41.266976,2025-06-22 17:45:00,4.0,False,2020-05-15
B-007082,R-0259,Multipurpose Hall,2025-06-21 03:18:30.797906,2025-06-24 19:30:00,3.0,False,2023-12-21
B-007083,R-0115,Multipurpose Hall,2025-06-21 04:00:18.751187,2025-06-25 11:45:00,2.0,False,2021-08-17
B-007084,R-0101,Badminton Court,2025-06-21 04:04:18.237086,2025-06-22 19:15:00,2.0,False,2021-06-13
B-007085,R-0319,Swimming Pool,2025-06-21 06:11:48.608070,2025-06-21 18:30:00,1.0,False,2020-02-22
B-007086,R-0276,Badminton Court,2025-06-21 06:59:31.007058,2025-06-21 19:45:00,1.0,False,2021-12-03
B-007087,R-0163,Multipurpose Hall,2025-06-21 08:58:31.591061,2025-07-01 17:30:00,3.0,True,2022-11-25
B-007088,R-0082,Tennis Court,2025-06-21 10:16:47.839477,2025-06-21 17:15:00,4.0,False,2020-08-31
B-007089,R-0268,Kids Play Area,2025-06-21 12:08:14.662261,2025-06-21 16:45:00,5.0,False,2022-10-01
B-007090,R-0267,Kids Play Area,2025-06-21 12:46:17.789692,2025-06-21 16:30:00,3.0,False,2021-09-07
B-007091,R-0017,Multipurpose Hall,2025-06-21 17:13:11.956564,2025-06-23 17:15:00,1.0,False,2023-04-21
B-007092,R-0028,Gym,2025-06-22 00:12:33.856359,2025-06-22 20:45:00,4.0,False,2023-12-08
B-007093,R-0045,Clubhouse,2025-06-22 00:42:04.408799,2025-06-26 17:30:00,4.0,False,2020-05-15
B-007094,R-0283,Swimming Pool,2025-06-22 00:54:53.186868,2025-06-22 17:15:00,1.0,False,2020-02-28
B-007095,R-0079,Kids Play Area,2025-06-22 04:53:51.677172,2025-06-22 10:30:00,3.0,True,2020-08-30
B-007096,R-0064,Swimming Pool,2025-06-22 04:56:18.420186,2025-06-22 17:45:00,2.0,False,2022-10-17
B-007097,R-0194,Swimming Pool,2025-06-22 05:45:47.045881,2025-06-23 08:45:00,1.0,False,2023-01-19
B-007098,R-0044,Squash Court,2025-06-22 06:22:57.561643,2025-06-22 18:45:00,1.0,False,2021-10-23
B-007099,R-0238,Tennis Court,2025-06-22 06:27:01.998714,2025-06-22 17:30:00,3.0,True,2023-07-13
B-007100,R-0204,Kids Play Area,2025-06-22 08:33:11.454839,2025-06-22 10:15:00,4.0,False,2022-05-24
B-007101,R-0027,Squash Court,2025-06-22 09:32:57.715018,2025-06-22 20:15:00,2.0,False,2023-03-12
B-007102,R-0062,Badminton Court,2025-06-22 11:01:14.678127,2025-06-23 20:00:00,2.0,False,2020-06-01
B-007103,R-0194,Swimming Pool,2025-06-22 11:54:24.236919,2025-06-24 08:15:00,1.0,False,2023-01-19
B-007104,R-0225,Squash Court,2025-06-22 13:18:57.651783,2025-06-23 07:00:00,2.0,False,2021-03-31
B-007105,R-0077,Kids Play Area,2025-06-22 13:34:58.624356,2025-06-22 17:15:00,5.0,False,2020-09-28
B-007106,R-0218,Squash Court,2025-06-22 14:13:05.412723,2025-06-22 19:45:00,1.0,False,2022-10-26
B-007107,R-0137,Kids Play Area,2025-06-22 15:54:47.434606,2025-06-22 17:15:00,2.0,True,2020-08-26
B-007108,R-0294,Swimming Pool,2025-06-22 17:16:53.456340,2025-06-22 18:00:00,4.0,False,2021-02-22
B-007109,R-0180,Multipurpose Hall,2025-06-22 19:58:55.028528,2025-06-26 10:30:00,2.0,False,2020-05-11
B-007110,R-0087,Clubhouse,2025-06-23 01:03:41.329179,2025-06-24 17:15:00,1.0,False,2023-02-22
B-007111,R-0186,Gym,2025-06-23 01:38:28.177249,2025-06-23 18:30:00,2.0,False,2020-11-10
B-007112,R-0245,Squash Court,2025-06-23 05:43:00.603978,2025-06-25 18:30:00,1.0,False,2022-02-09
B-007113,R-0013,Swimming Pool,2025-06-23 06:58:46.752238,2025-06-23 19:15:00,1.0,True,2023-10-18
B-007114,R-0311,Kids Play Area,2025-06-23 06:59:56.873598,2025-06-23 16:45:00,5.0,False,2021-06-05
B-007115,R-0076,Multipurpose Hall,2025-06-23 08:28:47.824116,2025-06-28 10:45:00,2.0,False,2020-08-07
B-007116,R-0026,Tennis Court,2025-06-23 10:43:42.582379,2025-06-26 18:15:00,2.0,False,2022-01-18
B-007117,R-0279,Badminton Court,2025-06-23 14:34:16.023596,2025-06-23 21:15:00,1.0,False,2023-11-24
B-007118,R-0074,Swimming Pool,2025-06-23 15:00:52.604962,2025-06-24 08:45:00,3.0,False,2020-01-21
B-007119,R-0090,Badminton Court,2025-06-23 15:20:42.288655,2025-06-25 19:30:00,3.0,False,2020-03-27
B-007120,R-0312,Gym,2025-06-23 16:37:59.929907,2025-06-24 14:30:00,1.0,False,2022-09-04
B-007121,R-0046,Kids Play Area,2025-06-23 16:59:13.691073,2025-06-23 18:30:00,1.0,True,2021-11-08
B-007122,R-0110,Tennis Court,2025-06-23 20:10:44.917093,2025-06-24 06:45:00,4.0,False,2022-06-09
B-007123,R-0103,Swimming Pool,2025-06-23 20:11:15.259119,2025-06-24 19:45:00,2.0,True,2021-01-15
B-007124,R-0318,Swimming Pool,2025-06-23 20:57:57.966921,2025-06-28 19:15:00,4.0,False,2021-01-26
B-007125,R-0221,Gym,2025-06-24 01:22:07.606857,2025-06-25 16:00:00,1.0,True,2023-09-29
B-007126,R-0036,Swimming Pool,2025-06-24 03:37:06.410777,2025-06-24 06:45:00,3.0,True,2021-02-14
B-007127,R-0244,Swimming Pool,2025-06-24 05:33:56.800845,2025-06-24 18:15:00,2.0,True,2022-07-27
B-007128,R-0267,Multipurpose Hall,2025-06-24 05:36:55.313335,2025-06-30 18:00:00,3.0,False,2021-09-07
B-007129,R-0069,Gym,2025-06-24 05:45:01.577513,2025-06-24 15:30:00,1.0,False,2023-11-30
B-007130,R-0154,Multipurpose Hall,2025-06-24 05:57:39.525690,2025-07-16 17:45:00,4.0,False,2020-04-23
B-007131,R-0061,Badminton Court,2025-06-24 07:24:59.320190,2025-06-24 19:00:00,1.0,False,2022-11-06
B-007132,R-0139,Tennis Court,2025-06-24 09:01:08.413464,2025-06-27 18:45:00,4.0,True,2022-06-23
B-007133,R-0290,Swimming Pool,2025-06-24 12:18:39.629484,2025-06-24 19:45:00,3.0,False,2021-02-25
B-007134,R-0195,Tennis Court,2025-06-24 12:59:08.227077,2025-06-27 18:00:00,3.0,True,2022-06-30
B-007135,R-0238,Tennis Court,2025-06-24 14:30:56.489938,2025-06-24 19:00:00,3.0,True,2023-07-13
B-007136,R-0298,Swimming Pool,2025-06-24 15:14:39.049440,2025-06-24 17:45:00,1.0,True,2022-09-18
B-007137,R-0056,Swimming Pool,2025-06-24 16:51:17.741062,2025-06-25 08:30:00,2.0,True,2020-07-16
B-007138,R-0170,Swimming Pool,2025-06-24 17:10:35.545608,2025-06-25 19:30:00,4.0,False,2023-02-04
B-007139,R-0303,Multipurpose Hall,2025-06-25 02:29:08.914757,2025-06-26 17:30:00,2.0,False,2020-02-09
B-007140,R-0175,Squash Court,2025-06-25 03:13:58.452825,2025-06-27 08:15:00,1.0,False,2020-01-26
B-007141,R-0253,Swimming Pool,2025-06-25 03:55:22.578553,2025-06-25 06:30:00,4.0,True,2023-11-16
B-007142,R-0210,Gym,2025-06-25 04:17:40.052857,2025-06-25 11:00:00,1.0,False,2022-05-08
B-007143,R-0092,Kids Play Area,2025-06-25 04:46:52.888204,2025-06-25 17:15:00,3.0,False,2023-07-28
B-007144,R-0093,Swimming Pool,2025-06-25 05:58:07.191342,2025-06-27 07:00:00,5.0,False,2020-04-20
B-007145,R-0161,Clubhouse,2025-06-25 07:37:09.559337,2025-08-08 11:45:00,4.0,True,2022-05-10
B-007146,R-0269,Swimming Pool,2025-06-25 09:22:53.115674,2025-06-25 19:00:00,5.0,False,2023-11-18
B-007147,R-0242,Multipurpose Hall,2025-06-25 10:50:45.377238,2025-06-28 10:15:00,3.0,True,2020-12-31
B-007148,R-0159,Badminton Court,2025-06-25 13:17:37.414910,2025-06-25 18:15:00,3.0,True,2022-11-14
B-007149,R-0212,Squash Court,2025-06-25 13:42:33.319904,2025-06-27 08:45:00,5.0,False,2023-06-20
B-007150,R-0062,Swimming Pool,2025-06-25 15:08:06.956952,2025-06-26 18:15:00,2.0,False,2020-06-01
B-007151,R-0305,Clubhouse,2025-06-25 22:49:36.355511,2025-07-02 11:15:00,5.0,False,2023-08-05
B-007152,R-0048,Clubhouse,2025-06-26 00:18:51.812791,2025-06-30 12:45:00,1.0,True,2023-12-12
B-007153,R-0138,Kids Play Area,2025-06-26 01:27:06.051268,2025-06-26 17:00:00,3.0,False,2021-08-01
B-007154,R-0278,Gym,2025-06-26 03:43:01.391126,2025-06-26 09:45:00,4.0,False,2023-06-25
B-007155,R-0056,Swimming Pool,2025-06-26 06:48:02.127535,2025-06-26 08:30:00,2.0,True,2020-07-16
B-007156,R-0041,Clubhouse,2025-06-26 08:22:05.711506,2025-06-28 20:30:00,1.0,True,2020-07-01
B-007157,R-0080,Badminton Court,2025-06-26 11:06:54.570306,2025-06-26 18:00:00,4.0,True,2021-01-23
B-007158,R-0287,Gym,2025-06-26 12:25:57.915202,2025-06-27 15:30:00,3.0,False,2022-04-21
B-007159,R-0019,Squash Court,2025-06-26 15:02:09.166356,2025-06-26 19:45:00,5.0,False,2022-02-09
B-007160,R-0097,Multipurpose Hall,2025-06-26 17:13:24.711048,2025-06-28 17:45:00,4.0,False,2021-12-03
B-007161,R-0127,Gym,2025-06-26 20:45:42.410146,2025-06-27 07:00:00,3.0,False,2020-06-15
B-007162,R-0255,Multipurpose Hall,2025-06-26 21:51:12.802299,2025-07-27 11:00:00,4.0,False,2021-08-19
B-007163,R-0016,Kids Play Area,2025-06-27 02:16:48.853446,2025-06-27 16:45:00,1.0,True,2020-04-13
B-007164,R-0157,Kids Play Area,2025-06-27 04:10:33.303491,2025-06-27 16:30:00,3.0,True,2020-05-01
B-007165,R-0043,Gym,2025-06-27 09:17:02.155001,2025-06-28 11:45:00,5.0,False,2023-06-13
B-007166,R-0114,Swimming Pool,2025-06-27 09:56:29.538531,2025-06-29 18:15:00,3.0,True,2021-10-04
B-007167,R-0268,Squash Court,2025-06-27 10:22:30.680447,2025-06-28 07:45:00,5.0,False,2022-10-01
B-007168,R-0292,Badminton Court,2025-06-27 11:36:48.469150,2025-06-29 18:15:00,3.0,False,2020-01-30
B-007169,R-0047,Swimming Pool,2025-06-27 13:59:25.772461,2025-06-27 17:15:00,2.0,False,2021-10-19
B-007170,R-0305,Kids Play Area,2025-06-27 14:07:32.495043,2025-06-27 16:00:00,5.0,False,2023-08-05
B-007171,R-0036,Badminton Court,2025-06-27 18:25:17.782300,2025-06-27 20:00:00,3.0,True,2021-02-14
B-007172,R-0144,Badminton Court,2025-06-27 20:47:21.521412,2025-06-28 17:00:00,3.0,False,2022-07-09
B-007173,R-0123,Badminton Court,2025-06-28 00:40:33.139314,2025-06-28 19:00:00,5.0,False,2021-05-23
B-007174,R-0279,Squash Court,2025-06-28 01:57:50.437028,2025-06-28 07:15:00,1.0,False,2023-11-24
B-007175,R-0054,Swimming Pool,2025-06-28 02:43:05.801797,2025-06-28 07:00:00,2.0,False,2022-02-13
B-007176,R-0001,Multipurpose Hall,2025-06-28 03:35:18.117138,2025-07-05 17:45:00,4.0,False,2021-03-19
B-007177,R-0022,Kids Play Area,2025-06-28 04:30:36.377789,2025-06-29 09:00:00,2.0,True,2022-11-11
B-007178,R-0029,Kids Play Area,2025-06-28 04:35:34.609364,2025-06-28 16:45:00,1.0,False,2020-03-01
B-007179,R-0196,Kids Play Area,2025-06-28 07:39:33.669642,2025-06-28 17:00:00,2.0,True,2022-01-24
B-007180,R-0217,Tennis Court,2025-06-28 09:47:52.373816,2025-06-28 17:45:00,1.0,False,2020-11-09
B-007181,R-0033,Swimming Pool,2025-06-28 10:04:24.972363,2025-06-28 17:00:00,1.0,False,2022-09-12
B-007182,R-0261,Swimming Pool,2025-06-28 11:58:39.751054,2025-06-28 18:30:00,5.0,True,2023-07-12
B-007183,R-0040,Tennis Court,2025-06-28 13:15:26.620391,2025-07-04 18:45:00,2.0,True,2023-09-02
B-007184,R-0077,Kids Play Area,2025-06-28 14:37:26.903480,2025-06-28 17:45:00,,False,2020-09-28
B-007185,R-0237,Badminton Court,2025-06-28 15:13:13.198141,2025-06-28 18:15:00,2.0,False,2020-12-11
B-007186,R-0036,Kids Play Area,2025-06-28 15:48:07.063847,2025-06-28 18:45:00,3.0,True,2021-02-14
B-007187,R-0024,Gym,2025-06-28 18:51:09.432162,2025-06-29 18:45:00,1.0,False,2020-09-16
B-007188,R-0215,Gym,2025-06-28 20:03:53.862159,2025-06-29 07:15:00,2.0,True,2023-03-17
B-007189,R-0174,Gym,2025-06-29 01:50:28.398690,2025-06-29 11:45:00,3.0,False,2022-11-22
B-007190,R-0082,Gym,2025-06-29 02:07:25.042776,2025-06-29 06:45:00,4.0,False,2020-08-31
B-007191,R-0254,Gym,2025-06-29 05:01:33.363649,2025-06-29 17:00:00,2.0,False,2020-09-25
B-007192,R-0188,Gym,2025-06-29 05:19:59.818671,2025-06-29 19:30:00,1.0,False,2023-02-11
B-007193,R-0079,Kids Play Area,2025-06-29 06:34:54.886337,2025-06-29 10:45:00,3.0,True,2020-08-30
B-007194,R-0220,Badminton Court,2025-06-29 07:41:36.848441,2025-07-01 18:00:00,5.0,False,2021-05-12
B-007195,R-0039,Multipurpose Hall,2025-06-29 07:45:14.662242,2025-07-17 10:30:00,5.0,False,2020-08-27
B-007196,R-0190,Tennis Court,2025-06-29 10:56:28.133716,2025-06-29 17:45:00,4.0,True,2022-05-02
B-007197,R-0107,Tennis Court,2025-06-29 11:04:12.186591,2025-06-30 19:30:00,2.0,False,2021-10-10
B-007198,R-0124,Squash Court,2025-06-29 12:04:21.940856,2025-06-29 18:45:00,3.0,False,2022-08-31
B-007199,R-0064,Tennis Court,2025-06-29 12:04:39.367670,2025-06-29 18:45:00,2.0,False,2022-10-17
B-007200,R-0194,Kids Play Area,2025-06-29 14:16:22.499828,2025-06-30 09:45:00,1.0,False,2023-01-19
B-007201,R-0235,Swimming Pool,2025-06-29 14:35:34.616376,2025-06-29 19:00:00,2.0,False,2020-08-24
B-007202,R-0096,Gym,2025-06-29 17:01:06.752621,2025-06-30 11:30:00,1.0,False,2022-10-22
B-007203,R-0063,Badminton Court,2025-06-29 18:30:47.690018,2025-06-30 19:30:00,2.0,False,2020-11-01
B-007204,R-0238,Tennis Court,2025-06-29 19:48:56.248340,2025-06-30 19:30:00,3.0,True,2023-07-13
B-007205,R-0084,Swimming Pool,2025-06-29 20:58:38.668464,2025-07-01 07:45:00,1.0,False,2021-03-07
B-007206,R-0052,Multipurpose Hall,2025-06-30 06:05:21.448409,2025-07-01 19:30:00,3.0,True,2022-09-27
B-007207,R-0039,Kids Play Area,2025-06-30 13:26:52.604700,2025-06-30 16:00:00,5.0,False,2020-08-27
B-007208,R-0038,Swimming Pool,2025-06-30 21:24:40.718789,2025-07-01 17:00:00,5.0,False,2020-08-26
B-007209,R-0212,Gym,2025-06-30 22:32:12.248676,2025-07-02 08:45:00,5.0,False,2023-06-20
B-007210,R-0180,Multipurpose Hall,2025-07-01 00:59:43.219574,2025-07-15 10:00:00,2.0,False,2020-05-11
B-007211,R-0155,Kids Play Area,2025-07-01 07:52:53.631355,2025-07-01 10:30:00,5.0,True,2021-02-12
B-007212,R-0143,Kids Play Area,2025-07-01 09:11:48.507831,2025-07-01 18:00:00,5.0,True,2022-08-13
B-007213,R-0186,Kids Play Area,2025-07-01 09:58:40.896219,2025-07-01 16:00:00,2.0,False,2020-11-10
B-007214,R-0320,Kids Play Area,2025-07-01 10:57:34.815933,2025-07-01 17:45:00,2.0,True,2022-10-14
B-007215,R-0311,Kids Play Area,2025-07-01 11:16:22.479140,2025-07-01 16:00:00,5.0,False,2021-06-05
B-007216,R-0304,Swimming Pool,2025-07-01 12:45:35.323281,2025-07-01 17:15:00,1.0,False,2022-12-16
B-007217,R-0069,Badminton Court,2025-07-01 13:31:22.304317,2025-07-03 19:30:00,1.0,False,2023-11-30
B-007218,R-0002,Tennis Court,2025-07-01 18:27:32.127868,2025-07-04 06:00:00,1.0,False,2022-03-21
B-007219,R-0248,Clubhouse,2025-07-01 22:45:27.450083,2025-07-25 11:30:00,2.0,True,2022-12-30
B-007220,R-0278,Squash Court,2025-07-02 03:54:31.041402,2025-07-02 07:45:00,4.0,False,2023-06-25
B-007221,R-0278,Tennis Court,2025-07-02 06:28:53.155318,2025-07-03 07:45:00,4.0,False,2023-06-25
B-007222,R-0032,Kids Play Area,2025-07-02 07:09:45.384536,2025-07-02 09:00:00,4.0,False,2020-08-02
B-007223,R-0185,Tennis Court,2025-07-02 07:56:29.863412,2025-07-05 18:30:00,4.0,False,2023-10-25
B-007224,R-0016,Kids Play Area,2025-07-02 09:32:02.025360,2025-07-02 16:00:00,1.0,True,2020-04-13
B-007225,R-0293,Tennis Court,2025-07-02 15:27:43.729181,2025-07-04 07:15:00,3.0,True,2023-08-16
B-007226,R-0006,Badminton Court,2025-07-02 15:30:24.163682,2025-07-04 21:45:00,1.0,True,2022-03-03
B-007227,R-0181,Gym,2025-07-02 17:16:21.788583,2025-07-05 07:30:00,4.0,True,2022-08-08
B-007228,R-0048,Tennis Court,2025-07-02 17:50:55.905292,2025-07-06 18:30:00,1.0,True,2023-12-12
B-007229,R-0061,Swimming Pool,2025-07-02 18:56:18.331123,2025-07-03 19:30:00,1.0,False,2022-11-06
B-007230,R-0194,Swimming Pool,2025-07-02 20:35:58.877854,2025-07-03 18:30:00,1.0,False,2023-01-19
B-007231,R-0154,Multipurpose Hall,2025-07-02 21:11:52.145689,2025-07-26 17:30:00,4.0,False,2020-04-23
B-007232,R-0167,Swimming Pool,2025-07-02 21:19:04.146034,2025-07-03 07:15:00,2.0,False,2020-02-05
B-007233,R-0083,Clubhouse,2025-07-03 00:39:50.502568,2025-07-09 18:30:00,1.0,True,2020-03-12
B-007234,R-0059,Kids Play Area,2025-07-03 02:17:49.698645,2025-07-03 10:45:00,2.0,True,2021-11-08
B-007235,R-0105,Tennis Court,2025-07-03 02:21:10.659720,2025-07-06 07:45:00,1.0,False,2021-09-14
B-007236,R-0005,Kids Play Area,2025-07-03 03:04:41.154267,2025-07-05 10:45:00,3.0,True,2021-05-16
B-007237,R-0299,Tennis Court,2025-07-03 05:43:18.741270,2025-07-03 19:00:00,5.0,False,2020-07-29
B-007238,R-0263,Tennis Court,2025-07-03 06:45:30.664983,2025-07-04 07:00:00,,True,2022-08-11
B-007239,R-0232,Kids Play Area,2025-07-03 07:56:52.965487,2025-07-03 10:15:00,5.0,True,2022-05-16
B-007240,R-0307,Kids Play Area,2025-07-03 08:58:59.080484,2025-07-03 10:00:00,2.0,True,2022-03-13
B-007241,R-0128,Tennis Court,2025-07-03 09:08:02.373504,2025-07-03 17:15:00,4.0,False,2021-12-26
B-007242,R-0309,Kids Play Area,2025-07-03 09:29:12.653580,2025-07-03 10:45:00,1.0,True,2022-05-22
B-007243,R-0090,Badminton Court,2025-07-03 11:15:30.452713,2025-07-05 20:30:00,3.0,False,2020-03-27
B-007244,R-0229,Swimming Pool,2025-07-03 12:55:55.717333,2025-07-05 07:15:00,2.0,False,2020-02-16
B-007245,R-0046,Kids Play Area,2025-07-03 15:10:09.106628,2025-07-03 18:00:00,1.0,True,2021-11-08
B-007246,R-0295,Squash Court,2025-07-03 21:27:38.954259,2025-07-04 07:15:00,3.0,False,2023-02-14
B-007247,R-0296,Squash Court,2025-07-03 22:51:51.221841,2025-07-06 19:30:00,5.0,False,2021-02-23
B-007248,R-0283,Kids Play Area,2025-07-03 23:03:43.937005,2025-07-04 18:00:00,1.0,False,2020-02-28
B-007249,R-0083,Clubhouse,2025-07-03 23:43:29.470824,2025-07-16 18:30:00,1.0,True,2020-03-12
B-007250,R-0092,Kids Play Area,2025-07-03 23:56:05.162860,2025-07-04 17:15:00,3.0,False,2023-07-28
B-007251,R-0228,Gym,2025-07-04 00:22:05.114194,2025-07-04 15:00:00,4.0,False,2023-09-10
B-007252,R-0033,Swimming Pool,2025-07-04 02:50:20.915067,2025-07-04 17:15:00,1.0,False,2022-09-12
B-007253,R-0135,Badminton Court,2025-07-04 03:06:27.506015,2025-07-05 17:15:00,2.0,True,2021-05-18
B-007254,R-0018,Tennis Court,2025-07-04 05:23:05.675696,2025-07-06 19:00:00,3.0,False,2020-12-01
B-007255,R-0133,Swimming Pool,2025-07-04 06:33:46.131678,2025-07-04 17:15:00,4.0,False,2020-03-10
B-007256,R-0058,Tennis Court,2025-07-04 09:40:05.348072,2025-07-06 06:15:00,3.0,False,2023-09-11
B-007257,R-0158,Swimming Pool,2025-07-04 10:49:16.657335,2025-07-04 16:15:00,1.0,True,2021-11-01
B-007258,R-0165,Squash Court,2025-07-04 11:36:08.528053,2025-07-05 19:30:00,2.0,False,2021-12-19
B-007259,R-0193,Kids Play Area,2025-07-04 14:56:09.149701,2025-07-04 16:45:00,2.0,True,2021-06-16
B-007260,R-0225,Clubhouse,2025-07-04 15:17:24.972712,2025-07-07 11:15:00,2.0,False,2021-03-31
B-007261,R-0122,Badminton Court,2025-07-04 16:10:34.455690,2025-07-05 21:15:00,1.0,False,2022-11-04
B-007262,R-0282,Tennis Court,2025-07-04 20:09:47.098828,2025-07-05 17:00:00,2.0,False,2020-02-04
B-007263,R-0039,Clubhouse,2025-07-04 22:59:29.165962,2025-09-01 12:45:00,5.0,False,2020-08-27
B-007264,R-0236,Gym,2025-07-05 00:59:54.101635,2025-07-06 06:15:00,1.0,True,2021-05-07
B-007265,R-0034,Swimming Pool,2025-07-05 03:07:10.600754,2025-07-05 16:45:00,4.0,True,2020-04-02
B-007266,R-0066,Squash Court,2025-07-05 03:12:39.973759,2025-07-06 19:15:00,2.0,False,2021-02-13
B-007267,R-0085,Swimming Pool,2025-07-05 03:45:50.913434,2025-07-05 16:00:00,1.0,False,2022-03-24
B-007268,R-0293,Multipurpose Hall,2025-07-05 04:38:16.858908,2025-07-11 10:30:00,3.0,True,2023-08-16
B-007269,R-0222,Squash Court,2025-07-05 05:27:43.506625,2025-07-05 19:30:00,3.0,False,2021-06-30
B-007270,R-0125,Squash Court,2025-07-05 08:36:19.287900,2025-07-07 08:00:00,5.0,True,2020-12-19
B-007271,R-0012,Gym,2025-07-05 09:51:02.530854,2025-07-06 17:15:00,4.0,True,2020-11-21
B-007272,R-0271,Squash Court,2025-07-05 13:57:38.931795,2025-07-06 08:30:00,1.0,True,2021-04-08
B-007273,R-0248,Clubhouse,2025-07-05 16:04:37.528619,2025-07-13 11:45:00,2.0,True,2022-12-30
B-007274,R-0233,Gym,2025-07-05 16:52:53.119506,2025-07-06 16:45:00,4.0,True,2021-11-14
B-007275,R-0314,Gym,2025-07-05 17:20:15.207432,2025-07-06 18:00:00,2.0,False,2022-04-28
B-007276,R-0027,Swimming Pool,2025-07-05 21:14:45.666004,2025-07-06 06:15:00,2.0,False,2023-03-12
B-007277,R-0019,Tennis Court,2025-07-05 22:26:55.412220,2025-07-06 17:00:00,5.0,False,2022-02-09
B-007278,R-0269,Badminton Court,2025-07-05 23:46:18.456102,2025-07-06 19:45:00,5.0,False,2023-11-18
B-007279,R-0086,Squash Court,2025-07-05 23:57:19.613446,2025-07-06 19:00:00,3.0,False,2023-06-29
B-007280,R-0259,Badminton Court,2025-07-06 00:16:13.376879,2025-07-06 21:30:00,3.0,False,2023-12-21
B-007281,R-0194,Swimming Pool,2025-07-06 03:25:15.694112,2025-07-07 08:45:00,1.0,False,2023-01-19
B-007282,R-0101,Badminton Court,2025-07-06 04:39:18.329564,2025-07-06 19:15:00,2.0,False,2021-06-13
B-007283,R-0086,Multipurpose Hall,2025-07-06 04:43:25.507562,2025-07-13 11:30:00,3.0,False,2023-06-29
B-007284,R-0265,Kids Play Area,2025-07-06 05:17:55.014957,2025-07-06 18:15:00,,False,2023-04-02
B-007285,R-0127,Multipurpose Hall,2025-07-06 05:23:35.165593,2025-07-10 11:30:00,3.0,False,2020-06-15
B-007286,R-0125,Badminton Court,2025-07-06 06:28:38.340770,2025-07-08 18:30:00,5.0,True,2020-12-19
B-007287,R-0146,Gym,2025-07-06 08:28:24.061187,2025-07-06 11:30:00,4.0,False,2020-03-14
B-007288,R-0028,Gym,2025-07-06 08:51:19.174232,2025-07-06 14:15:00,4.0,False,2023-12-08
B-007289,R-0178,Badminton Court,2025-07-06 11:23:02.852011,2025-07-07 20:30:00,2.0,True,2023-06-30
B-007290,R-0199,Swimming Pool,2025-07-06 13:29:23.347028,2025-07-06 19:45:00,1.0,False,2023-07-24
B-007291,R-0062,Badminton Court,2025-07-06 14:19:34.421146,2025-07-08 20:45:00,2.0,False,2020-06-01
B-007292,R-0276,Kids Play Area,2025-07-06 15:41:37.072876,2025-07-06 16:45:00,1.0,False,2021-12-03
B-007293,R-0090,Badminton Court,2025-07-06 16:13:51.677820,2025-07-07 20:15:00,3.0,False,2020-03-27
B-007294,R-0087,Gym,2025-07-06 16:21:37.536670,2025-07-06 20:15:00,1.0,False,2023-02-22
B-007295,R-0068,Kids Play Area,2025-07-06 16:40:57.191454,2025-07-07 16:00:00,3.0,False,2022-08-28
B-007296,R-0067,Squash Court,2025-07-06 17:08:30.473063,2025-07-08 07:00:00,3.0,False,2020-11-02
B-007297,R-0201,Squash Court,2025-07-06 22:55:41.487262,2025-07-07 18:00:00,5.0,False,2021-04-13
B-007298,R-0145,Gym,2025-07-06 23:43:59.592058,2025-07-07 07:45:00,1.0,False,2021-10-20
B-007299,R-0221,Badminton Court,2025-07-07 01:53:26.246254,2025-07-07 17:15:00,1.0,True,2023-09-29
B-007300,R-0081,Clubhouse,2025-07-07 02:31:33.638465,2025-07-21 11:45:00,4.0,False,2021-07-16
B-007301,R-0212,Tennis Court,2025-07-07 03:00:44.378518,2025-07-08 18:30:00,5.0,False,2023-06-20
B-007302,R-0261,Clubhouse,2025-07-07 03:44:51.057515,2025-07-09 19:00:00,5.0,True,2023-07-12
B-007303,R-0029,Badminton Court,2025-07-07 09:06:14.718882,2025-07-11 19:15:00,1.0,False,2020-03-01
B-007304,R-0245,Squash Court,2025-07-07 11:06:17.043408,2025-07-08 18:15:00,1.0,False,2022-02-09
B-007305,R-0022,Swimming Pool,2025-07-07 11:21:43.136752,2025-07-08 08:15:00,2.0,True,2022-11-11
B-007306,R-0012,Clubhouse,2025-07-07 11:25:07.400334,2025-07-26 20:30:00,4.0,True,2020-11-21
B-007307,R-0130,Tennis Court,2025-07-07 14:31:54.805212,2025-07-07 17:00:00,3.0,False,2022-05-02
B-007308,R-0297,Gym,2025-07-07 19:37:18.779947,2025-07-08 19:00:00,1.0,False,2021-05-14
B-007309,R-0271,Gym,2025-07-07 22:07:49.206352,2025-07-09 15:15:00,1.0,True,2021-04-08
B-007310,R-0115,Badminton Court,2025-07-07 23:28:12.949882,2025-07-08 18:15:00,2.0,False,2021-08-17
B-007311,R-0317,Gym,2025-07-08 00:58:13.192274,2025-07-08 10:30:00,1.0,False,2023-02-18
B-007312,R-0203,Swimming Pool,2025-07-08 00:59:21.785552,2025-07-09 17:00:00,4.0,False,2023-10-19
B-007313,R-0184,Tennis Court,2025-07-08 03:02:39.456684,2025-07-10 07:00:00,1.0,False,2022-11-30
B-007314,R-0104,Gym,2025-07-08 03:30:00.000000,2025-07-12 15:30:00,5.0,True,2023-02-09
B-007315,R-0030,Gym,2025-07-08 05:49:59.015408,2025-07-12 06:30:00,2.0,True,2023-02-05
B-007316,R-0159,Kids Play Area,2025-07-08 07:53:58.949774,2025-07-08 10:00:00,3.0,True,2022-11-14
B-007317,R-0163,Gym,2025-07-08 09:46:05.846401,2025-07-08 17:15:00,3.0,True,2022-11-25
B-007318,R-0255,Kids Play Area,2025-07-08 10:00:55.985872,2025-07-08 18:15:00,4.0,False,2021-08-19
B-007319,R-0038,Clubhouse,2025-07-08 10:57:01.437372,2025-07-27 20:00:00,5.0,False,2020-08-26
B-007320,R-0311,Kids Play Area,2025-07-08 13:13:52.501479,2025-07-08 16:45:00,5.0,False,2021-06-05
B-007321,R-0207,Swimming Pool,2025-07-08 14:36:25.271214,2025-07-09 17:45:00,3.0,False,2021-04-11
B-007322,R-0302,Multipurpose Hall,2025-07-08 15:10:47.796133,2025-07-21 19:30:00,,True,2023-05-11
B-007323,R-0020,Gym,2025-07-08 17:41:05.901811,2025-07-09 09:45:00,1.0,False,2021-04-01
B-007324,R-0085,Swimming Pool,2025-07-08 20:05:47.438417,2025-07-09 16:00:00,1.0,False,2022-03-24
B-007325,R-0273,Multipurpose Hall,2025-07-08 20:06:12.281404,2025-07-19 19:45:00,5.0,False,2020-10-30
B-007326,R-0079,Kids Play Area,2025-07-08 21:56:29.195998,2025-07-10 10:00:00,3.0,True,2020-08-30
B-007327,R-0147,Swimming Pool,2025-07-08 22:48:07.917854,2025-07-09 19:15:00,5.0,False,2023-05-17
B-007328,R-0075,Badminton Court,2025-07-09 01:08:18.230719,2025-07-10 18:00:00,2.0,False,2023-01-11
B-007329,R-0152,Kids Play Area,2025-07-09 01:26:41.186417,2025-07-09 10:45:00,1.0,True,2020-03-08
B-007330,R-0240,Tennis Court,2025-07-09 04:35:50.200594,2025-07-10 17:45:00,4.0,True,2021-08-25
B-007331,R-0203,Clubhouse,2025-07-09 04:50:51.607993,2025-07-26 11:15:00,4.0,False,2023-10-19
B-007332,R-0225,Clubhouse,2025-07-09 05:16:48.766998,2025-07-24 11:15:00,2.0,False,2021-03-31
B-007333,R-0151,Gym,2025-07-09 05:40:50.389155,2025-07-09 17:15:00,4.0,True,2020-08-06
B-007334,R-0153,Gym,2025-07-09 08:20:48.592422,2025-07-10 08:45:00,5.0,False,2023-03-03
B-007335,R-0193,Badminton Court,2025-07-09 12:41:07.272094,2025-07-09 20:15:00,2.0,True,2021-06-16
B-007336,R-0175,Badminton Court,2025-07-09 14:13:59.863439,2025-07-11 20:30:00,1.0,False,2020-01-26
B-007337,R-0210,Badminton Court,2025-07-09 14:46:29.537426,2025-07-09 20:30:00,1.0,False,2022-05-08
B-007338,R-0026,Kids Play Area,2025-07-09 16:00:11.290655,2025-07-09 18:00:00,2.0,False,2022-01-18
B-007339,R-0275,Multipurpose Hall,2025-07-09 17:06:56.387128,2025-08-02 19:45:00,4.0,True,2020-05-07
B-007340,R-0198,Gym,2025-07-09 18:42:15.321493,2025-07-10 11:30:00,5.0,False,2023-09-18
B-007341,R-0235,Multipurpose Hall,2025-07-09 20:11:14.667138,2025-07-18 11:00:00,2.0,False,2020-08-24
B-007342,R-0183,Squash Court,2025-07-09 20:36:40.132828,2025-07-10 07:00:00,5.0,False,2021-12-25
B-007343,R-0014,Swimming Pool,2025-07-09 22:43:59.422176,2025-07-12 08:00:00,3.0,False,2023-02-21
B-007344,R-0256,Gym,2025-07-09 23:17:35.680534,2025-07-10 08:15:00,3.0,True,2021-06-07
B-007345,R-0056,Swimming Pool,2025-07-10 00:25:39.166903,2025-07-10 08:45:00,2.0,True,2020-07-16
B-007346,R-0240,Clubhouse,2025-07-10 02:07:11.629565,2025-07-16 20:45:00,4.0,True,2021-08-25
B-007347,R-0100,Badminton Court,2025-07-10 03:13:11.754208,2025-07-10 18:00:00,5.0,True,2020-08-16
B-007348,R-0268,Squash Court,2025-07-10 04:22:37.906616,2025-07-13 07:00:00,5.0,False,2022-10-01
B-007349,R-0234,Squash Court,2025-07-10 04:58:49.424297,2025-07-10 19:45:00,4.0,False,2022-03-24
B-007350,R-0186,Gym,2025-07-10 05:01:24.112858,2025-07-10 18:45:00,2.0,False,2020-11-10
B-007351,R-0311,Squash Court,2025-07-10 05:20:59.338578,2025-07-14 08:45:00,5.0,False,2021-06-05
B-007352,R-0199,Badminton Court,2025-07-10 06:37:40.204351,2025-07-12 17:45:00,1.0,False,2023-07-24
B-007353,R-0251,Kids Play Area,2025-07-10 07:45:58.085228,2025-07-10 10:45:00,4.0,True,2023-12-13
B-007354,R-0256,Swimming Pool,2025-07-10 09:25:00.243602,2025-07-10 16:30:00,3.0,True,2021-06-07
B-007355,R-0070,Swimming Pool,2025-07-10 10:08:41.965686,2025-07-10 18:30:00,3.0,False,2020-04-24
B-007356,R-0155,Badminton Court,2025-07-10 10:52:28.473914,2025-07-12 19:30:00,5.0,True,2021-02-12
B-007357,R-0016,Kids Play Area,2025-07-10 12:34:46.796208,2025-07-10 16:30:00,1.0,True,2020-04-13
B-007358,R-0110,Kids Play Area,2025-07-10 13:38:07.077087,2025-07-10 17:15:00,4.0,False,2022-06-09
B-007359,R-0254,Swimming Pool,2025-07-10 16:18:45.200040,2025-07-11 06:15:00,2.0,False,2020-09-25
B-007360,R-0091,Badminton Court,2025-07-10 17:08:45.182527,2025-07-11 20:30:00,2.0,True,2023-12-22
B-007361,R-0302,Gym,2025-07-10 21:27:20.631375,2025-07-11 15:30:00,2.0,True,2023-05-11
B-007362,R-0050,Clubhouse,2025-07-11 02:38:02.585502,2025-07-19 20:30:00,2.0,False,2022-11-09
B-007363,R-0057,Tennis Court,2025-07-11 02:52:37.459382,2025-07-12 17:15:00,2.0,False,2022-06-23
B-007364,R-0096,Gym,2025-07-11 03:36:12.806249,2025-07-11 11:45:00,1.0,False,2022-10-22
B-007365,R-0139,Kids Play Area,2025-07-11 05:49:23.002493,2025-07-11 16:30:00,4.0,True,2022-06-23
B-007366,R-0198,Multipurpose Hall,2025-07-11 06:14:45.290556,2025-07-21 17:00:00,,False,2023-09-18
B-007367,R-0110,Multipurpose Hall,2025-07-11 08:00:00.267976,2025-07-28 11:00:00,4.0,False,2022-06-09
B-007368,R-0252,Tennis Court,2025-07-11 09:40:26.444749,2025-07-12 06:00:00,2.0,True,2021-11-26
B-007369,R-0287,Gym,2025-07-11 12:12:30.060965,2025-07-12 15:30:00,3.0,False,2022-04-21
B-007370,R-0215,Badminton Court,2025-07-11 12:13:30.035114,2025-07-13 18:30:00,2.0,True,2023-03-17
B-007371,R-0259,Multipurpose Hall,2025-07-11 12:20:10.560248,2025-07-18 19:15:00,3.0,False,2023-12-21
B-007372,R-0166,Squash Court,2025-07-11 12:22:56.654658,2025-07-12 07:00:00,4.0,False,2022-10-13
B-007373,R-0149,Kids Play Area,2025-07-11 13:39:20.322238,2025-07-11 16:45:00,2.0,False,2020-09-09
B-007374,R-0010,Clubhouse,2025-07-11 14:04:37.590019,2025-07-20 11:00:00,3.0,True,2020-10-23
B-007375,R-0275,Kids Play Area,2025-07-11 22:15:17.555511,2025-07-12 17:15:00,4.0,True,2020-05-07
B-007376,R-0069,Gym,2025-07-12 00:12:04.511844,2025-07-12 15:15:00,1.0,False,2023-11-30
B-007377,R-0015,Swimming Pool,2025-07-12 03:16:31.214449,2025-07-12 06:15:00,1.0,False,2020-06-28
B-007378,R-0253,Kids Play Area,2025-07-12 06:11:12.342862,2025-07-12 10:00:00,4.0,True,2023-11-16
B-007379,R-0303,Gym,2025-07-12 08:26:10.512334,2025-07-12 11:45:00,2.0,False,2020-02-09
B-007380,R-0159,Clubhouse,2025-07-12 08:54:03.870872,2025-07-15 20:45:00,3.0,True,2022-11-14
B-007381,R-0144,Swimming Pool,2025-07-12 09:24:44.430802,2025-07-13 07:15:00,3.0,False,2022-07-09
B-007382,R-0174,Swimming Pool,2025-07-12 12:38:39.528456,2025-07-12 16:15:00,3.0,False,2022-11-22
B-007383,R-0037,Squash Court,2025-07-12 14:39:24.799926,2025-07-12 18:15:00,1.0,False,2021-10-22
B-007384,R-0212,Clubhouse,2025-07-12 15:38:40.771454,2025-07-19 20:15:00,5.0,False,2023-06-20
B-007385,R-0122,Swimming Pool,2025-07-12 18:34:49.141483,2025-07-13 16:15:00,1.0,False,2022-11-04
B-007386,R-0112,Multipurpose Hall,2025-07-12 22:53:39.295621,2025-07-19 19:30:00,5.0,False,2020-06-02
B-007387,R-0032,Kids Play Area,2025-07-13 00:15:33.177862,2025-07-13 09:45:00,4.0,False,2020-08-02
B-007388,R-0190,Clubhouse,2025-07-13 02:54:42.954664,2025-07-26 18:00:00,4.0,True,2022-05-02
B-007389,R-0238,Clubhouse,2025-07-13 02:57:45.391115,2025-07-18 11:00:00,3.0,True,2023-07-13
B-007390,R-0205,Gym,2025-07-13 03:27:58.811172,2025-07-13 18:00:00,3.0,False,2023-01-19
B-007391,R-0189,Clubhouse,2025-07-13 04:14:30.262798,2025-07-31 20:30:00,1.0,False,2022-07-11
B-007392,R-0190,Squash Court,2025-07-13 05:39:16.697192,2025-07-14 08:15:00,4.0,True,2022-05-02
B-007393,R-0206,Tennis Court,2025-07-13 06:16:39.583100,2025-07-15 18:45:00,3.0,False,2021-06-14
B-007394,R-0031,Tennis Court,2025-07-13 09:53:01.494774,2025-07-14 19:30:00,1.0,False,2020-10-02
B-007395,R-0128,Swimming Pool,2025-07-13 11:41:50.343184,2025-07-16 17:30:00,4.0,False,2021-12-26
B-007396,R-0139,Squash Court,2025-07-13 14:58:49.321755,2025-07-15 18:15:00,4.0,True,2022-06-23
B-007397,R-0052,Gym,2025-07-13 16:05:14.851865,2025-07-15 11:00:00,3.0,True,2022-09-27
B-007398,R-0146,Badminton Court,2025-07-13 17:04:25.446309,2025-07-13 18:15:00,4.0,False,2020-03-14
B-007399,R-0297,Clubhouse,2025-07-13 18:09:19.153818,2025-07-23 20:30:00,1.0,False,2021-05-14
B-007400,R-0201,Swimming Pool,2025-07-14 02:20:32.046143,2025-07-15 07:15:00,5.0,False,2021-04-13
B-007401,R-0275,Badminton Court,2025-07-14 06:27:33.480434,2025-07-19 19:00:00,4.0,True,2020-05-07
B-007402,R-0124,Swimming Pool,2025-07-14 12:56:12.432545,2025-07-14 17:00:00,3.0,False,2022-08-31
B-007403,R-0157,Kids Play Area,2025-07-14 13:37:21.696448,2025-07-14 16:00:00,3.0,True,2020-05-01
B-007404,R-0266,Kids Play Area,2025-07-14 15:06:57.214375,2025-07-14 18:45:00,4.0,True,2023-12-21
B-007405,R-0212,Gym,2025-07-14 23:00:49.268540,2025-07-17 06:15:00,5.0,False,2023-06-20
B-007406,R-0142,Swimming Pool,2025-07-15 04:20:38.008337,2025-07-15 07:00:00,5.0,False,2020-05-05
B-007407,R-0121,Swimming Pool,2025-07-15 05:07:01.970126,2025-07-19 18:45:00,4.0,False,2023-04-27
B-007408,R-0036,Multipurpose Hall,2025-07-15 05:38:02.395760,2025-07-16 10:00:00,3.0,True,2021-02-14
B-007409,R-0111,Swimming Pool,2025-07-15 06:28:44.364224,2025-07-16 19:30:00,2.0,True,2022-01-10
B-007410,R-0003,Tennis Court,2025-07-15 06:43:01.659276,2025-07-17 18:00:00,1.0,False,2020-06-06
B-007411,R-0161,Tennis Court,2025-07-15 06:46:04.688818,2025-07-16 07:30:00,4.0,True,2022-05-10
B-007412,R-0217,Kids Play Area,2025-07-15 07:50:54.708821,2025-07-15 09:15:00,1.0,False,2020-11-09
B-007413,R-0207,Multipurpose Hall,2025-07-15 09:19:08.737710,2025-07-21 10:30:00,3.0,False,2021-04-11
B-007414,R-0274,Swimming Pool,2025-07-15 09:26:07.899267,2025-07-15 16:00:00,1.0,False,2021-08-07
B-007415,R-0009,Swimming Pool,2025-07-15 11:24:46.425044,2025-07-16 07:30:00,5.0,True,2021-04-09
B-007416,R-0158,Swimming Pool,2025-07-15 12:06:37.832654,2025-07-15 16:45:00,1.0,True,2021-11-01
B-007417,R-0062,Badminton Court,2025-07-15 13:19:01.839971,2025-07-16 20:15:00,2.0,False,2020-06-01
B-007418,R-0130,Tennis Court,2025-07-15 14:37:06.967341,2025-07-16 17:30:00,3.0,False,2022-05-02
B-007419,R-0025,Multipurpose Hall,2025-07-15 14:54:43.163002,2025-07-23 19:00:00,4.0,True,2020-12-30
B-007420,R-0076,Tennis Court,2025-07-15 19:05:28.886606,2025-07-19 07:00:00,2.0,False,2020-08-07
B-007421,R-0101,Squash Court,2025-07-15 20:47:38.304027,2025-07-16 07:00:00,2.0,False,2021-06-13
B-007422,R-0105,Badminton Court,2025-07-15 21:15:58.035741,2025-07-16 19:00:00,1.0,False,2021-09-14
B-007423,R-0278,Tennis Court,2025-07-16 01:50:33.599770,2025-07-16 07:30:00,4.0,False,2023-06-25
B-007424,R-0138,Badminton Court,2025-07-16 02:31:51.194713,2025-07-16 21:15:00,3.0,False,2021-08-01
B-007425,R-0100,Swimming Pool,2025-07-16 04:59:45.686579,2025-07-16 16:45:00,5.0,True,2020-08-16
B-007426,R-0160,Kids Play Area,2025-07-16 14:56:59.390298,2025-07-16 17:15:00,1.0,True,2020-08-11
B-007427,R-0168,Kids Play Area,2025-07-16 15:36:41.743097,2025-07-16 18:45:00,3.0,True,2022-09-23
B-007428,R-0022,Kids Play Area,2025-07-16 18:08:52.315089,2025-07-17 09:30:00,2.0,True,2022-11-11
B-007429,R-0110,Squash Court,2025-07-16 19:02:04.172702,2025-07-17 08:15:00,4.0,False,2022-06-09
B-007430,R-0187,Badminton Court,2025-07-17 04:14:47.329451,2025-07-17 19:15:00,4.0,False,2020-04-30
B-007431,R-0129,Kids Play Area,2025-07-17 05:55:54.195660,2025-07-17 10:00:00,2.0,False,2022-06-19
B-007432,R-0318,Swimming Pool,2025-07-17 07:35:31.804512,2025-07-19 06:00:00,4.0,False,2021-01-26
B-007433,R-0032,Kids Play Area,2025-07-17 07:45:46.807095,2025-07-17 17:00:00,4.0,False,2020-08-02
B-007434,R-0089,Gym,2025-07-17 09:22:22.619253,2025-07-17 17:30:00,1.0,False,2023-02-25
B-007435,R-0045,Clubhouse,2025-07-17 11:50:34.197671,2025-07-19 17:30:00,4.0,False,2020-05-15
B-007436,R-0265,Clubhouse,2025-07-17 13:13:36.993094,2025-07-28 17:00:00,3.0,False,2023-04-02
B-007437,R-0286,Gym,2025-07-17 19:06:48.921342,2025-07-18 13:45:00,4.0,True,2020-11-25
B-007438,R-0011,Multipurpose Hall,2025-07-17 22:44:15.474923,2025-08-01 19:00:00,4.0,False,2022-01-15
B-007439,R-0116,Swimming Pool,2025-07-18 01:56:59.892023,2025-07-18 19:00:00,4.0,False,2020-04-11
B-007440,R-0060,Clubhouse,2025-07-18 02:28:06.578154,2025-08-25 19:15:00,4.0,False,2021-10-21
B-007441,R-0038,Badminton Court,2025-07-18 02:45:13.084742,2025-07-19 17:15:00,5.0,False,2020-08-26
B-007442,R-0102,Tennis Court,2025-07-18 03:17:29.212094,2025-07-18 06:15:00,1.0,False,2022-05-02
B-007443,R-0120,Swimming Pool,2025-07-18 04:42:01.481689,2025-07-18 17:00:00,2.0,True,2023-09-11
B-007444,R-0296,Squash Court,2025-07-18 04:42:13.951256,2025-07-20 18:15:00,5.0,False,2021-02-23
B-007445,R-0017,Clubhouse,2025-07-18 06:32:47.330054,2025-07-21 20:30:00,1.0,False,2023-04-21
B-007446,R-0242,Badminton Court,2025-07-18 10:21:39.931200,2025-07-18 21:15:00,3.0,True,2020-12-31
B-007447,R-0248,Clubhouse,2025-07-18 14:40:33.619386,2025-08-02 11:45:00,2.0,True,2022-12-30
B-007448,R-0230,Gym,2025-07-18 15:33:11.920773,2025-07-19 09:00:00,5.0,False,2021-08-29
B-007449,R-0233,Kids Play Area,2025-07-18 17:11:22.342205,2025-07-20 16:15:00,4.0,True,2021-11-14
B-007450,R-0129,Multipurpose Hall,2025-07-19 01:15:35.869052,2025-08-03 10:30:00,2.0,False,2022-06-19
B-007451,R-0272,Badminton Court,2025-07-19 02:39:11.512597,2025-07-19 21:00:00,3.0,False,2021-11-30
B-007452,R-0182,Gym,2025-07-19 02:53:29.458036,2025-07-19 08:45:00,2.0,True,2022-11-04
B-007453,R-0047,Swimming Pool,2025-07-19 06:20:45.065874,2025-07-19 17:45:00,2.0,False,2021-10-19
B-007454,R-0279,Badminton Court,2025-07-19 10:10:59.100107,2025-07-19 21:30:00,1.0,False,2023-11-24
B-007455,R-0064,Tennis Court,2025-07-19 13:12:59.859334,2025-07-19 18:45:00,,False,2022-10-17
B-007456,R-0057,Badminton Court,2025-07-19 15:26:02.789432,2025-07-20 21:30:00,2.0,False,2022-06-23
B-007457,R-0083,Multipurpose Hall,2025-07-19 16:27:17.796590,2025-07-24 17:15:00,1.0,True,2020-03-12
B-007458,R-0028,Gym,2025-07-19 18:31:47.173096,2025-07-19 20:45:00,4.0,False,2023-12-08
B-007459,R-0283,Swimming Pool,2025-07-19 20:22:00.372998,2025-07-20 17:00:00,1.0,False,2020-02-28
B-007460,R-0157,Badminton Court,2025-07-19 21:00:13.380074,2025-07-20 21:30:00,3.0,True,2020-05-01
B-007461,R-0292,Swimming Pool,2025-07-19 21:42:14.833519,2025-07-20 07:30:00,3.0,False,2020-01-30
B-007462,R-0221,Squash Court,2025-07-19 22:35:29.463847,2025-07-23 08:15:00,1.0,True,2023-09-29
B-007463,R-0064,Tennis Court,2025-07-19 23:38:32.754357,2025-07-20 18:45:00,2.0,False,2022-10-17
B-007464,R-0276,Tennis Court,2025-07-20 02:05:52.237279,2025-07-20 17:15:00,1.0,False,2021-12-03
B-007465,R-0265,Swimming Pool,2025-07-20 02:46:22.501597,2025-07-20 18:15:00,3.0,False,2023-04-02
B-007466,R-0019,Tennis Court,2025-07-20 03:52:18.803260,2025-07-20 17:00:00,5.0,False,2022-02-09
B-007467,R-0029,Tennis Court,2025-07-20 04:40:23.211619,2025-07-21 17:00:00,1.0,False,2020-03-01
B-007468,R-0263,Badminton Court,2025-07-20 05:57:53.241640,2025-07-26 20:15:00,3.0,True,2022-08-11
B-007469,R-0099,Badminton Court,2025-07-20 09:14:37.784572,2025-07-20 18:30:00,2.0,False,2022-07-13
B-007470,R-0167,Swimming Pool,2025-07-20 11:46:27.063174,2025-07-20 16:45:00,2.0,False,2020-02-05
B-007471,R-0269,Badminton Court,2025-07-20 11:51:02.974570,2025-07-20 21:00:00,5.0,False,2023-11-18
B-007472,R-0104,Gym,2025-07-20 15:35:46.456255,2025-07-21 16:00:00,5.0,True,2023-02-09
B-007473,R-0110,Badminton Court,2025-07-20 17:24:14.309631,2025-07-21 19:30:00,,False,2022-06-09
B-007474,R-0141,Swimming Pool,2025-07-20 23:26:05.114005,2025-07-21 07:45:00,1.0,False,2020-01-06
B-007475,R-0090,Squash Court,2025-07-21 00:35:42.374528,2025-07-21 20:30:00,3.0,False,2020-03-27
B-007476,R-0180,Squash Court,2025-07-21 02:24:02.089633,2025-07-21 19:15:00,2.0,False,2020-05-11
B-007477,R-0115,Badminton Court,2025-07-21 06:10:26.134752,2025-07-21 18:30:00,2.0,False,2021-08-17
B-007478,R-0288,Kids Play Area,2025-07-21 07:28:06.117436,2025-07-21 10:45:00,4.0,False,2023-09-08
B-007479,R-0189,Tennis Court,2025-07-21 08:02:10.441213,2025-07-22 07:15:00,1.0,False,2022-07-11
B-007480,R-0159,Kids Play Area,2025-07-21 08:21:21.446795,2025-07-21 10:00:00,3.0,True,2022-11-14
B-007481,R-0315,Badminton Court,2025-07-21 14:51:34.408258,2025-07-22 20:00:00,5.0,True,2022-01-23
B-007482,R-0271,Squash Court,2025-07-21 14:59:01.959907,2025-07-22 20:00:00,1.0,True,2021-04-08
B-007483,R-0139,Badminton Court,2025-07-21 15:12:22.277780,2025-07-23 20:15:00,4.0,True,2022-06-23
B-007484,R-0056,Swimming Pool,2025-07-21 18:23:26.860530,2025-07-22 08:30:00,2.0,True,2020-07-16
B-007485,R-0136,Clubhouse,2025-07-21 18:35:39.084045,2025-08-04 11:45:00,5.0,False,2021-06-17
B-007486,R-0151,Gym,2025-07-21 20:57:59.508804,2025-07-22 17:15:00,4.0,True,2020-08-06
B-007487,R-0229,Tennis Court,2025-07-21 23:37:36.075215,2025-07-27 07:00:00,2.0,False,2020-02-16
B-007488,R-0092,Kids Play Area,2025-07-22 04:44:45.543136,2025-07-22 17:45:00,3.0,False,2023-07-28
B-007489,R-0232,Kids Play Area,2025-07-22 07:37:17.663269,2025-07-22 10:45:00,5.0,True,2022-05-16
B-007490,R-0162,Swimming Pool,2025-07-22 08:01:17.458680,2025-07-22 18:45:00,5.0,True,2020-05-09
B-007491,R-0184,Badminton Court,2025-07-22 10:08:25.798355,2025-07-22 21:30:00,1.0,False,2022-11-30
B-007492,R-0193,Swimming Pool,2025-07-22 10:24:11.970353,2025-07-22 18:00:00,2.0,True,2021-06-16
B-007493,R-0161,Tennis Court,2025-07-22 10:44:27.141124,2025-07-23 07:30:00,4.0,True,2022-05-10
B-007494,R-0075,Multipurpose Hall,2025-07-22 13:59:33.779998,2025-08-03 11:00:00,2.0,False,2023-01-11
B-007495,R-0065,Tennis Court,2025-07-22 15:08:11.422358,2025-07-25 07:00:00,4.0,False,2023-02-14
B-007496,R-0265,Clubhouse,2025-07-22 15:14:00.385127,2025-08-22 18:00:00,3.0,False,2023-04-02
B-007497,R-0227,Kids Play Area,2025-07-22 16:56:47.911432,2025-07-22 18:30:00,4.0,True,2021-10-13
B-007498,R-0067,Clubhouse,2025-07-22 19:05:24.923459,2025-07-26 18:45:00,3.0,False,2020-11-02
B-007499,R-0039,Multipurpose Hall,2025-07-22 22:05:33.579626,2025-08-20 10:15:00,5.0,False,2020-08-27
B-007500,R-0202,Gym,2025-07-23 00:27:41.331989,2025-07-24 15:30:00,3.0,True,2021-04-27
B-007501,R-0016,Swimming Pool,2025-07-23 07:19:23.890508,2025-07-24 07:45:00,1.0,True,2020-04-13
B-007502,R-0060,Gym,2025-07-23 08:56:36.493512,2025-07-23 16:30:00,4.0,False,2021-10-21
B-007503,R-0054,Squash Court,2025-07-23 11:53:01.836210,2025-07-24 08:00:00,2.0,False,2022-02-13
B-007504,R-0143,Kids Play Area,2025-07-23 12:38:32.976522,2025-07-23 18:30:00,5.0,True,2022-08-13
B-007505,R-0174,Badminton Court,2025-07-23 17:44:51.465695,2025-07-25 18:45:00,3.0,False,2022-11-22
B-007506,R-0050,Clubhouse,2025-07-23 21:12:36.874991,2025-07-26 20:30:00,2.0,False,2022-11-09
B-007507,R-0114,Badminton Court,2025-07-23 21:31:15.097214,2025-07-27 20:30:00,3.0,True,2021-10-04
B-007508,R-0311,Kids Play Area,2025-07-24 01:22:22.705796,2025-07-24 16:30:00,5.0,False,2021-06-05
B-007509,R-0231,Gym,2025-07-24 02:15:40.575793,2025-07-24 20:30:00,1.0,False,2021-10-30
B-007510,R-0127,Squash Court,2025-07-24 04:20:51.020347,2025-07-24 07:00:00,3.0,False,2020-06-15
B-007511,R-0082,Tennis Court,2025-07-24 05:30:45.026273,2025-07-24 18:30:00,4.0,False,2020-08-31
B-007512,R-0101,Badminton Court,2025-07-24 05:30:57.112490,2025-07-26 19:45:00,2.0,False,2021-06-13
B-007513,R-0144,Tennis Court,2025-07-24 05:40:49.980597,2025-07-26 07:15:00,3.0,False,2022-07-09
B-007514,R-0283,Gym,2025-07-24 10:36:13.009037,2025-07-26 07:30:00,1.0,False,2020-02-28
B-007515,R-0083,Clubhouse,2025-07-24 10:49:03.734742,2025-08-13 18:15:00,1.0,True,2020-03-12
B-007516,R-0179,Swimming Pool,2025-07-24 11:38:23.891887,2025-07-26 06:15:00,3.0,False,2020-12-12
B-007517,R-0048,Tennis Court,2025-07-24 12:54:54.238983,2025-07-27 19:15:00,1.0,True,2023-12-12
B-007518,R-0178,Gym,2025-07-24 14:51:36.750806,2025-07-24 17:00:00,2.0,True,2023-06-30
B-007519,R-0223,Multipurpose Hall,2025-07-24 22:12:01.403840,2025-08-04 19:00:00,1.0,False,2021-12-28
B-007520,R-0215,Tennis Court,2025-07-25 03:14:28.958412,2025-07-26 06:00:00,2.0,True,2023-03-17
B-007521,R-0032,Tennis Court,2025-07-25 04:25:32.485534,2025-07-27 19:00:00,4.0,False,2020-08-02
B-007522,R-0267,Gym,2025-07-25 05:10:54.022336,2025-07-25 14:45:00,3.0,False,2021-09-07
B-007523,R-0129,Squash Court,2025-07-25 06:31:40.701379,2025-07-27 07:30:00,2.0,False,2022-06-19
B-007524,R-0006,Tennis Court,2025-07-25 08:36:33.783351,2025-07-27 07:45:00,1.0,True,2022-03-03
B-007525,R-0259,Badminton Court,2025-07-25 10:29:42.331011,2025-07-25 20:45:00,3.0,False,2023-12-21
B-007526,R-0013,Gym,2025-07-25 12:40:35.564289,2025-07-25 19:00:00,1.0,True,2023-10-18
B-007527,R-0280,Tennis Court,2025-07-25 12:53:03.937222,2025-07-27 17:30:00,3.0,False,2020-03-31
B-007528,R-0094,Squash Court,2025-07-25 13:27:51.105066,2025-07-25 18:00:00,5.0,False,2020-03-17
B-007529,R-0263,Tennis Court,2025-07-25 13:49:31.491446,2025-07-28 18:00:00,3.0,True,2022-08-11
B-007530,R-0239,Gym,2025-07-25 13:56:28.355583,2025-07-26 12:30:00,5.0,True,2023-01-01
B-007531,R-0046,Kids Play Area,2025-07-25 14:23:33.370075,2025-07-25 18:00:00,,True,2021-11-08
B-007532,R-0281,Kids Play Area,2025-07-25 15:31:39.985203,2025-07-25 18:15:00,4.0,False,2022-02-14
B-007533,R-0146,Clubhouse,2025-07-25 17:17:50.324098,2025-07-27 11:45:00,4.0,False,2020-03-14
B-007534,R-0084,Swimming Pool,2025-07-25 17:59:39.526654,2025-07-26 08:00:00,1.0,False,2021-03-07
B-007535,R-0122,Gym,2025-07-25 21:55:02.944884,2025-07-26 20:15:00,1.0,False,2022-11-04
B-007536,R-0212,Clubhouse,2025-07-25 22:11:00.541768,2025-08-02 11:45:00,5.0,False,2023-06-20
B-007537,R-0125,Gym,2025-07-26 01:08:59.875798,2025-07-28 09:15:00,5.0,True,2020-12-19
B-007538,R-0276,Tennis Court,2025-07-26 01:37:16.648074,2025-07-27 17:00:00,1.0,False,2021-12-03
B-007539,R-0158,Swimming Pool,2025-07-26 01:55:09.571531,2025-07-26 17:30:00,1.0,True,2021-11-01
B-007540,R-0105,Gym,2025-07-26 03:17:10.679119,2025-07-27 09:00:00,1.0,False,2021-09-14
B-007541,R-0090,Badminton Court,2025-07-26 04:21:08.589964,2025-07-31 18:00:00,3.0,False,2020-03-27
B-007542,R-0268,Kids Play Area,2025-07-26 06:47:56.662028,2025-07-26 16:00:00,5.0,False,2022-10-01
B-007543,R-0034,Swimming Pool,2025-07-26 07:25:36.258112,2025-07-26 16:30:00,4.0,True,2020-04-02
B-007544,R-0204,Gym,2025-07-26 12:09:07.234401,2025-07-26 14:00:00,4.0,False,2022-05-24
B-007545,R-0023,Badminton Court,2025-07-26 17:13:06.958516,2025-07-26 20:30:00,1.0,False,2022-12-13
B-007546,R-0024,Swimming Pool,2025-07-26 19:50:47.715047,2025-07-27 07:45:00,1.0,False,2020-09-16
B-007547,R-0102,Squash Court,2025-07-26 20:29:15.992781,2025-07-28 07:00:00,1.0,False,2022-05-02
B-007548,R-0066,Squash Court,2025-07-26 22:40:46.319466,2025-07-27 19:00:00,2.0,False,2021-02-13
B-007549,R-0039,Gym,2025-07-26 22:42:19.247040,2025-07-27 17:15:00,5.0,False,2020-08-27
B-007550,R-0159,Multipurpose Hall,2025-07-26 23:17:07.809170,2025-08-05 18:30:00,3.0,True,2022-11-14
B-007551,R-0166,Gym,2025-07-26 23:36:20.725950,2025-07-27 11:45:00,4.0,False,2022-10-13
B-007552,R-0267,Multipurpose Hall,2025-07-26 23:57:06.657009,2025-08-01 19:15:00,3.0,False,2021-09-07
B-007553,R-0207,Squash Court,2025-07-27 00:13:38.183975,2025-07-27 18:00:00,3.0,False,2021-04-11
B-007554,R-0244,Squash Court,2025-07-27 00:53:12.441482,2025-07-28 20:00:00,2.0,True,2022-07-27
B-007555,R-0103,Clubhouse,2025-07-27 02:15:02.145668,2025-07-30 19:00:00,2.0,True,2021-01-15
B-007556,R-0149,Swimming Pool,2025-07-27 05:59:24.799643,2025-07-27 16:45:00,2.0,False,2020-09-09
B-007557,R-0224,Gym,2025-07-27 06:05:42.354033,2025-07-27 20:30:00,1.0,False,2021-05-19
B-007558,R-0262,Swimming Pool,2025-07-27 09:57:50.028822,2025-07-27 19:00:00,5.0,False,2023-08-23
B-007559,R-0145,Tennis Court,2025-07-27 16:09:14.492355,2025-07-28 07:00:00,1.0,False,2021-10-20
B-007560,R-0090,Clubhouse,2025-07-27 16:47:00.470637,2025-09-27 12:45:00,3.0,False,2020-03-27
B-007561,R-0238,Multipurpose Hall,2025-07-27 17:09:29.663053,2025-07-28 17:15:00,3.0,True,2023-07-13
B-007562,R-0030,Clubhouse,2025-07-27 19:51:36.152357,2025-08-02 11:15:00,2.0,True,2023-02-05
B-007563,R-0234,Squash Court,2025-07-27 20:10:35.155522,2025-07-29 19:30:00,4.0,False,2022-03-24
B-007564,R-0090,Squash Court,2025-07-27 23:12:17.000978,2025-07-28 08:45:00,3.0,False,2020-03-27
B-007565,R-0151,Gym,2025-07-28 00:17:41.722714,2025-07-28 08:30:00,4.0,True,2020-08-06
B-007566,R-0208,Gym,2025-07-28 04:59:31.536144,2025-07-28 19:30:00,5.0,False,2021-08-16
B-007567,R-0211,Clubhouse,2025-07-28 07:43:08.460033,2025-08-02 19:30:00,5.0,True,2021-11-19
B-007568,R-0311,Squash Court,2025-07-28 11:16:42.537123,2025-07-31 08:45:00,5.0,False,2021-06-05
B-007569,R-0259,Swimming Pool,2025-07-28 14:42:46.393146,2025-07-29 17:45:00,3.0,False,2023-12-21
B-007570,R-0036,Kids Play Area,2025-07-28 15:00:04.762698,2025-07-28 18:00:00,3.0,True,2021-02-14
B-007571,R-0287,Swimming Pool,2025-07-28 22:26:14.801422,2025-07-30 19:15:00,3.0,False,2022-04-21
B-007572,R-0078,Gym,2025-07-28 23:55:49.672465,2025-07-30 18:45:00,3.0,False,2020-11-08
B-007573,R-0049,Gym,2025-07-29 03:55:57.836068,2025-07-30 10:15:00,3.0,True,2020-11-28
B-007574,R-0279,Squash Court,2025-07-29 07:05:16.590134,2025-07-30 08:30:00,1.0,False,2023-11-24
B-007575,R-0076,Tennis Court,2025-07-29 08:05:33.294829,2025-07-30 06:15:00,2.0,False,2020-08-07
B-007576,R-0307,Badminton Court,2025-07-29 10:25:22.025012,2025-07-29 19:30:00,2.0,True,2022-03-13
B-007577,R-0059,Gym,2025-07-29 10:41:57.009262,2025-07-31 20:00:00,2.0,True,2021-11-08
B-007578,R-0157,Kids Play Area,2025-07-29 13:26:07.430493,2025-07-29 16:15:00,3.0,True,2020-05-01
B-007579,R-0254,Badminton Court,2025-07-29 14:40:28.967078,2025-07-29 20:45:00,2.0,False,2020-09-25
B-007580,R-0154,Gym,2025-07-29 15:31:58.008318,2025-07-30 09:00:00,4.0,False,2020-04-23
B-007581,R-0099,Kids Play Area,2025-07-29 16:05:26.382610,2025-07-29 18:30:00,2.0,False,2022-07-13
B-007582,R-0293,Tennis Court,2025-07-29 19:07:39.498637,2025-07-31 07:00:00,3.0,True,2023-08-16
B-007583,R-0231,Multipurpose Hall,2025-07-30 01:18:49.064753,2025-08-08 18:30:00,1.0,False,2021-10-30
B-007584,R-0232,Kids Play Area,2025-07-30 01:50:47.384176,2025-07-30 10:00:00,5.0,True,2022-05-16
B-007585,R-0220,Kids Play Area,2025-07-30 02:38:45.050571,2025-07-30 17:45:00,5.0,False,2021-05-12
B-007586,R-0007,Swimming Pool,2025-07-30 03:09:24.218620,2025-08-02 08:30:00,3.0,False,2022-04-08
B-007587,R-0086,Clubhouse,2025-07-30 04:43:03.533568,2025-08-03 18:45:00,3.0,False,2023-06-29
B-007588,R-0300,Badminton Court,2025-07-30 05:13:11.309797,2025-07-30 21:30:00,4.0,False,2023-10-05
B-007589,R-0092,Kids Play Area,2025-07-30 05:21:20.942291,2025-07-30 16:30:00,3.0,False,2023-07-28
B-007590,R-0303,Multipurpose Hall,2025-07-30 05:46:46.271840,2025-08-01 19:15:00,2.0,False,2020-02-09
B-007591,R-0113,Badminton Court,2025-07-30 06:13:28.126125,2025-07-31 18:15:00,4.0,False,2022-06-28
B-007592,R-0261,Multipurpose Hall,2025-07-30 06:21:47.654539,2025-08-08 17:45:00,5.0,True,2023-07-12
B-007593,R-0052,Squash Court,2025-07-30 06:30:00.000000,2025-07-30 07:30:00,3.0,True,2022-09-27
B-007594,R-0132,Tennis Court,2025-07-30 08:05:56.521863,2025-07-31 18:45:00,3.0,True,2020-10-06
B-007595,R-0309,Gym,2025-07-30 09:10:36.983478,2025-07-30 11:45:00,1.0,True,2022-05-22
B-007596,R-0297,Clubhouse,2025-07-30 11:46:56.149784,2025-08-16 20:00:00,1.0,False,2021-05-14
B-007597,R-0083,Multipurpose Hall,2025-07-30 11:58:31.522303,2025-08-07 17:15:00,1.0,True,2020-03-12
B-007598,R-0058,Multipurpose Hall,2025-07-30 17:46:23.743440,2025-08-03 10:45:00,3.0,False,2023-09-11
B-007599,R-0024,Clubhouse,2025-07-30 19:03:37.238938,2025-08-10 17:45:00,1.0,False,2020-09-16
B-007600,R-0303,Gym,2025-07-30 19:39:38.891108,2025-07-31 11:00:00,2.0,False,2020-02-09
B-007601,R-0285,Multipurpose Hall,2025-07-31 00:03:16.358291,2025-08-05 17:15:00,1.0,False,2021-10-06
B-007602,R-0011,Multipurpose Hall,2025-07-31 00:42:18.178406,2025-08-10 19:30:00,,False,2022-01-15
B-007603,R-0100,Squash Court,2025-07-31 03:52:50.452603,2025-08-01 18:00:00,5.0,True,2020-08-16
B-007604,R-0212,Multipurpose Hall,2025-07-31 05:33:59.379900,2025-08-11 11:15:00,5.0,False,2023-06-20
B-007605,R-0035,Gym,2025-07-31 11:09:09.787839,2025-07-31 18:00:00,1.0,False,2023-05-21
B-007606,R-0096,Gym,2025-07-31 16:14:15.107034,2025-08-01 11:30:00,1.0,False,2022-10-22
B-007607,R-0298,Gym,2025-07-31 23:52:33.607297,2025-08-01 13:15:00,1.0,True,2022-09-18
B-007608,R-0117,Swimming Pool,2025-07-31 23:59:17.910483,2025-08-01 08:30:00,4.0,False,2020-10-16
B-007609,R-0188,Badminton Court,2025-08-01 02:07:09.333900,2025-08-02 17:45:00,1.0,False,2023-02-11
B-007610,R-0163,Gym,2025-08-01 03:57:30.619461,2025-08-01 17:30:00,3.0,True,2022-11-25
B-007611,R-0222,Swimming Pool,2025-08-01 05:15:39.505783,2025-08-01 19:15:00,3.0,False,2021-06-30
B-007612,R-0043,Gym,2025-08-01 10:36:15.789294,2025-08-02 11:45:00,5.0,False,2023-06-13
B-007613,R-0170,Swimming Pool,2025-08-01 11:03:06.466531,2025-08-01 18:45:00,4.0,False,2023-02-04
B-007614,R-0032,Tennis Court,2025-08-01 11:24:20.924538,2025-08-02 06:00:00,4.0,False,2020-08-02
B-007615,R-0144,Badminton Court,2025-08-01 13:27:41.976581,2025-08-02 17:00:00,3.0,False,2022-07-09
B-007616,R-0055,Multipurpose Hall,2025-08-01 14:12:44.218378,2025-08-03 17:45:00,3.0,False,2020-04-03
B-007617,R-0018,Tennis Court,2025-08-01 16:05:42.642705,2025-08-04 19:45:00,3.0,False,2020-12-01
B-007618,R-0225,Clubhouse,2025-08-01 17:16:59.783297,2025-08-14 17:30:00,2.0,False,2021-03-31
B-007619,R-0027,Swimming Pool,2025-08-01 19:37:11.790872,2025-08-03 08:30:00,2.0,False,2023-03-12
B-007620,R-0273,Multipurpose Hall,2025-08-01 22:45:03.813347,2025-08-18 18:15:00,5.0,False,2020-10-30
B-007621,R-0195,Tennis Court,2025-08-01 23:29:27.814199,2025-08-02 18:45:00,3.0,True,2022-06-30
B-007622,R-0111,Swimming Pool,2025-08-02 01:41:54.589225,2025-08-02 06:30:00,2.0,True,2022-01-10
B-007623,R-0146,Kids Play Area,2025-08-02 04:59:08.176300,2025-08-02 09:15:00,4.0,False,2020-03-14
B-007624,R-0149,Tennis Court,2025-08-02 05:20:28.905465,2025-08-03 17:15:00,2.0,False,2020-09-09
B-007625,R-0180,Badminton Court,2025-08-02 08:02:13.404291,2025-08-02 21:45:00,2.0,False,2020-05-11
B-007626,R-0206,Kids Play Area,2025-08-02 10:37:02.044368,2025-08-02 18:15:00,3.0,False,2021-06-14
B-007627,R-0168,Kids Play Area,2025-08-02 11:29:50.504584,2025-08-02 18:15:00,3.0,True,2022-09-23
B-007628,R-0183,Badminton Court,2025-08-02 13:02:05.354383,2025-08-02 19:30:00,5.0,False,2021-12-25
B-007629,R-0194,Swimming Pool,2025-08-02 13:18:20.101853,2025-08-04 08:15:00,1.0,False,2023-01-19
B-007630,R-0053,Swimming Pool,2025-08-02 14:28:46.965746,2025-08-03 16:15:00,3.0,False,2021-04-10
B-007631,R-0197,Swimming Pool,2025-08-02 19:35:44.680639,2025-08-03 16:45:00,3.0,False,2023-05-10
B-007632,R-0187,Tennis Court,2025-08-03 02:27:41.872702,2025-08-04 18:15:00,4.0,False,2020-04-30
B-007633,R-0263,Tennis Court,2025-08-03 05:52:59.111204,2025-08-04 07:15:00,3.0,True,2022-08-11
B-007634,R-0190,Tennis Court,2025-08-03 08:21:11.634758,2025-08-09 17:45:00,4.0,True,2022-05-02
B-007635,R-0082,Gym,2025-08-03 09:35:51.834072,2025-08-03 14:30:00,4.0,False,2020-08-31
B-007636,R-0064,Badminton Court,2025-08-03 12:42:50.659950,2025-08-03 17:30:00,2.0,False,2022-10-17
B-007637,R-0255,Multipurpose Hall,2025-08-03 12:47:02.874596,2025-08-12 19:30:00,4.0,False,2021-08-19
B-007638,R-0209,Badminton Court,2025-08-03 13:24:02.525935,2025-08-03 18:15:00,3.0,False,2023-07-20
B-007639,R-0091,Kids Play Area,2025-08-03 13:25:56.876625,2025-08-03 16:00:00,2.0,True,2023-12-22
B-007640,R-0137,Kids Play Area,2025-08-03 13:36:55.524917,2025-08-03 17:30:00,2.0,True,2020-08-26
B-007641,R-0028,Gym,2025-08-03 14:18:03.077269,2025-08-03 20:45:00,4.0,False,2023-12-08
B-007642,R-0178,Clubhouse,2025-08-03 22:34:10.085329,2025-08-05 11:00:00,2.0,True,2023-06-30
B-007643,R-0062,Badminton Court,2025-08-03 23:11:10.587866,2025-08-06 20:30:00,2.0,False,2020-06-01
B-007644,R-0184,Badminton Court,2025-08-04 01:28:40.424199,2025-08-04 21:45:00,1.0,False,2022-11-30
B-007645,R-0278,Swimming Pool,2025-08-04 01:30:15.256040,2025-08-04 06:30:00,4.0,False,2023-06-25
B-007646,R-0057,Squash Court,2025-08-04 03:42:54.665461,2025-08-07 08:30:00,2.0,False,2022-06-23
B-007647,R-0110,Badminton Court,2025-08-04 05:39:03.375784,2025-08-04 19:00:00,4.0,False,2022-06-09
B-007648,R-0185,Tennis Court,2025-08-04 08:13:42.528574,2025-08-07 17:45:00,4.0,False,2023-10-25
B-007649,R-0268,Squash Court,2025-08-04 12:19:01.368943,2025-08-05 07:00:00,5.0,False,2022-10-01
B-007650,R-0297,Gym,2025-08-04 16:48:50.383765,2025-08-05 08:15:00,1.0,False,2021-05-14
B-007651,R-0118,Tennis Court,2025-08-04 20:41:35.370808,2025-08-05 19:30:00,4.0,True,2021-08-22
B-007652,R-0233,Badminton Court,2025-08-04 20:53:23.185179,2025-08-06 17:30:00,4.0,True,2021-11-14
B-007653,R-0056,Swimming Pool,2025-08-04 20:55:22.022016,2025-08-05 18:30:00,2.0,True,2020-07-16
B-007654,R-0076,Multipurpose Hall,2025-08-05 02:59:25.146902,2025-08-11 11:45:00,2.0,False,2020-08-07
B-007655,R-0181,Tennis Court,2025-08-05 03:07:48.720993,2025-08-06 18:00:00,4.0,True,2022-08-08
B-007656,R-0232,Kids Play Area,2025-08-05 05:19:46.502273,2025-08-05 10:15:00,5.0,True,2022-05-16
B-007657,R-0196,Clubhouse,2025-08-05 06:29:55.676119,2025-08-11 18:00:00,2.0,True,2022-01-24
B-007658,R-0077,Swimming Pool,2025-08-05 08:55:45.564971,2025-08-05 17:45:00,5.0,False,2020-09-28
B-007659,R-0135,Badminton Court,2025-08-05 09:21:31.018232,2025-08-06 17:45:00,2.0,True,2021-05-18
B-007660,R-0283,Squash Court,2025-08-05 10:11:37.093351,2025-08-06 19:45:00,1.0,False,2020-02-28
B-007661,R-0084,Swimming Pool,2025-08-05 11:46:53.430164,2025-08-06 07:00:00,1.0,False,2021-03-07
B-007662,R-0090,Multipurpose Hall,2025-08-05 12:46:36.227961,2025-08-16 10:15:00,3.0,False,2020-03-27
B-007663,R-0111,Swimming Pool,2025-08-05 14:19:08.341412,2025-08-05 19:30:00,2.0,True,2022-01-10
B-007664,R-0114,Swimming Pool,2025-08-05 15:32:18.550217,2025-08-07 07:00:00,3.0,True,2021-10-04
B-007665,R-0142,Kids Play Area,2025-08-05 15:33:44.012868,2025-08-05 18:45:00,5.0,False,2020-05-05
B-007666,R-0046,Swimming Pool,2025-08-05 16:30:00.000000,2025-08-05 17:00:00,1.0,True,2021-11-08
B-007667,R-0274,Squash Court,2025-08-05 17:20:09.328961,2025-08-05 20:15:00,1.0,False,2021-08-07
B-007668,R-0194,Clubhouse,2025-08-05 19:05:52.486931,2025-10-18 17:15:00,1.0,False,2023-01-19
B-007669,R-0102,Tennis Court,2025-08-05 21:24:05.955572,2025-08-06 06:30:00,1.0,False,2022-05-02
B-007670,R-0269,Badminton Court,2025-08-05 21:50:16.251415,2025-08-06 19:30:00,5.0,False,2023-11-18
B-007671,R-0225,Squash Court,2025-08-05 22:49:14.373325,2025-08-06 07:15:00,2.0,False,2021-03-31
B-007672,R-0256,Tennis Court,2025-08-06 01:30:37.842191,2025-08-06 19:45:00,3.0,True,2021-06-07
B-007673,R-0232,Kids Play Area,2025-08-06 03:18:08.783071,2025-08-06 10:30:00,5.0,True,2022-05-16
B-007674,R-0287,Clubhouse,2025-08-06 04:00:42.570897,2025-08-10 19:45:00,3.0,False,2022-04-21
B-007675,R-0096,Gym,2025-08-06 04:18:10.246635,2025-08-06 11:15:00,1.0,False,2022-10-22
B-007676,R-0099,Badminton Court,2025-08-06 06:00:40.504064,2025-08-06 18:15:00,2.0,False,2022-07-13
B-007677,R-0309,Kids Play Area,2025-08-06 07:31:32.019208,2025-08-06 10:45:00,1.0,True,2022-05-22
B-007678,R-0186,Gym,2025-08-06 10:13:27.222918,2025-08-06 19:00:00,2.0,False,2020-11-10
B-007679,R-0166,Tennis Court,2025-08-06 10:37:46.522825,2025-08-08 07:30:00,4.0,False,2022-10-13
B-007680,R-0240,Kids Play Area,2025-08-06 11:27:03.333476,2025-08-06 17:30:00,4.0,True,2021-08-25
B-007681,R-0290,Multipurpose Hall,2025-08-06 11:43:59.877969,2025-08-29 19:45:00,3.0,False,2021-02-25
B-007682,R-0147,Badminton Court,2025-08-06 12:40:00.766778,2025-08-06 21:30:00,5.0,False,2023-05-17
B-007683,R-0271,Tennis Court,2025-08-06 13:06:55.768263,2025-08-07 19:15:00,1.0,True,2021-04-08
B-007684,R-0063,Badminton Court,2025-08-06 17:00:59.223774,2025-08-07 19:45:00,2.0,False,2020-11-01
B-007685,R-0220,Badminton Court,2025-08-06 18:53:14.404980,2025-08-08 18:45:00,5.0,False,2021-05-12
B-007686,R-0013,Swimming Pool,2025-08-06 21:17:13.443317,2025-08-07 18:15:00,,True,2023-10-18
B-007687,R-0234,Squash Court,2025-08-06 21:21:21.839486,2025-08-08 19:30:00,4.0,False,2022-03-24
B-007688,R-0036,Swimming Pool,2025-08-06 22:09:41.447728,2025-08-07 06:30:00,3.0,True,2021-02-14
B-007689,R-0203,Tennis Court,2025-08-07 03:50:00.996973,2025-08-08 07:15:00,4.0,False,2023-10-19
B-007690,R-0095,Gym,2025-08-07 05:04:10.115229,2025-08-07 11:45:00,4.0,False,2020-03-19
B-007691,R-0073,Swimming Pool,2025-08-07 06:38:03.491150,2025-08-07 08:30:00,1.0,True,2021-06-20
B-007692,R-0096,Clubhouse,2025-08-07 07:59:59.549313,2025-08-08 11:00:00,1.0,False,2022-10-22
B-007693,R-0279,Tennis Court,2025-08-07 10:14:04.888164,2025-08-08 17:15:00,1.0,False,2023-11-24
B-007694,R-0267,Multipurpose Hall,2025-08-07 11:23:32.295057,2025-08-11 18:30:00,3.0,False,2021-09-07
B-007695,R-0181,Tennis Court,2025-08-07 12:11:14.859468,2025-08-11 18:00:00,4.0,True,2022-08-08
B-007696,R-0133,Swimming Pool,2025-08-07 15:05:45.244616,2025-08-07 17:30:00,4.0,False,2020-03-10
B-007697,R-0254,Gym,2025-08-07 17:49:25.216424,2025-08-08 17:15:00,2.0,False,2020-09-25
B-007698,R-0061,Swimming Pool,2025-08-07 20:41:38.988125,2025-08-09 19:45:00,1.0,False,2022-11-06
B-007699,R-0090,Squash Court,2025-08-07 20:49:26.001009,2025-08-08 08:00:00,3.0,False,2020-03-27
B-007700,R-0005,Kids Play Area,2025-08-07 21:10:56.174213,2025-08-08 10:00:00,3.0,True,2021-05-16
B-007701,R-0259,Badminton Court,2025-08-07 23:51:28.870257,2025-08-08 21:45:00,3.0,False,2023-12-21
B-007702,R-0213,Badminton Court,2025-08-08 01:27:24.706494,2025-08-08 18:45:00,5.0,True,2022-11-19
B-007703,R-0311,Gym,2025-08-08 02:15:00.000000,2025-08-12 14:15:00,5.0,False,2021-06-05
B-007704,R-0043,Gym,2025-08-08 02:27:11.069450,2025-08-08 11:00:00,5.0,False,2023-06-13
B-007705,R-0068,Badminton Court,2025-08-08 05:41:06.702710,2025-08-08 17:00:00,3.0,False,2022-08-28
B-007706,R-0299,Tennis Court,2025-08-08 08:39:14.743308,2025-08-08 19:15:00,5.0,False,2020-07-29
B-007707,R-0117,Clubhouse,2025-08-08 09:36:41.168109,2025-08-24 11:45:00,4.0,False,2020-10-16
B-007708,R-0122,Gym,2025-08-08 12:57:40.783332,2025-08-08 20:30:00,1.0,False,2022-11-04
B-007709,R-0149,Gym,2025-08-08 13:08:46.855342,2025-08-09 09:30:00,2.0,False,2020-09-09
B-007710,R-0103,Gym,2025-08-08 13:09:09.492460,2025-08-08 19:00:00,2.0,True,2021-01-15
B-007711,R-0211,Badminton Court,2025-08-08 15:05:32.626410,2025-08-08 20:30:00,5.0,True,2021-11-19
B-007712,R-0076,Swimming Pool,2025-08-08 18:27:04.566645,2025-08-13 07:45:00,2.0,False,2020-08-07
B-007713,R-0012,Kids Play Area,2025-08-08 18:36:40.592358,2025-08-09 09:00:00,4.0,True,2020-11-21
B-007714,R-0101,Gym,2025-08-08 19:00:28.714746,2025-08-09 07:45:00,2.0,False,2021-06-13
B-007715,R-0170,Clubhouse,2025-08-08 21:09:28.348528,2025-08-13 18:15:00,4.0,False,2023-02-04
B-007716,R-0079,Kids Play Area,2025-08-08 21:35:10.701156,2025-08-09 10:45:00,3.0,True,2020-08-30
B-007717,R-0255,Kids Play Area,2025-08-08 22:54:57.353923,2025-08-09 18:00:00,4.0,False,2021-08-19
B-007718,R-0173,Tennis Court,2025-08-08 23:31:03.651818,2025-08-13 17:30:00,2.0,False,2021-03-09
B-007719,R-0127,Swimming Pool,2025-08-09 01:38:47.649692,2025-08-09 07:30:00,3.0,False,2020-06-15
B-007720,R-0303,Multipurpose Hall,2025-08-09 01:59:33.204467,2025-08-15 18:30:00,2.0,False,2020-02-09
B-007721,R-0039,Gym,2025-08-09 03:54:01.877354,2025-08-09 17:30:00,5.0,False,2020-08-27
B-007722,R-0177,Kids Play Area,2025-08-09 03:59:46.646245,2025-08-09 10:00:00,1.0,False,2021-12-08
B-007723,R-0167,Squash Court,2025-08-09 05:18:20.725576,2025-08-09 08:15:00,2.0,False,2020-02-05
B-007724,R-0155,Gym,2025-08-09 05:31:45.031569,2025-08-09 17:30:00,5.0,True,2021-02-12
B-007725,R-0146,Kids Play Area,2025-08-09 09:18:41.230239,2025-08-09 09:30:00,4.0,False,2020-03-14
B-007726,R-0263,Kids Play Area,2025-08-09 10:45:00.000000,2025-08-12 10:45:00,3.0,True,2022-08-11
B-007727,R-0066,Squash Court,2025-08-09 10:51:10.932948,2025-08-09 19:15:00,2.0,False,2021-02-13
B-007728,R-0172,Badminton Court,2025-08-09 11:24:46.547407,2025-08-09 17:15:00,2.0,False,2020-03-14
B-007729,R-0045,Swimming Pool,2025-08-09 13:30:27.141294,2025-08-09 16:45:00,4.0,False,2020-05-15
B-007730,R-0029,Badminton Court,2025-08-09 13:43:14.422203,2025-08-10 19:15:00,1.0,False,2020-03-01
B-007731,R-0164,Multipurpose Hall,2025-08-09 17:22:16.499962,2025-08-11 17:00:00,5.0,False,2021-03-15
B-007732,R-0131,Squash Court,2025-08-09 20:09:05.419144,2025-08-10 07:30:00,1.0,True,2023-10-18
B-007733,R-0052,Multipurpose Hall,2025-08-09 21:24:08.605557,2025-08-14 10:45:00,3.0,True,2022-09-27
B-007734,R-0193,Clubhouse,2025-08-09 21:37:15.728810,2025-08-11 20:15:00,2.0,True,2021-06-16
B-007735,R-0052,Multipurpose Hall,2025-08-09 22:22:47.221727,2025-08-13 10:30:00,3.0,True,2022-09-27
B-007736,R-0265,Gym,2025-08-09 22:24:06.690189,2025-08-10 20:00:00,3.0,False,2023-04-02
B-007737,R-0293,Tennis Court,2025-08-09 22:30:24.752277,2025-08-12 07:45:00,3.0,True,2023-08-16
B-007738,R-0215,Squash Court,2025-08-10 01:23:51.234705,2025-08-10 18:30:00,2.0,True,2023-03-17
B-007739,R-0248,Clubhouse,2025-08-10 03:22:46.286137,2025-09-06 17:45:00,2.0,True,2022-12-30
B-007740,R-0229,Squash Court,2025-08-10 03:34:34.574767,2025-08-11 07:30:00,2.0,False,2020-02-16
B-007741,R-0064,Kids Play Area,2025-08-10 04:56:09.229326,2025-08-10 18:30:00,2.0,False,2022-10-17
B-007742,R-0024,Clubhouse,2025-08-10 05:01:30.892270,2025-08-16 17:30:00,1.0,False,2020-09-16
B-007743,R-0081,Gym,2025-08-10 09:45:35.713582,2025-08-10 16:00:00,4.0,False,2021-07-16
B-007744,R-0195,Multipurpose Hall,2025-08-10 13:04:38.937798,2025-08-23 19:15:00,3.0,True,2022-06-30
B-007745,R-0048,Clubhouse,2025-08-10 14:38:30.029696,2025-09-06 12:30:00,1.0,True,2023-12-12
B-007746,R-0088,Tennis Court,2025-08-10 17:04:13.012800,2025-08-13 07:45:00,5.0,False,2023-05-21
B-007747,R-0030,Squash Court,2025-08-10 17:22:20.210466,2025-08-12 08:45:00,2.0,True,2023-02-05
B-007748,R-0154,Multipurpose Hall,2025-08-10 19:10:28.059156,2025-09-12 17:15:00,4.0,False,2020-04-23
B-007749,R-0141,Tennis Court,2025-08-10 20:35:38.503645,2025-08-12 06:45:00,1.0,False,2020-01-06
B-007750,R-0023,Tennis Court,2025-08-10 20:51:43.526201,2025-08-11 06:30:00,1.0,False,2022-12-13
B-007751,R-0302,Swimming Pool,2025-08-10 22:06:53.172715,2025-08-12 19:00:00,2.0,True,2023-05-11
B-007752,R-0245,Squash Court,2025-08-11 02:50:43.496502,2025-08-11 18:15:00,1.0,False,2022-02-09
B-007753,R-0180,Badminton Court,2025-08-11 05:47:26.568548,2025-08-12 21:45:00,2.0,False,2020-05-11
B-007754,R-0256,Swimming Pool,2025-08-11 06:24:08.497588,2025-08-11 16:00:00,3.0,True,2021-06-07
B-007755,R-0194,Swimming Pool,2025-08-11 07:21:43.653292,2025-08-13 08:00:00,1.0,False,2023-01-19
B-007756,R-0129,Badminton Court,2025-08-11 08:17:52.777071,2025-08-12 21:00:00,2.0,False,2022-06-19
B-007757,R-0144,Multipurpose Hall,2025-08-11 08:57:03.411025,2025-08-19 11:00:00,3.0,False,2022-07-09
B-007758,R-0132,Tennis Court,2025-08-11 13:13:02.822145,2025-08-15 07:30:00,3.0,True,2020-10-06
B-007759,R-0068,Kids Play Area,2025-08-11 13:53:00.183806,2025-08-11 18:00:00,3.0,False,2022-08-28
B-007760,R-0024,Clubhouse,2025-08-11 14:19:35.471520,2025-08-23 20:45:00,1.0,False,2020-09-16
B-007761,R-0138,Swimming Pool,2025-08-11 15:20:12.065141,2025-08-12 16:45:00,3.0,False,2021-08-01
B-007762,R-0152,Clubhouse,2025-08-11 16:46:14.198745,2025-09-26 18:30:00,1.0,True,2020-03-08
B-007763,R-0098,Clubhouse,2025-08-11 17:54:32.634611,2025-09-08 18:00:00,4.0,False,2022-10-31
B-007764,R-0003,Clubhouse,2025-08-11 18:03:47.098599,2025-08-18 18:45:00,1.0,False,2020-06-06
B-007765,R-0168,Tennis Court,2025-08-11 20:35:11.571432,2025-08-12 18:00:00,3.0,True,2022-09-23
B-007766,R-0280,Gym,2025-08-11 21:12:04.882473,2025-08-13 11:00:00,3.0,False,2020-03-31
B-007767,R-0003,Tennis Court,2025-08-11 23:17:33.565509,2025-08-13 18:15:00,1.0,False,2020-06-06
B-007768,R-0188,Multipurpose Hall,2025-08-12 01:39:39.490919,2025-08-25 18:15:00,1.0,False,2023-02-11
B-007769,R-0187,Clubhouse,2025-08-12 03:07:48.224278,2025-08-15 12:45:00,4.0,False,2020-04-30
B-007770,R-0078,Gym,2025-08-12 04:06:39.231936,2025-08-15 08:15:00,3.0,False,2020-11-08
B-007771,R-0062,Badminton Court,2025-08-12 04:53:04.518173,2025-08-15 19:15:00,2.0,False,2020-06-01
B-007772,R-0100,Kids Play Area,2025-08-12 05:13:39.591517,2025-08-12 18:15:00,5.0,True,2020-08-16
B-007773,R-0240,Kids Play Area,2025-08-12 05:43:36.361432,2025-08-12 17:45:00,4.0,True,2021-08-25
B-007774,R-0122,Kids Play Area,2025-08-12 06:31:48.806927,2025-08-12 17:15:00,1.0,False,2022-11-04
B-007775,R-0085,Tennis Court,2025-08-12 06:55:53.358630,2025-08-15 17:15:00,1.0,False,2022-03-24
B-007776,R-0188,Swimming Pool,2025-08-12 09:29:19.665225,2025-08-13 16:30:00,1.0,False,2023-02-11
B-007777,R-0135,Gym,2025-08-12 12:06:09.793751,2025-08-13 07:00:00,2.0,True,2021-05-18
B-007778,R-0163,Kids Play Area,2025-08-12 12:47:42.869359,2025-08-12 18:30:00,3.0,True,2022-11-25
B-007779,R-0055,Swimming Pool,2025-08-12 14:43:25.509001,2025-08-12 18:15:00,3.0,False,2020-04-03
B-007780,R-0211,Clubhouse,2025-08-12 19:42:12.252941,2025-08-17 19:00:00,5.0,True,2021-11-19
B-007781,R-0231,Multipurpose Hall,2025-08-13 04:09:26.056603,2025-09-25 17:45:00,1.0,False,2021-10-30
B-007782,R-0139,Tennis Court,2025-08-13 05:04:58.425935,2025-08-15 18:00:00,4.0,True,2022-06-23
B-007783,R-0194,Multipurpose Hall,2025-08-13 05:24:50.458143,2025-08-18 10:45:00,1.0,False,2023-01-19
B-007784,R-0299,Tennis Court,2025-08-13 05:27:07.121409,2025-08-13 19:30:00,5.0,False,2020-07-29
B-007785,R-0231,Gym,2025-08-13 09:23:38.087812,2025-08-14 20:30:00,1.0,False,2021-10-30
B-007786,R-0060,Gym,2025-08-13 09:24:57.546780,2025-08-13 16:15:00,4.0,False,2021-10-21
B-007787,R-0177,Squash Court,2025-08-13 10:25:31.408112,2025-08-13 18:00:00,1.0,False,2021-12-08
B-007788,R-0047,Squash Court,2025-08-13 13:55:28.775033,2025-08-13 18:00:00,2.0,False,2021-10-19
B-007789,R-0028,Gym,2025-08-13 14:15:07.636050,2025-08-13 20:45:00,4.0,False,2023-12-08
B-007790,R-0063,Multipurpose Hall,2025-08-13 16:31:50.361501,2025-08-25 10:00:00,2.0,False,2020-11-01
B-007791,R-0306,Badminton Court,2025-08-13 16:54:16.660370,2025-08-13 20:45:00,3.0,True,2022-09-30
B-007792,R-0092,Kids Play Area,2025-08-13 22:55:42.982212,2025-08-14 16:30:00,3.0,False,2023-07-28
B-007793,R-0104,Squash Court,2025-08-14 02:53:02.236432,2025-08-16 20:00:00,5.0,True,2023-02-09
B-007794,R-0121,Squash Court,2025-08-14 05:37:25.866159,2025-08-17 08:30:00,4.0,False,2023-04-27
B-007795,R-0313,Gym,2025-08-14 06:22:53.094421,2025-08-14 09:00:00,2.0,False,2022-01-03
B-007796,R-0084,Swimming Pool,2025-08-14 07:39:06.168343,2025-08-15 07:00:00,1.0,False,2021-03-07
B-007797,R-0127,Clubhouse,2025-08-14 08:28:04.249855,2025-08-15 18:00:00,3.0,False,2020-06-15
B-007798,R-0014,Multipurpose Hall,2025-08-14 10:26:26.964363,2025-08-26 11:45:00,3.0,False,2023-02-21
B-007799,R-0058,Swimming Pool,2025-08-14 12:45:51.811383,2025-08-15 06:15:00,3.0,False,2023-09-11
B-007800,R-0052,Multipurpose Hall,2025-08-14 15:26:45.702604,2025-08-28 10:30:00,3.0,True,2022-09-27
B-007801,R-0220,Gym,2025-08-14 18:56:49.276145,2025-08-16 16:45:00,5.0,False,2021-05-12
B-007802,R-0296,Gym,2025-08-14 20:17:33.182670,2025-08-15 20:30:00,5.0,False,2021-02-23
B-007803,R-0189,Gym,2025-08-14 21:11:05.048070,2025-08-15 06:45:00,1.0,False,2022-07-11
B-007804,R-0066,Tennis Court,2025-08-14 23:13:12.378737,2025-08-16 18:30:00,2.0,False,2021-02-13
B-007805,R-0151,Gym,2025-08-15 02:16:23.147646,2025-08-15 17:00:00,4.0,True,2020-08-06
B-007806,R-0129,Squash Court,2025-08-15 06:17:59.230368,2025-08-16 08:45:00,2.0,False,2022-06-19
B-007807,R-0064,Tennis Court,2025-08-15 10:56:23.872507,2025-08-16 18:00:00,2.0,False,2022-10-17
B-007808,R-0209,Gym,2025-08-15 13:42:53.578207,2025-08-16 11:15:00,3.0,False,2023-07-20
B-007809,R-0192,Kids Play Area,2025-08-15 16:11:08.077464,2025-08-16 10:45:00,4.0,True,2023-07-01
B-007810,R-0174,Tennis Court,2025-08-15 19:43:04.587568,2025-08-16 07:15:00,3.0,False,2022-11-22
B-007811,R-0096,Squash Court,2025-08-15 21:43:17.929737,2025-08-17 07:45:00,1.0,False,2022-10-22
B-007812,R-0175,Gym,2025-08-16 00:50:16.684997,2025-08-17 10:15:00,1.0,False,2020-01-26
B-007813,R-0283,Kids Play Area,2025-08-16 05:43:40.507715,2025-08-16 17:45:00,1.0,False,2020-02-28
B-007814,R-0269,Multipurpose Hall,2025-08-16 05:50:10.470152,2025-08-19 18:15:00,5.0,False,2023-11-18
B-007815,R-0276,Squash Court,2025-08-16 06:00:12.346364,2025-08-17 20:30:00,1.0,False,2021-12-03
B-007816,R-0294,Swimming Pool,2025-08-16 06:06:10.501613,2025-08-16 18:00:00,4.0,False,2021-02-22
B-007817,R-0106,Swimming Pool,2025-08-16 06:32:11.077539,2025-08-16 08:00:00,1.0,True,2020-01-23
B-007818,R-0194,Tennis Court,2025-08-16 07:30:00.000000,2025-08-26 19:30:00,1.0,False,2023-01-19
B-007819,R-0015,Clubhouse,2025-08-16 07:35:26.238241,2025-08-18 20:45:00,1.0,False,2020-06-28
B-007820,R-0144,Badminton Court,2025-08-16 08:05:39.649614,2025-08-16 19:15:00,3.0,False,2022-07-09
B-007821,R-0069,Gym,2025-08-16 09:55:05.809423,2025-08-16 15:45:00,1.0,False,2023-11-30
B-007822,R-0036,Multipurpose Hall,2025-08-16 10:15:00.000000,2025-08-17 10:15:00,3.0,True,2021-02-14
B-007823,R-0145,Tennis Court,2025-08-16 11:59:48.336911,2025-08-18 07:00:00,1.0,False,2021-10-20
B-007824,R-0011,Multipurpose Hall,2025-08-16 12:16:34.204073,2025-09-19 18:15:00,4.0,False,2022-01-15
B-007825,R-0050,Swimming Pool,2025-08-16 18:46:55.975280,2025-08-17 06:15:00,2.0,False,2022-11-09
B-007826,R-0268,Squash Court,2025-08-16 21:38:25.960056,2025-08-17 07:15:00,5.0,False,2022-10-01
B-007827,R-0301,Gym,2025-08-17 00:15:48.891764,2025-08-17 09:15:00,,False,2023-12-19
B-007828,R-0242,Squash Court,2025-08-17 00:30:45.524013,2025-08-17 07:00:00,3.0,True,2020-12-31
B-007829,R-0203,Swimming Pool,2025-08-17 01:48:36.466725,2025-08-17 17:00:00,4.0,False,2023-10-19
B-007830,R-0091,Multipurpose Hall,2025-08-17 01:55:15.995365,2025-08-30 19:30:00,2.0,True,2023-12-22
B-007831,R-0012,Kids Play Area,2025-08-17 03:11:22.068492,2025-08-17 16:15:00,4.0,True,2020-11-21
B-007832,R-0235,Squash Court,2025-08-17 05:25:48.471020,2025-08-17 18:45:00,2.0,False,2020-08-24
B-007833,R-0117,Kids Play Area,2025-08-17 05:45:20.514372,2025-08-17 09:15:00,4.0,False,2020-10-16
B-007834,R-0183,Kids Play Area,2025-08-17 07:02:25.336603,2025-08-17 10:00:00,5.0,False,2021-12-25
B-007835,R-0309,Kids Play Area,2025-08-17 08:40:47.028167,2025-08-17 10:00:00,1.0,True,2022-05-22
B-007836,R-0198,Clubhouse,2025-08-17 09:20:27.844212,2025-08-24 11:00:00,5.0,False,2023-09-18
B-007837,R-0224,Clubhouse,2025-08-17 11:57:01.775116,2025-08-26 17:45:00,1.0,False,2021-05-19
B-007838,R-0304,Swimming Pool,2025-08-17 12:08:45.575386,2025-08-17 17:45:00,1.0,False,2022-12-16
B-007839,R-0087,Clubhouse,2025-08-17 13:27:55.363688,2025-08-19 19:15:00,1.0,False,2023-02-22
B-007840,R-0126,Kids Play Area,2025-08-17 15:12:23.187087,2025-08-17 18:30:00,4.0,False,2020-12-04
B-007841,R-0137,Kids Play Area,2025-08-17 15:58:17.579758,2025-08-17 17:00:00,2.0,True,2020-08-26
B-007842,R-0070,Swimming Pool,2025-08-17 20:22:48.543769,2025-08-19 19:15:00,3.0,False,2020-04-24
B-007843,R-0177,Gym,2025-08-17 21:07:14.276642,2025-08-18 10:30:00,1.0,False,2021-12-08
B-007844,R-0157,Swimming Pool,2025-08-17 21:15:18.903746,2025-08-18 19:30:00,3.0,True,2020-05-01
B-007845,R-0052,Squash Court,2025-08-17 23:32:26.265430,2025-08-18 07:30:00,3.0,True,2022-09-27
B-007846,R-0138,Swimming Pool,2025-08-18 01:19:03.956316,2025-08-18 16:00:00,3.0,False,2021-08-01
B-007847,R-0258,Badminton Court,2025-08-18 02:17:28.043022,2025-08-19 21:00:00,2.0,True,2023-04-04
B-007848,R-0029,Kids Play Area,2025-08-18 02:22:34.231624,2025-08-18 16:15:00,1.0,False,2020-03-01
B-007849,R-0046,Badminton Court,2025-08-18 02:38:58.683433,2025-08-18 18:00:00,1.0,True,2021-11-08
B-007850,R-0194,Swimming Pool,2025-08-18 02:56:04.281047,2025-08-19 08:45:00,1.0,False,2023-01-19
B-007851,R-0164,Multipurpose Hall,2025-08-18 03:29:41.009851,2025-08-23 17:30:00,5.0,False,2021-03-15
B-007852,R-0083,Multipurpose Hall,2025-08-18 03:59:09.899398,2025-08-20 17:00:00,1.0,True,2020-03-12
B-007853,R-0303,Multipurpose Hall,2025-08-18 04:08:19.795592,2025-08-22 18:30:00,2.0,False,2020-02-09
B-007854,R-0267,Tennis Court,2025-08-18 04:26:07.966804,2025-08-18 19:45:00,3.0,False,2021-09-07
B-007855,R-0146,Gym,2025-08-18 06:43:40.555304,2025-08-18 11:45:00,4.0,False,2020-03-14
B-007856,R-0115,Badminton Court,2025-08-18 06:55:35.571670,2025-08-18 18:30:00,2.0,False,2021-08-17
B-007857,R-0122,Badminton Court,2025-08-18 08:44:09.836554,2025-08-19 21:00:00,1.0,False,2022-11-04
B-007858,R-0099,Badminton Court,2025-08-18 13:03:18.693141,2025-08-18 18:30:00,2.0,False,2022-07-13
B-007859,R-0040,Tennis Court,2025-08-18 14:36:49.225372,2025-08-20 07:45:00,2.0,True,2023-09-02
B-007860,R-0032,Squash Court,2025-08-18 14:39:18.083538,2025-08-20 07:45:00,4.0,False,2020-08-02
B-007861,R-0125,Gym,2025-08-18 14:45:18.065092,2025-08-19 09:30:00,5.0,True,2020-12-19
B-007862,R-0012,Gym,2025-08-18 21:06:40.371651,2025-08-20 08:15:00,4.0,True,2020-11-21
B-007863,R-0184,Swimming Pool,2025-08-18 23:10:56.741491,2025-08-20 07:30:00,1.0,False,2022-11-30
B-007864,R-0270,Kids Play Area,2025-08-19 01:23:49.339734,2025-08-19 10:30:00,2.0,True,2023-11-01
B-007865,R-0182,Squash Court,2025-08-19 05:35:31.061393,2025-08-19 18:00:00,2.0,True,2022-11-04
B-007866,R-0008,Badminton Court,2025-08-19 05:54:42.422717,2025-08-19 19:00:00,2.0,False,2022-06-01
B-007867,R-0258,Badminton Court,2025-08-19 06:27:09.918189,2025-08-25 21:15:00,2.0,True,2023-04-04
B-007868,R-0059,Kids Play Area,2025-08-19 07:59:47.139278,2025-08-19 10:15:00,2.0,True,2021-11-08
B-007869,R-0058,Swimming Pool,2025-08-19 09:11:43.102527,2025-08-21 07:30:00,3.0,False,2023-09-11
B-007870,R-0055,Multipurpose Hall,2025-08-19 11:21:42.670095,2025-08-26 18:45:00,3.0,False,2020-04-03
B-007871,R-0250,Badminton Court,2025-08-19 12:58:44.182216,2025-08-22 20:00:00,1.0,True,2023-08-16
B-007872,R-0119,Clubhouse,2025-08-19 13:09:06.593662,2025-09-02 11:00:00,5.0,False,2023-12-08
B-007873,R-0047,Squash Court,2025-08-19 13:52:52.144474,2025-08-19 18:45:00,2.0,False,2021-10-19
B-007874,R-0014,Kids Play Area,2025-08-19 14:14:12.654619,2025-08-19 17:00:00,3.0,False,2023-02-21
B-007875,R-0226,Clubhouse,2025-08-19 14:19:31.140921,2025-09-06 19:45:00,3.0,False,2020-02-27
B-007876,R-0272,Tennis Court,2025-08-19 14:25:49.720833,2025-08-23 18:15:00,3.0,False,2021-11-30
B-007877,R-0172,Kids Play Area,2025-08-19 15:45:34.008130,2025-08-19 17:00:00,2.0,False,2020-03-14
B-007878,R-0102,Tennis Court,2025-08-19 16:55:01.101571,2025-08-20 06:45:00,1.0,False,2022-05-02
B-007879,R-0259,Swimming Pool,2025-08-19 16:58:16.636230,2025-08-20 19:45:00,3.0,False,2023-12-21
B-007880,R-0023,Tennis Court,2025-08-19 19:26:21.306689,2025-08-20 06:30:00,1.0,False,2022-12-13
B-007881,R-0088,Tennis Court,2025-08-19 19:50:48.721622,2025-08-20 07:00:00,5.0,False,2023-05-21
B-007882,R-0239,Tennis Court,2025-08-19 20:13:47.397667,2025-08-22 18:00:00,5.0,True,2023-01-01
B-007883,R-0197,Swimming Pool,2025-08-20 03:10:28.002765,2025-08-20 07:00:00,3.0,False,2023-05-10
B-007884,R-0205,Clubhouse,2025-08-20 04:06:14.720657,2025-08-30 20:45:00,3.0,False,2023-01-19
B-007885,R-0171,Swimming Pool,2025-08-20 05:28:18.054444,2025-08-20 19:00:00,4.0,False,2020-03-16
B-007886,R-0016,Kids Play Area,2025-08-20 05:35:56.703708,2025-08-20 17:45:00,1.0,True,2020-04-13
B-007887,R-0049,Badminton Court,2025-08-20 05:54:24.388627,2025-08-22 21:45:00,3.0,True,2020-11-28
B-007888,R-0098,Kids Play Area,2025-08-20 06:40:01.616532,2025-08-20 10:00:00,4.0,False,2022-10-31
B-007889,R-0090,Clubhouse,2025-08-20 07:05:36.125224,2025-10-15 20:30:00,3.0,False,2020-03-27
B-007890,R-0248,Clubhouse,2025-08-20 07:45:02.466769,2025-08-23 11:30:00,2.0,True,2022-12-30
B-007891,R-0141,Swimming Pool,2025-08-20 23:03:00.979405,2025-08-21 07:45:00,1.0,False,2020-01-06
B-007892,R-0115,Badminton Court,2025-08-21 00:09:43.140672,2025-08-21 18:30:00,2.0,False,2021-08-17
B-007893,R-0290,Gym,2025-08-21 00:25:36.206525,2025-08-21 16:00:00,3.0,False,2021-02-25
B-007894,R-0190,Tennis Court,2025-08-21 01:00:39.095784,2025-08-21 17:30:00,4.0,True,2022-05-02
B-007895,R-0267,Gym,2025-08-21 03:05:41.407729,2025-08-21 14:00:00,3.0,False,2021-09-07
B-007896,R-0030,Gym,2025-08-21 04:00:00.000000,2025-08-25 16:00:00,2.0,True,2023-02-05
B-007897,R-0295,Gym,2025-08-21 08:41:47.643488,2025-08-22 10:15:00,3.0,False,2023-02-14
B-007898,R-0207,Swimming Pool,2025-08-21 11:23:01.639176,2025-08-21 17:45:00,3.0,False,2021-04-11
B-007899,R-0254,Kids Play Area,2025-08-21 12:25:23.017261,2025-08-21 16:45:00,2.0,False,2020-09-25
B-007900,R-0261,Tennis Court,2025-08-21 12:27:59.594654,2025-08-21 17:30:00,5.0,True,2023-07-12
B-007901,R-0124,Squash Court,2025-08-21 12:34:22.138940,2025-08-21 18:00:00,3.0,False,2022-08-31
B-007902,R-0311,Multipurpose Hall,2025-08-21 14:55:43.893862,2025-09-23 18:30:00,5.0,False,2021-06-05
B-007903,R-0160,Kids Play Area,2025-08-21 15:20:22.626750,2025-08-21 17:15:00,1.0,True,2020-08-11
B-007904,R-0105,Swimming Pool,2025-08-21 15:34:35.649571,2025-08-22 08:30:00,1.0,False,2021-09-14
B-007905,R-0227,Kids Play Area,2025-08-21 15:38:44.019560,2025-08-21 17:00:00,4.0,True,2021-10-13
B-007906,R-0078,Swimming Pool,2025-08-21 18:36:29.447763,2025-08-25 16:45:00,3.0,False,2020-11-08
B-007907,R-0152,Kids Play Area,2025-08-21 19:15:01.611776,2025-08-22 09:15:00,1.0,True,2020-03-08
B-007908,R-0278,Tennis Court,2025-08-21 20:29:10.872429,2025-08-22 07:00:00,4.0,False,2023-06-25
B-007909,R-0169,Swimming Pool,2025-08-21 21:39:54.573789,2025-08-22 17:00:00,2.0,True,2020-03-26
B-007910,R-0201,Badminton Court,2025-08-21 22:53:12.740013,2025-08-22 19:00:00,5.0,False,2021-04-13
B-007911,R-0011,Multipurpose Hall,2025-08-21 23:58:51.600214,2025-09-03 19:15:00,4.0,False,2022-01-15
B-007912,R-0167,Swimming Pool,2025-08-22 03:03:06.042814,2025-08-22 07:00:00,2.0,False,2020-02-05
B-007913,R-0111,Swimming Pool,2025-08-22 08:50:45.394754,2025-08-22 19:15:00,2.0,True,2022-01-10
B-007914,R-0279,Badminton Court,2025-08-22 09:27:32.140423,2025-08-23 21:15:00,1.0,False,2023-11-24
B-007915,R-0158,Swimming Pool,2025-08-22 13:44:00.511288,2025-08-22 16:45:00,1.0,True,2021-11-01
B-007916,R-0244,Kids Play Area,2025-08-22 14:00:10.788326,2025-08-22 17:15:00,2.0,True,2022-07-27
B-007917,R-0101,Squash Court,2025-08-22 16:25:46.945934,2025-08-23 07:45:00,2.0,False,2021-06-13
B-007918,R-0082,Gym,2025-08-22 18:06:22.015358,2025-08-22 19:15:00,4.0,False,2020-08-31
B-007919,R-0187,Multipurpose Hall,2025-08-23 00:23:39.749302,2025-09-01 17:00:00,4.0,False,2020-04-30
B-007920,R-0143,Kids Play Area,2025-08-23 01:18:21.127738,2025-08-23 18:30:00,5.0,True,2022-08-13
B-007921,R-0232,Multipurpose Hall,2025-08-23 02:15:13.982701,2025-09-16 11:00:00,5.0,True,2022-05-16
B-007922,R-0092,Tennis Court,2025-08-23 02:24:44.770065,2025-08-25 06:30:00,3.0,False,2023-07-28
B-007923,R-0249,Swimming Pool,2025-08-23 05:38:28.761109,2025-08-23 16:45:00,4.0,True,2021-04-14
B-007924,R-0064,Badminton Court,2025-08-23 05:50:30.822398,2025-08-23 17:15:00,2.0,False,2022-10-17
B-007925,R-0048,Tennis Court,2025-08-23 07:55:43.477142,2025-08-24 18:45:00,1.0,True,2023-12-12
B-007926,R-0069,Badminton Court,2025-08-23 08:50:30.404527,2025-08-23 17:15:00,1.0,False,2023-11-30
B-007927,R-0178,Kids Play Area,2025-08-23 09:11:46.237293,2025-08-23 10:30:00,2.0,True,2023-06-30
B-007928,R-0293,Tennis Court,2025-08-23 10:50:46.326349,2025-08-25 07:30:00,3.0,True,2023-08-16
B-007929,R-0144,Badminton Court,2025-08-23 11:43:22.370483,2025-08-23 17:30:00,3.0,False,2022-07-09
B-007930,R-0045,Gym,2025-08-23 13:03:33.673607,2025-08-23 15:15:00,4.0,False,2020-05-15
B-007931,R-0112,Kids Play Area,2025-08-23 13:04:10.917700,2025-08-23 18:30:00,5.0,False,2020-06-02
B-007932,R-0090,Badminton Court,2025-08-23 13:33:10.360380,2025-08-24 18:00:00,3.0,False,2020-03-27
B-007933,R-0049,Badminton Court,2025-08-23 14:25:11.866466,2025-08-27 20:30:00,3.0,True,2020-11-28
B-007934,R-0275,Gym,2025-08-23 14:58:50.492842,2025-08-24 17:00:00,4.0,True,2020-05-07
B-007935,R-0255,Gym,2025-08-23 17:54:21.138020,2025-08-24 12:30:00,4.0,False,2021-08-19
B-007936,R-0076,Badminton Court,2025-08-23 20:18:36.113173,2025-08-25 17:45:00,2.0,False,2020-08-07
B-007937,R-0196,Kids Play Area,2025-08-23 20:54:44.866520,2025-08-24 17:15:00,2.0,True,2022-01-24
B-007938,R-0155,Gym,2025-08-23 22:56:58.468974,2025-08-24 17:00:00,5.0,True,2021-02-12
B-007939,R-0133,Swimming Pool,2025-08-24 01:49:52.266841,2025-08-24 16:15:00,4.0,False,2020-03-10
B-007940,R-0043,Kids Play Area,2025-08-24 04:22:34.503687,2025-08-25 09:30:00,5.0,False,2023-06-13
B-007941,R-0170,Kids Play Area,2025-08-24 05:14:57.924910,2025-08-24 09:00:00,4.0,False,2023-02-04
B-007942,R-0221,Kids Play Area,2025-08-24 07:17:25.087938,2025-08-25 17:00:00,1.0,True,2023-09-29
B-007943,R-0204,Gym,2025-08-24 08:52:26.880216,2025-08-24 14:45:00,4.0,False,2022-05-24
B-007944,R-0056,Swimming Pool,2025-08-24 09:48:28.686761,2025-08-25 07:45:00,2.0,True,2020-07-16
B-007945,R-0028,Gym,2025-08-24 11:53:50.013213,2025-08-24 16:00:00,4.0,False,2023-12-08
B-007946,R-0131,Badminton Court,2025-08-24 11:57:28.861033,2025-08-24 19:00:00,1.0,True,2023-10-18
B-007947,R-0077,Kids Play Area,2025-08-24 12:17:54.360496,2025-08-24 17:00:00,5.0,False,2020-09-28
B-007948,R-0066,Clubhouse,2025-08-24 12:20:04.921867,2025-08-31 20:45:00,2.0,False,2021-02-13
B-007949,R-0283,Kids Play Area,2025-08-24 14:51:38.945345,2025-08-26 18:00:00,1.0,False,2020-02-28
B-007950,R-0159,Clubhouse,2025-08-24 22:02:26.010718,2025-08-27 20:45:00,3.0,True,2022-11-14
B-007951,R-0184,Swimming Pool,2025-08-24 22:05:49.634257,2025-08-26 08:30:00,1.0,False,2022-11-30
B-007952,R-0127,Multipurpose Hall,2025-08-24 22:11:59.959348,2025-09-05 11:00:00,3.0,False,2020-06-15
B-007953,R-0076,Multipurpose Hall,2025-08-25 00:14:10.460650,2025-09-22 10:15:00,2.0,False,2020-08-07
B-007954,R-0220,Badminton Court,2025-08-25 01:22:20.701549,2025-08-26 21:15:00,5.0,False,2021-05-12
B-007955,R-0228,Gym,2025-08-25 02:42:52.623183,2025-08-25 16:30:00,4.0,False,2023-09-10
B-007956,R-0245,Squash Court,2025-08-25 06:34:46.649946,2025-08-26 18:45:00,1.0,False,2022-02-09
B-007957,R-0083,Clubhouse,2025-08-25 07:19:32.287669,2025-09-06 18:15:00,1.0,True,2020-03-12
B-007958,R-0074,Gym,2025-08-25 07:28:52.733519,2025-08-26 10:30:00,3.0,False,2020-01-21
B-007959,R-0036,Tennis Court,2025-08-25 08:19:45.320781,2025-08-26 07:30:00,3.0,True,2021-02-14
B-007960,R-0238,Tennis Court,2025-08-25 16:18:58.990700,2025-08-25 19:45:00,3.0,True,2023-07-13
B-007961,R-0184,Multipurpose Hall,2025-08-25 18:06:16.381727,2025-11-04 11:45:00,1.0,False,2022-11-30
B-007962,R-0303,Multipurpose Hall,2025-08-25 18:13:01.976655,2025-08-29 18:30:00,2.0,False,2020-02-09
B-007963,R-0026,Tennis Court,2025-08-25 20:39:02.022278,2025-08-27 18:45:00,2.0,False,2022-01-18
B-007964,R-0176,Swimming Pool,2025-08-25 23:58:57.798510,2025-08-26 06:15:00,5.0,True,2022-03-04
B-007965,R-0025,Swimming Pool,2025-08-26 02:00:35.470575,2025-08-28 07:30:00,4.0,True,2020-12-30
B-007966,R-0033,Gym,2025-08-26 03:46:25.045771,2025-08-26 17:30:00,1.0,False,2022-09-12
B-007967,R-0268,Squash Court,2025-08-26 04:42:05.321607,2025-08-30 07:45:00,5.0,False,2022-10-01
B-007968,R-0191,Tennis Court,2025-08-26 06:58:43.987138,2025-08-26 19:30:00,2.0,True,2020-01-20
B-007969,R-0081,Clubhouse,2025-08-26 07:30:20.366698,2025-09-08 11:30:00,4.0,False,2021-07-16
B-007970,R-0101,Badminton Court,2025-08-26 10:03:48.910775,2025-08-27 19:30:00,2.0,False,2021-06-13
B-007971,R-0302,Swimming Pool,2025-08-26 11:01:21.420110,2025-08-26 19:00:00,2.0,True,2023-05-11
B-007972,R-0142,Swimming Pool,2025-08-26 13:18:41.786201,2025-08-28 07:30:00,5.0,False,2020-05-05
B-007973,R-0046,Gym,2025-08-26 13:47:10.083554,2025-08-26 19:00:00,1.0,True,2021-11-08
B-007974,R-0082,Tennis Court,2025-08-26 14:26:48.009548,2025-08-26 18:45:00,4.0,False,2020-08-31
B-007975,R-0010,Badminton Court,2025-08-26 17:22:01.028977,2025-08-28 17:15:00,3.0,True,2020-10-23
B-007976,R-0103,Gym,2025-08-26 17:37:53.171448,2025-08-27 16:30:00,2.0,True,2021-01-15
B-007977,R-0058,Swimming Pool,2025-08-26 18:02:11.635255,2025-08-28 08:00:00,3.0,False,2023-09-11
B-007978,R-0161,Tennis Court,2025-08-26 18:53:46.713044,2025-08-28 07:45:00,4.0,True,2022-05-10
B-007979,R-0146,Clubhouse,2025-08-26 19:16:22.498233,2025-08-28 11:00:00,4.0,False,2020-03-14
B-007980,R-0292,Badminton Court,2025-08-26 21:32:02.427178,2025-08-28 18:15:00,3.0,False,2020-01-30
B-007981,R-0019,Tennis Court,2025-08-26 22:02:04.863536,2025-09-01 17:30:00,5.0,False,2022-02-09
B-007982,R-0213,Multipurpose Hall,2025-08-26 22:07:46.396036,2025-10-09 18:15:00,5.0,True,2022-11-19
B-007983,R-0163,Gym,2025-08-26 22:53:34.678077,2025-08-28 17:30:00,3.0,True,2022-11-25
B-007984,R-0022,Kids Play Area,2025-08-27 02:05:02.263707,2025-08-28 09:45:00,2.0,True,2022-11-11
B-007985,R-0263,Badminton Court,2025-08-27 04:38:25.114171,2025-08-27 20:30:00,3.0,True,2022-08-11
B-007986,R-0234,Squash Court,2025-08-27 05:04:54.427831,2025-08-27 19:30:00,4.0,False,2022-03-24
B-007987,R-0203,Gym,2025-08-27 08:30:12.902729,2025-08-27 10:15:00,4.0,False,2023-10-19
B-007988,R-0177,Gym,2025-08-27 09:55:36.878638,2025-08-27 10:30:00,1.0,False,2021-12-08
B-007989,R-0064,Tennis Court,2025-08-27 09:59:53.009660,2025-08-31 18:15:00,2.0,False,2022-10-17
B-007990,R-0215,Gym,2025-08-27 10:02:34.782235,2025-08-29 07:15:00,2.0,True,2023-03-17
B-007991,R-0229,Squash Court,2025-08-27 11:27:40.601424,2025-08-28 07:45:00,2.0,False,2020-02-16
B-007992,R-0256,Swimming Pool,2025-08-27 11:54:41.371875,2025-08-27 16:30:00,3.0,True,2021-06-07
B-007993,R-0083,Multipurpose Hall,2025-08-27 13:00:40.060998,2025-08-30 17:15:00,1.0,True,2020-03-12
B-007994,R-0151,Gym,2025-08-27 13:14:11.539691,2025-08-27 17:00:00,4.0,True,2020-08-06
B-007995,R-0143,Kids Play Area,2025-08-27 13:18:34.687857,2025-08-27 18:30:00,5.0,True,2022-08-13
B-007996,R-0230,Gym,2025-08-27 16:44:45.019361,2025-08-28 09:45:00,5.0,False,2021-08-29
B-007997,R-0278,Badminton Court,2025-08-27 17:18:21.094929,2025-08-27 20:15:00,4.0,False,2023-06-25
B-007998,R-0305,Tennis Court,2025-08-27 19:46:10.463229,2025-08-28 07:15:00,5.0,False,2023-08-05
B-007999,R-0185,Tennis Court,2025-08-28 02:43:06.170610,2025-08-28 18:15:00,4.0,False,2023-10-25
B-008000,R-0233,Badminton Court,2025-08-28 03:31:50.059952,2025-08-30 17:30:00,4.0,True,2021-11-14
B-008001,R-0060,Kids Play Area,2025-08-28 04:08:20.520291,2025-08-28 09:45:00,4.0,False,2021-10-21
B-008002,R-0079,Kids Play Area,2025-08-28 05:13:41.493584,2025-08-28 10:30:00,3.0,True,2020-08-30
B-008003,R-0011,Multipurpose Hall,2025-08-28 10:16:36.461794,2025-09-10 19:45:00,4.0,False,2022-01-15
B-008004,R-0145,Tennis Court,2025-08-28 11:01:26.919465,2025-08-29 06:30:00,1.0,False,2021-10-20
B-008005,R-0045,Clubhouse,2025-08-28 12:21:13.870983,2025-08-30 17:30:00,4.0,False,2020-05-15
B-008006,R-0111,Swimming Pool,2025-08-28 15:21:43.550194,2025-08-28 19:45:00,2.0,True,2022-01-10
B-008007,R-0287,Kids Play Area,2025-08-28 16:16:01.181431,2025-08-28 18:15:00,3.0,False,2022-04-21
B-008008,R-0235,Swimming Pool,2025-08-28 21:55:40.081071,2025-08-31 19:45:00,2.0,False,2020-08-24
B-008009,R-0032,Tennis Court,2025-08-28 22:28:07.248763,2025-08-30 06:30:00,4.0,False,2020-08-02
B-008010,R-0247,Swimming Pool,2025-08-28 23:52:51.804045,2025-08-29 08:00:00,3.0,True,2021-09-01
B-008011,R-0212,Multipurpose Hall,2025-08-29 01:27:12.326296,2025-09-14 10:15:00,5.0,False,2023-06-20
B-008012,R-0062,Badminton Court,2025-08-29 01:37:09.545907,2025-08-29 20:30:00,2.0,False,2020-06-01
B-008013,R-0181,Gym,2025-08-29 04:16:47.047621,2025-08-30 07:00:00,4.0,True,2022-08-08
B-008014,R-0302,Multipurpose Hall,2025-08-29 04:34:31.090704,2025-09-04 19:00:00,2.0,True,2023-05-11
B-008015,R-0180,Badminton Court,2025-08-29 05:46:27.206094,2025-08-29 21:45:00,2.0,False,2020-05-11
B-008016,R-0275,Clubhouse,2025-08-29 05:51:14.973671,2025-09-27 17:15:00,4.0,True,2020-05-07
B-008017,R-0260,Swimming Pool,2025-08-29 06:36:39.525024,2025-08-29 17:30:00,5.0,False,2020-02-11
B-008018,R-0016,Clubhouse,2025-08-29 08:33:07.414370,2025-10-08 19:30:00,1.0,True,2020-04-13
B-008019,R-0279,Clubhouse,2025-08-29 10:40:22.738423,2025-09-27 18:15:00,1.0,False,2023-11-24
B-008020,R-0304,Swimming Pool,2025-08-29 11:38:15.858911,2025-08-29 17:45:00,1.0,False,2022-12-16
B-008021,R-0300,Badminton Court,2025-08-29 13:19:44.834358,2025-08-29 19:30:00,4.0,False,2023-10-05
B-008022,R-0212,Gym,2025-08-29 13:54:03.248269,2025-08-31 08:00:00,5.0,False,2023-06-20
B-008023,R-0296,Gym,2025-08-29 15:03:10.766057,2025-08-30 20:45:00,5.0,False,2021-02-23
B-008024,R-0167,Squash Court,2025-08-29 17:06:31.336808,2025-08-30 08:00:00,2.0,False,2020-02-05
B-008025,R-0006,Tennis Court,2025-08-29 19:11:26.319154,2025-08-30 07:15:00,1.0,True,2022-03-03
B-008026,R-0220,Gym,2025-08-29 19:15:00.000000,2025-09-03 07:15:00,5.0,False,2021-05-12
B-008027,R-0108,Gym,2025-08-29 22:41:52.862096,2025-08-30 09:15:00,2.0,False,2020-05-18
B-008028,R-0255,Gym,2025-08-29 23:17:10.951702,2025-08-30 12:15:00,4.0,False,2021-08-19
B-008029,R-0194,Swimming Pool,2025-08-29 23:28:58.029504,2025-09-04 08:00:00,1.0,False,2023-01-19
B-008030,R-0158,Swimming Pool,2025-08-30 01:44:52.785892,2025-08-30 18:45:00,1.0,True,2021-11-01
B-008031,R-0252,Gym,2025-08-30 02:23:50.658736,2025-08-30 18:45:00,2.0,True,2021-11-26
B-008032,R-0183,Squash Court,2025-08-30 02:34:29.974060,2025-08-31 07:30:00,5.0,False,2021-12-25
B-008033,R-0276,Tennis Court,2025-08-30 03:10:50.825137,2025-08-30 17:00:00,1.0,False,2021-12-03
B-008034,R-0291,Badminton Court,2025-08-30 03:22:08.923958,2025-08-30 21:15:00,5.0,False,2020-11-14
B-008035,R-0052,Multipurpose Hall,2025-08-30 03:31:18.766757,2025-09-02 19:00:00,3.0,True,2022-09-27
B-008036,R-0056,Squash Court,2025-08-30 07:05:55.482746,2025-08-31 07:30:00,2.0,True,2020-07-16
B-008037,R-0101,Badminton Court,2025-08-30 08:02:05.153807,2025-08-31 20:00:00,2.0,False,2021-06-13
B-008038,R-0035,Badminton Court,2025-08-30 09:05:27.861246,2025-08-31 18:30:00,1.0,False,2023-05-21
B-008039,R-0199,Tennis Court,2025-08-30 09:45:13.522998,2025-08-30 19:45:00,1.0,False,2023-07-24
B-008040,R-0042,Badminton Court,2025-08-30 15:08:48.380576,2025-08-30 17:30:00,3.0,False,2022-11-14
B-008041,R-0137,Kids Play Area,2025-08-30 15:46:25.400164,2025-08-30 17:45:00,2.0,True,2020-08-26
B-008042,R-0100,Gym,2025-08-30 16:05:17.803843,2025-08-31 14:00:00,5.0,True,2020-08-16
B-008043,R-0012,Clubhouse,2025-08-30 16:32:23.303158,2025-11-09 20:15:00,4.0,True,2020-11-21
B-008044,R-0175,Gym,2025-08-30 16:49:43.098565,2025-08-31 08:15:00,1.0,False,2020-01-26
B-008045,R-0255,Multipurpose Hall,2025-08-30 20:32:30.276838,2025-09-13 19:00:00,4.0,False,2021-08-19
B-008046,R-0311,Squash Court,2025-08-30 21:35:40.332020,2025-08-31 19:15:00,5.0,False,2021-06-05
B-008047,R-0197,Multipurpose Hall,2025-08-30 21:56:15.105105,2025-09-13 17:15:00,3.0,False,2023-05-10
B-008048,R-0222,Multipurpose Hall,2025-08-30 23:55:08.563230,2025-09-16 19:30:00,3.0,False,2021-06-30
B-008049,R-0079,Multipurpose Hall,2025-08-31 01:24:31.736860,2025-09-28 19:00:00,3.0,True,2020-08-30
B-008050,R-0035,Gym,2025-08-31 03:30:00.000000,2025-09-04 15:30:00,1.0,False,2023-05-21
B-008051,R-0086,Squash Court,2025-08-31 04:57:09.051015,2025-08-31 07:00:00,3.0,False,2023-06-29
B-008052,R-0050,Swimming Pool,2025-08-31 05:16:08.998670,2025-08-31 08:30:00,2.0,False,2022-11-09
B-008053,R-0105,Tennis Court,2025-08-31 14:21:58.054194,2025-09-02 07:45:00,1.0,False,2021-09-14
B-008054,R-0151,Gym,2025-08-31 16:33:37.557521,2025-09-01 17:45:00,4.0,True,2020-08-06
B-008055,R-0001,Multipurpose Hall,2025-08-31 18:43:57.627948,2025-09-22 10:30:00,4.0,False,2021-03-19
B-008056,R-0154,Squash Court,2025-08-31 19:12:52.929411,2025-09-04 19:30:00,4.0,False,2020-04-23
B-008057,R-0195,Clubhouse,2025-08-31 21:06:15.415959,2025-09-17 12:15:00,3.0,True,2022-06-30
B-008058,R-0206,Badminton Court,2025-09-01 09:09:13.067415,2025-09-01 20:30:00,3.0,False,2021-06-14
B-008059,R-0047,Squash Court,2025-09-01 12:10:08.429799,2025-09-01 18:45:00,2.0,False,2021-10-19
B-008060,R-0061,Clubhouse,2025-09-01 13:42:16.618845,2025-09-13 20:30:00,1.0,False,2022-11-06
B-008061,R-0305,Clubhouse,2025-09-01 15:01:01.700838,2025-09-05 11:00:00,5.0,False,2023-08-05
B-008062,R-0137,Kids Play Area,2025-09-01 16:21:03.286787,2025-09-01 17:30:00,2.0,True,2020-08-26
B-008063,R-0016,Kids Play Area,2025-09-01 16:27:23.336488,2025-09-02 16:00:00,1.0,True,2020-04-13
B-008064,R-0259,Badminton Court,2025-09-01 20:57:35.103018,2025-09-02 21:15:00,3.0,False,2023-12-21
B-008065,R-0232,Kids Play Area,2025-09-02 07:08:24.669450,2025-09-02 10:45:00,5.0,True,2022-05-16
B-008066,R-0003,Tennis Court,2025-09-02 07:53:39.251416,2025-09-06 18:00:00,1.0,False,2020-06-06
B-008067,R-0067,Clubhouse,2025-09-02 09:50:58.330563,2025-09-07 11:15:00,3.0,False,2020-11-02
B-008068,R-0044,Swimming Pool,2025-09-02 10:56:55.121938,2025-09-02 17:45:00,1.0,False,2021-10-23
B-008069,R-0238,Tennis Court,2025-09-02 12:15:17.482754,2025-09-02 19:15:00,3.0,True,2023-07-13
B-008070,R-0267,Multipurpose Hall,2025-09-02 12:38:37.504918,2025-09-09 18:00:00,3.0,False,2021-09-07
B-008071,R-0046,Gym,2025-09-02 14:45:30.742185,2025-09-02 19:15:00,1.0,True,2021-11-08
B-008072,R-0240,Gym,2025-09-02 17:41:51.794076,2025-09-03 19:30:00,4.0,True,2021-08-25
B-008073,R-0115,Squash Court,2025-09-02 18:11:31.098952,2025-09-03 07:45:00,2.0,False,2021-08-17
B-008074,R-0288,Squash Court,2025-09-02 18:45:32.399839,2025-09-04 08:30:00,4.0,False,2023-09-08
B-008075,R-0090,Badminton Court,2025-09-02 21:37:22.541123,2025-09-03 20:45:00,,False,2020-03-27
B-008076,R-0141,Swimming Pool,2025-09-02 22:05:10.124534,2025-09-05 08:15:00,1.0,False,2020-01-06
B-008077,R-0034,Swimming Pool,2025-09-02 23:30:42.584551,2025-09-04 16:00:00,4.0,True,2020-04-02
B-008078,R-0267,Tennis Court,2025-09-03 01:37:54.621340,2025-09-04 19:15:00,3.0,False,2021-09-07
B-008079,R-0212,Clubhouse,2025-09-03 02:15:59.756531,2025-09-27 11:00:00,5.0,False,2023-06-20
B-008080,R-0102,Gym,2025-09-03 04:00:28.802814,2025-09-03 07:45:00,1.0,False,2022-05-02
B-008081,R-0263,Swimming Pool,2025-09-03 04:01:33.931209,2025-09-03 19:00:00,3.0,True,2022-08-11
B-008082,R-0103,Multipurpose Hall,2025-09-03 04:29:28.321550,2025-09-11 17:30:00,2.0,True,2021-01-15
B-008083,R-0190,Swimming Pool,2025-09-03 07:03:17.828009,2025-09-06 16:45:00,4.0,True,2022-05-02
B-008084,R-0177,Gym,2025-09-03 11:48:35.827936,2025-09-04 10:30:00,1.0,False,2021-12-08
B-008085,R-0283,Badminton Court,2025-09-03 12:58:11.649084,2025-09-08 17:15:00,1.0,False,2020-02-28
B-008086,R-0188,Swimming Pool,2025-09-03 13:44:54.747884,2025-09-04 16:45:00,1.0,False,2023-02-11
B-008087,R-0292,Badminton Court,2025-09-03 17:49:56.569827,2025-09-04 18:45:00,3.0,False,2020-01-30
B-008088,R-0229,Kids Play Area,2025-09-03 20:55:13.168417,2025-09-04 17:15:00,2.0,False,2020-02-16
B-008089,R-0003,Tennis Court,2025-09-03 21:22:19.533905,2025-09-10 18:30:00,1.0,False,2020-06-06
B-008090,R-0293,Tennis Court,2025-09-03 21:58:26.212850,2025-09-05 07:45:00,3.0,True,2023-08-16
B-008091,R-0162,Kids Play Area,2025-09-04 02:16:27.730316,2025-09-04 09:45:00,5.0,True,2020-05-09
B-008092,R-0202,Clubhouse,2025-09-04 04:17:19.356247,2025-09-12 17:45:00,3.0,True,2021-04-27
B-008093,R-0221,Kids Play Area,2025-09-04 07:59:33.447760,2025-09-04 17:00:00,1.0,True,2023-09-29
B-008094,R-0063,Squash Court,2025-09-04 09:18:30.792647,2025-09-05 07:45:00,2.0,False,2020-11-01
B-008095,R-0061,Swimming Pool,2025-09-04 12:43:24.015391,2025-09-04 19:45:00,1.0,False,2022-11-06
B-008096,R-0174,Badminton Court,2025-09-04 14:44:07.210616,2025-09-04 18:30:00,3.0,False,2022-11-22
B-008097,R-0211,Clubhouse,2025-09-04 17:27:07.785959,2025-09-20 12:30:00,5.0,True,2021-11-19
B-008098,R-0182,Gym,2025-09-04 17:30:16.552669,2025-09-05 08:45:00,2.0,True,2022-11-04
B-008099,R-0190,Multipurpose Hall,2025-09-04 18:04:33.915341,2025-09-13 18:00:00,4.0,True,2022-05-02
B-008100,R-0265,Swimming Pool,2025-09-04 19:19:07.404566,2025-09-06 17:00:00,3.0,False,2023-04-02
B-008101,R-0038,Tennis Court,2025-09-04 20:07:48.549535,2025-09-05 17:30:00,5.0,False,2020-08-26
B-008102,R-0305,Clubhouse,2025-09-04 21:59:13.057902,2025-09-07 11:30:00,5.0,False,2023-08-05
B-008103,R-0264,Tennis Court,2025-09-04 23:03:57.646905,2025-09-05 06:00:00,2.0,False,2020-01-20
B-008104,R-0036,Tennis Court,2025-09-05 00:56:38.161350,2025-09-05 07:45:00,3.0,True,2021-02-14
B-008105,R-0223,Swimming Pool,2025-09-05 02:50:40.937356,2025-09-05 18:00:00,1.0,False,2021-12-28
B-008106,R-0130,Gym,2025-09-05 03:17:04.712299,2025-09-05 12:45:00,3.0,False,2022-05-02
B-008107,R-0225,Kids Play Area,2025-09-05 04:12:46.142553,2025-09-05 10:00:00,2.0,False,2021-03-31
B-008108,R-0231,Tennis Court,2025-09-05 06:52:26.487078,2025-09-05 18:00:00,1.0,False,2021-10-30
B-008109,R-0090,Badminton Court,2025-09-05 09:53:31.309859,2025-09-06 21:30:00,3.0,False,2020-03-27
B-008110,R-0276,Kids Play Area,2025-09-05 10:30:08.977687,2025-09-05 16:00:00,1.0,False,2021-12-03
B-008111,R-0143,Kids Play Area,2025-09-05 10:31:24.767355,2025-09-05 18:30:00,5.0,True,2022-08-13
B-008112,R-0199,Badminton Court,2025-09-05 11:08:00.675103,2025-09-06 17:30:00,1.0,False,2023-07-24
B-008113,R-0114,Kids Play Area,2025-09-05 11:47:05.521802,2025-09-06 10:15:00,3.0,True,2021-10-04
B-008114,R-0150,Squash Court,2025-09-05 12:01:21.862778,2025-09-05 18:15:00,5.0,False,2021-02-11
B-008115,R-0136,Squash Court,2025-09-05 12:46:10.326927,2025-09-05 19:30:00,5.0,False,2021-06-17
B-008116,R-0027,Gym,2025-09-05 18:47:44.749938,2025-09-06 09:30:00,2.0,False,2023-03-12
B-008117,R-0030,Squash Court,2025-09-05 19:37:14.386833,2025-09-07 08:15:00,2.0,True,2023-02-05
B-008118,R-0149,Squash Court,2025-09-05 22:35:33.465657,2025-09-06 18:45:00,2.0,False,2020-09-09
B-008119,R-0220,Multipurpose Hall,2025-09-06 00:18:57.425311,2025-09-15 11:15:00,5.0,False,2021-05-12
B-008120,R-0186,Gym,2025-09-06 02:01:27.007143,2025-09-06 16:45:00,2.0,False,2020-11-10
B-008121,R-0146,Gym,2025-09-06 02:50:12.360716,2025-09-06 11:45:00,4.0,False,2020-03-14
B-008122,R-0228,Gym,2025-09-06 06:10:31.330655,2025-09-06 17:45:00,4.0,False,2023-09-10
B-008123,R-0069,Gym,2025-09-06 07:29:25.047207,2025-09-06 16:15:00,1.0,False,2023-11-30
B-008124,R-0104,Badminton Court,2025-09-06 07:37:20.706174,2025-09-07 20:15:00,5.0,True,2023-02-09
B-008125,R-0269,Badminton Court,2025-09-06 09:36:18.721126,2025-09-06 19:15:00,5.0,False,2023-11-18
B-008126,R-0263,Squash Court,2025-09-06 10:30:38.532019,2025-09-08 07:15:00,3.0,True,2022-08-11
B-008127,R-0092,Kids Play Area,2025-09-06 13:09:43.437340,2025-09-08 17:45:00,3.0,False,2023-07-28
B-008128,R-0275,Kids Play Area,2025-09-06 13:19:20.750824,2025-09-06 17:00:00,4.0,True,2020-05-07
B-008129,R-0060,Swimming Pool,2025-09-06 14:39:06.007886,2025-09-07 08:15:00,4.0,False,2021-10-21
B-008130,R-0215,Gym,2025-09-06 14:57:24.481665,2025-09-07 07:45:00,2.0,True,2023-03-17
B-008131,R-0281,Kids Play Area,2025-09-06 14:58:14.520227,2025-09-06 18:45:00,4.0,False,2022-02-14
B-008132,R-0255,Badminton Court,2025-09-06 19:03:04.062981,2025-09-07 18:30:00,4.0,False,2021-08-19
B-008133,R-0166,Gym,2025-09-06 19:20:32.162803,2025-09-07 11:30:00,4.0,False,2022-10-13
B-008134,R-0120,Kids Play Area,2025-09-06 20:03:25.228132,2025-09-07 10:00:00,2.0,True,2023-09-11
B-008135,R-0144,Swimming Pool,2025-09-06 22:51:06.954753,2025-09-07 06:15:00,3.0,False,2022-07-09
B-008136,R-0028,Gym,2025-09-06 23:27:42.463047,2025-09-07 20:45:00,4.0,False,2023-12-08
B-008137,R-0287,Swimming Pool,2025-09-07 00:37:58.022492,2025-09-07 19:30:00,3.0,False,2022-04-21
B-008138,R-0122,Badminton Court,2025-09-07 02:08:03.771286,2025-09-07 21:00:00,1.0,False,2022-11-04
B-008139,R-0207,Clubhouse,2025-09-07 05:33:26.279410,2025-09-24 11:45:00,3.0,False,2021-04-11
B-008140,R-0066,Squash Court,2025-09-07 06:03:50.225114,2025-09-07 18:00:00,2.0,False,2021-02-13
B-008141,R-0165,Clubhouse,2025-09-07 07:10:11.341569,2025-09-08 19:45:00,2.0,False,2021-12-19
B-008142,R-0313,Gym,2025-09-07 07:13:23.779348,2025-09-07 08:30:00,2.0,False,2022-01-03
B-008143,R-0198,Squash Court,2025-09-07 07:15:07.182254,2025-09-07 19:00:00,5.0,False,2023-09-18
B-008144,R-0295,Tennis Court,2025-09-07 08:25:41.805639,2025-09-08 18:30:00,3.0,False,2023-02-14
B-008145,R-0296,Squash Court,2025-09-07 08:31:34.045120,2025-09-07 18:00:00,5.0,False,2021-02-23
B-008146,R-0286,Swimming Pool,2025-09-07 09:35:19.515096,2025-09-07 17:45:00,4.0,True,2020-11-25
B-008147,R-0261,Tennis Court,2025-09-07 10:28:00.978871,2025-09-08 17:15:00,,True,2023-07-12
B-008148,R-0293,Tennis Court,2025-09-07 10:57:44.659943,2025-09-08 07:15:00,3.0,True,2023-08-16
B-008149,R-0158,Kids Play Area,2025-09-07 14:58:14.833083,2025-09-07 17:15:00,1.0,True,2021-11-01
B-008150,R-0146,Swimming Pool,2025-09-07 18:35:35.337165,2025-09-07 19:45:00,4.0,False,2020-03-14
B-008151,R-0142,Tennis Court,2025-09-07 20:13:02.117876,2025-09-11 06:00:00,5.0,False,2020-05-05
B-008152,R-0243,Squash Court,2025-09-08 00:18:40.897807,2025-09-08 08:00:00,2.0,False,2022-10-01
B-008153,R-0212,Gym,2025-09-08 07:11:48.350821,2025-09-09 08:45:00,5.0,False,2023-06-20
B-008154,R-0291,Tennis Court,2025-09-08 07:23:38.403451,2025-09-09 07:30:00,5.0,False,2020-11-14
B-008155,R-0294,Clubhouse,2025-09-08 09:52:05.001303,2025-09-11 20:30:00,4.0,False,2021-02-22
B-008156,R-0259,Swimming Pool,2025-09-08 10:51:59.838889,2025-09-08 19:15:00,3.0,False,2023-12-21
B-008157,R-0058,Swimming Pool,2025-09-08 12:30:07.016067,2025-09-09 08:00:00,3.0,False,2023-09-11
B-008158,R-0032,Tennis Court,2025-09-08 12:44:26.250905,2025-09-12 06:30:00,4.0,False,2020-08-02
B-008159,R-0160,Badminton Court,2025-09-08 13:50:57.801312,2025-09-08 18:30:00,1.0,True,2020-08-11
B-008160,R-0096,Gym,2025-09-08 15:12:51.166832,2025-09-09 11:30:00,1.0,False,2022-10-22
B-008161,R-0278,Tennis Court,2025-09-08 16:48:49.448876,2025-09-09 07:15:00,4.0,False,2023-06-25
B-008162,R-0178,Badminton Court,2025-09-08 17:40:58.047004,2025-09-08 21:15:00,2.0,True,2023-06-30
B-008163,R-0131,Swimming Pool,2025-09-08 17:56:21.728452,2025-09-10 07:30:00,1.0,True,2023-10-18
B-008164,R-0082,Gym,2025-09-08 18:17:23.117442,2025-09-08 19:30:00,,False,2020-08-31
B-008165,R-0307,Squash Court,2025-09-08 23:55:29.041691,2025-09-09 08:15:00,2.0,True,2022-03-13
B-008166,R-0194,Swimming Pool,2025-09-09 07:32:45.621150,2025-09-10 08:45:00,1.0,False,2023-01-19
B-008167,R-0274,Squash Court,2025-09-09 13:04:44.493050,2025-09-09 20:00:00,1.0,False,2021-08-07
B-008168,R-0193,Swimming Pool,2025-09-09 13:55:22.470894,2025-09-09 18:15:00,2.0,True,2021-06-16
B-008169,R-0014,Badminton Court,2025-09-09 15:04:58.512187,2025-09-10 18:45:00,3.0,False,2023-02-21
B-008170,R-0064,Clubhouse,2025-09-09 22:07:04.209019,2025-09-18 20:00:00,2.0,False,2022-10-17
B-008171,R-0234,Squash Court,2025-09-09 23:17:17.933300,2025-09-10 19:00:00,4.0,False,2022-03-24
B-008172,R-0052,Gym,2025-09-10 00:20:55.394940,2025-09-10 10:30:00,3.0,True,2022-09-27
B-008173,R-0109,Gym,2025-09-10 01:25:45.705332,2025-09-10 11:45:00,3.0,False,2022-10-11
B-008174,R-0138,Swimming Pool,2025-09-10 03:18:09.931872,2025-09-10 16:45:00,3.0,False,2021-08-01
B-008175,R-0170,Swimming Pool,2025-09-10 04:45:34.965682,2025-09-10 18:15:00,4.0,False,2023-02-04
B-008176,R-0060,Multipurpose Hall,2025-09-10 05:12:53.969207,2025-09-15 10:15:00,4.0,False,2021-10-21
B-008177,R-0084,Swimming Pool,2025-09-10 06:03:47.314498,2025-09-14 07:00:00,1.0,False,2021-03-07
B-008178,R-0151,Gym,2025-09-10 06:33:08.972433,2025-09-10 17:15:00,4.0,True,2020-08-06
B-008179,R-0039,Badminton Court,2025-09-10 07:12:33.674964,2025-09-12 18:00:00,5.0,False,2020-08-27
B-008180,R-0141,Swimming Pool,2025-09-10 09:35:20.535028,2025-09-11 07:45:00,1.0,False,2020-01-06
B-008181,R-0076,Swimming Pool,2025-09-10 10:52:00.097549,2025-09-11 07:30:00,2.0,False,2020-08-07
B-008182,R-0288,Tennis Court,2025-09-10 11:00:36.100075,2025-09-11 07:30:00,4.0,False,2023-09-08
B-008183,R-0024,Clubhouse,2025-09-10 11:31:06.304305,2025-09-20 20:15:00,1.0,False,2020-09-16
B-008184,R-0100,Kids Play Area,2025-09-10 11:53:31.735449,2025-09-10 17:00:00,5.0,True,2020-08-16
B-008185,R-0029,Badminton Court,2025-09-10 13:40:58.686931,2025-09-11 19:45:00,1.0,False,2020-03-01
B-008186,R-0147,Swimming Pool,2025-09-10 15:17:38.160828,2025-09-11 17:30:00,5.0,False,2023-05-17
B-008187,R-0137,Kids Play Area,2025-09-10 16:56:26.261932,2025-09-10 17:30:00,2.0,True,2020-08-26
B-008188,R-0135,Badminton Court,2025-09-10 17:59:23.651818,2025-09-11 17:45:00,2.0,True,2021-05-18
B-008189,R-0270,Kids Play Area,2025-09-10 22:30:07.986714,2025-09-11 10:15:00,2.0,True,2023-11-01
B-008190,R-0230,Gym,2025-09-11 03:21:27.321627,2025-09-11 09:30:00,5.0,False,2021-08-29
B-008191,R-0283,Multipurpose Hall,2025-09-11 10:29:23.426595,2025-09-16 18:45:00,1.0,False,2020-02-28
B-008192,R-0303,Multipurpose Hall,2025-09-11 10:56:09.438061,2025-09-12 18:30:00,2.0,False,2020-02-09
B-008193,R-0208,Gym,2025-09-11 13:49:10.396452,2025-09-11 19:30:00,5.0,False,2021-08-16
B-008194,R-0279,Clubhouse,2025-09-11 17:00:00.000000,2025-09-12 17:00:00,1.0,False,2023-11-24
B-008195,R-0259,Swimming Pool,2025-09-11 19:50:51.248436,2025-09-12 19:30:00,3.0,False,2023-12-21
B-008196,R-0023,Multipurpose Hall,2025-09-11 21:38:07.643280,2025-09-19 11:00:00,1.0,False,2022-12-13
B-008197,R-0240,Kids Play Area,2025-09-11 22:49:08.400796,2025-09-12 17:30:00,4.0,True,2021-08-25
B-008198,R-0066,Badminton Court,2025-09-12 02:04:37.931303,2025-09-13 20:15:00,2.0,False,2021-02-13
B-008199,R-0268,Multipurpose Hall,2025-09-12 02:27:50.380969,2025-10-19 11:30:00,5.0,False,2022-10-01
B-008200,R-0182,Badminton Court,2025-09-12 02:31:36.205059,2025-09-13 20:45:00,2.0,True,2022-11-04
B-008201,R-0169,Kids Play Area,2025-09-12 10:08:31.178966,2025-09-12 16:30:00,2.0,True,2020-03-26
B-008202,R-0273,Badminton Court,2025-09-12 10:52:53.025530,2025-09-16 21:45:00,5.0,False,2020-10-30
B-008203,R-0129,Squash Court,2025-09-12 11:32:59.286441,2025-09-13 08:45:00,2.0,False,2022-06-19
B-008204,R-0174,Tennis Court,2025-09-12 12:58:31.994356,2025-09-14 07:30:00,3.0,False,2022-11-22
B-008205,R-0057,Gym,2025-09-12 13:44:53.800687,2025-09-13 08:45:00,2.0,False,2022-06-23
B-008206,R-0051,Squash Court,2025-09-12 14:08:55.094259,2025-09-13 08:45:00,3.0,False,2022-07-05
B-008207,R-0300,Badminton Court,2025-09-12 23:34:09.314804,2025-09-13 19:15:00,4.0,False,2023-10-05
B-008208,R-0064,Tennis Court,2025-09-12 23:40:30.454760,2025-09-13 06:15:00,2.0,False,2022-10-17
B-008209,R-0136,Squash Court,2025-09-13 02:28:26.091399,2025-09-14 07:30:00,5.0,False,2021-06-17
B-008210,R-0101,Gym,2025-09-13 02:48:09.094270,2025-09-13 10:45:00,2.0,False,2021-06-13
B-008211,R-0180,Badminton Court,2025-09-13 03:07:19.805577,2025-09-13 21:45:00,2.0,False,2020-05-11
B-008212,R-0127,Multipurpose Hall,2025-09-13 03:08:04.999571,2025-09-19 11:30:00,3.0,False,2020-06-15
B-008213,R-0038,Gym,2025-09-13 06:46:58.937336,2025-09-13 17:15:00,5.0,False,2020-08-26
B-008214,R-0170,Multipurpose Hall,2025-09-13 06:58:26.799298,2025-09-21 18:30:00,4.0,False,2023-02-04
B-008215,R-0209,Gym,2025-09-13 07:38:57.151083,2025-09-13 11:00:00,3.0,False,2023-07-20
B-008216,R-0221,Clubhouse,2025-09-13 08:08:29.011096,2025-09-19 19:30:00,1.0,True,2023-09-29
B-008217,R-0054,Badminton Court,2025-09-13 09:29:49.507530,2025-09-13 18:15:00,2.0,False,2022-02-13
B-008218,R-0165,Squash Court,2025-09-13 09:38:09.008491,2025-09-13 19:15:00,2.0,False,2021-12-19
B-008219,R-0074,Tennis Court,2025-09-13 09:59:14.786052,2025-09-17 17:45:00,3.0,False,2020-01-21
B-008220,R-0275,Kids Play Area,2025-09-13 10:44:51.475535,2025-09-13 17:30:00,4.0,True,2020-05-07
B-008221,R-0305,Clubhouse,2025-09-13 10:52:34.190146,2025-09-18 11:15:00,5.0,False,2023-08-05
B-008222,R-0012,Gym,2025-09-13 11:54:04.337188,2025-09-14 17:00:00,4.0,True,2020-11-21
B-008223,R-0311,Squash Court,2025-09-13 12:49:39.387116,2025-09-15 08:00:00,5.0,False,2021-06-05
B-008224,R-0026,Tennis Court,2025-09-13 15:51:48.131847,2025-09-15 18:15:00,2.0,False,2022-01-18
B-008225,R-0249,Swimming Pool,2025-09-13 20:04:52.166195,2025-09-14 06:45:00,4.0,True,2021-04-14
B-008226,R-0161,Tennis Court,2025-09-13 21:10:57.165743,2025-09-16 07:00:00,4.0,True,2022-05-10
B-008227,R-0070,Swimming Pool,2025-09-13 22:27:01.356840,2025-09-16 06:30:00,3.0,False,2020-04-24
B-008228,R-0187,Badminton Court,2025-09-13 23:29:17.512936,2025-09-16 19:30:00,4.0,False,2020-04-30
B-008229,R-0114,Swimming Pool,2025-09-14 00:11:15.587816,2025-09-15 18:45:00,3.0,True,2021-10-04
B-008230,R-0146,Badminton Court,2025-09-14 01:37:43.741625,2025-09-14 18:30:00,4.0,False,2020-03-14
B-008231,R-0144,Badminton Court,2025-09-14 08:03:03.652621,2025-09-14 17:30:00,3.0,False,2022-07-09
B-008232,R-0134,Kids Play Area,2025-09-14 08:59:14.419882,2025-09-14 18:00:00,4.0,False,2020-03-31
B-008233,R-0055,Swimming Pool,2025-09-14 10:08:32.613864,2025-09-14 16:00:00,3.0,False,2020-04-03
B-008234,R-0082,Gym,2025-09-14 10:14:20.522012,2025-09-14 14:00:00,4.0,False,2020-08-31
B-008235,R-0126,Tennis Court,2025-09-14 11:44:32.570552,2025-09-14 18:30:00,4.0,False,2020-12-04
B-008236,R-0157,Kids Play Area,2025-09-14 15:48:13.410311,2025-09-14 17:15:00,3.0,True,2020-05-01
B-008237,R-0013,Swimming Pool,2025-09-14 19:00:38.642270,2025-09-15 19:45:00,1.0,True,2023-10-18
B-008238,R-0176,Swimming Pool,2025-09-14 20:39:19.576120,2025-09-15 06:45:00,5.0,True,2022-03-04
B-008239,R-0018,Tennis Court,2025-09-14 23:54:55.552197,2025-09-17 19:30:00,3.0,False,2020-12-01
B-008240,R-0146,Multipurpose Hall,2025-09-15 00:13:58.928282,2025-09-20 11:30:00,4.0,False,2020-03-14
B-008241,R-0171,Squash Court,2025-09-15 02:29:30.346397,2025-09-15 08:15:00,4.0,False,2020-03-16
B-008242,R-0315,Badminton Court,2025-09-15 02:53:44.214506,2025-09-15 20:15:00,5.0,True,2022-01-23
B-008243,R-0192,Swimming Pool,2025-09-15 04:31:28.283962,2025-09-15 08:15:00,4.0,True,2023-07-01
B-008244,R-0063,Gym,2025-09-15 04:57:46.676173,2025-09-16 10:00:00,2.0,False,2020-11-01
B-008245,R-0302,Gym,2025-09-15 07:41:07.705847,2025-09-17 15:00:00,2.0,True,2023-05-11
B-008246,R-0233,Multipurpose Hall,2025-09-15 08:07:10.747517,2025-10-06 17:30:00,4.0,True,2021-11-14
B-008247,R-0102,Squash Court,2025-09-15 12:27:38.771041,2025-09-17 07:15:00,1.0,False,2022-05-02
B-008248,R-0271,Multipurpose Hall,2025-09-15 22:04:00.241629,2025-09-20 11:30:00,1.0,True,2021-04-08
B-008249,R-0253,Swimming Pool,2025-09-15 22:12:21.095858,2025-09-16 06:00:00,4.0,True,2023-11-16
B-008250,R-0121,Kids Play Area,2025-09-15 22:16:27.109495,2025-09-16 09:45:00,4.0,False,2023-04-27
B-008251,R-0044,Clubhouse,2025-09-15 23:40:00.055664,2025-09-18 12:00:00,1.0,False,2021-10-23
B-008252,R-0138,Tennis Court,2025-09-16 05:01:02.851500,2025-09-18 19:00:00,3.0,False,2021-08-01
B-008253,R-0143,Swimming Pool,2025-09-16 05:06:29.549530,2025-09-17 17:00:00,5.0,True,2022-08-13
B-008254,R-0203,Swimming Pool,2025-09-16 07:07:17.531914,2025-09-16 17:15:00,4.0,False,2023-10-19
B-008255,R-0066,Gym,2025-09-16 09:41:35.293461,2025-09-16 18:30:00,2.0,False,2021-02-13
B-008256,R-0190,Tennis Court,2025-09-16 10:09:37.613384,2025-09-18 17:45:00,4.0,True,2022-05-02
B-008257,R-0135,Badminton Court,2025-09-16 10:14:33.675632,2025-09-18 17:45:00,2.0,True,2021-05-18
B-008258,R-0193,Swimming Pool,2025-09-16 11:00:19.953492,2025-09-16 18:30:00,2.0,True,2021-06-16
B-008259,R-0094,Swimming Pool,2025-09-16 12:16:15.751031,2025-09-16 16:30:00,5.0,False,2020-03-17
B-008260,R-0281,Kids Play Area,2025-09-16 12:21:20.213302,2025-09-16 18:00:00,4.0,False,2022-02-14
B-008261,R-0298,Swimming Pool,2025-09-16 14:26:37.465760,2025-09-16 18:45:00,1.0,True,2022-09-18
B-008262,R-0172,Kids Play Area,2025-09-16 15:43:23.825222,2025-09-16 17:00:00,2.0,False,2020-03-14
B-008263,R-0077,Multipurpose Hall,2025-09-16 15:57:54.608348,2025-09-17 17:30:00,5.0,False,2020-09-28
B-008264,R-0083,Clubhouse,2025-09-16 19:35:41.320383,2025-09-25 18:00:00,1.0,True,2020-03-12
B-008265,R-0157,Clubhouse,2025-09-16 21:58:51.872629,2025-10-02 17:45:00,3.0,True,2020-05-01
B-008266,R-0145,Tennis Court,2025-09-16 22:31:55.429590,2025-09-17 07:15:00,1.0,False,2021-10-20
B-008267,R-0016,Kids Play Area,2025-09-16 23:45:47.822791,2025-09-17 18:30:00,1.0,True,2020-04-13
B-008268,R-0229,Squash Court,2025-09-17 01:26:31.849599,2025-09-18 07:45:00,2.0,False,2020-02-16
B-008269,R-0056,Kids Play Area,2025-09-17 05:05:13.161470,2025-09-17 10:30:00,2.0,True,2020-07-16
B-008270,R-0125,Gym,2025-09-17 08:25:31.552598,2025-09-21 06:15:00,5.0,True,2020-12-19
B-008271,R-0293,Gym,2025-09-17 08:59:07.969978,2025-09-18 10:00:00,3.0,True,2023-08-16
B-008272,R-0110,Badminton Court,2025-09-17 09:55:09.122968,2025-09-18 19:15:00,4.0,False,2022-06-09
B-008273,R-0292,Badminton Court,2025-09-17 14:41:24.140804,2025-09-20 18:30:00,3.0,False,2020-01-30
B-008274,R-0311,Squash Court,2025-09-17 16:46:22.306093,2025-09-18 08:45:00,5.0,False,2021-06-05
B-008275,R-0163,Gym,2025-09-17 18:04:16.385883,2025-09-18 16:15:00,3.0,True,2022-11-25
B-008276,R-0273,Multipurpose Hall,2025-09-17 18:25:58.243182,2025-10-05 18:00:00,5.0,False,2020-10-30
B-008277,R-0267,Multipurpose Hall,2025-09-17 22:11:46.846031,2025-10-04 18:15:00,3.0,False,2021-09-07
B-008278,R-0075,Tennis Court,2025-09-18 06:33:13.349158,2025-09-20 06:15:00,2.0,False,2023-01-11
B-008279,R-0299,Tennis Court,2025-09-18 06:46:39.051875,2025-09-18 19:15:00,5.0,False,2020-07-29
B-008280,R-0285,Gym,2025-09-18 13:08:13.412846,2025-09-18 15:45:00,1.0,False,2021-10-06
B-008281,R-0215,Gym,2025-09-18 13:35:23.179734,2025-09-20 07:15:00,2.0,True,2023-03-17
B-008282,R-0036,Badminton Court,2025-09-18 13:35:24.441998,2025-09-18 20:45:00,3.0,True,2021-02-14
B-008283,R-0155,Kids Play Area,2025-09-18 14:52:00.975824,2025-09-18 18:15:00,5.0,True,2021-02-12
B-008284,R-0066,Squash Court,2025-09-18 17:01:19.819382,2025-09-19 19:15:00,2.0,False,2021-02-13
B-008285,R-0221,Clubhouse,2025-09-18 17:45:14.831972,2025-10-16 19:00:00,1.0,True,2023-09-29
B-008286,R-0310,Multipurpose Hall,2025-09-18 18:10:00.185421,2025-09-23 17:00:00,3.0,False,2022-10-15
B-008287,R-0069,Badminton Court,2025-09-18 19:40:38.876586,2025-09-20 19:45:00,1.0,False,2023-11-30
B-008288,R-0248,Clubhouse,2025-09-18 22:39:53.956986,2025-09-25 11:15:00,2.0,True,2022-12-30
B-008289,R-0234,Squash Court,2025-09-19 02:34:54.673524,2025-09-19 18:15:00,4.0,False,2022-03-24
B-008290,R-0163,Clubhouse,2025-09-19 05:34:49.635889,2025-09-29 20:00:00,3.0,True,2022-11-25
B-008291,R-0267,Kids Play Area,2025-09-19 06:40:05.478435,2025-09-19 09:30:00,3.0,False,2021-09-07
B-008292,R-0235,Swimming Pool,2025-09-19 07:36:27.179375,2025-09-19 19:00:00,2.0,False,2020-08-24
B-008293,R-0056,Swimming Pool,2025-09-19 10:05:41.327449,2025-09-20 07:15:00,2.0,True,2020-07-16
B-008294,R-0053,Badminton Court,2025-09-19 17:38:19.277933,2025-09-20 18:15:00,3.0,False,2021-04-10
B-008295,R-0064,Clubhouse,2025-09-19 20:25:41.400597,2025-09-28 20:00:00,2.0,False,2022-10-17
B-008296,R-0120,Kids Play Area,2025-09-19 23:43:54.703333,2025-09-20 10:30:00,2.0,True,2023-09-11
B-008297,R-0030,Swimming Pool,2025-09-20 00:23:11.545521,2025-09-21 06:30:00,2.0,True,2023-02-05
B-008298,R-0196,Kids Play Area,2025-09-20 03:42:06.230774,2025-09-20 17:15:00,2.0,True,2022-01-24
B-008299,R-0209,Gym,2025-09-20 03:52:59.355330,2025-09-20 10:15:00,3.0,False,2023-07-20
B-008300,R-0232,Kids Play Area,2025-09-20 04:24:57.204077,2025-09-20 09:15:00,5.0,True,2022-05-16
B-008301,R-0029,Kids Play Area,2025-09-20 05:12:32.477754,2025-09-20 17:45:00,1.0,False,2020-03-01
B-008302,R-0240,Clubhouse,2025-09-20 05:41:39.050321,2025-09-26 17:45:00,4.0,True,2021-08-25
B-008303,R-0098,Clubhouse,2025-09-20 05:59:42.349136,2025-09-24 18:15:00,4.0,False,2022-10-31
B-008304,R-0164,Multipurpose Hall,2025-09-20 06:18:42.652369,2025-09-21 19:45:00,5.0,False,2021-03-15
B-008305,R-0032,Squash Court,2025-09-20 07:08:36.622024,2025-09-21 07:15:00,4.0,False,2020-08-02
B-008306,R-0028,Kids Play Area,2025-09-20 07:54:32.286687,2025-09-20 10:00:00,4.0,False,2023-12-08
B-008307,R-0194,Swimming Pool,2025-09-20 09:56:11.147789,2025-09-21 08:30:00,1.0,False,2023-01-19
B-008308,R-0017,Multipurpose Hall,2025-09-20 10:51:04.712289,2025-09-24 17:30:00,1.0,False,2023-04-21
B-008309,R-0133,Swimming Pool,2025-09-20 11:00:57.517536,2025-09-20 16:30:00,4.0,False,2020-03-10
B-008310,R-0039,Tennis Court,2025-09-20 12:16:42.951876,2025-09-25 18:45:00,5.0,False,2020-08-27
B-008311,R-0189,Swimming Pool,2025-09-20 12:33:13.891893,2025-09-21 08:00:00,1.0,False,2022-07-11
B-008312,R-0269,Swimming Pool,2025-09-20 13:39:30.442222,2025-09-21 18:15:00,5.0,False,2023-11-18
B-008313,R-0122,Gym,2025-09-20 18:12:17.238202,2025-09-21 15:30:00,1.0,False,2022-11-04
B-008314,R-0245,Squash Court,2025-09-20 19:03:36.782287,2025-09-21 18:15:00,1.0,False,2022-02-09
B-008315,R-0251,Kids Play Area,2025-09-20 22:40:23.968765,2025-09-21 10:30:00,4.0,True,2023-12-13
B-008316,R-0030,Gym,2025-09-21 01:11:37.790241,2025-09-21 16:00:00,2.0,True,2023-02-05
B-008317,R-0267,Badminton Court,2025-09-21 01:57:28.541088,2025-09-21 20:15:00,3.0,False,2021-09-07
B-008318,R-0073,Swimming Pool,2025-09-21 06:55:11.303821,2025-09-21 08:00:00,1.0,True,2021-06-20
B-008319,R-0221,Badminton Court,2025-09-21 09:16:21.948718,2025-09-22 17:45:00,1.0,True,2023-09-29
B-008320,R-0040,Tennis Court,2025-09-21 14:02:26.837003,2025-09-23 18:15:00,2.0,True,2023-09-02
B-008321,R-0180,Badminton Court,2025-09-21 14:08:23.378401,2025-09-21 21:00:00,2.0,False,2020-05-11
B-008322,R-0177,Gym,2025-09-21 15:27:38.702199,2025-09-22 10:30:00,1.0,False,2021-12-08
B-008323,R-0236,Squash Court,2025-09-21 17:13:33.528295,2025-09-22 08:00:00,1.0,True,2021-05-07
B-008324,R-0103,Clubhouse,2025-09-21 20:27:12.559572,2025-09-30 19:15:00,2.0,True,2021-01-15
B-008325,R-0186,Gym,2025-09-22 00:28:20.742912,2025-09-22 06:15:00,2.0,False,2020-11-10
B-008326,R-0201,Tennis Court,2025-09-22 06:21:29.081136,2025-09-23 07:45:00,5.0,False,2021-04-13
B-008327,R-0020,Gym,2025-09-22 06:29:15.733900,2025-09-23 09:45:00,1.0,False,2021-04-01
B-008328,R-0105,Tennis Court,2025-09-22 07:14:21.384159,2025-09-23 07:45:00,1.0,False,2021-09-14
B-008329,R-0227,Squash Court,2025-09-22 08:07:05.837736,2025-09-22 18:45:00,4.0,True,2021-10-13
B-008330,R-0207,Badminton Court,2025-09-22 09:55:00.603540,2025-09-22 20:45:00,,False,2021-04-11
B-008331,R-0185,Tennis Court,2025-09-22 15:40:02.675408,2025-09-23 18:45:00,4.0,False,2023-10-25
B-008332,R-0191,Kids Play Area,2025-09-22 17:42:08.022845,2025-09-22 18:45:00,2.0,True,2020-01-20
B-008333,R-0093,Badminton Court,2025-09-22 19:14:16.682893,2025-09-25 17:30:00,5.0,False,2020-04-20
B-008334,R-0188,Swimming Pool,2025-09-22 19:54:26.981649,2025-09-24 16:45:00,1.0,False,2023-02-11
B-008335,R-0192,Multipurpose Hall,2025-09-22 21:46:16.633236,2025-10-21 17:15:00,4.0,True,2023-07-01
B-008336,R-0174,Tennis Court,2025-09-23 04:34:36.833984,2025-09-23 07:45:00,3.0,False,2022-11-22
B-008337,R-0010,Clubhouse,2025-09-23 05:26:09.164581,2025-11-02 11:00:00,3.0,True,2020-10-23
B-008338,R-0212,Gym,2025-09-23 05:58:15.946519,2025-09-24 08:45:00,5.0,False,2023-06-20
B-008339,R-0052,Gym,2025-09-23 06:23:13.274010,2025-09-23 11:45:00,3.0,True,2022-09-27
B-008340,R-0149,Tennis Court,2025-09-23 07:54:43.223586,2025-09-25 18:45:00,2.0,False,2020-09-09
B-008341,R-0036,Kids Play Area,2025-09-23 15:05:02.578226,2025-09-23 18:00:00,3.0,True,2021-02-14
B-008342,R-0313,Clubhouse,2025-09-23 18:03:03.746331,2025-09-27 11:30:00,2.0,False,2022-01-03
B-008343,R-0253,Multipurpose Hall,2025-09-23 18:40:53.381138,2025-09-25 11:15:00,4.0,True,2023-11-16
B-008344,R-0005,Kids Play Area,2025-09-23 21:18:27.330695,2025-09-25 10:15:00,3.0,True,2021-05-16
B-008345,R-0197,Gym,2025-09-24 00:25:30.993144,2025-09-24 09:30:00,3.0,False,2023-05-10
B-008346,R-0232,Kids Play Area,2025-09-24 01:37:13.289720,2025-09-24 10:15:00,5.0,True,2022-05-16
B-008347,R-0102,Tennis Court,2025-09-24 01:38:35.244011,2025-09-25 06:45:00,1.0,False,2022-05-02
B-008348,R-0142,Swimming Pool,2025-09-24 02:00:11.489035,2025-09-24 06:45:00,5.0,False,2020-05-05
B-008349,R-0260,Swimming Pool,2025-09-24 11:03:01.810253,2025-09-24 17:45:00,5.0,False,2020-02-11
B-008350,R-0137,Kids Play Area,2025-09-24 14:25:42.195025,2025-09-24 17:00:00,2.0,True,2020-08-26
B-008351,R-0129,Squash Court,2025-09-24 15:10:12.020432,2025-09-25 08:00:00,2.0,False,2022-06-19
B-008352,R-0096,Gym,2025-09-24 19:50:54.748213,2025-09-25 10:30:00,1.0,False,2022-10-22
B-008353,R-0246,Gym,2025-09-24 20:22:37.285627,2025-09-27 16:00:00,2.0,False,2020-03-20
B-008354,R-0101,Badminton Court,2025-09-24 21:27:07.630150,2025-09-26 19:15:00,2.0,False,2021-06-13
B-008355,R-0237,Gym,2025-09-25 00:27:35.505887,2025-09-26 11:00:00,2.0,False,2020-12-11
B-008356,R-0100,Badminton Court,2025-09-25 01:04:21.009282,2025-09-25 18:15:00,5.0,True,2020-08-16
B-008357,R-0025,Badminton Court,2025-09-25 04:00:58.338502,2025-09-27 20:30:00,4.0,True,2020-12-30
B-008358,R-0272,Tennis Court,2025-09-25 05:22:47.320357,2025-09-27 18:45:00,3.0,False,2021-11-30
B-008359,R-0059,Kids Play Area,2025-09-25 05:53:58.870194,2025-09-25 10:00:00,2.0,True,2021-11-08
B-008360,R-0278,Squash Court,2025-09-25 09:18:12.526802,2025-09-25 19:00:00,4.0,False,2023-06-25
B-008361,R-0012,Swimming Pool,2025-09-25 12:35:28.082833,2025-09-27 16:45:00,4.0,True,2020-11-21
B-008362,R-0288,Tennis Court,2025-09-25 12:59:23.174464,2025-09-26 07:45:00,4.0,False,2023-09-08
B-008363,R-0222,Tennis Court,2025-09-25 15:11:42.536963,2025-09-27 07:15:00,3.0,False,2021-06-30
B-008364,R-0058,Swimming Pool,2025-09-25 15:47:44.811483,2025-09-26 08:30:00,3.0,False,2023-09-11
B-008365,R-0140,Kids Play Area,2025-09-25 16:37:07.617792,2025-09-25 18:00:00,1.0,True,2022-11-16
B-008366,R-0076,Multipurpose Hall,2025-09-25 20:43:29.083694,2025-10-08 10:15:00,2.0,False,2020-08-07
B-008367,R-0279,Multipurpose Hall,2025-09-25 21:13:44.700984,2025-10-04 11:30:00,1.0,False,2023-11-24
B-008368,R-0091,Badminton Court,2025-09-25 21:35:00.930388,2025-09-26 20:45:00,2.0,True,2023-12-22
B-008369,R-0003,Swimming Pool,2025-09-25 21:39:22.664370,2025-09-27 19:00:00,1.0,False,2020-06-06
B-008370,R-0186,Tennis Court,2025-09-25 22:00:40.931332,2025-09-26 17:45:00,2.0,False,2020-11-10
B-008371,R-0197,Swimming Pool,2025-09-25 23:19:20.185902,2025-09-26 16:00:00,3.0,False,2023-05-10
B-008372,R-0019,Multipurpose Hall,2025-09-26 02:59:51.283867,2025-09-27 18:30:00,5.0,False,2022-02-09
B-008373,R-0111,Kids Play Area,2025-09-26 03:19:13.955176,2025-09-26 18:45:00,2.0,True,2022-01-10
B-008374,R-0243,Squash Court,2025-09-26 03:40:27.278999,2025-09-27 08:30:00,2.0,False,2022-10-01
B-008375,R-0148,Tennis Court,2025-09-26 07:03:24.020904,2025-10-01 18:15:00,3.0,False,2020-09-02
B-008376,R-0259,Kids Play Area,2025-09-26 11:13:16.522766,2025-09-26 17:30:00,3.0,False,2023-12-21
B-008377,R-0119,Clubhouse,2025-09-26 11:45:00.000000,2025-12-25 11:45:00,5.0,False,2023-12-08
B-008378,R-0080,Gym,2025-09-26 12:55:13.014842,2025-09-26 18:45:00,4.0,True,2021-01-23
B-008379,R-0117,Swimming Pool,2025-09-26 13:36:27.703684,2025-09-27 08:30:00,4.0,False,2020-10-16
B-008380,R-0226,Badminton Court,2025-09-26 17:09:08.325956,2025-09-27 21:15:00,3.0,False,2020-02-27
B-008381,R-0255,Kids Play Area,2025-09-26 19:02:28.990270,2025-09-28 17:30:00,4.0,False,2021-08-19
B-008382,R-0108,Gym,2025-09-26 20:51:08.932211,2025-09-27 06:00:00,2.0,False,2020-05-18
B-008383,R-0281,Multipurpose Hall,2025-09-26 23:39:14.646510,2025-10-04 18:30:00,4.0,False,2022-02-14
B-008384,R-0220,Gym,2025-09-27 00:12:41.100472,2025-09-27 16:00:00,5.0,False,2021-05-12
B-008385,R-0268,Squash Court,2025-09-27 00:19:04.064452,2025-09-28 07:45:00,5.0,False,2022-10-01
B-008386,R-0183,Squash Court,2025-09-27 02:38:48.810134,2025-09-27 07:00:00,5.0,False,2021-12-25
B-008387,R-0167,Swimming Pool,2025-09-27 02:49:44.389795,2025-09-27 06:15:00,2.0,False,2020-02-05
B-008388,R-0283,Squash Court,2025-09-27 03:58:01.067116,2025-09-28 18:30:00,1.0,False,2020-02-28
B-008389,R-0127,Multipurpose Hall,2025-09-27 04:53:31.579083,2025-09-30 11:30:00,3.0,False,2020-06-15
B-008390,R-0077,Multipurpose Hall,2025-09-27 08:20:56.018272,2025-09-29 17:15:00,5.0,False,2020-09-28
B-008391,R-0220,Multipurpose Hall,2025-09-27 10:33:26.278316,2025-10-21 11:00:00,5.0,False,2021-05-12
B-008392,R-0302,Clubhouse,2025-09-27 10:43:55.307588,2025-10-01 19:30:00,2.0,True,2023-05-11
B-008393,R-0045,Badminton Court,2025-09-27 12:05:23.370940,2025-09-27 18:00:00,4.0,False,2020-05-15
B-008394,R-0166,Gym,2025-09-27 14:25:34.495785,2025-09-29 11:30:00,4.0,False,2022-10-13
B-008395,R-0028,Gym,2025-09-27 15:19:16.829460,2025-09-27 20:15:00,4.0,False,2023-12-08
B-008396,R-0066,Squash Court,2025-09-27 16:06:28.064217,2025-09-28 19:15:00,2.0,False,2021-02-13
B-008397,R-0255,Clubhouse,2025-09-27 20:09:02.006124,2025-10-20 19:15:00,,False,2021-08-19
B-008398,R-0264,Multipurpose Hall,2025-09-27 21:07:07.822079,2025-10-01 18:30:00,2.0,False,2020-01-20
B-008399,R-0048,Clubhouse,2025-09-27 22:30:09.564104,2025-10-25 20:30:00,1.0,True,2023-12-12
B-008400,R-0138,Gym,2025-09-27 23:12:48.526585,2025-09-28 17:45:00,3.0,False,2021-08-01
B-008401,R-0054,Badminton Court,2025-09-28 00:51:26.777719,2025-09-28 18:45:00,2.0,False,2022-02-13
B-008402,R-0222,Multipurpose Hall,2025-09-28 04:04:20.619157,2025-10-05 19:45:00,3.0,False,2021-06-30
B-008403,R-0075,Clubhouse,2025-09-28 07:25:14.521189,2025-10-25 11:45:00,2.0,False,2023-01-11
B-008404,R-0130,Clubhouse,2025-09-28 10:08:41.450339,2025-10-01 11:45:00,3.0,False,2022-05-02
B-008405,R-0194,Tennis Court,2025-09-28 11:10:11.323250,2025-09-30 07:00:00,1.0,False,2023-01-19
B-008406,R-0056,Swimming Pool,2025-09-28 13:01:05.124203,2025-09-29 08:30:00,2.0,True,2020-07-16
B-008407,R-0139,Badminton Court,2025-09-28 14:35:09.059182,2025-09-29 18:30:00,4.0,True,2022-06-23
B-008408,R-0224,Badminton Court,2025-09-28 14:47:49.008723,2025-09-28 18:00:00,1.0,False,2021-05-19
B-008409,R-0008,Badminton Court,2025-09-28 21:06:57.423614,2025-09-29 19:30:00,2.0,False,2022-06-01
B-008410,R-0273,Multipurpose Hall,2025-09-28 21:09:41.311845,2025-10-18 18:30:00,5.0,False,2020-10-30
B-008411,R-0064,Clubhouse,2025-09-28 23:34:21.935291,2025-10-02 20:00:00,2.0,False,2022-10-17
B-008412,R-0092,Gym,2025-09-29 00:15:00.000000,2025-10-03 12:15:00,3.0,False,2023-07-28
B-008413,R-0276,Tennis Court,2025-09-29 00:33:37.065665,2025-09-30 07:15:00,1.0,False,2021-12-03
B-008414,R-0022,Clubhouse,2025-09-29 06:53:47.719955,2025-10-22 11:15:00,2.0,True,2022-11-11
B-008415,R-0287,Kids Play Area,2025-09-29 07:42:33.299857,2025-09-29 16:00:00,3.0,False,2022-04-21
B-008416,R-0052,Kids Play Area,2025-09-29 09:19:10.257989,2025-09-29 10:45:00,3.0,True,2022-09-27
B-008417,R-0206,Badminton Court,2025-09-29 11:00:46.204555,2025-09-30 18:45:00,3.0,False,2021-06-14
B-008418,R-0172,Kids Play Area,2025-09-29 13:55:33.876357,2025-09-29 16:30:00,2.0,False,2020-03-14
B-008419,R-0060,Clubhouse,2025-09-29 14:01:43.801279,2025-10-13 18:30:00,4.0,False,2021-10-21
B-008420,R-0062,Squash Court,2025-09-29 17:47:54.934092,2025-09-30 08:30:00,2.0,False,2020-06-01
B-008421,R-0050,Clubhouse,2025-09-29 20:15:00.000000,2025-09-30 20:15:00,2.0,False,2022-11-09
B-008422,R-0029,Kids Play Area,2025-09-29 22:28:32.338371,2025-09-30 16:30:00,1.0,False,2020-03-01
B-008423,R-0057,Gym,2025-09-30 00:01:06.207991,2025-09-30 08:45:00,2.0,False,2022-06-23
B-008424,R-0265,Swimming Pool,2025-09-30 01:36:58.214261,2025-09-30 17:45:00,3.0,False,2023-04-02
B-008425,R-0280,Gym,2025-09-30 03:24:03.094351,2025-09-30 11:15:00,3.0,False,2020-03-31
B-008426,R-0290,Swimming Pool,2025-09-30 03:34:59.954577,2025-09-30 19:30:00,3.0,False,2021-02-25
B-008427,R-0048,Gym,2025-09-30 04:10:09.294038,2025-09-30 15:15:00,1.0,True,2023-12-12
B-008428,R-0198,Tennis Court,2025-09-30 05:15:01.754197,2025-10-05 06:00:00,5.0,False,2023-09-18
B-008429,R-0215,Gym,2025-09-30 05:31:16.592630,2025-09-30 20:00:00,2.0,True,2023-03-17
B-008430,R-0207,Gym,2025-09-30 05:52:01.638407,2025-10-01 08:45:00,3.0,False,2021-04-11
B-008431,R-0070,Gym,2025-09-30 06:13:27.409366,2025-10-02 19:00:00,3.0,False,2020-04-24
B-008432,R-0263,Clubhouse,2025-09-30 07:20:47.204823,2025-10-31 11:00:00,3.0,True,2022-08-11
B-008433,R-0157,Kids Play Area,2025-09-30 10:06:59.406215,2025-09-30 16:45:00,3.0,True,2020-05-01
B-008434,R-0210,Badminton Court,2025-09-30 12:44:19.534870,2025-09-30 20:30:00,1.0,False,2022-05-08
B-008435,R-0223,Swimming Pool,2025-09-30 13:19:58.366894,2025-10-01 18:15:00,1.0,False,2021-12-28
B-008436,R-0245,Squash Court,2025-09-30 14:25:27.714867,2025-10-02 07:30:00,1.0,False,2022-02-09
B-008437,R-0146,Badminton Court,2025-09-30 14:37:48.207367,2025-09-30 18:30:00,4.0,False,2020-03-14
B-008438,R-0193,Swimming Pool,2025-09-30 15:03:11.156141,2025-09-30 18:15:00,2.0,True,2021-06-16
B-008439,R-0176,Squash Court,2025-09-30 15:38:23.829598,2025-09-30 20:00:00,5.0,True,2022-03-04
B-008440,R-0260,Gym,2025-09-30 17:35:39.298518,2025-09-30 20:45:00,5.0,False,2020-02-11
B-008441,R-0045,Clubhouse,2025-09-30 18:47:02.807884,2025-10-04 17:15:00,4.0,False,2020-05-15
B-008442,R-0136,Squash Court,2025-09-30 19:34:28.508022,2025-10-01 07:30:00,5.0,False,2021-06-17
B-008443,R-0293,Tennis Court,2025-09-30 20:52:26.828637,2025-10-01 07:45:00,3.0,True,2023-08-16
B-008444,R-0291,Tennis Court,2025-09-30 20:52:52.552230,2025-10-01 17:30:00,5.0,False,2020-11-14
B-008445,R-0060,Badminton Court,2025-09-30 21:06:57.595944,2025-10-02 19:30:00,4.0,False,2021-10-21
B-008446,R-0244,Swimming Pool,2025-09-30 21:58:58.808353,2025-10-01 18:00:00,2.0,True,2022-07-27
B-008447,R-0255,Gym,2025-10-01 00:30:00.000000,2025-10-05 12:30:00,4.0,False,2021-08-19
B-008448,R-0119,Clubhouse,2025-10-01 02:00:08.800113,2025-10-31 11:45:00,5.0,False,2023-12-08
B-008449,R-0082,Multipurpose Hall,2025-10-01 03:24:01.314902,2025-10-10 17:00:00,4.0,False,2020-08-31
B-008450,R-0018,Swimming Pool,2025-10-01 04:35:20.901661,2025-10-01 16:30:00,3.0,False,2020-12-01
B-008451,R-0104,Badminton Court,2025-10-01 04:35:38.826986,2025-10-05 20:15:00,5.0,True,2023-02-09
B-008452,R-0229,Squash Court,2025-10-01 07:00:18.451966,2025-10-03 07:15:00,2.0,False,2020-02-16
B-008453,R-0106,Kids Play Area,2025-10-01 07:18:46.512308,2025-10-01 09:30:00,1.0,True,2020-01-23
B-008454,R-0144,Multipurpose Hall,2025-10-01 10:22:00.807104,2025-10-12 11:00:00,3.0,False,2022-07-09
B-008455,R-0181,Gym,2025-10-01 11:46:27.682425,2025-10-04 07:30:00,4.0,True,2022-08-08
B-008456,R-0052,Swimming Pool,2025-10-01 12:09:37.119951,2025-10-01 17:30:00,3.0,True,2022-09-27
B-008457,R-0255,Multipurpose Hall,2025-10-01 14:38:10.081154,2025-11-01 19:00:00,4.0,False,2021-08-19
B-008458,R-0269,Multipurpose Hall,2025-10-01 21:04:21.821820,2025-10-12 18:30:00,5.0,False,2023-11-18
B-008459,R-0161,Kids Play Area,2025-10-01 22:25:30.183967,2025-10-02 10:30:00,4.0,True,2022-05-10
B-008460,R-0066,Clubhouse,2025-10-02 01:26:30.971494,2025-10-04 18:15:00,2.0,False,2021-02-13
B-008461,R-0317,Gym,2025-10-02 02:44:26.117703,2025-10-02 10:30:00,1.0,False,2023-02-18
B-008462,R-0024,Clubhouse,2025-10-02 03:33:08.093799,2025-10-14 17:00:00,1.0,False,2020-09-16
B-008463,R-0062,Badminton Court,2025-10-02 04:32:50.246025,2025-10-02 18:15:00,2.0,False,2020-06-01
B-008464,R-0180,Clubhouse,2025-10-02 05:48:54.020124,2025-10-10 11:00:00,2.0,False,2020-05-11
B-008465,R-0125,Gym,2025-10-02 06:21:31.560853,2025-10-03 07:00:00,5.0,True,2020-12-19
B-008466,R-0274,Squash Court,2025-10-02 06:47:28.349002,2025-10-02 20:00:00,1.0,False,2021-08-07
B-008467,R-0178,Kids Play Area,2025-10-02 08:12:27.555959,2025-10-02 10:00:00,2.0,True,2023-06-30
B-008468,R-0122,Kids Play Area,2025-10-02 08:29:40.666653,2025-10-02 16:30:00,1.0,False,2022-11-04
B-008469,R-0090,Squash Court,2025-10-02 08:32:57.040826,2025-10-04 08:45:00,3.0,False,2020-03-27
B-008470,R-0218,Badminton Court,2025-10-02 09:15:50.122995,2025-10-02 17:45:00,1.0,False,2022-10-26
B-008471,R-0172,Clubhouse,2025-10-02 10:18:58.812807,2025-10-11 18:45:00,2.0,False,2020-03-14
B-008472,R-0206,Kids Play Area,2025-10-02 12:07:28.075732,2025-10-02 18:00:00,3.0,False,2021-06-14
B-008473,R-0173,Squash Court,2025-10-02 18:56:35.786901,2025-10-05 19:45:00,2.0,False,2021-03-09
B-008474,R-0174,Clubhouse,2025-10-02 19:29:10.287329,2025-10-11 18:45:00,3.0,False,2022-11-22
B-008475,R-0221,Gym,2025-10-02 19:43:16.961983,2025-10-05 16:00:00,1.0,True,2023-09-29
B-008476,R-0147,Squash Court,2025-10-02 21:03:45.031144,2025-10-03 18:45:00,5.0,False,2023-05-17
B-008477,R-0038,Badminton Court,2025-10-03 00:03:37.817564,2025-10-03 17:30:00,5.0,False,2020-08-26
B-008478,R-0247,Tennis Court,2025-10-03 01:02:52.896760,2025-10-03 07:00:00,3.0,True,2021-09-01
B-008479,R-0174,Clubhouse,2025-10-03 01:23:28.143027,2025-10-26 11:30:00,3.0,False,2022-11-22
B-008480,R-0297,Gym,2025-10-03 06:07:47.396948,2025-10-07 08:00:00,1.0,False,2021-05-14
B-008481,R-0006,Swimming Pool,2025-10-03 07:54:42.542995,2025-10-04 06:30:00,1.0,True,2022-03-03
B-008482,R-0139,Tennis Court,2025-10-03 13:02:43.934053,2025-10-07 18:15:00,4.0,True,2022-06-23
B-008483,R-0198,Multipurpose Hall,2025-10-03 13:37:33.774678,2025-10-12 17:15:00,5.0,False,2023-09-18
B-008484,R-0042,Badminton Court,2025-10-03 17:05:38.855817,2025-10-03 20:30:00,3.0,False,2022-11-14
B-008485,R-0145,Tennis Court,2025-10-03 17:10:45.249719,2025-10-04 07:45:00,1.0,False,2021-10-20
B-008486,R-0033,Swimming Pool,2025-10-03 17:24:32.284798,2025-10-04 18:45:00,1.0,False,2022-09-12
B-008487,R-0084,Swimming Pool,2025-10-03 17:37:55.463282,2025-10-04 07:45:00,1.0,False,2021-03-07
B-008488,R-0120,Kids Play Area,2025-10-03 18:19:20.574442,2025-10-04 10:45:00,2.0,True,2023-09-11
B-008489,R-0190,Squash Court,2025-10-03 18:39:31.851953,2025-10-04 08:45:00,4.0,True,2022-05-02
B-008490,R-0151,Gym,2025-10-03 18:49:34.716093,2025-10-04 17:15:00,4.0,True,2020-08-06
B-008491,R-0265,Clubhouse,2025-10-04 00:25:04.610805,2025-11-09 17:15:00,3.0,False,2023-04-02
B-008492,R-0209,Squash Court,2025-10-04 00:47:07.037162,2025-10-04 07:30:00,3.0,False,2023-07-20
B-008493,R-0058,Tennis Court,2025-10-04 03:11:33.376196,2025-10-05 06:45:00,3.0,False,2023-09-11
B-008494,R-0269,Swimming Pool,2025-10-04 06:18:52.660792,2025-10-04 18:45:00,5.0,False,2023-11-18
B-008495,R-0212,Multipurpose Hall,2025-10-04 06:41:42.400264,2025-12-17 11:45:00,5.0,False,2023-06-20
B-008496,R-0044,Gym,2025-10-04 09:13:52.298602,2025-10-04 20:45:00,1.0,False,2021-10-23
B-008497,R-0167,Multipurpose Hall,2025-10-04 10:15:00.000000,2025-10-05 10:15:00,2.0,False,2020-02-05
B-008498,R-0225,Clubhouse,2025-10-04 11:34:29.234226,2025-10-09 18:30:00,2.0,False,2021-03-31
B-008499,R-0242,Multipurpose Hall,2025-10-04 12:15:19.670645,2025-10-19 18:00:00,3.0,True,2020-12-31
B-008500,R-0093,Clubhouse,2025-10-04 13:07:41.365206,2025-10-11 19:30:00,5.0,False,2020-04-20
B-008501,R-0294,Clubhouse,2025-10-04 13:28:48.217132,2025-10-08 20:00:00,4.0,False,2021-02-22
B-008502,R-0069,Gym,2025-10-04 13:49:10.636693,2025-10-05 15:30:00,1.0,False,2023-11-30
B-008503,R-0248,Tennis Court,2025-10-04 14:45:41.138302,2025-10-05 17:45:00,2.0,True,2022-12-30
B-008504,R-0137,Kids Play Area,2025-10-04 14:57:21.887757,2025-10-04 17:00:00,2.0,True,2020-08-26
B-008505,R-0020,Tennis Court,2025-10-04 15:15:48.912554,2025-10-05 07:15:00,1.0,False,2021-04-01
B-008506,R-0215,Gym,2025-10-05 00:09:34.235282,2025-10-05 07:15:00,2.0,True,2023-03-17
B-008507,R-0075,Clubhouse,2025-10-05 01:56:16.413065,2025-11-15 11:00:00,2.0,False,2023-01-11
B-008508,R-0275,Multipurpose Hall,2025-10-05 01:56:50.233352,2025-10-19 19:45:00,4.0,True,2020-05-07
B-008509,R-0301,Swimming Pool,2025-10-05 04:00:46.749369,2025-10-05 08:45:00,3.0,False,2023-12-19
B-008510,R-0279,Multipurpose Hall,2025-10-05 05:48:45.023230,2025-10-11 11:45:00,,False,2023-11-24
B-008511,R-0238,Multipurpose Hall,2025-10-05 08:09:48.623311,2025-10-06 17:45:00,3.0,True,2023-07-13
B-008512,R-0263,Badminton Court,2025-10-05 10:02:23.063536,2025-10-07 18:30:00,3.0,True,2022-08-11
B-008513,R-0028,Gym,2025-10-05 14:13:34.632288,2025-10-05 20:00:00,4.0,False,2023-12-08
B-008514,R-0086,Squash Court,2025-10-05 14:30:28.964499,2025-10-05 19:45:00,3.0,False,2023-06-29
B-008515,R-0224,Clubhouse,2025-10-05 15:12:46.135786,2025-10-11 19:00:00,1.0,False,2021-05-19
B-008516,R-0165,Kids Play Area,2025-10-05 15:16:54.632815,2025-10-05 16:30:00,2.0,False,2021-12-19
B-008517,R-0014,Tennis Court,2025-10-05 15:33:29.566971,2025-10-06 07:00:00,3.0,False,2023-02-21
B-008518,R-0183,Badminton Court,2025-10-05 16:08:50.442403,2025-10-05 21:15:00,5.0,False,2021-12-25
B-008519,R-0291,Multipurpose Hall,2025-10-05 22:20:10.451568,2025-10-09 18:30:00,5.0,False,2020-11-14
B-008520,R-0010,Tennis Court,2025-10-05 23:54:25.148186,2025-10-09 06:30:00,3.0,True,2020-10-23
B-008521,R-0039,Kids Play Area,2025-10-06 00:46:11.308642,2025-10-06 16:00:00,5.0,False,2020-08-27
B-008522,R-0299,Multipurpose Hall,2025-10-06 03:42:02.415513,2025-10-08 17:45:00,5.0,False,2020-07-29
B-008523,R-0311,Squash Court,2025-10-06 04:30:54.364607,2025-10-07 08:15:00,5.0,False,2021-06-05
B-008524,R-0132,Badminton Court,2025-10-06 06:06:17.737798,2025-10-08 18:15:00,3.0,True,2020-10-06
B-008525,R-0159,Kids Play Area,2025-10-06 08:11:29.538025,2025-10-06 10:30:00,3.0,True,2022-11-14
B-008526,R-0036,Kids Play Area,2025-10-06 08:16:40.432622,2025-10-06 09:45:00,3.0,True,2021-02-14
B-008527,R-0225,Clubhouse,2025-10-06 08:21:45.009147,2025-10-24 11:45:00,2.0,False,2021-03-31
B-008528,R-0063,Badminton Court,2025-10-06 10:11:56.814431,2025-10-06 19:00:00,2.0,False,2020-11-01
B-008529,R-0187,Kids Play Area,2025-10-06 10:14:38.259832,2025-10-06 16:00:00,4.0,False,2020-04-30
B-008530,R-0259,Multipurpose Hall,2025-10-06 11:18:11.535032,2025-10-18 19:30:00,3.0,False,2023-12-21
B-008531,R-0303,Multipurpose Hall,2025-10-06 11:53:34.085631,2025-10-08 18:15:00,2.0,False,2020-02-09
B-008532,R-0256,Swimming Pool,2025-10-06 11:56:32.422490,2025-10-06 17:15:00,3.0,True,2021-06-07
B-008533,R-0100,Tennis Court,2025-10-06 14:45:00.692144,2025-10-07 17:30:00,5.0,True,2020-08-16
B-008534,R-0046,Kids Play Area,2025-10-06 17:50:20.359647,2025-10-06 18:15:00,1.0,True,2021-11-08
B-008535,R-0194,Swimming Pool,2025-10-06 17:54:03.162049,2025-10-07 08:30:00,1.0,False,2023-01-19
B-008536,R-0189,Squash Court,2025-10-06 20:13:42.787210,2025-10-07 20:45:00,1.0,False,2022-07-11
B-008537,R-0314,Multipurpose Hall,2025-10-06 20:33:58.933920,2025-10-09 18:45:00,2.0,False,2022-04-28
B-008538,R-0138,Tennis Court,2025-10-07 00:44:24.285880,2025-10-07 18:45:00,3.0,False,2021-08-01
B-008539,R-0127,Gym,2025-10-07 03:14:19.461784,2025-10-07 07:30:00,3.0,False,2020-06-15
B-008540,R-0042,Badminton Court,2025-10-07 03:45:56.895735,2025-10-07 17:00:00,3.0,False,2022-11-14
B-008541,R-0295,Gym,2025-10-07 04:21:08.949359,2025-10-08 10:00:00,3.0,False,2023-02-14
B-008542,R-0035,Swimming Pool,2025-10-07 04:49:02.208303,2025-10-08 16:30:00,1.0,False,2023-05-21
B-008543,R-0267,Multipurpose Hall,2025-10-07 14:23:51.892003,2025-10-18 18:30:00,3.0,False,2021-09-07
B-008544,R-0032,Tennis Court,2025-10-07 14:44:27.333781,2025-10-08 06:30:00,4.0,False,2020-08-02
B-008545,R-0030,Multipurpose Hall,2025-10-07 15:00:30.503188,2025-10-11 11:00:00,2.0,True,2023-02-05
B-008546,R-0198,Clubhouse,2025-10-07 16:58:36.897379,2025-10-18 11:45:00,5.0,False,2023-09-18
B-008547,R-0253,Swimming Pool,2025-10-07 19:36:53.399565,2025-10-08 06:15:00,4.0,True,2023-11-16
B-008548,R-0101,Badminton Court,2025-10-07 20:31:48.568306,2025-10-08 17:45:00,2.0,False,2021-06-13
B-008549,R-0083,Multipurpose Hall,2025-10-07 21:38:54.822737,2025-10-13 11:15:00,1.0,True,2020-03-12
B-008550,R-0203,Swimming Pool,2025-10-07 22:39:16.756397,2025-10-09 06:30:00,4.0,False,2023-10-19
B-008551,R-0232,Multipurpose Hall,2025-10-07 23:06:20.295838,2025-10-14 17:15:00,5.0,True,2022-05-16
B-008552,R-0228,Gym,2025-10-08 02:01:16.349453,2025-10-08 15:30:00,4.0,False,2023-09-10
B-008553,R-0143,Clubhouse,2025-10-08 02:30:31.550983,2025-10-17 11:00:00,5.0,True,2022-08-13
B-008554,R-0018,Clubhouse,2025-10-08 03:35:00.195257,2025-10-19 17:15:00,,False,2020-12-01
B-008555,R-0119,Squash Court,2025-10-08 04:10:54.524832,2025-10-09 07:30:00,5.0,False,2023-12-08
B-008556,R-0304,Swimming Pool,2025-10-08 09:05:19.205556,2025-10-08 17:00:00,1.0,False,2022-12-16
B-008557,R-0232,Kids Play Area,2025-10-08 09:27:20.389262,2025-10-08 10:30:00,5.0,True,2022-05-16
B-008558,R-0111,Swimming Pool,2025-10-08 10:38:18.641725,2025-10-08 19:00:00,2.0,True,2022-01-10
B-008559,R-0029,Tennis Court,2025-10-08 10:48:30.229646,2025-10-10 17:45:00,1.0,False,2020-03-01
B-008560,R-0306,Badminton Court,2025-10-08 13:01:15.732645,2025-10-08 20:15:00,3.0,True,2022-09-30
B-008561,R-0096,Clubhouse,2025-10-08 14:56:00.298000,2025-11-21 20:30:00,1.0,False,2022-10-22
B-008562,R-0056,Swimming Pool,2025-10-08 16:32:12.248901,2025-10-09 08:30:00,2.0,True,2020-07-16
B-008563,R-0134,Clubhouse,2025-10-08 19:48:07.418577,2025-10-22 17:00:00,4.0,False,2020-03-31
B-008564,R-0036,Tennis Court,2025-10-08 21:44:58.583721,2025-10-09 07:00:00,3.0,True,2021-02-14
B-008565,R-0307,Gym,2025-10-08 23:53:09.470698,2025-10-09 06:45:00,2.0,True,2022-03-13
B-008566,R-0120,Kids Play Area,2025-10-09 01:37:16.985960,2025-10-09 10:45:00,2.0,True,2023-09-11
B-008567,R-0220,Badminton Court,2025-10-09 03:44:04.640864,2025-10-10 18:45:00,5.0,False,2021-05-12
B-008568,R-0005,Gym,2025-10-09 08:34:00.768442,2025-10-11 20:30:00,3.0,True,2021-05-16
B-008569,R-0188,Swimming Pool,2025-10-09 09:03:10.845535,2025-10-10 16:15:00,1.0,False,2023-02-11
B-008570,R-0141,Swimming Pool,2025-10-09 09:23:53.760431,2025-10-10 16:30:00,1.0,False,2020-01-06
B-008571,R-0164,Multipurpose Hall,2025-10-09 13:36:14.580200,2025-10-16 17:45:00,5.0,False,2021-03-15
B-008572,R-0150,Swimming Pool,2025-10-09 17:01:50.877852,2025-10-10 17:45:00,5.0,False,2021-02-11
B-008573,R-0115,Badminton Court,2025-10-09 17:15:04.572626,2025-10-10 18:00:00,2.0,False,2021-08-17
B-008574,R-0046,Clubhouse,2025-10-09 20:27:54.201032,2025-10-14 18:45:00,1.0,True,2021-11-08
B-008575,R-0110,Multipurpose Hall,2025-10-10 01:10:22.720736,2025-10-13 10:15:00,4.0,False,2022-06-09
B-008576,R-0204,Gym,2025-10-10 01:53:56.989556,2025-10-10 17:15:00,4.0,False,2022-05-24
B-008577,R-0317,Gym,2025-10-10 02:31:22.952728,2025-10-13 10:30:00,1.0,False,2023-02-18
B-008578,R-0319,Swimming Pool,2025-10-10 06:10:39.894941,2025-10-10 18:45:00,1.0,False,2020-02-22
B-008579,R-0288,Badminton Court,2025-10-10 08:03:03.612280,2025-10-10 19:15:00,4.0,False,2023-09-08
B-008580,R-0052,Gym,2025-10-10 08:16:41.566234,2025-10-10 11:15:00,3.0,True,2022-09-27
B-008581,R-0117,Swimming Pool,2025-10-10 10:30:40.009854,2025-10-11 08:15:00,4.0,False,2020-10-16
B-008582,R-0095,Tennis Court,2025-10-10 11:10:28.175995,2025-10-10 17:30:00,4.0,False,2020-03-19
B-008583,R-0184,Badminton Court,2025-10-10 11:32:49.509864,2025-10-13 21:45:00,1.0,False,2022-11-30
B-008584,R-0276,Tennis Court,2025-10-10 12:58:56.831152,2025-10-10 17:15:00,1.0,False,2021-12-03
B-008585,R-0227,Kids Play Area,2025-10-10 14:37:22.586180,2025-10-10 17:30:00,4.0,True,2021-10-13
B-008586,R-0310,Multipurpose Hall,2025-10-10 14:58:59.353996,2025-10-22 19:15:00,3.0,False,2022-10-15
B-008587,R-0152,Badminton Court,2025-10-10 19:02:55.315837,2025-10-11 20:15:00,1.0,True,2020-03-08
B-008588,R-0066,Badminton Court,2025-10-10 20:01:57.901466,2025-10-11 20:00:00,2.0,False,2021-02-13
B-008589,R-0166,Gym,2025-10-10 21:03:21.430269,2025-10-12 11:00:00,4.0,False,2022-10-13
B-008590,R-0292,Swimming Pool,2025-10-10 22:43:42.545814,2025-10-12 07:30:00,3.0,False,2020-01-30
B-008591,R-0294,Tennis Court,2025-10-10 23:02:42.617664,2025-10-11 19:45:00,4.0,False,2021-02-22
B-008592,R-0215,Gym,2025-10-10 23:39:00.798135,2025-10-11 07:45:00,2.0,True,2023-03-17
B-008593,R-0022,Kids Play Area,2025-10-10 23:58:06.479703,2025-10-11 09:30:00,2.0,True,2022-11-11
B-008594,R-0145,Multipurpose Hall,2025-10-11 02:27:10.824822,2025-10-17 10:15:00,1.0,False,2021-10-20
B-008595,R-0070,Swimming Pool,2025-10-11 02:30:49.330655,2025-10-13 06:00:00,3.0,False,2020-04-24
B-008596,R-0146,Badminton Court,2025-10-11 03:35:50.309938,2025-10-11 17:00:00,4.0,False,2020-03-14
B-008597,R-0212,Squash Court,2025-10-11 07:11:31.276149,2025-10-12 07:45:00,5.0,False,2023-06-20
B-008598,R-0207,Badminton Court,2025-10-11 07:29:34.504254,2025-10-11 21:45:00,3.0,False,2021-04-11
B-008599,R-0313,Kids Play Area,2025-10-11 11:51:26.951368,2025-10-11 18:30:00,2.0,False,2022-01-03
B-008600,R-0050,Tennis Court,2025-10-11 14:52:37.369302,2025-10-12 06:45:00,2.0,False,2022-11-09
B-008601,R-0271,Squash Court,2025-10-11 17:06:52.560269,2025-10-12 08:45:00,1.0,True,2021-04-08
B-008602,R-0196,Kids Play Area,2025-10-11 17:21:59.752947,2025-10-12 17:00:00,2.0,True,2022-01-24
B-008603,R-0274,Swimming Pool,2025-10-11 18:32:25.079825,2025-10-12 07:45:00,1.0,False,2021-08-07
B-008604,R-0114,Kids Play Area,2025-10-11 18:44:57.642066,2025-10-12 10:45:00,3.0,True,2021-10-04
B-008605,R-0150,Clubhouse,2025-10-11 21:54:11.619426,2025-10-24 19:00:00,5.0,False,2021-02-11
B-008606,R-0259,Swimming Pool,2025-10-11 21:57:00.157764,2025-10-13 19:00:00,3.0,False,2023-12-21
B-008607,R-0026,Squash Court,2025-10-12 00:53:46.726902,2025-10-12 18:15:00,2.0,False,2022-01-18
B-008608,R-0199,Badminton Court,2025-10-12 04:24:35.369331,2025-10-12 17:15:00,1.0,False,2023-07-24
B-008609,R-0156,Tennis Court,2025-10-12 04:30:00.000000,2025-10-12 06:30:00,2.0,False,2020-05-03
B-008610,R-0183,Gym,2025-10-12 07:19:10.664685,2025-10-12 15:45:00,5.0,False,2021-12-25
B-008611,R-0086,Squash Court,2025-10-12 07:34:47.266035,2025-10-12 08:45:00,3.0,False,2023-06-29
B-008612,R-0076,Tennis Court,2025-10-12 10:18:25.218126,2025-10-16 07:15:00,2.0,False,2020-08-07
B-008613,R-0108,Squash Court,2025-10-12 10:20:35.277996,2025-10-12 20:30:00,2.0,False,2020-05-18
B-008614,R-0009,Kids Play Area,2025-10-12 10:27:22.713554,2025-10-12 16:15:00,5.0,True,2021-04-09
B-008615,R-0084,Swimming Pool,2025-10-12 11:25:14.942658,2025-10-17 07:45:00,1.0,False,2021-03-07
B-008616,R-0217,Gym,2025-10-12 12:25:42.985210,2025-10-12 16:15:00,1.0,False,2020-11-09
B-008617,R-0062,Gym,2025-10-12 14:01:28.098208,2025-10-13 14:15:00,2.0,False,2020-06-01
B-008618,R-0019,Squash Court,2025-10-12 14:25:19.399293,2025-10-12 20:15:00,5.0,False,2022-02-09
B-008619,R-0239,Kids Play Area,2025-10-12 15:32:47.780944,2025-10-12 17:45:00,5.0,True,2023-01-01
B-008620,R-0220,Tennis Court,2025-10-12 18:00:00.000000,2025-10-23 06:00:00,5.0,False,2021-05-12
B-008621,R-0170,Tennis Court,2025-10-12 19:35:01.165811,2025-10-13 17:30:00,4.0,False,2023-02-04
B-008622,R-0284,Gym,2025-10-12 22:15:00.000000,2025-10-17 10:15:00,1.0,False,2023-06-19
B-008623,R-0234,Clubhouse,2025-10-13 01:10:37.095134,2025-10-24 11:30:00,4.0,False,2022-03-24
B-008624,R-0276,Swimming Pool,2025-10-13 12:23:09.361971,2025-10-15 17:15:00,1.0,False,2021-12-03
B-008625,R-0304,Swimming Pool,2025-10-13 14:27:56.283822,2025-10-13 17:45:00,1.0,False,2022-12-16
B-008626,R-0126,Kids Play Area,2025-10-13 14:58:59.184198,2025-10-13 18:30:00,4.0,False,2020-12-04
B-008627,R-0122,Kids Play Area,2025-10-13 15:37:37.374708,2025-10-13 17:15:00,1.0,False,2022-11-04
B-008628,R-0127,Clubhouse,2025-10-13 15:39:11.692490,2025-10-16 11:15:00,3.0,False,2020-06-15
B-008629,R-0102,Squash Court,2025-10-13 21:06:10.501442,2025-10-14 07:45:00,1.0,False,2022-05-02
B-008630,R-0054,Squash Court,2025-10-13 22:08:32.281684,2025-10-14 08:45:00,2.0,False,2022-02-13
B-008631,R-0118,Multipurpose Hall,2025-10-14 04:38:36.668467,2025-10-16 19:30:00,4.0,True,2021-08-22
B-008632,R-0092,Kids Play Area,2025-10-14 05:40:40.584498,2025-10-15 17:15:00,3.0,False,2023-07-28
B-008633,R-0216,Badminton Court,2025-10-14 09:40:32.967043,2025-10-14 18:15:00,2.0,True,2022-08-14
B-008634,R-0036,Multipurpose Hall,2025-10-14 10:00:00.000000,2025-10-15 10:00:00,3.0,True,2021-02-14
B-008635,R-0187,Squash Court,2025-10-14 11:51:08.115354,2025-10-15 20:15:00,4.0,False,2020-04-30
B-008636,R-0191,Badminton Court,2025-10-14 13:34:10.851134,2025-10-14 17:15:00,2.0,True,2020-01-20
B-008637,R-0280,Tennis Court,2025-10-14 14:47:58.176276,2025-10-16 17:45:00,3.0,False,2020-03-31
B-008638,R-0011,Multipurpose Hall,2025-10-14 20:37:57.783719,2025-10-20 19:30:00,4.0,False,2022-01-15
B-008639,R-0175,Multipurpose Hall,2025-10-14 20:48:41.276907,2025-10-26 17:00:00,1.0,False,2020-01-26
B-008640,R-0305,Clubhouse,2025-10-14 21:15:24.365441,2025-10-27 11:15:00,5.0,False,2023-08-05
B-008641,R-0225,Clubhouse,2025-10-14 23:36:05.151991,2025-10-20 11:15:00,2.0,False,2021-03-31
B-008642,R-0110,Badminton Court,2025-10-15 00:29:37.372372,2025-10-15 19:45:00,4.0,False,2022-06-09
B-008643,R-0023,Swimming Pool,2025-10-15 00:34:01.600804,2025-10-15 06:15:00,1.0,False,2022-12-13
B-008644,R-0060,Clubhouse,2025-10-15 02:51:27.024631,2025-10-20 18:30:00,4.0,False,2021-10-21
B-008645,R-0094,Badminton Court,2025-10-15 04:43:34.301421,2025-10-15 17:45:00,5.0,False,2020-03-17
B-008646,R-0265,Swimming Pool,2025-10-15 05:49:27.047310,2025-10-16 17:15:00,3.0,False,2023-04-02
B-008647,R-0132,Swimming Pool,2025-10-15 09:07:26.424682,2025-10-16 06:30:00,3.0,True,2020-10-06
B-008648,R-0007,Squash Court,2025-10-15 09:37:16.150726,2025-10-17 20:15:00,3.0,False,2022-04-08
B-008649,R-0208,Swimming Pool,2025-10-15 11:23:56.013818,2025-10-15 17:45:00,5.0,False,2021-08-16
B-008650,R-0278,Tennis Court,2025-10-15 12:53:14.053398,2025-10-16 07:15:00,4.0,False,2023-06-25
B-008651,R-0100,Kids Play Area,2025-10-15 14:35:00.063054,2025-10-15 17:15:00,5.0,True,2020-08-16
B-008652,R-0271,Squash Court,2025-10-15 15:17:12.406781,2025-10-16 08:15:00,1.0,True,2021-04-08
B-008653,R-0212,Clubhouse,2025-10-15 16:19:39.642922,2025-10-24 11:30:00,5.0,False,2023-06-20
B-008654,R-0240,Gym,2025-10-15 18:17:42.707567,2025-10-16 16:45:00,4.0,True,2021-08-25
B-008655,R-0166,Gym,2025-10-15 19:04:17.048553,2025-10-16 11:30:00,4.0,False,2022-10-13
B-008656,R-0139,Tennis Court,2025-10-15 19:32:35.986714,2025-10-21 18:45:00,4.0,True,2022-06-23
B-008657,R-0230,Gym,2025-10-15 22:50:32.306454,2025-10-16 17:45:00,5.0,False,2021-08-29
B-008658,R-0057,Swimming Pool,2025-10-15 23:41:00.011918,2025-10-16 06:45:00,2.0,False,2022-06-23
B-008659,R-0013,Clubhouse,2025-10-16 05:07:08.897527,2025-10-27 19:00:00,1.0,True,2023-10-18
B-008660,R-0103,Gym,2025-10-16 05:09:04.740070,2025-10-16 19:15:00,2.0,True,2021-01-15
B-008661,R-0130,Gym,2025-10-16 05:35:17.756355,2025-10-16 09:45:00,3.0,False,2022-05-02
B-008662,R-0178,Gym,2025-10-16 07:59:38.390470,2025-10-16 17:00:00,2.0,True,2023-06-30
B-008663,R-0019,Clubhouse,2025-10-16 09:33:44.093910,2025-10-17 20:30:00,5.0,False,2022-02-09
B-008664,R-0256,Tennis Court,2025-10-16 15:08:43.487910,2025-10-16 19:45:00,3.0,True,2021-06-07
B-008665,R-0039,Multipurpose Hall,2025-10-16 18:20:44.986156,2025-11-04 17:45:00,5.0,False,2020-08-27
B-008666,R-0090,Badminton Court,2025-10-16 20:32:54.710507,2025-10-17 20:15:00,3.0,False,2020-03-27
B-008667,R-0309,Multipurpose Hall,2025-10-16 22:59:05.795057,2025-10-21 10:00:00,1.0,True,2022-05-22
B-008668,R-0132,Clubhouse,2025-10-17 01:13:03.180001,2025-10-22 12:45:00,3.0,True,2020-10-06
B-008669,R-0069,Gym,2025-10-17 02:19:35.619412,2025-10-17 16:45:00,1.0,False,2023-11-30
B-008670,R-0215,Gym,2025-10-17 03:08:10.511802,2025-10-18 07:00:00,2.0,True,2023-03-17
B-008671,R-0133,Swimming Pool,2025-10-17 03:51:41.194554,2025-10-17 16:30:00,4.0,False,2020-03-10
B-008672,R-0168,Badminton Court,2025-10-17 06:48:22.976368,2025-10-18 17:45:00,3.0,True,2022-09-23
B-008673,R-0238,Tennis Court,2025-10-17 08:45:43.974966,2025-10-17 19:30:00,3.0,True,2023-07-13
B-008674,R-0091,Badminton Court,2025-10-17 11:40:25.359563,2025-10-17 19:00:00,2.0,True,2023-12-22
B-008675,R-0211,Gym,2025-10-17 13:50:23.114539,2025-10-18 07:45:00,5.0,True,2021-11-19
B-008676,R-0290,Swimming Pool,2025-10-17 14:07:40.592355,2025-10-17 19:00:00,3.0,False,2021-02-25
B-008677,R-0042,Kids Play Area,2025-10-17 14:41:22.627229,2025-10-17 16:45:00,3.0,False,2022-11-14
B-008678,R-0004,Squash Court,2025-10-17 15:45:42.622084,2025-10-18 07:45:00,2.0,True,2023-10-13
B-008679,R-0064,Tennis Court,2025-10-17 21:37:52.167568,2025-10-18 18:00:00,2.0,False,2022-10-17
B-008680,R-0163,Multipurpose Hall,2025-10-17 22:52:08.637063,2025-11-03 19:45:00,3.0,True,2022-11-25
B-008681,R-0158,Swimming Pool,2025-10-17 23:21:36.599331,2025-10-18 06:00:00,1.0,True,2021-11-01
B-008682,R-0311,Multipurpose Hall,2025-10-18 01:12:07.345719,2025-11-12 18:00:00,5.0,False,2021-06-05
B-008683,R-0033,Swimming Pool,2025-10-18 04:10:11.776080,2025-10-18 18:45:00,1.0,False,2022-09-12
B-008684,R-0297,Tennis Court,2025-10-18 05:07:11.260227,2025-10-23 06:30:00,1.0,False,2021-05-14
B-008685,R-0166,Gym,2025-10-18 08:18:07.517161,2025-10-19 11:15:00,4.0,False,2022-10-13
B-008686,R-0181,Badminton Court,2025-10-18 08:59:13.681028,2025-10-19 19:30:00,4.0,True,2022-08-08
B-008687,R-0275,Kids Play Area,2025-10-18 09:04:54.289568,2025-10-18 17:00:00,4.0,True,2020-05-07
B-008688,R-0225,Clubhouse,2025-10-18 10:58:42.205952,2025-10-31 11:30:00,2.0,False,2021-03-31
B-008689,R-0190,Tennis Court,2025-10-18 16:07:55.687118,2025-10-19 17:30:00,4.0,True,2022-05-02
B-008690,R-0027,Gym,2025-10-18 16:49:00.867635,2025-10-19 08:00:00,2.0,False,2023-03-12
B-008691,R-0062,Badminton Court,2025-10-18 16:56:11.851047,2025-10-20 20:00:00,2.0,False,2020-06-01
B-008692,R-0235,Swimming Pool,2025-10-18 18:55:47.365107,2025-10-19 19:15:00,2.0,False,2020-08-24
B-008693,R-0058,Swimming Pool,2025-10-18 21:48:43.209583,2025-10-19 08:45:00,3.0,False,2023-09-11
B-008694,R-0269,Badminton Court,2025-10-19 01:54:38.028694,2025-10-19 17:45:00,5.0,False,2023-11-18
B-008695,R-0190,Clubhouse,2025-10-19 03:53:25.444337,2025-10-27 18:45:00,4.0,True,2022-05-02
B-008696,R-0245,Squash Court,2025-10-19 06:07:13.241366,2025-10-20 18:30:00,1.0,False,2022-02-09
B-008697,R-0067,Kids Play Area,2025-10-19 06:16:04.945894,2025-10-19 09:45:00,3.0,False,2020-11-02
B-008698,R-0116,Gym,2025-10-19 06:22:27.560752,2025-10-19 16:30:00,4.0,False,2020-04-11
B-008699,R-0039,Kids Play Area,2025-10-19 08:33:06.533934,2025-10-19 17:15:00,5.0,False,2020-08-27
B-008700,R-0151,Gym,2025-10-19 09:07:12.191390,2025-10-19 19:00:00,4.0,True,2020-08-06
B-008701,R-0086,Squash Court,2025-10-19 13:09:00.391339,2025-10-19 19:15:00,3.0,False,2023-06-29
B-008702,R-0311,Gym,2025-10-19 13:15:27.477911,2025-10-20 20:30:00,5.0,False,2021-06-05
B-008703,R-0107,Gym,2025-10-19 18:23:37.008811,2025-10-21 10:00:00,2.0,False,2021-10-10
B-008704,R-0205,Clubhouse,2025-10-19 20:57:04.879655,2025-10-26 20:00:00,3.0,False,2023-01-19
B-008705,R-0134,Badminton Court,2025-10-19 21:51:03.352520,2025-10-24 18:30:00,4.0,False,2020-03-31
B-008706,R-0119,Clubhouse,2025-10-20 02:56:03.184697,2025-11-03 11:00:00,5.0,False,2023-12-08
B-008707,R-0159,Gym,2025-10-20 03:27:54.081980,2025-10-20 09:45:00,3.0,True,2022-11-14
B-008708,R-0203,Multipurpose Hall,2025-10-20 04:11:39.006258,2025-11-01 11:15:00,4.0,False,2023-10-19
B-008709,R-0056,Swimming Pool,2025-10-20 05:47:25.660048,2025-10-21 08:30:00,2.0,True,2020-07-16
B-008710,R-0163,Gym,2025-10-20 05:58:01.867880,2025-10-21 17:30:00,3.0,True,2022-11-25
B-008711,R-0127,Clubhouse,2025-10-20 07:29:42.026239,2025-10-23 18:30:00,3.0,False,2020-06-15
B-008712,R-0101,Badminton Court,2025-10-20 08:47:03.382473,2025-10-20 19:30:00,2.0,False,2021-06-13
B-008713,R-0086,Squash Court,2025-10-20 10:30:10.651581,2025-10-20 19:30:00,3.0,False,2023-06-29
B-008714,R-0035,Swimming Pool,2025-10-20 16:29:50.581388,2025-10-21 16:45:00,1.0,False,2023-05-21
B-008715,R-0295,Gym,2025-10-20 17:57:03.701080,2025-10-21 10:15:00,3.0,False,2023-02-14
B-008716,R-0096,Gym,2025-10-20 18:38:39.434082,2025-10-21 07:30:00,1.0,False,2022-10-22
B-008717,R-0283,Clubhouse,2025-10-21 00:03:22.582758,2025-11-08 11:15:00,1.0,False,2020-02-28
B-008718,R-0311,Multipurpose Hall,2025-10-21 00:24:30.015893,2025-11-25 18:00:00,5.0,False,2021-06-05
B-008719,R-0011,Multipurpose Hall,2025-10-21 00:27:11.838389,2025-11-02 11:00:00,4.0,False,2022-01-15
B-008720,R-0098,Gym,2025-10-21 00:41:52.488931,2025-10-23 09:45:00,4.0,False,2022-10-31
B-008721,R-0125,Swimming Pool,2025-10-21 02:13:20.302123,2025-10-23 07:00:00,5.0,True,2020-12-19
B-008722,R-0036,Gym,2025-10-21 03:27:13.093861,2025-10-21 09:00:00,3.0,True,2021-02-14
B-008723,R-0010,Clubhouse,2025-10-21 07:11:21.089605,2025-12-03 11:30:00,3.0,True,2020-10-23
B-008724,R-0227,Kids Play Area,2025-10-21 10:28:16.247658,2025-10-21 17:45:00,4.0,True,2021-10-13
B-008725,R-0273,Multipurpose Hall,2025-10-21 13:00:21.343566,2025-11-02 18:30:00,5.0,False,2020-10-30
B-008726,R-0231,Clubhouse,2025-10-21 13:49:02.962549,2025-11-13 17:00:00,1.0,False,2021-10-30
B-008727,R-0087,Clubhouse,2025-10-21 14:31:59.430505,2025-10-22 19:45:00,1.0,False,2023-02-22
B-008728,R-0293,Badminton Court,2025-10-21 15:38:46.397789,2025-10-22 21:15:00,3.0,True,2023-08-16
B-008729,R-0144,Multipurpose Hall,2025-10-21 18:36:59.012591,2025-10-23 11:00:00,3.0,False,2022-07-09
B-008730,R-0296,Badminton Court,2025-10-21 21:54:18.419356,2025-10-26 17:45:00,5.0,False,2021-02-23
B-008731,R-0045,Clubhouse,2025-10-21 23:04:12.017701,2025-10-25 17:45:00,4.0,False,2020-05-15
B-008732,R-0283,Badminton Court,2025-10-21 23:08:10.890462,2025-10-22 17:15:00,1.0,False,2020-02-28
B-008733,R-0017,Kids Play Area,2025-10-22 03:23:46.103309,2025-10-22 09:45:00,1.0,False,2023-04-21
B-008734,R-0036,Badminton Court,2025-10-22 03:35:20.322412,2025-10-22 20:30:00,3.0,True,2021-02-14
B-008735,R-0129,Kids Play Area,2025-10-22 05:44:14.389744,2025-10-22 10:00:00,2.0,False,2022-06-19
B-008736,R-0259,Swimming Pool,2025-10-22 06:24:35.307445,2025-10-22 19:30:00,3.0,False,2023-12-21
B-008737,R-0186,Gym,2025-10-22 07:58:16.497710,2025-10-22 18:00:00,2.0,False,2020-11-10
B-008738,R-0052,Squash Court,2025-10-22 12:28:09.689059,2025-10-22 18:45:00,3.0,True,2022-09-27
B-008739,R-0057,Kids Play Area,2025-10-22 13:24:01.255627,2025-10-22 17:00:00,2.0,False,2022-06-23
B-008740,R-0300,Badminton Court,2025-10-22 18:02:38.410284,2025-10-23 19:00:00,4.0,False,2023-10-05
B-008741,R-0131,Badminton Court,2025-10-22 22:55:37.895577,2025-10-23 19:45:00,1.0,True,2023-10-18
B-008742,R-0016,Kids Play Area,2025-10-23 01:02:32.862548,2025-10-23 09:45:00,1.0,True,2020-04-13
B-008743,R-0235,Swimming Pool,2025-10-23 05:41:46.190954,2025-10-23 19:45:00,2.0,False,2020-08-24
B-008744,R-0160,Kids Play Area,2025-10-23 07:12:21.386864,2025-10-23 10:15:00,1.0,True,2020-08-11
B-008745,R-0181,Kids Play Area,2025-10-23 09:40:43.483616,2025-10-24 10:30:00,4.0,True,2022-08-08
B-008746,R-0047,Swimming Pool,2025-10-23 11:16:39.248921,2025-10-23 17:00:00,2.0,False,2021-10-19
B-008747,R-0203,Tennis Court,2025-10-23 12:16:22.543740,2025-10-25 07:15:00,4.0,False,2023-10-19
B-008748,R-0209,Clubhouse,2025-10-23 14:40:31.829067,2025-10-25 17:00:00,3.0,False,2023-07-20
B-008749,R-0158,Kids Play Area,2025-10-23 14:59:55.890689,2025-10-23 17:15:00,1.0,True,2021-11-01
B-008750,R-0222,Tennis Court,2025-10-23 15:00:19.905952,2025-10-24 18:45:00,3.0,False,2021-06-30
B-008751,R-0114,Kids Play Area,2025-10-23 17:14:26.803273,2025-10-24 10:15:00,3.0,True,2021-10-04
B-008752,R-0045,Badminton Court,2025-10-23 19:04:12.890256,2025-10-23 21:45:00,4.0,False,2020-05-15
B-008753,R-0201,Swimming Pool,2025-10-23 20:47:02.782777,2025-10-24 08:30:00,5.0,False,2021-04-13
B-008754,R-0207,Badminton Court,2025-10-23 21:32:20.297239,2025-10-24 18:45:00,3.0,False,2021-04-11
B-008755,R-0006,Badminton Court,2025-10-23 23:21:20.630556,2025-10-25 21:45:00,1.0,True,2022-03-03
B-008756,R-0211,Multipurpose Hall,2025-10-23 23:28:22.615232,2025-11-17 19:30:00,5.0,True,2021-11-19
B-008757,R-0066,Tennis Court,2025-10-24 01:00:39.704210,2025-10-26 07:30:00,2.0,False,2021-02-13
B-008758,R-0090,Gym,2025-10-24 01:11:47.715952,2025-10-25 07:30:00,3.0,False,2020-03-27
B-008759,R-0287,Swimming Pool,2025-10-24 03:24:15.163544,2025-10-24 18:00:00,3.0,False,2022-04-21
B-008760,R-0153,Gym,2025-10-24 04:29:55.238685,2025-10-24 08:45:00,5.0,False,2023-03-03
B-008761,R-0146,Kids Play Area,2025-10-24 06:03:53.451700,2025-10-24 09:45:00,4.0,False,2020-03-14
B-008762,R-0303,Gym,2025-10-24 07:16:50.555556,2025-10-24 11:30:00,2.0,False,2020-02-09
B-008763,R-0253,Kids Play Area,2025-10-24 08:17:20.570400,2025-10-24 10:30:00,4.0,True,2023-11-16
B-008764,R-0233,Badminton Court,2025-10-24 09:40:20.536501,2025-10-25 18:45:00,4.0,True,2021-11-14
B-008765,R-0100,Kids Play Area,2025-10-24 10:12:47.920372,2025-10-24 17:15:00,5.0,True,2020-08-16
B-008766,R-0212,Gym,2025-10-24 10:45:05.178403,2025-10-26 08:00:00,5.0,False,2023-06-20
B-008767,R-0111,Swimming Pool,2025-10-24 11:30:43.460222,2025-10-24 19:00:00,2.0,True,2022-01-10
B-008768,R-0105,Multipurpose Hall,2025-10-24 15:53:41.734989,2025-11-11 10:30:00,1.0,False,2021-09-14
B-008769,R-0052,Multipurpose Hall,2025-10-24 19:31:36.434053,2025-10-28 10:00:00,3.0,True,2022-09-27
B-008770,R-0117,Swimming Pool,2025-10-24 21:07:59.715407,2025-10-25 08:00:00,4.0,False,2020-10-16
B-008771,R-0101,Gym,2025-10-24 23:46:59.980792,2025-10-25 11:15:00,2.0,False,2021-06-13
B-008772,R-0064,Tennis Court,2025-10-25 08:03:58.425676,2025-10-25 18:30:00,2.0,False,2022-10-17
B-008773,R-0183,Kids Play Area,2025-10-25 08:57:59.330730,2025-10-25 10:30:00,5.0,False,2021-12-25
B-008774,R-0086,Squash Court,2025-10-25 09:21:09.116417,2025-10-25 19:15:00,3.0,False,2023-06-29
B-008775,R-0220,Badminton Court,2025-10-25 11:59:41.896362,2025-10-26 18:45:00,5.0,False,2021-05-12
B-008776,R-0174,Gym,2025-10-25 12:43:30.304486,2025-10-26 11:00:00,3.0,False,2022-11-22
B-008777,R-0144,Badminton Court,2025-10-25 15:59:26.161679,2025-10-26 18:45:00,3.0,False,2022-07-09
B-008778,R-0272,Squash Court,2025-10-25 19:34:06.796389,2025-10-26 20:00:00,3.0,False,2021-11-30
B-008779,R-0197,Tennis Court,2025-10-25 21:42:19.391265,2025-10-26 19:00:00,3.0,False,2023-05-10
B-008780,R-0054,Squash Court,2025-10-25 23:28:37.777189,2025-10-26 07:30:00,2.0,False,2022-02-13
B-008781,R-0066,Clubhouse,2025-10-26 00:41:34.161848,2025-11-09 18:45:00,2.0,False,2021-02-13
B-008782,R-0283,Badminton Court,2025-10-26 00:41:44.242311,2025-10-27 17:45:00,1.0,False,2020-02-28
B-008783,R-0135,Gym,2025-10-26 01:34:01.991063,2025-10-26 15:30:00,2.0,True,2021-05-18
B-008784,R-0029,Kids Play Area,2025-10-26 02:36:20.254268,2025-10-26 16:45:00,1.0,False,2020-03-01
B-008785,R-0033,Squash Court,2025-10-26 04:46:00.697592,2025-10-26 19:15:00,1.0,False,2022-09-12
B-008786,R-0003,Tennis Court,2025-10-26 10:32:29.540740,2025-10-27 17:15:00,1.0,False,2020-06-06
B-008787,R-0028,Gym,2025-10-26 15:11:19.640346,2025-10-26 20:45:00,4.0,False,2023-12-08
B-008788,R-0137,Kids Play Area,2025-10-26 15:20:05.769784,2025-10-26 17:00:00,2.0,True,2020-08-26
B-008789,R-0230,Tennis Court,2025-10-26 15:30:23.661537,2025-10-27 18:00:00,5.0,False,2021-08-29
B-008790,R-0115,Badminton Court,2025-10-26 18:03:21.877973,2025-10-27 18:15:00,2.0,False,2021-08-17
B-008791,R-0023,Tennis Court,2025-10-26 18:10:32.683600,2025-10-27 06:15:00,1.0,False,2022-12-13
B-008792,R-0031,Swimming Pool,2025-10-26 22:09:23.656682,2025-10-28 06:45:00,1.0,False,2020-10-02
B-008793,R-0167,Swimming Pool,2025-10-26 23:22:01.916694,2025-10-27 07:15:00,2.0,False,2020-02-05
B-008794,R-0196,Kids Play Area,2025-10-27 01:15:21.702270,2025-10-27 17:30:00,2.0,True,2022-01-24
B-008795,R-0291,Badminton Court,2025-10-27 04:33:20.058470,2025-10-27 21:30:00,5.0,False,2020-11-14
B-008796,R-0014,Gym,2025-10-27 05:21:33.223918,2025-10-27 07:45:00,3.0,False,2023-02-21
B-008797,R-0196,Clubhouse,2025-10-27 06:49:32.136144,2025-11-01 20:00:00,2.0,True,2022-01-24
B-008798,R-0159,Kids Play Area,2025-10-27 08:16:03.858833,2025-10-27 10:15:00,3.0,True,2022-11-14
B-008799,R-0084,Swimming Pool,2025-10-27 10:14:35.673322,2025-10-28 07:30:00,1.0,False,2021-03-07
B-008800,R-0177,Gym,2025-10-27 13:46:22.413120,2025-10-28 10:45:00,1.0,False,2021-12-08
B-008801,R-0304,Swimming Pool,2025-10-27 15:37:00.197073,2025-10-28 16:45:00,1.0,False,2022-12-16
B-008802,R-0099,Kids Play Area,2025-10-27 18:05:30.793831,2025-10-27 18:45:00,2.0,False,2022-07-13
B-008803,R-0187,Clubhouse,2025-10-27 20:27:43.903892,2025-12-05 12:30:00,4.0,False,2020-04-30
B-008804,R-0188,Swimming Pool,2025-10-27 21:32:32.712320,2025-10-28 16:30:00,1.0,False,2023-02-11
B-008805,R-0208,Gym,2025-10-27 23:52:57.194389,2025-10-28 19:45:00,5.0,False,2021-08-16
B-008806,R-0063,Multipurpose Hall,2025-10-28 01:22:43.777261,2025-11-07 10:00:00,2.0,False,2020-11-01
B-008807,R-0125,Gym,2025-10-28 01:27:27.065681,2025-10-29 07:00:00,5.0,True,2020-12-19
B-008808,R-0152,Swimming Pool,2025-10-28 07:15:37.998092,2025-10-29 19:00:00,1.0,True,2020-03-08
B-008809,R-0106,Kids Play Area,2025-10-28 08:23:54.364413,2025-10-28 09:30:00,1.0,True,2020-01-23
B-008810,R-0026,Tennis Court,2025-10-28 10:45:21.094014,2025-10-29 18:15:00,2.0,False,2022-01-18
B-008811,R-0139,Tennis Court,2025-10-28 11:14:49.472992,2025-10-29 18:15:00,4.0,True,2022-06-23
B-008812,R-0278,Multipurpose Hall,2025-10-28 11:15:41.427345,2025-10-31 11:30:00,4.0,False,2023-06-25
B-008813,R-0274,Kids Play Area,2025-10-28 13:49:26.189742,2025-10-28 16:15:00,1.0,False,2021-08-07
B-008814,R-0288,Tennis Court,2025-10-28 14:55:47.575028,2025-10-30 07:00:00,4.0,False,2023-09-08
B-008815,R-0254,Gym,2025-10-28 15:42:16.192764,2025-10-29 17:15:00,2.0,False,2020-09-25
B-008816,R-0096,Clubhouse,2025-10-28 16:05:53.004860,2025-11-03 11:00:00,1.0,False,2022-10-22
B-008817,R-0264,Multipurpose Hall,2025-10-28 17:59:11.334399,2025-10-31 18:30:00,2.0,False,2020-01-20
B-008818,R-0281,Tennis Court,2025-10-29 01:17:42.390493,2025-10-29 19:00:00,4.0,False,2022-02-14
B-008819,R-0225,Clubhouse,2025-10-29 01:28:11.192705,2025-11-17 11:30:00,2.0,False,2021-03-31
B-008820,R-0276,Clubhouse,2025-10-29 02:38:08.890125,2025-11-15 20:15:00,1.0,False,2021-12-03
B-008821,R-0311,Kids Play Area,2025-10-29 04:47:13.935683,2025-10-30 17:15:00,5.0,False,2021-06-05
B-008822,R-0195,Tennis Court,2025-10-29 07:00:33.774038,2025-10-31 18:45:00,3.0,True,2022-06-30
B-008823,R-0238,Tennis Court,2025-10-29 11:46:10.631155,2025-10-29 19:00:00,3.0,True,2023-07-13
B-008824,R-0215,Gym,2025-10-29 12:43:01.716050,2025-10-30 07:00:00,2.0,True,2023-03-17
B-008825,R-0044,Kids Play Area,2025-10-29 12:49:34.179273,2025-10-29 17:15:00,1.0,False,2021-10-23
B-008826,R-0176,Squash Court,2025-10-29 15:55:49.841335,2025-10-29 20:30:00,5.0,True,2022-03-04
B-008827,R-0061,Squash Court,2025-10-29 16:34:50.135275,2025-10-30 20:30:00,1.0,False,2022-11-06
B-008828,R-0129,Swimming Pool,2025-10-29 16:38:01.779702,2025-10-30 08:00:00,2.0,False,2022-06-19
B-008829,R-0187,Squash Court,2025-10-29 17:44:00.774938,2025-10-30 20:15:00,4.0,False,2020-04-30
B-008830,R-0164,Multipurpose Hall,2025-10-29 20:08:22.536983,2025-10-31 17:30:00,5.0,False,2021-03-15
B-008831,R-0020,Gym,2025-10-29 20:56:17.345006,2025-10-31 09:45:00,1.0,False,2021-04-01
B-008832,R-0127,Squash Court,2025-10-30 05:05:46.590373,2025-10-30 07:00:00,3.0,False,2020-06-15
B-008833,R-0027,Gym,2025-10-30 05:30:30.027099,2025-11-01 09:45:00,2.0,False,2023-03-12
B-008834,R-0240,Tennis Court,2025-10-30 05:57:19.536985,2025-10-31 17:15:00,4.0,True,2021-08-25
B-008835,R-0233,Squash Court,2025-10-30 06:43:05.997917,2025-11-01 20:45:00,4.0,True,2021-11-14
B-008836,R-0096,Gym,2025-10-30 07:12:08.241997,2025-10-30 11:30:00,1.0,False,2022-10-22
B-008837,R-0247,Gym,2025-10-30 08:32:51.527844,2025-10-30 10:30:00,3.0,True,2021-09-01
B-008838,R-0294,Tennis Court,2025-10-30 09:19:01.275774,2025-10-30 19:30:00,4.0,False,2021-02-22
B-008839,R-0058,Swimming Pool,2025-10-30 11:35:55.370158,2025-10-31 07:00:00,3.0,False,2023-09-11
B-008840,R-0178,Badminton Court,2025-10-30 11:59:29.911104,2025-10-30 20:15:00,2.0,True,2023-06-30
B-008841,R-0146,Multipurpose Hall,2025-10-30 12:29:56.624883,2025-11-09 11:30:00,4.0,False,2020-03-14
B-008842,R-0046,Kids Play Area,2025-10-30 14:38:35.559562,2025-10-30 18:00:00,1.0,True,2021-11-08
B-008843,R-0056,Swimming Pool,2025-10-30 14:42:29.178299,2025-10-31 08:45:00,2.0,True,2020-07-16
B-008844,R-0110,Squash Court,2025-10-30 15:17:14.215426,2025-10-31 07:00:00,4.0,False,2022-06-09
B-008845,R-0243,Kids Play Area,2025-10-30 16:41:26.549952,2025-10-30 18:45:00,,False,2022-10-01
B-008846,R-0024,Clubhouse,2025-10-30 17:59:17.019777,2025-11-23 17:30:00,1.0,False,2020-09-16
B-008847,R-0050,Clubhouse,2025-10-30 18:20:17.242196,2025-11-02 20:15:00,2.0,False,2022-11-09
B-008848,R-0076,Gym,2025-10-30 23:22:55.457412,2025-11-01 10:00:00,2.0,False,2020-08-07
B-008849,R-0166,Swimming Pool,2025-10-31 01:46:48.495978,2025-10-31 08:00:00,4.0,False,2022-10-13
B-008850,R-0130,Gym,2025-10-31 04:52:21.350604,2025-10-31 07:45:00,3.0,False,2022-05-02
B-008851,R-0164,Multipurpose Hall,2025-10-31 04:57:01.762700,2025-11-02 11:30:00,5.0,False,2021-03-15
B-008852,R-0220,Badminton Court,2025-10-31 06:51:13.564145,2025-10-31 17:15:00,5.0,False,2021-05-12
B-008853,R-0082,Tennis Court,2025-10-31 07:42:17.982765,2025-11-01 18:15:00,4.0,False,2020-08-31
B-008854,R-0194,Swimming Pool,2025-10-31 08:56:38.943812,2025-11-01 08:00:00,1.0,False,2023-01-19
B-008855,R-0070,Swimming Pool,2025-10-31 11:24:04.502873,2025-11-03 18:00:00,3.0,False,2020-04-24
B-008856,R-0256,Swimming Pool,2025-10-31 12:05:09.477124,2025-10-31 16:00:00,3.0,True,2021-06-07
B-008857,R-0115,Badminton Court,2025-10-31 13:04:58.616472,2025-10-31 18:30:00,2.0,False,2021-08-17
B-008858,R-0111,Squash Court,2025-10-31 13:08:17.266899,2025-10-31 19:00:00,2.0,True,2022-01-10
B-008859,R-0248,Gym,2025-10-31 13:29:14.764140,2025-11-01 08:45:00,2.0,True,2022-12-30
B-008860,R-0077,Kids Play Area,2025-10-31 16:22:00.253998,2025-10-31 17:00:00,5.0,False,2020-09-28
B-008861,R-0012,Clubhouse,2025-10-31 19:54:54.291970,2025-12-28 12:45:00,4.0,True,2020-11-21
B-008862,R-0039,Multipurpose Hall,2025-11-01 00:11:48.173597,2025-11-28 10:00:00,5.0,False,2020-08-27
B-008863,R-0278,Multipurpose Hall,2025-11-01 00:52:08.453540,2025-11-03 11:45:00,4.0,False,2023-06-25
B-008864,R-0286,Tennis Court,2025-11-01 03:06:01.458337,2025-11-01 19:00:00,4.0,True,2020-11-25
B-008865,R-0107,Tennis Court,2025-11-01 03:08:42.961289,2025-11-01 19:30:00,2.0,False,2021-10-10
B-008866,R-0265,Kids Play Area,2025-11-01 05:15:07.389851,2025-11-01 18:30:00,3.0,False,2023-04-02
B-008867,R-0311,Squash Court,2025-11-01 06:28:03.150636,2025-11-04 08:15:00,5.0,False,2021-06-05
B-008868,R-0288,Tennis Court,2025-11-01 06:41:10.816830,2025-11-03 07:30:00,4.0,False,2023-09-08
B-008869,R-0213,Tennis Court,2025-11-01 08:43:37.787250,2025-11-03 17:30:00,5.0,True,2022-11-19
B-008870,R-0170,Swimming Pool,2025-11-01 09:08:39.263334,2025-11-01 18:00:00,4.0,False,2023-02-04
B-008871,R-0028,Gym,2025-11-01 09:26:19.583255,2025-11-01 12:45:00,4.0,False,2023-12-08
B-008872,R-0276,Kids Play Area,2025-11-01 10:14:18.758202,2025-11-01 16:30:00,1.0,False,2021-12-03
B-008873,R-0122,Kids Play Area,2025-11-01 13:04:02.810995,2025-11-01 17:30:00,1.0,False,2022-11-04
B-008874,R-0024,Swimming Pool,2025-11-01 14:14:45.957076,2025-11-02 06:15:00,1.0,False,2020-09-16
B-008875,R-0311,Multipurpose Hall,2025-11-01 20:40:42.107198,2025-11-24 18:15:00,5.0,False,2021-06-05
B-008876,R-0275,Kids Play Area,2025-11-02 00:14:52.238493,2025-11-02 17:15:00,4.0,True,2020-05-07
B-008877,R-0163,Clubhouse,2025-11-02 00:28:19.640661,2025-11-25 17:15:00,3.0,True,2022-11-25
B-008878,R-0144,Badminton Court,2025-11-02 02:41:50.818915,2025-11-02 17:15:00,3.0,False,2022-07-09
B-008879,R-0279,Badminton Court,2025-11-02 03:59:15.841913,2025-11-02 21:30:00,1.0,False,2023-11-24
B-008880,R-0146,Kids Play Area,2025-11-02 07:23:34.579377,2025-11-02 09:15:00,4.0,False,2020-03-14
B-008881,R-0269,Kids Play Area,2025-11-02 09:14:52.651299,2025-11-02 16:45:00,5.0,False,2023-11-18
B-008882,R-0069,Gym,2025-11-02 09:41:04.814109,2025-11-02 15:45:00,,False,2023-11-30
B-008883,R-0137,Kids Play Area,2025-11-02 16:42:20.443222,2025-11-02 17:30:00,2.0,True,2020-08-26
B-008884,R-0232,Multipurpose Hall,2025-11-02 23:20:29.934921,2025-11-12 10:30:00,5.0,True,2022-05-16
B-008885,R-0180,Kids Play Area,2025-11-03 01:15:59.221745,2025-11-03 16:15:00,2.0,False,2020-05-11
B-008886,R-0221,Squash Court,2025-11-03 04:34:04.760118,2025-11-06 08:15:00,1.0,True,2023-09-29
B-008887,R-0019,Multipurpose Hall,2025-11-03 05:32:34.423152,2025-11-04 18:15:00,5.0,False,2022-02-09
B-008888,R-0189,Kids Play Area,2025-11-03 08:25:48.555054,2025-11-03 17:00:00,1.0,False,2022-07-11
B-008889,R-0158,Swimming Pool,2025-11-03 09:42:25.406282,2025-11-03 16:30:00,1.0,True,2021-11-01
B-008890,R-0138,Swimming Pool,2025-11-03 10:47:43.406495,2025-11-03 16:30:00,3.0,False,2021-08-01
B-008891,R-0157,Kids Play Area,2025-11-03 11:35:57.799661,2025-11-03 16:00:00,3.0,True,2020-05-01
B-008892,R-0163,Gym,2025-11-03 12:12:24.125497,2025-11-06 18:00:00,3.0,True,2022-11-25
B-008893,R-0277,Swimming Pool,2025-11-03 12:56:42.932055,2025-11-06 19:45:00,1.0,True,2022-11-26
B-008894,R-0155,Kids Play Area,2025-11-03 14:10:27.134093,2025-11-03 18:15:00,5.0,True,2021-02-12
B-008895,R-0032,Kids Play Area,2025-11-03 15:34:02.236738,2025-11-03 17:00:00,4.0,False,2020-08-02
B-008896,R-0114,Kids Play Area,2025-11-03 16:29:30.928695,2025-11-04 10:45:00,3.0,True,2021-10-04
B-008897,R-0222,Squash Court,2025-11-03 16:59:05.897313,2025-11-04 18:15:00,3.0,False,2021-06-30
B-008898,R-0134,Clubhouse,2025-11-03 19:09:45.709103,2025-11-20 17:30:00,4.0,False,2020-03-31
B-008899,R-0280,Tennis Court,2025-11-03 21:12:50.424663,2025-11-04 17:15:00,3.0,False,2020-03-31
B-008900,R-0110,Gym,2025-11-03 21:24:13.366441,2025-11-04 10:15:00,4.0,False,2022-06-09
B-008901,R-0131,Badminton Court,2025-11-04 00:50:27.043406,2025-11-04 19:30:00,1.0,True,2023-10-18
B-008902,R-0255,Multipurpose Hall,2025-11-04 05:27:32.822995,2025-11-26 19:00:00,4.0,False,2021-08-19
B-008903,R-0297,Kids Play Area,2025-11-04 06:05:06.387626,2025-11-04 10:15:00,1.0,False,2021-05-14
B-008904,R-0076,Tennis Court,2025-11-04 08:07:28.349846,2025-11-08 07:15:00,2.0,False,2020-08-07
B-008905,R-0211,Gym,2025-11-04 10:45:38.837253,2025-11-05 07:15:00,5.0,True,2021-11-19
B-008906,R-0179,Kids Play Area,2025-11-04 10:47:01.461296,2025-11-04 17:30:00,3.0,False,2020-12-12
B-008907,R-0267,Kids Play Area,2025-11-04 12:34:09.197824,2025-11-04 16:15:00,3.0,False,2021-09-07
B-008908,R-0218,Kids Play Area,2025-11-04 15:15:08.561324,2025-11-04 16:00:00,1.0,False,2022-10-26
B-008909,R-0194,Multipurpose Hall,2025-11-04 16:44:24.197806,2025-11-11 11:15:00,1.0,False,2023-01-19
B-008910,R-0193,Kids Play Area,2025-11-04 16:51:22.411939,2025-11-04 18:30:00,2.0,True,2021-06-16
B-008911,R-0165,Clubhouse,2025-11-04 17:24:56.923352,2025-11-07 19:30:00,2.0,False,2021-12-19
B-008912,R-0285,Gym,2025-11-04 21:09:39.807870,2025-11-05 06:00:00,1.0,False,2021-10-06
B-008913,R-0064,Badminton Court,2025-11-05 01:41:06.914508,2025-11-05 17:30:00,2.0,False,2022-10-17
B-008914,R-0236,Kids Play Area,2025-11-05 02:15:04.472722,2025-11-06 09:30:00,1.0,True,2021-05-07
B-008915,R-0087,Clubhouse,2025-11-05 02:48:13.387611,2025-11-09 19:15:00,1.0,False,2023-02-22
B-008916,R-0296,Badminton Court,2025-11-05 03:17:12.092191,2025-11-06 19:00:00,5.0,False,2021-02-23
B-008917,R-0122,Gym,2025-11-05 06:13:36.406032,2025-11-05 20:00:00,1.0,False,2022-11-04
B-008918,R-0120,Gym,2025-11-05 11:44:33.749528,2025-11-05 16:00:00,2.0,True,2023-09-11
B-008919,R-0259,Swimming Pool,2025-11-05 16:06:24.976016,2025-11-05 19:00:00,3.0,False,2023-12-21
B-008920,R-0026,Tennis Court,2025-11-05 16:58:22.090197,2025-11-07 06:15:00,2.0,False,2022-01-18
B-008921,R-0090,Badminton Court,2025-11-05 20:01:35.322501,2025-11-08 19:00:00,3.0,False,2020-03-27
B-008922,R-0036,Tennis Court,2025-11-05 20:18:22.989746,2025-11-06 07:15:00,3.0,True,2021-02-14
B-008923,R-0206,Badminton Court,2025-11-05 22:55:45.708092,2025-11-06 20:00:00,3.0,False,2021-06-14
B-008924,R-0300,Badminton Court,2025-11-05 23:13:55.717412,2025-11-06 19:15:00,4.0,False,2023-10-05
B-008925,R-0098,Clubhouse,2025-11-05 23:18:28.095989,2025-11-17 18:00:00,4.0,False,2022-10-31
B-008926,R-0031,Gym,2025-11-06 02:11:18.151549,2025-11-06 16:00:00,1.0,False,2020-10-02
B-008927,R-0182,Gym,2025-11-06 03:46:52.684243,2025-11-06 17:30:00,2.0,True,2022-11-04
B-008928,R-0033,Squash Court,2025-11-06 04:45:38.941369,2025-11-07 08:15:00,1.0,False,2022-09-12
B-008929,R-0035,Swimming Pool,2025-11-06 07:40:16.288720,2025-11-09 16:15:00,1.0,False,2023-05-21
B-008930,R-0303,Gym,2025-11-06 07:48:11.212240,2025-11-06 11:45:00,2.0,False,2020-02-09
B-008931,R-0271,Squash Court,2025-11-06 11:51:52.097357,2025-11-07 08:30:00,1.0,True,2021-04-08
B-008932,R-0222,Tennis Court,2025-11-06 13:09:40.483840,2025-11-09 07:15:00,3.0,False,2021-06-30
B-008933,R-0013,Swimming Pool,2025-11-06 13:46:35.270884,2025-11-06 16:30:00,1.0,True,2023-10-18
B-008934,R-0046,Kids Play Area,2025-11-06 14:38:25.955250,2025-11-06 18:30:00,1.0,True,2021-11-08
B-008935,R-0253,Tennis Court,2025-11-06 15:15:48.592328,2025-11-07 06:30:00,4.0,True,2023-11-16
B-008936,R-0260,Gym,2025-11-06 16:22:59.832381,2025-11-06 20:00:00,5.0,False,2020-02-11
B-008937,R-0144,Swimming Pool,2025-11-06 18:02:43.986069,2025-11-07 06:45:00,3.0,False,2022-07-09
B-008938,R-0245,Squash Court,2025-11-06 19:52:44.229837,2025-11-08 07:00:00,1.0,False,2022-02-09
B-008939,R-0229,Squash Court,2025-11-06 22:43:36.063876,2025-11-08 07:45:00,2.0,False,2020-02-16
B-008940,R-0022,Squash Court,2025-11-06 23:54:02.103398,2025-11-10 07:45:00,2.0,True,2022-11-11
B-008941,R-0186,Gym,2025-11-07 03:12:43.392376,2025-11-07 18:45:00,2.0,False,2020-11-10
B-008942,R-0052,Gym,2025-11-07 04:23:40.619510,2025-11-07 11:45:00,3.0,True,2022-09-27
B-008943,R-0106,Kids Play Area,2025-11-07 08:00:28.708016,2025-11-07 09:30:00,1.0,True,2020-01-23
B-008944,R-0314,Squash Court,2025-11-07 08:40:55.982646,2025-11-08 18:30:00,2.0,False,2022-04-28
B-008945,R-0048,Badminton Court,2025-11-07 09:01:34.284956,2025-11-08 17:00:00,1.0,True,2023-12-12
B-008946,R-0196,Kids Play Area,2025-11-07 09:31:22.810233,2025-11-07 17:30:00,2.0,True,2022-01-24
B-008947,R-0052,Multipurpose Hall,2025-11-07 11:34:07.067885,2025-11-12 11:00:00,3.0,True,2022-09-27
B-008948,R-0103,Clubhouse,2025-11-07 12:59:57.575107,2025-11-20 19:45:00,2.0,True,2021-01-15
B-008949,R-0102,Squash Court,2025-11-07 14:54:30.149272,2025-11-07 18:00:00,1.0,False,2022-05-02
B-008950,R-0005,Badminton Court,2025-11-07 14:58:10.284728,2025-11-08 17:15:00,3.0,True,2021-05-16
B-008951,R-0212,Gym,2025-11-07 18:46:15.761027,2025-11-09 08:15:00,5.0,False,2023-06-20
B-008952,R-0183,Tennis Court,2025-11-07 20:49:57.625480,2025-11-08 07:45:00,5.0,False,2021-12-25
B-008953,R-0124,Squash Court,2025-11-07 22:37:29.728593,2025-11-08 18:15:00,3.0,False,2022-08-31
B-008954,R-0101,Badminton Court,2025-11-08 01:22:52.980435,2025-11-09 19:30:00,2.0,False,2021-06-13
B-008955,R-0186,Gym,2025-11-08 02:51:33.012994,2025-11-08 18:45:00,2.0,False,2020-11-10
B-008956,R-0180,Kids Play Area,2025-11-08 10:35:00.180344,2025-11-08 16:15:00,2.0,False,2020-05-11
B-008957,R-0180,Kids Play Area,2025-11-08 11:27:40.077141,2025-11-08 16:15:00,2.0,False,2020-05-11
B-008958,R-0220,Swimming Pool,2025-11-08 14:56:08.080744,2025-11-13 19:00:00,5.0,False,2021-05-12
B-008959,R-0209,Badminton Court,2025-11-08 15:24:07.628523,2025-11-08 18:15:00,3.0,False,2023-07-20
B-008960,R-0173,Multipurpose Hall,2025-11-08 16:19:31.302965,2025-11-22 11:15:00,2.0,False,2021-03-09
B-008961,R-0078,Squash Court,2025-11-08 18:13:38.910275,2025-11-11 20:15:00,3.0,False,2020-11-08
B-008962,R-0286,Multipurpose Hall,2025-11-08 21:15:37.957477,2025-12-09 19:15:00,4.0,True,2020-11-25
B-008963,R-0248,Gym,2025-11-08 21:45:20.677257,2025-11-09 08:00:00,2.0,True,2022-12-30
B-008964,R-0251,Kids Play Area,2025-11-09 02:54:24.061186,2025-11-09 10:30:00,4.0,True,2023-12-13
B-008965,R-0207,Swimming Pool,2025-11-09 04:35:53.854738,2025-11-09 17:30:00,3.0,False,2021-04-11
B-008966,R-0232,Kids Play Area,2025-11-09 06:05:33.648177,2025-11-09 10:15:00,5.0,True,2022-05-16
B-008967,R-0142,Swimming Pool,2025-11-09 07:12:51.510856,2025-11-09 07:45:00,5.0,False,2020-05-05
B-008968,R-0018,Squash Court,2025-11-09 10:36:43.349383,2025-11-09 20:30:00,3.0,False,2020-12-01
B-008969,R-0082,Swimming Pool,2025-11-09 11:17:23.207574,2025-11-09 16:00:00,4.0,False,2020-08-31
B-008970,R-0100,Badminton Court,2025-11-09 13:46:19.262909,2025-11-13 21:15:00,5.0,True,2020-08-16
B-008971,R-0168,Kids Play Area,2025-11-09 14:43:31.661774,2025-11-09 17:45:00,3.0,True,2022-09-23
B-008972,R-0217,Squash Court,2025-11-09 15:01:27.673265,2025-11-09 20:15:00,1.0,False,2020-11-09
B-008973,R-0293,Tennis Court,2025-11-09 15:39:05.401610,2025-11-10 07:15:00,3.0,True,2023-08-16
B-008974,R-0148,Tennis Court,2025-11-09 17:26:03.775692,2025-11-10 18:30:00,3.0,False,2020-09-02
B-008975,R-0263,Squash Court,2025-11-09 18:50:46.768820,2025-11-12 07:30:00,3.0,True,2022-08-11
B-008976,R-0083,Multipurpose Hall,2025-11-09 21:07:10.375662,2025-11-12 17:30:00,1.0,True,2020-03-12
B-008977,R-0105,Tennis Court,2025-11-09 22:27:24.557059,2025-11-14 07:45:00,1.0,False,2021-09-14
B-008978,R-0255,Multipurpose Hall,2025-11-10 01:18:06.059241,2025-12-04 19:30:00,4.0,False,2021-08-19
B-008979,R-0273,Multipurpose Hall,2025-11-10 01:53:49.240897,2025-11-22 18:45:00,5.0,False,2020-10-30
B-008980,R-0210,Squash Court,2025-11-10 03:03:18.134287,2025-11-10 07:00:00,1.0,False,2022-05-08
B-008981,R-0133,Clubhouse,2025-11-10 03:47:57.519060,2025-11-13 17:30:00,4.0,False,2020-03-10
B-008982,R-0207,Multipurpose Hall,2025-11-10 04:15:42.512450,2025-11-18 10:45:00,3.0,False,2021-04-11
B-008983,R-0017,Clubhouse,2025-11-10 04:56:02.885520,2025-11-17 20:30:00,1.0,False,2023-04-21
B-008984,R-0188,Squash Court,2025-11-10 05:19:37.695182,2025-11-13 07:30:00,1.0,False,2023-02-11
B-008985,R-0287,Gym,2025-11-10 07:40:01.325010,2025-11-10 15:45:00,3.0,False,2022-04-21
B-008986,R-0090,Badminton Court,2025-11-10 09:06:36.076722,2025-11-16 20:00:00,,False,2020-03-27
B-008987,R-0234,Squash Court,2025-11-10 17:28:20.701789,2025-11-11 19:30:00,4.0,False,2022-03-24
B-008988,R-0177,Badminton Court,2025-11-10 17:48:49.101587,2025-11-11 20:45:00,1.0,False,2021-12-08
B-008989,R-0305,Gym,2025-11-10 18:17:10.847387,2025-11-10 19:15:00,5.0,False,2023-08-05
B-008990,R-0245,Squash Court,2025-11-10 18:34:21.916799,2025-11-15 18:15:00,1.0,False,2022-02-09
B-008991,R-0259,Badminton Court,2025-11-10 19:19:00.134025,2025-11-11 21:00:00,3.0,False,2023-12-21
B-008992,R-0244,Kids Play Area,2025-11-11 00:27:24.452235,2025-11-11 09:45:00,2.0,True,2022-07-27
B-008993,R-0289,Squash Court,2025-11-11 09:27:27.695488,2025-11-11 20:30:00,2.0,True,2021-04-03
B-008994,R-0229,Tennis Court,2025-11-11 12:52:25.287163,2025-11-13 07:30:00,2.0,False,2020-02-16
B-008995,R-0297,Tennis Court,2025-11-11 13:59:34.215719,2025-11-13 19:00:00,1.0,False,2021-05-14
B-008996,R-0290,Gym,2025-11-11 15:09:56.896275,2025-11-11 20:00:00,3.0,False,2021-02-25
B-008997,R-0280,Tennis Court,2025-11-11 19:20:01.001130,2025-11-13 06:45:00,3.0,False,2020-03-31
B-008998,R-0109,Gym,2025-11-12 01:57:18.832388,2025-11-12 11:15:00,3.0,False,2022-10-11
B-008999,R-0313,Tennis Court,2025-11-12 04:13:25.893408,2025-11-12 07:15:00,2.0,False,2022-01-03
B-009000,R-0228,Badminton Court,2025-11-12 04:42:17.866674,2025-11-12 19:45:00,4.0,False,2023-09-10
B-009001,R-0135,Kids Play Area,2025-11-12 06:10:03.851149,2025-11-12 18:15:00,2.0,True,2021-05-18
B-009002,R-0151,Gym,2025-11-12 07:39:50.409897,2025-11-12 16:00:00,4.0,True,2020-08-06
B-009003,R-0240,Kids Play Area,2025-11-12 08:03:09.473625,2025-11-12 17:45:00,4.0,True,2021-08-25
B-009004,R-0159,Clubhouse,2025-11-12 09:02:02.029353,2025-11-14 19:15:00,3.0,True,2022-11-14
B-009005,R-0096,Gym,2025-11-12 09:41:06.559523,2025-11-14 11:15:00,1.0,False,2022-10-22
B-009006,R-0016,Kids Play Area,2025-11-12 11:06:24.519970,2025-11-12 16:00:00,1.0,True,2020-04-13
B-009007,R-0282,Clubhouse,2025-11-12 12:16:31.199074,2025-11-19 17:30:00,2.0,False,2020-02-04
B-009008,R-0027,Gym,2025-11-12 15:49:53.039778,2025-11-13 09:00:00,2.0,False,2023-03-12
B-009009,R-0005,Badminton Court,2025-11-12 18:33:07.853849,2025-11-13 20:30:00,3.0,True,2021-05-16
B-009010,R-0303,Gym,2025-11-12 22:05:12.970745,2025-11-13 11:45:00,2.0,False,2020-02-09
B-009011,R-0196,Tennis Court,2025-11-13 00:33:40.877689,2025-11-14 17:00:00,2.0,True,2022-01-24
B-009012,R-0295,Gym,2025-11-13 02:14:58.389593,2025-11-13 10:30:00,3.0,False,2023-02-14
B-009013,R-0011,Multipurpose Hall,2025-11-13 02:41:57.121675,2025-12-24 19:30:00,4.0,False,2022-01-15
B-009014,R-0141,Swimming Pool,2025-11-13 03:07:15.561556,2025-11-13 07:30:00,1.0,False,2020-01-06
B-009015,R-0205,Clubhouse,2025-11-13 05:16:21.257892,2025-11-27 19:15:00,3.0,False,2023-01-19
B-009016,R-0225,Kids Play Area,2025-11-13 05:52:41.218804,2025-11-13 10:45:00,2.0,False,2021-03-31
B-009017,R-0187,Kids Play Area,2025-11-13 07:12:41.340219,2025-11-13 16:15:00,4.0,False,2020-04-30
B-009018,R-0268,Squash Court,2025-11-13 07:21:42.637608,2025-11-17 07:45:00,5.0,False,2022-10-01
B-009019,R-0058,Tennis Court,2025-11-13 12:32:59.052196,2025-11-14 06:00:00,3.0,False,2023-09-11
B-009020,R-0176,Tennis Court,2025-11-13 13:22:10.919048,2025-11-13 17:30:00,5.0,True,2022-03-04
B-009021,R-0158,Swimming Pool,2025-11-13 13:35:29.558350,2025-11-13 16:45:00,1.0,True,2021-11-01
B-009022,R-0012,Clubhouse,2025-11-13 16:59:22.474151,2025-11-20 20:15:00,4.0,True,2020-11-21
B-009023,R-0198,Clubhouse,2025-11-13 18:40:36.748736,2025-11-17 17:00:00,5.0,False,2023-09-18
B-009024,R-0240,Clubhouse,2025-11-13 19:39:47.229239,2025-11-28 17:00:00,4.0,True,2021-08-25
B-009025,R-0144,Badminton Court,2025-11-13 19:53:41.458308,2025-11-14 17:00:00,3.0,False,2022-07-09
B-009026,R-0278,Swimming Pool,2025-11-14 00:37:38.766228,2025-11-14 06:15:00,4.0,False,2023-06-25
B-009027,R-0181,Badminton Court,2025-11-14 03:54:18.679711,2025-11-14 18:00:00,4.0,True,2022-08-08
B-009028,R-0036,Tennis Court,2025-11-14 03:58:01.681042,2025-11-14 07:15:00,3.0,True,2021-02-14
B-009029,R-0023,Tennis Court,2025-11-14 06:54:56.171983,2025-11-15 06:00:00,1.0,False,2022-12-13
B-009030,R-0149,Tennis Court,2025-11-14 07:09:47.474710,2025-11-15 17:00:00,2.0,False,2020-09-09
B-009031,R-0265,Clubhouse,2025-11-14 08:18:05.084086,2025-11-24 17:15:00,3.0,False,2023-04-02
B-009032,R-0255,Kids Play Area,2025-11-14 09:59:44.867563,2025-11-15 17:45:00,4.0,False,2021-08-19
B-009033,R-0095,Squash Court,2025-11-14 12:27:37.794308,2025-11-14 20:30:00,4.0,False,2020-03-19
B-009034,R-0045,Kids Play Area,2025-11-14 13:01:30.666731,2025-11-14 17:30:00,4.0,False,2020-05-15
B-009035,R-0112,Multipurpose Hall,2025-11-14 13:24:10.186239,2025-11-18 19:30:00,5.0,False,2020-06-02
B-009036,R-0267,Kids Play Area,2025-11-14 13:43:05.581021,2025-11-14 16:45:00,3.0,False,2021-09-07
B-009037,R-0261,Kids Play Area,2025-11-14 15:51:30.249072,2025-11-14 17:30:00,5.0,True,2023-07-12
B-009038,R-0064,Tennis Court,2025-11-14 16:02:51.413376,2025-11-16 18:45:00,2.0,False,2022-10-17
B-009039,R-0114,Kids Play Area,2025-11-14 20:29:28.406541,2025-11-15 10:00:00,3.0,True,2021-10-04
B-009040,R-0072,Badminton Court,2025-11-14 21:35:39.802156,2025-11-19 18:00:00,4.0,False,2022-05-01
B-009041,R-0271,Gym,2025-11-15 00:00:12.125244,2025-11-15 16:15:00,1.0,True,2021-04-08
B-009042,R-0199,Squash Court,2025-11-15 01:04:29.427376,2025-11-15 08:45:00,1.0,False,2023-07-24
B-009043,R-0124,Tennis Court,2025-11-15 07:25:08.294667,2025-11-15 19:45:00,3.0,False,2022-08-31
B-009044,R-0122,Gym,2025-11-15 10:51:46.969254,2025-11-15 20:00:00,1.0,False,2022-11-04
B-009045,R-0014,Gym,2025-11-15 12:43:14.983224,2025-11-16 07:00:00,3.0,False,2023-02-21
B-009046,R-0178,Gym,2025-11-15 12:59:32.602524,2025-11-15 17:30:00,2.0,True,2023-06-30
B-009047,R-0255,Multipurpose Hall,2025-11-15 13:12:49.350303,2025-12-14 19:45:00,4.0,False,2021-08-19
B-009048,R-0077,Kids Play Area,2025-11-15 14:32:34.903079,2025-11-15 17:30:00,5.0,False,2020-09-28
B-009049,R-0223,Gym,2025-11-15 14:42:58.770971,2025-11-15 19:30:00,1.0,False,2021-12-28
B-009050,R-0082,Gym,2025-11-15 14:55:06.517930,2025-11-15 20:45:00,4.0,False,2020-08-31
B-009051,R-0249,Swimming Pool,2025-11-15 16:34:46.175920,2025-11-16 16:00:00,4.0,True,2021-04-14
B-009052,R-0236,Swimming Pool,2025-11-15 17:54:51.185446,2025-11-17 08:30:00,1.0,True,2021-05-07
B-009053,R-0075,Clubhouse,2025-11-15 21:50:08.593232,2025-11-29 11:00:00,2.0,False,2023-01-11
B-009054,R-0292,Badminton Court,2025-11-15 22:26:57.492611,2025-11-16 18:30:00,3.0,False,2020-01-30
B-009055,R-0157,Swimming Pool,2025-11-16 00:31:46.961596,2025-11-16 19:30:00,3.0,True,2020-05-01
B-009056,R-0062,Badminton Court,2025-11-16 02:43:35.220827,2025-11-19 20:30:00,2.0,False,2020-06-01
B-009057,R-0230,Tennis Court,2025-11-16 02:57:56.135269,2025-11-17 19:30:00,5.0,False,2021-08-29
B-009058,R-0054,Squash Court,2025-11-16 04:10:54.749333,2025-11-16 08:45:00,2.0,False,2022-02-13
B-009059,R-0032,Kids Play Area,2025-11-16 06:45:30.532877,2025-11-16 17:15:00,4.0,False,2020-08-02
B-009060,R-0088,Badminton Court,2025-11-16 07:41:28.860582,2025-11-18 20:45:00,5.0,False,2023-05-21
B-009061,R-0039,Gym,2025-11-16 09:01:14.260448,2025-11-17 17:30:00,5.0,False,2020-08-27
B-009062,R-0044,Gym,2025-11-16 11:31:08.115596,2025-11-16 20:30:00,1.0,False,2021-10-23
B-009063,R-0070,Swimming Pool,2025-11-16 11:41:14.014364,2025-11-18 06:00:00,3.0,False,2020-04-24
B-009064,R-0215,Gym,2025-11-16 13:33:39.012677,2025-11-17 11:30:00,2.0,True,2023-03-17
B-009065,R-0015,Gym,2025-11-16 15:20:09.332922,2025-11-16 17:00:00,1.0,False,2020-06-28
B-009066,R-0184,Badminton Court,2025-11-16 18:35:55.745403,2025-11-20 21:00:00,1.0,False,2022-11-30
B-009067,R-0111,Squash Court,2025-11-17 01:48:14.774920,2025-11-17 19:00:00,2.0,True,2022-01-10
B-009068,R-0145,Tennis Court,2025-11-17 03:03:00.551005,2025-11-17 07:30:00,1.0,False,2021-10-20
B-009069,R-0274,Swimming Pool,2025-11-17 03:30:23.417490,2025-11-17 06:00:00,1.0,False,2021-08-07
B-009070,R-0074,Swimming Pool,2025-11-17 10:07:10.875617,2025-11-19 08:45:00,3.0,False,2020-01-21
B-009071,R-0266,Tennis Court,2025-11-17 11:54:15.431316,2025-11-17 17:45:00,4.0,True,2023-12-21
B-009072,R-0011,Multipurpose Hall,2025-11-17 12:03:50.110724,2025-12-07 19:00:00,4.0,False,2022-01-15
B-009073,R-0269,Squash Court,2025-11-17 13:24:31.830034,2025-11-17 18:45:00,5.0,False,2023-11-18
B-009074,R-0216,Clubhouse,2025-11-17 15:13:28.623494,2025-11-21 20:30:00,2.0,True,2022-08-14
B-009075,R-0116,Squash Court,2025-11-17 16:20:53.800452,2025-11-17 19:45:00,4.0,False,2020-04-11
B-009076,R-0108,Badminton Court,2025-11-17 19:17:14.415973,2025-11-18 17:15:00,2.0,False,2020-05-18
B-009077,R-0001,Multipurpose Hall,2025-11-17 22:08:10.675195,2025-12-22 19:45:00,4.0,False,2021-03-19
B-009078,R-0248,Clubhouse,2025-11-18 00:38:49.277249,2025-11-25 11:45:00,2.0,True,2022-12-30
B-009079,R-0138,Tennis Court,2025-11-18 01:53:11.214358,2025-11-19 19:45:00,3.0,False,2021-08-01
B-009080,R-0139,Tennis Court,2025-11-18 06:40:38.117533,2025-11-22 19:30:00,4.0,True,2022-06-23
B-009081,R-0113,Tennis Court,2025-11-18 06:43:25.406816,2025-11-20 07:30:00,4.0,False,2022-06-28
B-009082,R-0061,Swimming Pool,2025-11-18 06:55:06.542846,2025-11-20 19:45:00,1.0,False,2022-11-06
B-009083,R-0159,Kids Play Area,2025-11-18 08:18:13.465690,2025-11-18 10:15:00,3.0,True,2022-11-14
B-009084,R-0100,Badminton Court,2025-11-18 08:52:31.972795,2025-11-19 18:15:00,5.0,True,2020-08-16
B-009085,R-0268,Multipurpose Hall,2025-11-18 08:59:40.248398,2025-11-30 10:15:00,5.0,False,2022-10-01
B-009086,R-0279,Badminton Court,2025-11-18 09:24:03.547346,2025-11-18 21:00:00,1.0,False,2023-11-24
B-009087,R-0160,Clubhouse,2025-11-18 11:30:33.082962,2025-11-20 18:30:00,1.0,True,2020-08-11
B-009088,R-0143,Kids Play Area,2025-11-18 12:10:55.888892,2025-11-18 18:00:00,5.0,True,2022-08-13
B-009089,R-0233,Clubhouse,2025-11-18 15:40:44.736517,2025-12-21 12:15:00,4.0,True,2021-11-14
B-009090,R-0078,Swimming Pool,2025-11-18 17:10:07.374535,2025-11-19 16:00:00,3.0,False,2020-11-08
B-009091,R-0020,Gym,2025-11-18 18:46:32.836645,2025-11-19 11:45:00,1.0,False,2021-04-01
B-009092,R-0258,Swimming Pool,2025-11-18 20:37:53.763088,2025-11-20 19:45:00,2.0,True,2023-04-04
B-009093,R-0048,Tennis Court,2025-11-18 20:49:10.931216,2025-11-19 18:30:00,1.0,True,2023-12-12
B-009094,R-0127,Squash Court,2025-11-19 01:04:19.324877,2025-11-19 07:00:00,3.0,False,2020-06-15
B-009095,R-0188,Badminton Court,2025-11-19 05:35:25.710236,2025-11-20 17:15:00,1.0,False,2023-02-11
B-009096,R-0180,Swimming Pool,2025-11-19 06:50:34.460901,2025-11-20 17:30:00,2.0,False,2020-05-11
B-009097,R-0208,Tennis Court,2025-11-19 06:51:20.908602,2025-11-19 19:45:00,5.0,False,2021-08-16
B-009098,R-0232,Kids Play Area,2025-11-19 07:22:18.853842,2025-11-19 10:45:00,5.0,True,2022-05-16
B-009099,R-0152,Tennis Court,2025-11-19 10:12:09.634893,2025-11-20 18:30:00,1.0,True,2020-03-08
B-009100,R-0238,Badminton Court,2025-11-19 13:00:57.517511,2025-11-19 17:45:00,3.0,True,2023-07-13
B-009101,R-0211,Multipurpose Hall,2025-11-19 14:17:04.206563,2025-12-22 19:00:00,5.0,True,2021-11-19
B-009102,R-0165,Squash Court,2025-11-19 14:31:20.602403,2025-11-19 19:30:00,2.0,False,2021-12-19
B-009103,R-0212,Gym,2025-11-19 16:04:29.258682,2025-11-21 06:45:00,5.0,False,2023-06-20
B-009104,R-0187,Tennis Court,2025-11-19 18:04:18.251055,2025-11-20 18:00:00,4.0,False,2020-04-30
B-009105,R-0076,Tennis Court,2025-11-20 00:15:24.539751,2025-11-21 07:30:00,2.0,False,2020-08-07
B-009106,R-0112,Multipurpose Hall,2025-11-20 00:26:23.028143,2025-11-23 19:45:00,5.0,False,2020-06-02
B-009107,R-0129,Squash Court,2025-11-20 01:54:12.690185,2025-11-20 08:30:00,2.0,False,2022-06-19
B-009108,R-0067,Kids Play Area,2025-11-20 05:42:21.167825,2025-11-20 09:45:00,3.0,False,2020-11-02
B-009109,R-0052,Tennis Court,2025-11-20 05:54:47.808507,2025-11-20 17:00:00,3.0,True,2022-09-27
B-009110,R-0307,Kids Play Area,2025-11-20 07:25:56.430753,2025-11-20 10:00:00,2.0,True,2022-03-13
B-009111,R-0184,Squash Court,2025-11-20 08:15:00.000000,2025-11-26 08:15:00,1.0,False,2022-11-30
B-009112,R-0221,Kids Play Area,2025-11-20 09:06:52.012440,2025-11-20 17:15:00,1.0,True,2023-09-29
B-009113,R-0029,Badminton Court,2025-11-20 11:37:28.020946,2025-11-21 19:15:00,1.0,False,2020-03-01
B-009114,R-0297,Clubhouse,2025-11-20 14:58:53.277436,2025-12-21 12:00:00,1.0,False,2021-05-14
B-009115,R-0086,Squash Court,2025-11-20 16:24:21.798498,2025-11-20 19:00:00,3.0,False,2023-06-29
B-009116,R-0254,Tennis Court,2025-11-20 16:45:18.064765,2025-11-22 18:15:00,2.0,False,2020-09-25
B-009117,R-0259,Multipurpose Hall,2025-11-20 20:47:28.464393,2025-11-25 19:45:00,3.0,False,2023-12-21
B-009118,R-0006,Tennis Court,2025-11-20 22:05:00.921190,2025-11-22 07:15:00,1.0,True,2022-03-03
B-009119,R-0317,Gym,2025-11-20 22:10:22.387180,2025-11-21 10:30:00,1.0,False,2023-02-18
B-009120,R-0090,Squash Court,2025-11-20 23:42:31.290924,2025-11-23 08:00:00,3.0,False,2020-03-27
B-009121,R-0019,Tennis Court,2025-11-21 00:57:02.932003,2025-11-21 17:00:00,5.0,False,2022-02-09
B-009122,R-0157,Clubhouse,2025-11-21 02:12:38.817400,2025-12-14 17:45:00,,True,2020-05-01
B-009123,R-0127,Tennis Court,2025-11-21 04:05:03.693647,2025-11-21 17:30:00,3.0,False,2020-06-15
B-009124,R-0156,Badminton Court,2025-11-21 10:48:38.453270,2025-11-21 17:45:00,2.0,False,2020-05-03
B-009125,R-0190,Squash Court,2025-11-21 11:30:27.831055,2025-11-21 18:15:00,4.0,True,2022-05-02
B-009126,R-0228,Badminton Court,2025-11-21 13:10:10.136613,2025-11-22 19:45:00,4.0,False,2023-09-10
B-009127,R-0183,Squash Court,2025-11-21 13:17:36.995677,2025-11-22 07:45:00,5.0,False,2021-12-25
B-009128,R-0148,Kids Play Area,2025-11-21 13:38:39.810200,2025-11-21 17:00:00,3.0,False,2020-09-02
B-009129,R-0249,Kids Play Area,2025-11-21 14:24:56.487762,2025-11-21 18:45:00,4.0,True,2021-04-14
B-009130,R-0272,Badminton Court,2025-11-21 17:15:47.077968,2025-11-22 19:30:00,3.0,False,2021-11-30
B-009131,R-0096,Clubhouse,2025-11-21 19:03:21.292152,2025-11-26 11:00:00,1.0,False,2022-10-22
B-009132,R-0305,Clubhouse,2025-11-21 19:32:45.526574,2025-11-23 11:30:00,5.0,False,2023-08-05
B-009133,R-0229,Tennis Court,2025-11-21 19:53:00.352889,2025-11-25 07:30:00,2.0,False,2020-02-16
B-009134,R-0036,Tennis Court,2025-11-21 21:39:54.467644,2025-11-22 07:00:00,3.0,True,2021-02-14
B-009135,R-0269,Multipurpose Hall,2025-11-21 22:56:09.860821,2025-11-29 18:45:00,5.0,False,2023-11-18
B-009136,R-0267,Badminton Court,2025-11-22 00:03:29.471520,2025-11-22 19:00:00,3.0,False,2021-09-07
B-009137,R-0280,Clubhouse,2025-11-22 01:02:21.574960,2025-11-27 18:15:00,3.0,False,2020-03-31
B-009138,R-0186,Gym,2025-11-22 01:23:00.880923,2025-11-22 15:15:00,2.0,False,2020-11-10
B-009139,R-0154,Kids Play Area,2025-11-22 02:05:15.448944,2025-11-22 18:15:00,4.0,False,2020-04-23
B-009140,R-0273,Multipurpose Hall,2025-11-22 02:08:31.217135,2025-12-08 19:30:00,5.0,False,2020-10-30
B-009141,R-0166,Gym,2025-11-22 05:46:18.116304,2025-11-22 11:15:00,4.0,False,2022-10-13
B-009142,R-0296,Squash Court,2025-11-22 08:42:50.472526,2025-11-22 18:15:00,5.0,False,2021-02-23
B-009143,R-0078,Gym,2025-11-22 11:32:01.348287,2025-11-23 08:00:00,3.0,False,2020-11-08
B-009144,R-0304,Clubhouse,2025-11-22 13:09:53.456114,2025-11-27 20:00:00,1.0,False,2022-12-16
B-009145,R-0047,Squash Court,2025-11-22 13:42:21.627902,2025-11-22 19:15:00,2.0,False,2021-10-19
B-009146,R-0010,Kids Play Area,2025-11-22 15:27:04.816748,2025-11-23 09:30:00,3.0,True,2020-10-23
B-009147,R-0295,Clubhouse,2025-11-22 15:53:25.837489,2025-12-15 11:30:00,3.0,False,2023-02-14
B-009148,R-0224,Clubhouse,2025-11-22 17:00:00.000000,2025-11-23 17:00:00,1.0,False,2021-05-19
B-009149,R-0172,Badminton Court,2025-11-22 17:28:10.753872,2025-11-22 19:30:00,2.0,False,2020-03-14
B-009150,R-0111,Swimming Pool,2025-11-22 22:52:08.667311,2025-11-23 19:45:00,2.0,True,2022-01-10
B-009151,R-0207,Clubhouse,2025-11-23 01:39:57.078112,2025-11-30 11:00:00,3.0,False,2021-04-11
B-009152,R-0196,Kids Play Area,2025-11-23 05:03:34.550208,2025-11-23 17:15:00,2.0,True,2022-01-24
B-009153,R-0199,Badminton Court,2025-11-23 07:21:05.336382,2025-11-23 17:15:00,1.0,False,2023-07-24
B-009154,R-0146,Kids Play Area,2025-11-23 07:30:58.541386,2025-11-23 09:45:00,4.0,False,2020-03-14
B-009155,R-0070,Swimming Pool,2025-11-23 09:01:09.722013,2025-11-24 06:15:00,3.0,False,2020-04-24
B-009156,R-0028,Gym,2025-11-23 10:10:10.324024,2025-11-23 13:15:00,4.0,False,2023-12-08
B-009157,R-0012,Clubhouse,2025-11-23 11:18:38.263565,2025-12-09 20:45:00,4.0,True,2020-11-21
B-009158,R-0287,Kids Play Area,2025-11-23 13:02:38.553346,2025-11-23 16:00:00,3.0,False,2022-04-21
B-009159,R-0158,Swimming Pool,2025-11-23 14:57:49.499628,2025-11-23 16:45:00,1.0,True,2021-11-01
B-009160,R-0039,Multipurpose Hall,2025-11-23 16:05:06.459934,2025-12-03 10:00:00,5.0,False,2020-08-27
B-009161,R-0235,Badminton Court,2025-11-23 17:21:47.002635,2025-11-23 21:00:00,2.0,False,2020-08-24
B-009162,R-0022,Tennis Court,2025-11-23 19:42:02.782454,2025-11-26 17:45:00,2.0,True,2022-11-11
B-009163,R-0049,Gym,2025-11-23 22:00:00.000000,2025-11-28 10:00:00,3.0,True,2020-11-28
B-009164,R-0244,Swimming Pool,2025-11-23 22:05:36.544103,2025-11-24 16:15:00,2.0,True,2022-07-27
B-009165,R-0196,Multipurpose Hall,2025-11-23 23:18:33.489609,2025-11-30 17:15:00,2.0,True,2022-01-24
B-009166,R-0003,Swimming Pool,2025-11-24 00:09:20.639456,2025-11-25 06:00:00,1.0,False,2020-06-06
B-009167,R-0203,Gym,2025-11-24 00:09:28.550736,2025-11-24 09:15:00,4.0,False,2023-10-19
B-009168,R-0283,Badminton Court,2025-11-24 00:53:59.872829,2025-11-26 17:45:00,1.0,False,2020-02-28
B-009169,R-0032,Tennis Court,2025-11-24 03:10:38.435674,2025-11-25 06:45:00,4.0,False,2020-08-02
B-009170,R-0161,Tennis Court,2025-11-24 04:18:52.855656,2025-11-26 07:15:00,4.0,True,2022-05-10
B-009171,R-0031,Badminton Court,2025-11-24 07:25:26.985932,2025-11-24 19:15:00,1.0,False,2020-10-02
B-009172,R-0262,Tennis Court,2025-11-24 07:40:13.199098,2025-11-24 19:45:00,5.0,False,2023-08-23
B-009173,R-0001,Swimming Pool,2025-11-24 18:18:46.090050,2025-11-27 08:30:00,4.0,False,2021-03-19
B-009174,R-0142,Tennis Court,2025-11-24 23:39:13.554914,2025-11-25 07:15:00,5.0,False,2020-05-05
B-009175,R-0288,Badminton Court,2025-11-25 00:15:23.877616,2025-11-25 18:30:00,4.0,False,2023-09-08
B-009176,R-0104,Squash Court,2025-11-25 01:15:41.443649,2025-11-26 19:00:00,5.0,True,2023-02-09
B-009177,R-0013,Gym,2025-11-25 04:23:31.405719,2025-11-26 16:30:00,1.0,True,2023-10-18
B-009178,R-0029,Badminton Court,2025-11-25 04:54:43.020770,2025-11-26 19:00:00,1.0,False,2020-03-01
B-009179,R-0302,Gym,2025-11-25 08:54:31.533846,2025-11-25 15:30:00,2.0,True,2023-05-11
B-009180,R-0184,Multipurpose Hall,2025-11-25 09:46:02.915150,2025-12-10 11:00:00,1.0,False,2022-11-30
B-009181,R-0131,Badminton Court,2025-11-25 12:19:25.130543,2025-11-25 19:30:00,1.0,True,2023-10-18
B-009182,R-0092,Gym,2025-11-25 16:42:16.209480,2025-11-27 12:15:00,3.0,False,2023-07-28
B-009183,R-0236,Kids Play Area,2025-11-25 17:38:39.632215,2025-11-26 09:30:00,1.0,True,2021-05-07
B-009184,R-0193,Badminton Court,2025-11-25 19:00:00.000000,2025-11-25 20:00:00,2.0,True,2021-06-16
B-009185,R-0178,Clubhouse,2025-11-25 19:51:50.340199,2025-11-28 11:15:00,2.0,True,2023-06-30
B-009186,R-0100,Tennis Court,2025-11-25 19:53:37.457840,2025-11-26 17:00:00,5.0,True,2020-08-16
B-009187,R-0144,Tennis Court,2025-11-25 20:08:30.258840,2025-11-26 07:30:00,3.0,False,2022-07-09
B-009188,R-0027,Tennis Court,2025-11-25 20:15:57.432206,2025-11-26 06:45:00,2.0,False,2023-03-12
B-009189,R-0118,Tennis Court,2025-11-25 20:25:57.190843,2025-11-27 18:45:00,4.0,True,2021-08-22
B-009190,R-0139,Tennis Court,2025-11-25 21:20:22.932041,2025-12-05 18:00:00,4.0,True,2022-06-23
B-009191,R-0256,Gym,2025-11-25 21:31:26.503425,2025-11-26 08:30:00,3.0,True,2021-06-07
B-009192,R-0293,Tennis Court,2025-11-25 21:49:10.802133,2025-11-28 07:15:00,3.0,True,2023-08-16
B-009193,R-0056,Squash Court,2025-11-25 22:22:55.284501,2025-11-27 07:30:00,2.0,True,2020-07-16
B-009194,R-0036,Swimming Pool,2025-11-26 00:02:46.844188,2025-11-26 06:30:00,3.0,True,2021-02-14
B-009195,R-0209,Squash Court,2025-11-26 03:04:35.020400,2025-11-26 07:30:00,3.0,False,2023-07-20
B-009196,R-0180,Kids Play Area,2025-11-26 03:34:36.120601,2025-11-26 17:00:00,2.0,False,2020-05-11
B-009197,R-0083,Multipurpose Hall,2025-11-26 03:41:01.538792,2025-12-17 17:00:00,,True,2020-03-12
B-009198,R-0220,Badminton Court,2025-11-26 04:20:51.477556,2025-11-26 18:00:00,5.0,False,2021-05-12
B-009199,R-0170,Swimming Pool,2025-11-26 05:38:23.712963,2025-11-26 18:30:00,4.0,False,2023-02-04
B-009200,R-0143,Kids Play Area,2025-11-26 08:32:03.728921,2025-11-26 16:45:00,5.0,True,2022-08-13
B-009201,R-0314,Gym,2025-11-26 11:37:27.441534,2025-11-27 18:15:00,2.0,False,2022-04-28
B-009202,R-0227,Kids Play Area,2025-11-26 12:24:31.979974,2025-11-26 17:45:00,4.0,True,2021-10-13
B-009203,R-0154,Multipurpose Hall,2025-11-26 12:33:16.996770,2025-12-15 17:30:00,4.0,False,2020-04-23
B-009204,R-0125,Squash Court,2025-11-26 13:09:46.955875,2025-11-28 08:30:00,5.0,True,2020-12-19
B-009205,R-0313,Kids Play Area,2025-11-26 15:38:40.019501,2025-11-26 18:30:00,2.0,False,2022-01-03
B-009206,R-0211,Clubhouse,2025-11-26 18:39:56.837039,2025-11-29 19:45:00,5.0,True,2021-11-19
B-009207,R-0126,Tennis Court,2025-11-26 19:35:27.397815,2025-11-30 18:00:00,4.0,False,2020-12-04
B-009208,R-0030,Gym,2025-11-27 00:16:47.146686,2025-11-29 10:15:00,2.0,True,2023-02-05
B-009209,R-0234,Squash Court,2025-11-27 02:40:44.494861,2025-11-27 19:30:00,4.0,False,2022-03-24
B-009210,R-0147,Swimming Pool,2025-11-27 05:51:21.228837,2025-11-27 17:30:00,5.0,False,2023-05-17
B-009211,R-0076,Tennis Court,2025-11-27 10:27:37.940788,2025-11-28 07:30:00,2.0,False,2020-08-07
B-009212,R-0215,Gym,2025-11-27 13:00:10.958191,2025-11-29 07:00:00,2.0,True,2023-03-17
B-009213,R-0182,Gym,2025-11-27 14:20:18.939051,2025-11-27 20:30:00,2.0,True,2022-11-04
B-009214,R-0290,Swimming Pool,2025-11-27 15:31:29.020968,2025-11-27 19:30:00,3.0,False,2021-02-25
B-009215,R-0214,Badminton Court,2025-11-27 15:33:18.576401,2025-11-27 18:00:00,1.0,False,2023-10-23
B-009216,R-0062,Badminton Court,2025-11-27 19:51:50.579544,2025-11-30 17:45:00,2.0,False,2020-06-01
B-009217,R-0113,Swimming Pool,2025-11-27 20:38:43.283571,2025-11-28 07:45:00,4.0,False,2022-06-28
B-009218,R-0268,Gym,2025-11-27 22:18:34.473733,2025-11-29 10:30:00,5.0,False,2022-10-01
B-009219,R-0212,Multipurpose Hall,2025-11-28 00:01:14.736817,2025-12-07 11:30:00,5.0,False,2023-06-20
B-009220,R-0083,Gym,2025-11-28 00:12:32.357143,2025-11-28 09:15:00,1.0,True,2020-03-12
B-009221,R-0180,Kids Play Area,2025-11-28 00:18:26.387358,2025-11-28 16:45:00,2.0,False,2020-05-11
B-009222,R-0287,Swimming Pool,2025-11-28 01:32:53.473310,2025-11-28 19:30:00,3.0,False,2022-04-21
B-009223,R-0242,Kids Play Area,2025-11-28 02:33:31.824368,2025-11-29 10:00:00,3.0,True,2020-12-31
B-009224,R-0102,Squash Court,2025-11-28 03:02:31.107346,2025-11-28 07:00:00,1.0,False,2022-05-02
B-009225,R-0156,Tennis Court,2025-11-28 03:46:02.093959,2025-11-28 06:00:00,2.0,False,2020-05-03
B-009226,R-0253,Kids Play Area,2025-11-28 04:54:52.066131,2025-11-28 10:15:00,4.0,True,2023-11-16
B-009227,R-0052,Gym,2025-11-28 06:36:40.948213,2025-11-28 11:00:00,3.0,True,2022-09-27
B-009228,R-0232,Kids Play Area,2025-11-28 08:20:53.406282,2025-11-28 10:45:00,5.0,True,2022-05-16
B-009229,R-0035,Gym,2025-11-28 09:14:14.713991,2025-11-29 15:45:00,1.0,False,2023-05-21
B-009230,R-0278,Tennis Court,2025-11-28 12:12:53.568406,2025-11-29 07:45:00,4.0,False,2023-06-25
B-009231,R-0194,Tennis Court,2025-11-28 12:26:20.475173,2025-11-30 19:15:00,1.0,False,2023-01-19
B-009232,R-0148,Badminton Court,2025-11-28 13:59:23.360156,2025-11-28 18:45:00,3.0,False,2020-09-02
B-009233,R-0036,Multipurpose Hall,2025-11-28 18:28:03.155217,2025-12-08 10:15:00,3.0,True,2021-02-14
B-009234,R-0060,Clubhouse,2025-11-28 20:23:40.632131,2025-12-03 18:15:00,4.0,False,2021-10-21
B-009235,R-0229,Squash Court,2025-11-28 21:16:01.892283,2025-12-01 07:00:00,2.0,False,2020-02-16
B-009236,R-0319,Badminton Court,2025-11-29 02:21:27.798123,2025-11-29 21:15:00,1.0,False,2020-02-22
B-009237,R-0018,Swimming Pool,2025-11-29 06:35:52.240237,2025-11-29 16:00:00,3.0,False,2020-12-01
B-009238,R-0114,Kids Play Area,2025-11-29 08:28:42.358980,2025-11-29 10:45:00,3.0,True,2021-10-04
B-009239,R-0059,Kids Play Area,2025-11-29 09:38:27.060414,2025-11-30 10:00:00,2.0,True,2021-11-08
B-009240,R-0083,Multipurpose Hall,2025-11-29 09:48:02.279190,2025-12-12 17:15:00,1.0,True,2020-03-12
B-009241,R-0127,Gym,2025-11-29 10:39:57.633043,2025-11-30 07:15:00,3.0,False,2020-06-15
B-009242,R-0157,Kids Play Area,2025-11-29 12:57:54.382161,2025-11-29 16:15:00,3.0,True,2020-05-01
B-009243,R-0187,Tennis Court,2025-11-29 15:50:35.439963,2025-12-05 18:30:00,4.0,False,2020-04-30
B-009244,R-0221,Gym,2025-11-29 17:28:47.547377,2025-12-01 16:45:00,1.0,True,2023-09-29
B-009245,R-0122,Gym,2025-11-29 18:43:54.771911,2025-11-30 20:15:00,1.0,False,2022-11-04
B-009246,R-0064,Tennis Court,2025-11-29 21:10:25.486727,2025-11-30 18:45:00,2.0,False,2022-10-17
B-009247,R-0198,Gym,2025-11-29 21:25:30.634505,2025-11-30 18:00:00,5.0,False,2023-09-18
B-009248,R-0078,Gym,2025-11-30 05:15:03.263113,2025-12-01 08:00:00,3.0,False,2020-11-08
B-009249,R-0309,Kids Play Area,2025-11-30 08:10:15.277342,2025-11-30 10:15:00,1.0,True,2022-05-22
B-009250,R-0101,Badminton Court,2025-11-30 10:18:30.564492,2025-11-30 19:30:00,2.0,False,2021-06-13
B-009251,R-0092,Multipurpose Hall,2025-11-30 10:25:02.397686,2025-12-10 19:30:00,3.0,False,2023-07-28
B-009252,R-0168,Kids Play Area,2025-11-30 10:43:58.246912,2025-11-30 17:15:00,3.0,True,2022-09-23
B-009253,R-0312,Gym,2025-11-30 11:04:39.573744,2025-12-01 11:30:00,1.0,False,2022-09-04
B-009254,R-0163,Gym,2025-11-30 11:08:28.308074,2025-12-01 17:15:00,3.0,True,2022-11-25
B-009255,R-0154,Badminton Court,2025-11-30 11:47:36.345358,2025-12-01 21:30:00,4.0,False,2020-04-23
B-009256,R-0098,Gym,2025-11-30 12:00:21.368842,2025-12-01 09:45:00,4.0,False,2022-10-31
B-009257,R-0279,Clubhouse,2025-11-30 13:02:02.145265,2025-12-06 17:45:00,1.0,False,2023-11-24
B-009258,R-0206,Kids Play Area,2025-11-30 13:15:04.653067,2025-11-30 18:15:00,3.0,False,2021-06-14
B-009259,R-0238,Multipurpose Hall,2025-11-30 13:53:27.973624,2025-12-02 17:30:00,3.0,True,2023-07-13
B-009260,R-0142,Swimming Pool,2025-11-30 13:54:46.947446,2025-11-30 16:30:00,5.0,False,2020-05-05
B-009261,R-0297,Gym,2025-11-30 14:06:45.153817,2025-12-02 08:45:00,1.0,False,2021-05-14
B-009262,R-0295,Gym,2025-11-30 18:04:51.821035,2025-12-01 10:45:00,3.0,False,2023-02-14
B-009263,R-0189,Badminton Court,2025-11-30 23:10:18.439986,2025-12-01 17:45:00,1.0,False,2022-07-11
B-009264,R-0062,Squash Court,2025-12-01 05:02:01.202589,2025-12-02 18:45:00,2.0,False,2020-06-01
B-009265,R-0220,Badminton Court,2025-12-01 05:59:13.620060,2025-12-01 18:15:00,5.0,False,2021-05-12
B-009266,R-0143,Multipurpose Hall,2025-12-01 09:59:38.933714,2025-12-12 18:00:00,5.0,True,2022-08-13
B-009267,R-0020,Gym,2025-12-01 11:33:52.605500,2025-12-02 09:00:00,1.0,False,2021-04-01
B-009268,R-0259,Multipurpose Hall,2025-12-01 20:36:43.206601,2025-12-08 19:00:00,3.0,False,2023-12-21
B-009269,R-0167,Swimming Pool,2025-12-01 21:35:16.296621,2025-12-02 07:30:00,2.0,False,2020-02-05
B-009270,R-0203,Multipurpose Hall,2025-12-01 21:44:51.504448,2025-12-07 18:00:00,4.0,False,2023-10-19
B-009271,R-0259,Multipurpose Hall,2025-12-01 22:39:31.938923,2025-12-19 19:45:00,3.0,False,2023-12-21
B-009272,R-0320,Clubhouse,2025-12-01 23:05:52.909215,2025-12-09 11:45:00,2.0,True,2022-10-14
B-009273,R-0096,Gym,2025-12-02 04:08:10.267923,2025-12-02 11:15:00,1.0,False,2022-10-22
B-009274,R-0039,Multipurpose Hall,2025-12-02 04:25:27.826737,2025-12-24 10:00:00,5.0,False,2020-08-27
B-009275,R-0162,Kids Play Area,2025-12-02 04:53:48.283877,2025-12-02 09:00:00,5.0,True,2020-05-09
B-009276,R-0307,Kids Play Area,2025-12-02 09:56:54.373203,2025-12-02 10:45:00,2.0,True,2022-03-13
B-009277,R-0174,Clubhouse,2025-12-02 12:01:52.467991,2025-12-21 11:30:00,3.0,False,2022-11-22
B-009278,R-0177,Swimming Pool,2025-12-02 12:18:19.452586,2025-12-03 08:00:00,1.0,False,2021-12-08
B-009279,R-0271,Squash Court,2025-12-02 14:35:57.540840,2025-12-04 08:00:00,1.0,True,2021-04-08
B-009280,R-0110,Clubhouse,2025-12-02 15:33:06.849167,2025-12-12 11:30:00,4.0,False,2022-06-09
B-009281,R-0104,Badminton Court,2025-12-02 19:55:35.607502,2025-12-07 20:30:00,5.0,True,2023-02-09
B-009282,R-0268,Squash Court,2025-12-02 23:21:24.174804,2025-12-04 07:00:00,5.0,False,2022-10-01
B-009283,R-0016,Kids Play Area,2025-12-03 03:03:12.880339,2025-12-03 16:30:00,1.0,True,2020-04-13
B-009284,R-0192,Swimming Pool,2025-12-03 05:27:56.815224,2025-12-04 08:45:00,4.0,True,2023-07-01
B-009285,R-0098,Clubhouse,2025-12-03 06:02:40.343850,2025-12-12 18:00:00,4.0,False,2022-10-31
B-009286,R-0314,Swimming Pool,2025-12-03 08:14:09.785190,2025-12-04 07:30:00,2.0,False,2022-04-28
B-009287,R-0130,Clubhouse,2025-12-03 10:07:41.005299,2025-12-07 11:45:00,3.0,False,2022-05-02
B-009288,R-0046,Kids Play Area,2025-12-03 13:16:08.974296,2025-12-03 18:15:00,1.0,True,2021-11-08
B-009289,R-0158,Kids Play Area,2025-12-03 15:23:56.814302,2025-12-04 09:00:00,1.0,True,2021-11-01
B-009290,R-0067,Tennis Court,2025-12-03 17:15:44.649677,2025-12-04 07:30:00,3.0,False,2020-11-02
B-009291,R-0303,Tennis Court,2025-12-03 22:50:29.370300,2025-12-05 06:00:00,2.0,False,2020-02-09
B-009292,R-0096,Gym,2025-12-04 01:10:09.362950,2025-12-04 11:30:00,1.0,False,2022-10-22
B-009293,R-0173,Gym,2025-12-04 02:04:53.364345,2025-12-05 10:15:00,2.0,False,2021-03-09
B-009294,R-0254,Tennis Court,2025-12-04 02:37:27.327360,2025-12-06 07:30:00,2.0,False,2020-09-25
B-009295,R-0220,Squash Court,2025-12-04 03:15:52.970681,2025-12-05 19:00:00,5.0,False,2021-05-12
B-009296,R-0030,Clubhouse,2025-12-04 03:19:52.654519,2025-12-14 11:30:00,2.0,True,2023-02-05
B-009297,R-0195,Multipurpose Hall,2025-12-04 03:25:39.224362,2025-12-11 19:00:00,3.0,True,2022-06-30
B-009298,R-0150,Clubhouse,2025-12-04 04:27:09.399183,2025-12-10 19:00:00,5.0,False,2021-02-11
B-009299,R-0275,Gym,2025-12-04 04:59:45.069827,2025-12-05 15:30:00,4.0,True,2020-05-07
B-009300,R-0186,Gym,2025-12-04 07:08:01.082166,2025-12-04 17:45:00,2.0,False,2020-11-10
B-009301,R-0260,Gym,2025-12-04 09:18:09.996556,2025-12-04 18:00:00,5.0,False,2020-02-11
B-009302,R-0090,Badminton Court,2025-12-04 09:29:32.727226,2025-12-08 20:30:00,3.0,False,2020-03-27
B-009303,R-0307,Kids Play Area,2025-12-04 09:54:01.005812,2025-12-04 10:15:00,2.0,True,2022-03-13
B-009304,R-0045,Clubhouse,2025-12-04 13:17:52.923398,2025-12-07 17:45:00,4.0,False,2020-05-15
B-009305,R-0103,Clubhouse,2025-12-04 14:39:47.075318,2025-12-15 19:15:00,2.0,True,2021-01-15
B-009306,R-0145,Gym,2025-12-04 16:53:58.279884,2025-12-05 08:15:00,1.0,False,2021-10-20
B-009307,R-0024,Squash Court,2025-12-04 19:14:48.237373,2025-12-05 07:00:00,1.0,False,2020-09-16
B-009308,R-0317,Squash Court,2025-12-04 23:31:02.034521,2025-12-05 08:45:00,1.0,False,2023-02-18
B-009309,R-0188,Gym,2025-12-05 02:15:59.315429,2025-12-06 18:30:00,1.0,False,2023-02-11
B-009310,R-0040,Kids Play Area,2025-12-05 02:45:52.339671,2025-12-05 09:15:00,2.0,True,2023-09-02
B-009311,R-0046,Badminton Court,2025-12-05 12:41:51.016096,2025-12-06 18:30:00,1.0,True,2021-11-08
B-009312,R-0135,Kids Play Area,2025-12-05 12:54:55.331295,2025-12-05 18:45:00,2.0,True,2021-05-18
B-009313,R-0091,Tennis Court,2025-12-05 15:52:15.496821,2025-12-07 19:00:00,2.0,True,2023-12-22
B-009314,R-0070,Gym,2025-12-05 19:24:06.038715,2025-12-06 19:15:00,3.0,False,2020-04-24
B-009315,R-0245,Squash Court,2025-12-05 19:49:59.964244,2025-12-08 18:15:00,1.0,False,2022-02-09
B-009316,R-0267,Multipurpose Hall,2025-12-06 00:04:28.734200,2025-12-20 18:15:00,3.0,False,2021-09-07
B-009317,R-0248,Kids Play Area,2025-12-06 04:30:11.370590,2025-12-06 09:00:00,2.0,True,2022-12-30
B-009318,R-0197,Swimming Pool,2025-12-06 06:21:39.925290,2025-12-07 16:00:00,3.0,False,2023-05-10
B-009319,R-0199,Tennis Court,2025-12-06 08:07:06.616536,2025-12-06 19:45:00,1.0,False,2023-07-24
B-009320,R-0228,Gym,2025-12-06 08:11:07.782646,2025-12-08 13:00:00,4.0,False,2023-09-10
B-009321,R-0066,Squash Court,2025-12-06 10:46:10.676371,2025-12-07 19:30:00,2.0,False,2021-02-13
B-009322,R-0117,Swimming Pool,2025-12-06 13:52:24.501343,2025-12-07 08:15:00,4.0,False,2020-10-16
B-009323,R-0146,Badminton Court,2025-12-06 14:27:35.388213,2025-12-06 18:15:00,4.0,False,2020-03-14
B-009324,R-0072,Badminton Court,2025-12-06 14:32:24.555582,2025-12-08 18:45:00,4.0,False,2022-05-01
B-009325,R-0206,Clubhouse,2025-12-06 14:44:19.390983,2025-12-21 19:15:00,3.0,False,2021-06-14
B-009326,R-0172,Kids Play Area,2025-12-06 16:13:33.313988,2025-12-06 17:15:00,2.0,False,2020-03-14
B-009327,R-0222,Tennis Court,2025-12-06 17:17:39.766291,2025-12-07 07:00:00,3.0,False,2021-06-30
B-009328,R-0164,Multipurpose Hall,2025-12-06 17:30:00.000000,2025-12-07 17:30:00,5.0,False,2021-03-15
B-009329,R-0077,Multipurpose Hall,2025-12-06 19:52:23.351913,2025-12-13 17:45:00,5.0,False,2020-09-28
B-009330,R-0215,Gym,2025-12-06 19:53:53.567698,2025-12-07 07:45:00,2.0,True,2023-03-17
B-009331,R-0146,Clubhouse,2025-12-06 20:50:16.146605,2025-12-13 11:15:00,4.0,False,2020-03-14
B-009332,R-0166,Squash Court,2025-12-06 22:07:09.735721,2025-12-07 07:30:00,4.0,False,2022-10-13
B-009333,R-0261,Tennis Court,2025-12-06 23:41:52.008051,2025-12-08 17:45:00,5.0,True,2023-07-12
B-009334,R-0054,Squash Court,2025-12-07 02:36:39.265051,2025-12-07 08:15:00,2.0,False,2022-02-13
B-009335,R-0111,Badminton Court,2025-12-07 04:41:27.130699,2025-12-08 20:30:00,2.0,True,2022-01-10
B-009336,R-0255,Multipurpose Hall,2025-12-07 04:52:54.147108,2025-12-28 10:15:00,4.0,False,2021-08-19
B-009337,R-0161,Tennis Court,2025-12-07 05:36:16.027103,2025-12-09 07:30:00,4.0,True,2022-05-10
B-009338,R-0038,Multipurpose Hall,2025-12-07 05:36:37.528667,2025-12-12 19:15:00,5.0,False,2020-08-26
B-009339,R-0079,Kids Play Area,2025-12-07 06:27:04.205642,2025-12-07 10:15:00,3.0,True,2020-08-30
B-009340,R-0082,Tennis Court,2025-12-07 06:42:57.796609,2025-12-07 18:00:00,4.0,False,2020-08-31
B-009341,R-0169,Kids Play Area,2025-12-07 06:56:30.501957,2025-12-07 16:30:00,2.0,True,2020-03-26
B-009342,R-0144,Multipurpose Hall,2025-12-07 07:01:43.606389,2025-12-18 11:30:00,3.0,False,2022-07-09
B-009343,R-0239,Kids Play Area,2025-12-07 07:51:39.196200,2025-12-07 17:15:00,5.0,True,2023-01-01
B-009344,R-0267,Badminton Court,2025-12-07 13:28:01.958226,2025-12-07 19:00:00,3.0,False,2021-09-07
B-009345,R-0178,Gym,2025-12-07 14:03:36.983525,2025-12-07 17:45:00,2.0,True,2023-06-30
B-009346,R-0165,Swimming Pool,2025-12-07 14:24:22.240596,2025-12-07 17:30:00,2.0,False,2021-12-19
B-009347,R-0077,Kids Play Area,2025-12-07 14:29:50.757176,2025-12-07 17:15:00,5.0,False,2020-09-28
B-009348,R-0209,Badminton Court,2025-12-07 15:10:21.884195,2025-12-07 18:45:00,3.0,False,2023-07-20
B-009349,R-0105,Gym,2025-12-07 16:13:38.075886,2025-12-08 09:00:00,1.0,False,2021-09-14
B-009350,R-0044,Gym,2025-12-07 17:08:25.475421,2025-12-07 20:30:00,1.0,False,2021-10-23
B-009351,R-0100,Tennis Court,2025-12-07 20:49:34.095768,2025-12-08 17:45:00,5.0,True,2020-08-16
B-009352,R-0119,Kids Play Area,2025-12-07 22:56:26.358766,2025-12-08 09:30:00,5.0,False,2023-12-08
B-009353,R-0208,Gym,2025-12-08 04:44:27.430683,2025-12-08 19:45:00,5.0,False,2021-08-16
B-009354,R-0232,Kids Play Area,2025-12-08 04:56:43.615664,2025-12-08 10:00:00,5.0,True,2022-05-16
B-009355,R-0152,Squash Court,2025-12-08 06:16:50.089461,2025-12-10 08:15:00,1.0,True,2020-03-08
B-009356,R-0030,Clubhouse,2025-12-08 07:43:10.504909,2025-12-21 11:30:00,2.0,True,2023-02-05
B-009357,R-0084,Gym,2025-12-08 07:58:32.499622,2025-12-09 09:15:00,1.0,False,2021-03-07
B-009358,R-0163,Kids Play Area,2025-12-08 09:05:09.016292,2025-12-08 18:30:00,3.0,True,2022-11-25
B-009359,R-0236,Squash Court,2025-12-08 09:48:15.849999,2025-12-09 08:00:00,1.0,True,2021-05-07
B-009360,R-0133,Kids Play Area,2025-12-08 15:24:13.803511,2025-12-08 17:00:00,4.0,False,2020-03-10
B-009361,R-0192,Multipurpose Hall,2025-12-08 16:25:36.631799,2025-12-23 10:15:00,4.0,True,2023-07-01
B-009362,R-0125,Badminton Court,2025-12-08 19:52:00.741778,2025-12-11 19:45:00,5.0,True,2020-12-19
B-009363,R-0065,Tennis Court,2025-12-08 20:43:01.679842,2025-12-09 07:45:00,4.0,False,2023-02-14
B-009364,R-0279,Multipurpose Hall,2025-12-09 01:23:38.693027,2025-12-29 11:15:00,1.0,False,2023-11-24
B-009365,R-0141,Swimming Pool,2025-12-09 08:37:01.738060,2025-12-10 08:30:00,1.0,False,2020-01-06
B-009366,R-0032,Kids Play Area,2025-12-09 08:42:58.914639,2025-12-09 17:00:00,4.0,False,2020-08-02
B-009367,R-0031,Gym,2025-12-09 10:16:08.003543,2025-12-09 16:00:00,1.0,False,2020-10-02
B-009368,R-0018,Tennis Court,2025-12-09 10:41:05.753728,2025-12-10 19:15:00,3.0,False,2020-12-01
B-009369,R-0062,Badminton Court,2025-12-09 11:32:21.158637,2025-12-10 20:15:00,2.0,False,2020-06-01
B-009370,R-0006,Tennis Court,2025-12-09 11:36:41.903839,2025-12-14 07:30:00,1.0,True,2022-03-03
B-009371,R-0304,Badminton Court,2025-12-09 11:54:14.367117,2025-12-09 20:45:00,1.0,False,2022-12-16
B-009372,R-0224,Badminton Court,2025-12-09 13:04:58.052139,2025-12-09 18:30:00,1.0,False,2021-05-19
B-009373,R-0058,Swimming Pool,2025-12-09 14:44:29.835789,2025-12-10 06:30:00,3.0,False,2023-09-11
B-009374,R-0166,Gym,2025-12-09 17:20:02.929387,2025-12-10 08:00:00,4.0,False,2022-10-13
B-009375,R-0151,Gym,2025-12-09 18:15:50.034680,2025-12-10 17:45:00,4.0,True,2020-08-06
B-009376,R-0189,Gym,2025-12-10 02:19:28.659229,2025-12-10 06:00:00,1.0,False,2022-07-11
B-009377,R-0039,Badminton Court,2025-12-10 06:00:00.000000,2025-12-17 18:00:00,5.0,False,2020-08-27
B-009378,R-0118,Gym,2025-12-10 06:10:14.140628,2025-12-11 18:45:00,4.0,True,2021-08-22
B-009379,R-0039,Kids Play Area,2025-12-10 07:05:53.599457,2025-12-10 16:00:00,5.0,False,2020-08-27
B-009380,R-0076,Tennis Court,2025-12-10 07:18:14.667361,2025-12-13 07:30:00,2.0,False,2020-08-07
B-009381,R-0253,Tennis Court,2025-12-10 17:14:45.980118,2025-12-11 06:45:00,4.0,True,2023-11-16
B-009382,R-0188,Squash Court,2025-12-10 19:54:34.161731,2025-12-11 19:15:00,1.0,False,2023-02-11
B-009383,R-0043,Gym,2025-12-11 00:04:15.239675,2025-12-12 10:00:00,5.0,False,2023-06-13
B-009384,R-0124,Swimming Pool,2025-12-11 02:04:13.252087,2025-12-11 08:45:00,3.0,False,2022-08-31
B-009385,R-0088,Tennis Court,2025-12-11 05:50:00.823945,2025-12-12 07:45:00,5.0,False,2023-05-21
B-009386,R-0302,Tennis Court,2025-12-11 06:55:26.606345,2025-12-11 17:30:00,2.0,True,2023-05-11
B-009387,R-0052,Gym,2025-12-11 08:30:35.573296,2025-12-12 11:30:00,3.0,True,2022-09-27
B-009388,R-0165,Clubhouse,2025-12-11 10:21:04.058272,2025-12-14 19:00:00,2.0,False,2021-12-19
B-009389,R-0214,Badminton Court,2025-12-11 15:25:35.344194,2025-12-11 18:00:00,1.0,False,2023-10-23
B-009390,R-0090,Squash Court,2025-12-11 19:07:20.947270,2025-12-12 08:00:00,3.0,False,2020-03-27
B-009391,R-0060,Gym,2025-12-12 02:31:31.768531,2025-12-12 09:30:00,4.0,False,2021-10-21
B-009392,R-0282,Gym,2025-12-12 05:05:28.917551,2025-12-12 13:15:00,2.0,False,2020-02-04
B-009393,R-0274,Squash Court,2025-12-12 06:28:36.977490,2025-12-12 20:45:00,1.0,False,2021-08-07
B-009394,R-0136,Squash Court,2025-12-12 08:53:48.799154,2025-12-13 07:15:00,5.0,False,2021-06-17
B-009395,R-0104,Squash Court,2025-12-12 14:37:48.217896,2025-12-13 18:00:00,5.0,True,2023-02-09
B-009396,R-0099,Badminton Court,2025-12-12 15:24:44.973244,2025-12-12 18:30:00,2.0,False,2022-07-13
B-009397,R-0180,Multipurpose Hall,2025-12-12 16:36:44.812321,2025-12-19 10:15:00,2.0,False,2020-05-11
B-009398,R-0173,Gym,2025-12-12 18:47:00.150729,2025-12-14 20:00:00,2.0,False,2021-03-09
B-009399,R-0303,Multipurpose Hall,2025-12-12 19:26:31.291998,2025-12-14 19:45:00,2.0,False,2020-02-09
B-009400,R-0270,Multipurpose Hall,2025-12-12 21:08:35.965425,2025-12-17 11:45:00,2.0,True,2023-11-01
B-009401,R-0064,Tennis Court,2025-12-12 22:28:49.107656,2025-12-13 07:30:00,2.0,False,2022-10-17
B-009402,R-0069,Swimming Pool,2025-12-13 00:05:12.435785,2025-12-13 18:15:00,1.0,False,2023-11-30
B-009403,R-0051,Squash Court,2025-12-13 05:19:10.942771,2025-12-13 08:45:00,3.0,False,2022-07-05
B-009404,R-0194,Swimming Pool,2025-12-13 05:49:48.481081,2025-12-15 08:45:00,1.0,False,2023-01-19
B-009405,R-0097,Clubhouse,2025-12-13 12:34:28.520739,2025-12-16 19:45:00,4.0,False,2021-12-03
B-009406,R-0251,Kids Play Area,2025-12-13 15:29:18.389283,2025-12-14 09:30:00,4.0,True,2023-12-13
B-009407,R-0137,Kids Play Area,2025-12-13 15:46:54.622436,2025-12-13 17:15:00,2.0,True,2020-08-26
B-009408,R-0028,Gym,2025-12-13 16:21:42.827992,2025-12-13 20:30:00,4.0,False,2023-12-08
B-009409,R-0204,Multipurpose Hall,2025-12-13 17:15:54.833718,2025-12-15 10:00:00,4.0,False,2022-05-24
B-009410,R-0061,Multipurpose Hall,2025-12-13 21:32:45.906497,2025-12-20 18:30:00,1.0,False,2022-11-06
B-009411,R-0128,Squash Court,2025-12-13 22:46:48.838919,2025-12-14 19:00:00,4.0,False,2021-12-26
B-009412,R-0269,Kids Play Area,2025-12-14 02:13:43.941475,2025-12-14 16:00:00,5.0,False,2023-11-18
B-009413,R-0066,Badminton Court,2025-12-14 02:19:22.159809,2025-12-14 20:30:00,2.0,False,2021-02-13
B-009414,R-0293,Kids Play Area,2025-12-14 02:23:16.641136,2025-12-14 10:45:00,3.0,True,2023-08-16
B-009415,R-0235,Swimming Pool,2025-12-14 02:29:26.315633,2025-12-14 19:30:00,2.0,False,2020-08-24
B-009416,R-0199,Badminton Court,2025-12-14 04:34:25.294228,2025-12-14 18:30:00,1.0,False,2023-07-24
B-009417,R-0319,Kids Play Area,2025-12-14 06:40:53.598784,2025-12-14 16:30:00,1.0,False,2020-02-22
B-009418,R-0139,Tennis Court,2025-12-14 06:57:23.832142,2025-12-15 17:30:00,4.0,True,2022-06-23
B-009419,R-0311,Squash Court,2025-12-14 07:45:35.908797,2025-12-16 08:45:00,5.0,False,2021-06-05
B-009420,R-0145,Multipurpose Hall,2025-12-14 07:58:20.581373,2025-12-15 19:00:00,1.0,False,2021-10-20
B-009421,R-0220,Badminton Court,2025-12-14 09:06:08.618490,2025-12-18 18:45:00,5.0,False,2021-05-12
B-009422,R-0082,Gym,2025-12-14 10:32:09.904199,2025-12-14 19:00:00,4.0,False,2020-08-31
B-009423,R-0022,Swimming Pool,2025-12-14 14:01:39.074830,2025-12-15 08:30:00,2.0,True,2022-11-11
B-009424,R-0075,Squash Court,2025-12-14 14:15:01.362601,2025-12-19 08:00:00,2.0,False,2023-01-11
B-009425,R-0164,Tennis Court,2025-12-14 14:51:49.632065,2025-12-14 19:45:00,5.0,False,2021-03-15
B-009426,R-0137,Kids Play Area,2025-12-14 16:34:50.125971,2025-12-14 17:30:00,2.0,True,2020-08-26
B-009427,R-0245,Tennis Court,2025-12-14 20:47:24.311134,2025-12-22 06:00:00,1.0,False,2022-02-09
B-009428,R-0317,Gym,2025-12-14 23:14:32.726907,2025-12-15 10:00:00,1.0,False,2023-02-18
B-009429,R-0102,Squash Court,2025-12-15 01:36:44.839071,2025-12-15 07:45:00,1.0,False,2022-05-02
B-009430,R-0068,Squash Court,2025-12-15 03:39:22.022359,2025-12-15 20:15:00,3.0,False,2022-08-28
B-009431,R-0309,Kids Play Area,2025-12-15 05:46:09.427666,2025-12-15 10:00:00,1.0,True,2022-05-22
B-009432,R-0106,Multipurpose Hall,2025-12-15 08:11:26.117084,2025-12-17 10:45:00,1.0,True,2020-01-23
B-009433,R-0307,Kids Play Area,2025-12-15 10:00:30.205267,2025-12-15 10:45:00,2.0,True,2022-03-13
B-009434,R-0070,Swimming Pool,2025-12-15 11:11:43.445852,2025-12-18 06:45:00,3.0,False,2020-04-24
B-009435,R-0049,Kids Play Area,2025-12-15 12:15:37.636675,2025-12-17 10:15:00,3.0,True,2020-11-28
B-009436,R-0313,Swimming Pool,2025-12-15 12:28:41.845727,2025-12-15 16:45:00,2.0,False,2022-01-03
B-009437,R-0047,Swimming Pool,2025-12-15 12:38:22.378618,2025-12-15 17:45:00,2.0,False,2021-10-19
B-009438,R-0111,Kids Play Area,2025-12-15 12:57:15.537185,2025-12-15 16:00:00,2.0,True,2022-01-10
B-009439,R-0003,Badminton Court,2025-12-15 12:57:17.343938,2025-12-15 19:15:00,,False,2020-06-06
B-009440,R-0275,Kids Play Area,2025-12-15 13:17:26.809928,2025-12-15 17:15:00,4.0,True,2020-05-07
B-009441,R-0315,Kids Play Area,2025-12-15 13:30:17.088207,2025-12-15 16:30:00,5.0,True,2022-01-23
B-009442,R-0306,Kids Play Area,2025-12-15 13:42:19.636974,2025-12-15 16:45:00,3.0,True,2022-09-30
B-009443,R-0020,Gym,2025-12-15 16:23:33.208256,2025-12-17 09:15:00,,False,2021-04-01
B-009444,R-0138,Swimming Pool,2025-12-15 20:58:18.083199,2025-12-16 16:45:00,3.0,False,2021-08-01
B-009445,R-0159,Clubhouse,2025-12-15 21:24:23.737609,2025-12-19 20:45:00,3.0,True,2022-11-14
B-009446,R-0024,Clubhouse,2025-12-15 21:34:15.320471,2025-12-25 17:45:00,1.0,False,2020-09-16
B-009447,R-0188,Badminton Court,2025-12-15 22:09:44.574314,2025-12-20 17:00:00,1.0,False,2023-02-11
B-009448,R-0263,Tennis Court,2025-12-15 23:01:12.560926,2025-12-17 07:15:00,3.0,True,2022-08-11
B-009449,R-0297,Gym,2025-12-15 23:22:35.603579,2025-12-17 08:45:00,1.0,False,2021-05-14
B-009450,R-0280,Tennis Court,2025-12-16 07:25:14.076180,2025-12-17 17:00:00,3.0,False,2020-03-31
B-009451,R-0248,Kids Play Area,2025-12-16 09:02:52.897573,2025-12-16 10:45:00,2.0,True,2022-12-30
B-009452,R-0163,Kids Play Area,2025-12-16 14:17:58.403177,2025-12-16 18:30:00,3.0,True,2022-11-25
B-009453,R-0032,Tennis Court,2025-12-16 16:40:03.612347,2025-12-17 19:15:00,4.0,False,2020-08-02
B-009454,R-0290,Swimming Pool,2025-12-16 16:46:31.372694,2025-12-16 19:45:00,3.0,False,2021-02-25
B-009455,R-0120,Tennis Court,2025-12-16 17:39:57.873154,2025-12-17 17:00:00,2.0,True,2023-09-11
B-009456,R-0073,Kids Play Area,2025-12-16 17:42:42.515880,2025-12-16 18:15:00,1.0,True,2021-06-20
B-009457,R-0284,Gym,2025-12-16 18:04:00.128742,2025-12-17 09:15:00,1.0,False,2023-06-19
B-009458,R-0170,Swimming Pool,2025-12-16 18:05:40.490740,2025-12-17 18:15:00,4.0,False,2023-02-04
B-009459,R-0248,Clubhouse,2025-12-16 22:58:57.894895,2025-12-28 11:45:00,2.0,True,2022-12-30
B-009460,R-0234,Squash Court,2025-12-17 04:49:37.392261,2025-12-17 19:15:00,4.0,False,2022-03-24
B-009461,R-0125,Gym,2025-12-17 05:08:19.948085,2025-12-18 06:15:00,5.0,True,2020-12-19
B-009462,R-0255,Tennis Court,2025-12-17 05:25:29.425397,2025-12-20 06:30:00,4.0,False,2021-08-19
B-009463,R-0177,Squash Court,2025-12-17 07:56:47.170223,2025-12-18 18:15:00,1.0,False,2021-12-08
B-009464,R-0193,Badminton Court,2025-12-17 09:12:24.661519,2025-12-17 20:15:00,2.0,True,2021-06-16
B-009465,R-0133,Swimming Pool,2025-12-17 10:59:14.177570,2025-12-17 17:00:00,4.0,False,2020-03-10
B-009466,R-0149,Tennis Court,2025-12-17 14:04:14.118558,2025-12-18 07:30:00,2.0,False,2020-09-09
B-009467,R-0076,Multipurpose Hall,2025-12-17 21:54:25.798478,2025-12-24 10:15:00,2.0,False,2020-08-07
B-009468,R-0194,Kids Play Area,2025-12-18 00:01:33.185394,2025-12-18 09:15:00,1.0,False,2023-01-19
B-009469,R-0234,Squash Court,2025-12-18 00:30:21.789444,2025-12-19 19:15:00,4.0,False,2022-03-24
B-009470,R-0287,Gym,2025-12-18 00:30:59.048207,2025-12-18 15:45:00,3.0,False,2022-04-21
B-009471,R-0154,Multipurpose Hall,2025-12-18 05:24:53.328569,2025-12-30 19:30:00,4.0,False,2020-04-23
B-009472,R-0226,Clubhouse,2025-12-18 05:53:21.346290,2025-12-28 19:00:00,3.0,False,2020-02-27
B-009473,R-0052,Badminton Court,2025-12-18 06:52:29.923933,2025-12-18 17:30:00,3.0,True,2022-09-27
B-009474,R-0229,Kids Play Area,2025-12-18 12:35:21.154054,2025-12-19 09:00:00,2.0,False,2020-02-16
B-009475,R-0210,Badminton Court,2025-12-18 14:17:27.139247,2025-12-18 20:00:00,1.0,False,2022-05-08
B-009476,R-0215,Gym,2025-12-18 16:04:05.533777,2025-12-20 07:15:00,2.0,True,2023-03-17
B-009477,R-0036,Kids Play Area,2025-12-18 16:09:04.762732,2025-12-18 18:15:00,3.0,True,2021-02-14
B-009478,R-0203,Tennis Court,2025-12-18 16:27:23.145272,2025-12-19 07:15:00,4.0,False,2023-10-19
B-009479,R-0011,Multipurpose Hall,2025-12-18 17:51:59.734496,2025-12-27 18:45:00,4.0,False,2022-01-15
B-009480,R-0057,Squash Court,2025-12-18 18:30:31.364274,2025-12-20 08:00:00,2.0,False,2022-06-23
B-009481,R-0050,Clubhouse,2025-12-18 20:15:00.000000,2025-12-19 20:15:00,2.0,False,2022-11-09
B-009482,R-0026,Multipurpose Hall,2025-12-18 21:45:08.315902,2025-12-23 19:45:00,2.0,False,2022-01-18
B-009483,R-0101,Badminton Court,2025-12-19 02:34:22.723881,2025-12-19 19:00:00,2.0,False,2021-06-13
B-009484,R-0183,Tennis Court,2025-12-19 04:42:48.642615,2025-12-19 07:45:00,5.0,False,2021-12-25
B-009485,R-0048,Badminton Court,2025-12-19 06:36:24.314969,2025-12-19 18:30:00,1.0,True,2023-12-12
B-009486,R-0190,Squash Court,2025-12-19 06:39:38.354317,2025-12-20 19:15:00,4.0,True,2022-05-02
B-009487,R-0171,Squash Court,2025-12-19 07:31:38.406441,2025-12-20 08:00:00,4.0,False,2020-03-16
B-009488,R-0292,Swimming Pool,2025-12-19 08:09:09.025290,2025-12-21 16:30:00,3.0,False,2020-01-30
B-009489,R-0283,Gym,2025-12-19 10:41:32.939179,2025-12-21 07:45:00,1.0,False,2020-02-28
B-009490,R-0086,Squash Court,2025-12-19 11:46:29.679858,2025-12-20 08:45:00,3.0,False,2023-06-29
B-009491,R-0288,Clubhouse,2025-12-19 18:29:14.335036,2025-12-24 11:45:00,4.0,False,2023-09-08
B-009492,R-0092,Squash Court,2025-12-19 20:18:27.077547,2025-12-22 08:15:00,3.0,False,2023-07-28
B-009493,R-0233,Badminton Court,2025-12-19 21:29:57.639714,2025-12-20 17:00:00,4.0,True,2021-11-14
B-009494,R-0071,Tennis Court,2025-12-19 21:49:20.161783,2025-12-20 18:15:00,3.0,False,2021-04-18
B-009495,R-0166,Gym,2025-12-19 23:29:46.416509,2025-12-20 11:45:00,4.0,False,2022-10-13
B-009496,R-0161,Tennis Court,2025-12-20 03:03:26.391219,2025-12-23 07:30:00,4.0,True,2022-05-10
B-009497,R-0151,Gym,2025-12-20 03:37:40.113251,2025-12-20 17:00:00,4.0,True,2020-08-06
B-009498,R-0128,Tennis Court,2025-12-20 03:39:40.721485,2025-12-20 17:00:00,4.0,False,2021-12-26
B-009499,R-0276,Kids Play Area,2025-12-20 05:24:41.223349,2025-12-20 16:00:00,1.0,False,2021-12-03
B-009500,R-0064,Tennis Court,2025-12-20 05:25:16.023242,2025-12-21 18:15:00,2.0,False,2022-10-17
B-009501,R-0090,Badminton Court,2025-12-20 05:29:15.835203,2025-12-20 21:15:00,3.0,False,2020-03-27
B-009502,R-0104,Squash Court,2025-12-20 07:32:02.453577,2025-12-20 18:15:00,5.0,True,2023-02-09
B-009503,R-0157,Kids Play Area,2025-12-20 08:13:39.246137,2025-12-20 16:45:00,3.0,True,2020-05-01
B-009504,R-0044,Gym,2025-12-20 17:47:27.722702,2025-12-20 20:45:00,1.0,False,2021-10-23
B-009505,R-0259,Multipurpose Hall,2025-12-20 18:58:36.546953,2025-12-29 19:30:00,3.0,False,2023-12-21
B-009506,R-0178,Tennis Court,2025-12-20 20:50:14.871901,2025-12-21 07:00:00,2.0,True,2023-06-30
B-009507,R-0232,Kids Play Area,2025-12-20 21:04:13.132311,2025-12-21 10:15:00,5.0,True,2022-05-16
B-009508,R-0298,Swimming Pool,2025-12-20 21:58:18.650849,2025-12-21 17:45:00,1.0,True,2022-09-18
B-009509,R-0091,Squash Court,2025-12-21 03:05:11.627545,2025-12-21 20:00:00,2.0,True,2023-12-22
B-009510,R-0287,Kids Play Area,2025-12-21 03:13:45.481863,2025-12-21 16:30:00,3.0,False,2022-04-21
B-009511,R-0270,Badminton Court,2025-12-21 03:29:29.005282,2025-12-22 20:15:00,2.0,True,2023-11-01
B-009512,R-0205,Clubhouse,2025-12-21 03:53:50.182699,2025-12-28 20:30:00,3.0,False,2023-01-19
B-009513,R-0231,Gym,2025-12-21 05:38:04.005005,2025-12-22 20:30:00,1.0,False,2021-10-30
B-009514,R-0014,Tennis Court,2025-12-21 07:01:25.351307,2025-12-22 07:45:00,3.0,False,2023-02-21
B-009515,R-0254,Kids Play Area,2025-12-21 07:25:31.737619,2025-12-21 16:45:00,2.0,False,2020-09-25
B-009516,R-0100,Kids Play Area,2025-12-21 07:28:53.831278,2025-12-21 17:45:00,5.0,True,2020-08-16
B-009517,R-0166,Gym,2025-12-21 08:43:53.670605,2025-12-21 11:45:00,4.0,False,2022-10-13
B-009518,R-0122,Badminton Court,2025-12-21 09:52:02.284856,2025-12-21 21:45:00,1.0,False,2022-11-04
B-009519,R-0054,Badminton Court,2025-12-21 11:33:33.120671,2025-12-21 20:00:00,2.0,False,2022-02-13
B-009520,R-0135,Kids Play Area,2025-12-21 11:49:23.130208,2025-12-21 18:45:00,2.0,True,2021-05-18
B-009521,R-0056,Swimming Pool,2025-12-21 12:03:13.414257,2025-12-22 08:15:00,2.0,True,2020-07-16
B-009522,R-0101,Badminton Court,2025-12-21 12:06:02.617280,2025-12-21 19:15:00,2.0,False,2021-06-13
B-009523,R-0123,Badminton Court,2025-12-21 12:27:11.404949,2025-12-21 17:30:00,5.0,False,2021-05-23
B-009524,R-0194,Kids Play Area,2025-12-21 14:19:59.606918,2025-12-22 10:00:00,1.0,False,2023-01-19
B-009525,R-0209,Kids Play Area,2025-12-21 14:44:24.749132,2025-12-21 16:30:00,3.0,False,2023-07-20
B-009526,R-0129,Swimming Pool,2025-12-21 14:59:17.196177,2025-12-22 08:30:00,2.0,False,2022-06-19
B-009527,R-0218,Squash Court,2025-12-21 16:30:55.706880,2025-12-21 19:30:00,1.0,False,2022-10-26
B-009528,R-0152,Kids Play Area,2025-12-21 17:31:49.635149,2025-12-22 09:15:00,1.0,True,2020-03-08
B-009529,R-0045,Clubhouse,2025-12-21 20:15:00.000000,2025-12-22 20:15:00,4.0,False,2020-05-15
B-009530,R-0158,Gym,2025-12-21 20:41:17.782349,2025-12-22 09:30:00,1.0,True,2021-11-01
B-009531,R-0240,Gym,2025-12-21 20:58:57.511469,2025-12-22 16:15:00,4.0,True,2021-08-25
B-009532,R-0023,Tennis Court,2025-12-22 00:28:18.657456,2025-12-22 06:00:00,1.0,False,2022-12-13
B-009533,R-0098,Gym,2025-12-22 00:42:00.854399,2025-12-23 07:30:00,4.0,False,2022-10-31
B-009534,R-0187,Squash Court,2025-12-22 01:26:08.255520,2025-12-22 20:00:00,4.0,False,2020-04-30
B-009535,R-0096,Gym,2025-12-22 01:40:56.981455,2025-12-22 07:15:00,1.0,False,2022-10-22
B-009536,R-0305,Gym,2025-12-22 02:24:33.015191,2025-12-22 09:45:00,5.0,False,2023-08-05
B-009537,R-0217,Tennis Court,2025-12-22 03:37:53.380288,2025-12-22 17:15:00,1.0,False,2020-11-09
B-009538,R-0135,Kids Play Area,2025-12-22 04:07:11.217685,2025-12-22 16:45:00,2.0,True,2021-05-18
B-009539,R-0038,Kids Play Area,2025-12-22 04:16:53.653599,2025-12-22 17:00:00,5.0,False,2020-08-26
B-009540,R-0187,Squash Court,2025-12-22 05:16:54.606851,2025-12-23 07:45:00,4.0,False,2020-04-30
B-009541,R-0062,Squash Court,2025-12-22 10:13:30.063557,2025-12-23 18:00:00,2.0,False,2020-06-01
B-009542,R-0032,Kids Play Area,2025-12-22 10:51:14.802382,2025-12-22 17:30:00,4.0,False,2020-08-02
B-009543,R-0180,Kids Play Area,2025-12-22 12:47:08.929023,2025-12-22 16:15:00,2.0,False,2020-05-11
B-009544,R-0221,Kids Play Area,2025-12-22 13:29:13.708877,2025-12-23 17:00:00,1.0,True,2023-09-29
B-009545,R-0078,Swimming Pool,2025-12-22 16:00:00.000000,2025-12-28 16:00:00,3.0,False,2020-11-08
B-009546,R-0092,Kids Play Area,2025-12-22 18:12:16.829921,2025-12-25 17:15:00,3.0,False,2023-07-28
B-009547,R-0120,Kids Play Area,2025-12-23 03:17:26.288119,2025-12-23 09:00:00,2.0,True,2023-09-11
B-009548,R-0175,Squash Court,2025-12-23 04:30:43.706643,2025-12-23 08:30:00,1.0,False,2020-01-26
B-009549,R-0035,Swimming Pool,2025-12-23 09:45:35.335456,2025-12-25 16:15:00,1.0,False,2023-05-21
B-009550,R-0057,Badminton Court,2025-12-23 12:14:00.305620,2025-12-24 21:00:00,2.0,False,2022-06-23
B-009551,R-0124,Swimming Pool,2025-12-23 13:13:39.865937,2025-12-23 17:30:00,3.0,False,2022-08-31
B-009552,R-0296,Squash Court,2025-12-23 13:53:59.406732,2025-12-24 18:15:00,5.0,False,2021-02-23
B-009553,R-0087,Multipurpose Hall,2025-12-23 14:22:41.621589,2025-12-26 19:00:00,1.0,False,2023-02-22
B-009554,R-0084,Swimming Pool,2025-12-23 14:31:56.802298,2025-12-24 07:00:00,1.0,False,2021-03-07
B-009555,R-0016,Squash Court,2025-12-23 15:50:15.554626,2025-12-25 19:30:00,1.0,True,2020-04-13
B-009556,R-0114,Kids Play Area,2025-12-23 17:09:33.442483,2025-12-25 10:30:00,3.0,True,2021-10-04
B-009557,R-0207,Gym,2025-12-23 18:18:02.886450,2025-12-24 08:00:00,3.0,False,2021-04-11
B-009558,R-0131,Gym,2025-12-23 18:27:16.734192,2025-12-24 08:30:00,1.0,True,2023-10-18
B-009559,R-0185,Tennis Court,2025-12-24 04:21:12.167255,2025-12-25 18:15:00,4.0,False,2023-10-25
B-009560,R-0096,Gym,2025-12-24 08:34:38.435647,2025-12-25 11:15:00,1.0,False,2022-10-22
B-009561,R-0138,Badminton Court,2025-12-24 08:45:48.399283,2025-12-24 21:30:00,3.0,False,2021-08-01
B-009562,R-0269,Kids Play Area,2025-12-24 08:48:12.123083,2025-12-24 16:45:00,5.0,False,2023-11-18
B-009563,R-0109,Badminton Court,2025-12-24 09:31:04.448299,2025-12-25 20:00:00,3.0,False,2022-10-11
B-009564,R-0244,Squash Court,2025-12-24 10:00:38.272180,2025-12-24 20:45:00,2.0,True,2022-07-27
B-009565,R-0118,Gym,2025-12-24 12:58:22.194637,2025-12-24 18:30:00,4.0,True,2021-08-22
B-009566,R-0003,Swimming Pool,2025-12-24 14:41:32.730870,2025-12-27 19:15:00,1.0,False,2020-06-06
B-009567,R-0210,Kids Play Area,2025-12-24 15:29:49.306457,2025-12-24 18:45:00,1.0,False,2022-05-08
B-009568,R-0240,Tennis Court,2025-12-24 16:12:14.601798,2025-12-30 17:30:00,4.0,True,2021-08-25
B-009569,R-0046,Kids Play Area,2025-12-24 17:44:01.970301,2025-12-24 18:45:00,1.0,True,2021-11-08
B-009570,R-0146,Clubhouse,2025-12-24 19:26:51.151542,2025-12-27 11:30:00,4.0,False,2020-03-14
B-009571,R-0023,Tennis Court,2025-12-24 20:35:05.882372,2025-12-25 06:00:00,1.0,False,2022-12-13
B-009572,R-0055,Multipurpose Hall,2025-12-25 01:02:10.407490,2025-12-27 18:15:00,3.0,False,2020-04-03
B-009573,R-0278,Squash Court,2025-12-25 03:35:09.327261,2025-12-25 19:45:00,4.0,False,2023-06-25
B-009574,R-0301,Kids Play Area,2025-12-25 06:31:35.303722,2025-12-25 09:00:00,3.0,False,2023-12-19
B-009575,R-0151,Gym,2025-12-25 06:47:09.884146,2025-12-25 17:45:00,4.0,True,2020-08-06
B-009576,R-0159,Tennis Court,2025-12-25 07:41:17.973786,2025-12-25 19:45:00,3.0,True,2022-11-14
B-009577,R-0280,Tennis Court,2025-12-25 10:08:39.991202,2025-12-26 17:45:00,3.0,False,2020-03-31
B-009578,R-0045,Clubhouse,2025-12-25 10:21:26.074619,2025-12-27 17:30:00,4.0,False,2020-05-15
B-009579,R-0172,Kids Play Area,2025-12-25 12:46:31.274001,2025-12-25 17:00:00,2.0,False,2020-03-14
B-009580,R-0105,Squash Court,2025-12-25 16:52:15.074499,2025-12-29 08:15:00,1.0,False,2021-09-14
B-009581,R-0091,Tennis Court,2025-12-25 21:28:27.936714,2025-12-27 06:45:00,2.0,True,2023-12-22
B-009582,R-0264,Tennis Court,2025-12-26 01:45:43.448846,2025-12-27 06:30:00,2.0,False,2020-01-20
B-009583,R-0094,Clubhouse,2025-12-26 03:37:47.730381,2025-12-31 17:00:00,5.0,False,2020-03-17
B-009584,R-0229,Squash Court,2025-12-26 05:04:14.246507,2025-12-29 07:00:00,,False,2020-02-16
B-009585,R-0166,Tennis Court,2025-12-26 05:15:44.107386,2025-12-27 07:45:00,4.0,False,2022-10-13
B-009586,R-0111,Squash Court,2025-12-26 10:14:53.834253,2025-12-26 19:15:00,2.0,True,2022-01-10
B-009587,R-0139,Tennis Court,2025-12-26 10:44:47.741277,2025-12-29 18:15:00,4.0,True,2022-06-23
B-009588,R-0198,Squash Court,2025-12-26 11:12:53.548052,2025-12-28 18:45:00,5.0,False,2023-09-18
B-009589,R-0306,Kids Play Area,2025-12-26 11:49:53.939461,2025-12-26 16:45:00,3.0,True,2022-09-30
B-009590,R-0235,Swimming Pool,2025-12-26 12:32:33.251066,2025-12-27 19:00:00,2.0,False,2020-08-24
B-009591,R-0083,Multipurpose Hall,2025-12-26 12:51:21.501233,2025-12-31 17:45:00,1.0,True,2020-03-12
B-009592,R-0291,Tennis Court,2025-12-26 15:10:55.420970,2025-12-27 07:45:00,5.0,False,2020-11-14
B-009593,R-0163,Kids Play Area,2025-12-26 16:42:46.838426,2025-12-26 18:00:00,3.0,True,2022-11-25
B-009594,R-0027,Swimming Pool,2025-12-26 17:21:34.665582,2025-12-27 06:30:00,2.0,False,2023-03-12
B-009595,R-0181,Tennis Court,2025-12-26 17:26:13.277854,2025-12-28 06:15:00,4.0,True,2022-08-08
B-009596,R-0125,Gym,2025-12-26 19:15:00.000000,2025-12-31 07:15:00,5.0,True,2020-12-19
B-009597,R-0062,Badminton Court,2025-12-26 22:29:32.119744,2025-12-29 20:15:00,2.0,False,2020-06-01
B-009598,R-0122,Gym,2025-12-26 23:53:12.934544,2025-12-27 06:45:00,1.0,False,2022-11-04
B-009599,R-0019,Multipurpose Hall,2025-12-27 01:02:09.292759,2025-12-28 19:30:00,5.0,False,2022-02-09
B-009600,R-0069,Gym,2025-12-27 01:23:31.849866,2025-12-27 15:45:00,1.0,False,2023-11-30
B-009601,R-0180,Badminton Court,2025-12-27 03:40:45.814965,2025-12-27 21:15:00,2.0,False,2020-05-11
B-009602,R-0271,Kids Play Area,2025-12-27 03:46:40.419298,2025-12-28 09:30:00,1.0,True,2021-04-08
B-009603,R-0090,Tennis Court,2025-12-27 07:03:00.238316,2025-12-30 18:45:00,3.0,False,2020-03-27
B-009604,R-0126,Gym,2025-12-27 07:05:01.153360,2025-12-27 17:30:00,4.0,False,2020-12-04
B-009605,R-0086,Squash Court,2025-12-27 08:51:06.820138,2025-12-27 19:30:00,3.0,False,2023-06-29
B-009606,R-0054,Badminton Court,2025-12-27 09:31:17.923959,2025-12-27 18:45:00,2.0,False,2022-02-13
B-009607,R-0018,Tennis Court,2025-12-27 10:12:46.774966,2025-12-28 19:30:00,3.0,False,2020-12-01
B-009608,R-0132,Swimming Pool,2025-12-27 10:30:11.938947,2025-12-29 06:00:00,3.0,True,2020-10-06
B-009609,R-0225,Kids Play Area,2025-12-27 11:13:39.898796,2025-12-27 16:30:00,2.0,False,2021-03-31
B-009610,R-0272,Squash Court,2025-12-27 11:25:40.071476,2025-12-28 20:30:00,3.0,False,2021-11-30
B-009611,R-0028,Gym,2025-12-27 13:22:12.199897,2025-12-27 20:30:00,4.0,False,2023-12-08
B-009612,R-0100,Badminton Court,2025-12-27 19:31:47.103732,2025-12-28 18:30:00,5.0,True,2020-08-16
B-009613,R-0006,Swimming Pool,2025-12-27 21:07:40.706776,2025-12-28 16:30:00,1.0,True,2022-03-03
B-009614,R-0129,Squash Court,2025-12-27 21:35:56.498157,2025-12-28 08:30:00,2.0,False,2022-06-19
B-009615,R-0048,Tennis Court,2025-12-27 22:07:07.607075,2025-12-31 18:45:00,1.0,True,2023-12-12
B-009616,R-0075,Squash Court,2025-12-27 23:36:09.381805,2025-12-30 07:15:00,2.0,False,2023-01-11
B-009617,R-0155,Badminton Court,2025-12-28 02:58:10.628064,2025-12-28 17:15:00,5.0,True,2021-02-12
B-009618,R-0057,Gym,2025-12-28 04:34:33.095577,2025-12-28 08:45:00,2.0,False,2022-06-23
B-009619,R-0182,Gym,2025-12-28 06:16:33.336595,2025-12-28 19:15:00,2.0,True,2022-11-04
B-009620,R-0043,Tennis Court,2025-12-28 07:04:20.154487,2025-12-30 07:15:00,5.0,False,2023-06-13
B-009621,R-0209,Gym,2025-12-28 07:15:18.105555,2025-12-28 11:45:00,3.0,False,2023-07-20
B-009622,R-0124,Squash Court,2025-12-28 09:44:20.941873,2025-12-28 18:15:00,3.0,False,2022-08-31
B-009623,R-0082,Gym,2025-12-28 10:03:04.987734,2025-12-28 19:45:00,4.0,False,2020-08-31
B-009624,R-0217,Squash Court,2025-12-28 10:57:25.791364,2025-12-28 20:00:00,1.0,False,2020-11-09
B-009625,R-0120,Kids Play Area,2025-12-28 11:35:00.233582,2025-12-28 17:45:00,2.0,True,2023-09-11
B-009626,R-0038,Tennis Court,2025-12-29 02:33:14.844615,2025-12-29 17:30:00,5.0,False,2020-08-26
B-009627,R-0036,Swimming Pool,2025-12-29 03:43:14.552318,2025-12-29 06:00:00,3.0,True,2021-02-14
B-009628,R-0159,Kids Play Area,2025-12-29 07:03:25.690607,2025-12-29 10:00:00,3.0,True,2022-11-14
B-009629,R-0178,Kids Play Area,2025-12-29 08:15:07.558257,2025-12-29 10:45:00,2.0,True,2023-06-30
B-009630,R-0290,Swimming Pool,2025-12-29 12:41:24.964517,2025-12-29 19:15:00,3.0,False,2021-02-25
B-009631,R-0058,Swimming Pool,2025-12-29 12:43:24.740413,2025-12-30 08:30:00,3.0,False,2023-09-11
B-009632,R-0042,Badminton Court,2025-12-29 12:53:17.922213,2025-12-29 17:30:00,3.0,False,2022-11-14
B-009633,R-0137,Kids Play Area,2025-12-29 15:07:39.641834,2025-12-29 17:45:00,2.0,True,2020-08-26
B-009634,R-0214,Badminton Court,2025-12-29 15:56:13.084221,2025-12-29 18:00:00,1.0,False,2023-10-23
B-009635,R-0046,Kids Play Area,2025-12-29 16:21:30.558407,2025-12-29 18:15:00,1.0,True,2021-11-08
B-009636,R-0317,Gym,2025-12-29 19:05:48.921777,2025-12-30 10:15:00,1.0,False,2023-02-18
B-009637,R-0171,Squash Court,2025-12-29 20:21:53.884868,2025-12-30 20:15:00,4.0,False,2020-03-16
B-009638,R-0212,Gym,2025-12-29 20:38:09.137974,2025-12-30 08:30:00,5.0,False,2023-06-20
B-009639,R-0022,Kids Play Area,2025-12-30 01:12:54.168009,2025-12-30 09:15:00,2.0,True,2022-11-11
B-009640,R-0275,Kids Play Area,2025-12-30 11:42:58.986708,2025-12-30 17:45:00,4.0,True,2020-05-07
B-009641,R-0176,Tennis Court,2025-12-30 14:43:37.450805,2025-12-30 17:30:00,5.0,True,2022-03-04
B-009642,R-0117,Swimming Pool,2025-12-30 18:03:18.210751,2025-12-30 19:30:00,4.0,False,2020-10-16
B-009643,R-0302,Gym,2025-12-30 18:58:34.408021,2025-12-31 15:00:00,2.0,True,2023-05-11
B-009644,R-0278,Swimming Pool,2025-12-30 21:57:21.823935,2025-12-31 06:15:00,4.0,False,2023-06-25
B-009645,R-0236,Kids Play Area,2025-12-31 01:42:39.589158,2025-12-31 09:30:00,1.0,True,2021-05-07
B-009646,R-0153,Gym,2025-12-31 04:27:44.257246,2025-12-31 08:00:00,5.0,False,2023-03-03
B-009647,R-0073,Swimming Pool,2025-12-31 04:45:12.444840,2025-12-31 08:30:00,1.0,True,2021-06-20
B-009648,R-0013,Badminton Court,2025-12-31 05:49:42.211798,2025-12-31 18:15:00,1.0,True,2023-10-18
B-009649,R-0311,Kids Play Area,2025-12-31 06:44:17.178550,2025-12-31 16:45:00,5.0,False,2021-06-05
B-009650,R-0052,Gym,2025-12-31 07:09:58.710184,2025-12-31 11:45:00,3.0,True,2022-09-27
B-009651,R-0256,Swimming Pool,2025-12-31 12:45:04.045711,2025-12-31 16:45:00,3.0,True,2021-06-07
B-009652,R-0193,Badminton Court,2025-12-31 15:49:10.251123,2025-12-31 20:15:00,2.0,True,2021-06-16
