record_ref,resident_id,past_bookings_seen,last_facility_booked,pred_facility,pred_facility_confidence,pred_facility_top3,pred_usage_day,pred_usage_time,pred_nudge_day,pred_nudge_time,actual_facility,actual_usage_day,actual_usage_time,actual_booked_day,actual_booked_time,facility_match,usage_day_match,usage_hour_match,notification_time_match,matches_out_of_4,all_match
B-007915,R-0158,55,Swimming Pool,Swimming Pool,0.569,"Swimming Pool, Kids Play Area, Gym",Fri,16:00,Fri,10:50,Swimming Pool,Fri,16:45,Fri,13:44,True,True,True,True,4,True
B-007916,R-0244,22,Squash Court,Badminton Court,0.458,"Badminton Court, Squash Court, Kids Play Area",Fri,19:00,Fri,00:32,Kids Play Area,Fri,17:15,Fri,14:00,False,True,False,False,1,False
B-007917,R-0101,42,Gym,Badminton Court,0.419,"Badminton Court, Squash Court, Kids Play Area",Sat,19:00,Sat,00:13,Squash Court,Sat,07:45,Fri,16:25,False,True,False,False,1,False
B-007918,R-0082,39,Gym,Gym,0.375,"Gym, Clubhouse, Tennis Court",Sat,19:00,Sat,13:34,Gym,Fri,19:15,Fri,18:06,True,False,True,False,2,False
B-007919,R-0187,43,Clubhouse,Multipurpose Hall,0.181,"Multipurpose Hall, Clubhouse, Kids Play Area",Mon,17:00,Tue,05:55,Multipurpose Hall,Mon,17:00,Sat,00:23,True,True,True,False,3,False
B-007920,R-0143,19,Kids Play Area,Kids Play Area,0.686,"Kids Play Area, Swimming Pool, Multipurpose Hall",Sat,18:00,Sat,03:49,Kids Play Area,Sat,18:30,Sat,01:18,True,True,True,False,3,False
B-007921,R-0232,54,Kids Play Area,Kids Play Area,0.723,"Kids Play Area, Badminton Court, Gym",Sat,10:00,Sat,01:50,Multipurpose Hall,Tue,11:00,Sat,02:15,False,False,False,False,0,False
B-007922,R-0092,35,Kids Play Area,Kids Play Area,0.656,"Kids Play Area, Multipurpose Hall, Badminton Court",Sat,16:00,Sat,02:58,Tennis Court,Mon,06:30,Sat,02:24,False,False,False,False,0,False
B-007923,R-0249,23,Swimming Pool,Swimming Pool,0.454,"Swimming Pool, Tennis Court, Multipurpose Hall",Sat,17:00,Sat,01:26,Swimming Pool,Sat,16:45,Sat,05:38,True,True,False,False,2,False
B-007924,R-0064,63,Tennis Court,Tennis Court,0.211,"Tennis Court, Swimming Pool, Badminton Court",Sat,18:00,Fri,16:14,Badminton Court,Sat,17:15,Sat,05:50,False,True,False,False,1,False
B-007925,R-0048,25,Clubhouse,Kids Play Area,0.236,"Kids Play Area, Clubhouse, Tennis Court",Sat,16:00,Sat,08:21,Tennis Court,Sun,18:45,Sat,07:55,False,False,False,False,0,False
B-007926,R-0069,30,Gym,Swimming Pool,0.206,"Swimming Pool, Gym, Badminton Court",Sat,17:00,Sat,00:50,Badminton Court,Sat,17:15,Sat,08:50,False,True,True,False,2,False
B-007927,R-0178,31,Clubhouse,Clubhouse,0.326,"Clubhouse, Badminton Court, Gym",Sun,11:00,Fri,03:38,Kids Play Area,Sat,10:30,Sat,09:11,False,False,False,False,0,False
B-007928,R-0293,48,Tennis Court,Tennis Court,0.528,"Tennis Court, Multipurpose Hall, Kids Play Area",Mon,07:00,Sat,17:57,Tennis Court,Mon,07:30,Sat,10:50,True,True,True,False,3,False
B-007929,R-0144,45,Badminton Court,Badminton Court,0.435,"Badminton Court, Swimming Pool, Multipurpose Hall",Sat,17:00,Fri,21:39,Badminton Court,Sat,17:30,Sat,11:43,True,True,True,False,3,False
B-007930,R-0045,41,Swimming Pool,Swimming Pool,0.174,"Swimming Pool, Clubhouse, Gym",Sat,16:00,Sat,11:01,Gym,Sat,15:15,Sat,13:03,False,True,False,True,2,False
B-007931,R-0112,13,Multipurpose Hall,Multipurpose Hall,0.397,"Multipurpose Hall, Tennis Court, Clubhouse",Sat,19:00,Sun,01:47,Kids Play Area,Sat,18:30,Sat,13:04,False,True,False,False,1,False
B-007932,R-0090,67,Clubhouse,Badminton Court,0.237,"Badminton Court, Squash Court, Clubhouse",Sun,20:00,Sat,02:11,Badminton Court,Sun,18:00,Sat,13:33,True,True,False,False,2,False
B-007933,R-0049,11,Badminton Court,Gym,0.233,"Gym, Kids Play Area, Badminton Court",Mon,10:00,Sat,23:01,Badminton Court,Wed,20:30,Sat,14:25,False,False,False,False,0,False
B-007934,R-0275,37,Badminton Court,Multipurpose Hall,0.419,"Multipurpose Hall, Kids Play Area, Swimming Pool",Sat,19:00,Sun,17:35,Gym,Sun,17:00,Sat,14:58,False,False,False,False,0,False
B-007935,R-0255,57,Kids Play Area,Multipurpose Hall,0.213,"Multipurpose Hall, Gym, Kids Play Area",Sun,19:00,Wed,21:59,Gym,Sun,12:30,Sat,17:54,False,True,False,False,1,False
B-007936,R-0076,54,Swimming Pool,Multipurpose Hall,0.26,"Multipurpose Hall, Tennis Court, Swimming Pool",Sun,10:00,Thu,07:45,Badminton Court,Mon,17:45,Sat,20:18,False,False,False,False,0,False
B-007937,R-0196,33,Clubhouse,Clubhouse,0.371,"Clubhouse, Swimming Pool, Multipurpose Hall",Sun,20:00,Fri,15:55,Kids Play Area,Sun,17:15,Sat,20:54,False,True,False,False,1,False
B-007938,R-0155,25,Gym,Gym,0.302,"Gym, Swimming Pool, Kids Play Area",Sun,17:00,Sat,23:39,Gym,Sun,17:00,Sat,22:56,True,True,True,True,4,True
B-007939,R-0133,24,Swimming Pool,Swimming Pool,0.578,"Swimming Pool, Clubhouse, Gym",Sun,17:00,Sun,07:22,Swimming Pool,Sun,16:15,Sun,01:49,True,True,False,False,2,False
B-007940,R-0043,17,Gym,Gym,0.537,"Gym, Swimming Pool, Badminton Court",Sun,11:00,Sat,03:28,Kids Play Area,Mon,09:30,Sun,04:22,False,False,False,True,1,False
B-007941,R-0170,30,Clubhouse,Swimming Pool,0.413,"Swimming Pool, Clubhouse, Tennis Court",Mon,18:00,Mon,02:30,Kids Play Area,Sun,09:00,Sun,05:14,False,False,False,False,0,False
B-007942,R-0221,35,Squash Court,Gym,0.26,"Gym, Clubhouse, Squash Court",Mon,16:00,Sun,10:26,Kids Play Area,Mon,17:00,Sun,07:17,False,True,False,True,2,False
B-007943,R-0204,11,Gym,Gym,0.405,"Gym, Swimming Pool, Badminton Court",Sun,11:00,Sun,04:45,Gym,Sun,14:45,Sun,08:52,True,True,False,True,3,False
B-007944,R-0056,47,Swimming Pool,Swimming Pool,0.56,"Swimming Pool, Squash Court, Kids Play Area",Mon,08:00,Sun,16:18,Swimming Pool,Mon,07:45,Sun,09:48,True,True,False,False,2,False
B-007945,R-0028,31,Gym,Gym,0.502,"Gym, Swimming Pool, Badminton Court",Sun,20:00,Sun,12:43,Gym,Sun,16:00,Sun,11:53,True,True,False,False,2,False
B-007946,R-0131,12,Squash Court,Badminton Court,0.339,"Badminton Court, Squash Court, Swimming Pool",Sun,19:00,Sat,23:38,Badminton Court,Sun,19:00,Sun,11:57,True,True,True,False,3,False
B-007947,R-0077,30,Swimming Pool,Kids Play Area,0.477,"Kids Play Area, Swimming Pool, Gym",Sun,17:00,Sun,12:39,Kids Play Area,Sun,17:00,Sun,12:17,True,True,True,True,4,True
B-007948,R-0066,50,Tennis Court,Squash Court,0.456,"Squash Court, Clubhouse, Tennis Court",Sun,19:00,Sun,01:54,Clubhouse,Sun,20:45,Sun,12:20,False,True,False,False,1,False
B-007949,R-0283,28,Kids Play Area,Swimming Pool,0.21,"Swimming Pool, Kids Play Area, Gym",Sun,17:00,Sat,09:58,Kids Play Area,Tue,18:00,Sun,14:51,False,False,False,False,0,False
B-007950,R-0159,29,Multipurpose Hall,Multipurpose Hall,0.218,"Multipurpose Hall, Tennis Court, Kids Play Area",Mon,17:00,Tue,22:56,Clubhouse,Wed,20:45,Sun,22:02,False,False,False,False,0,False
B-007951,R-0184,39,Swimming Pool,Badminton Court,0.367,"Badminton Court, Tennis Court, Swimming Pool",Mon,21:00,Sat,21:38,Swimming Pool,Tue,08:30,Sun,22:05,False,False,False,False,0,False
B-007952,R-0127,34,Clubhouse,Kids Play Area,0.215,"Kids Play Area, Tennis Court, Clubhouse",Sun,09:00,Sat,21:05,Multipurpose Hall,Fri,11:00,Sun,22:11,False,False,False,False,0,False
B-007953,R-0076,55,Badminton Court,Multipurpose Hall,0.339,"Multipurpose Hall, Swimming Pool, Tennis Court",Wed,10:00,Sat,11:45,Multipurpose Hall,Mon,10:15,Mon,00:14,True,False,True,False,2,False
B-007954,R-0220,47,Gym,Badminton Court,0.41,"Badminton Court, Tennis Court, Gym",Wed,18:00,Tue,01:57,Badminton Court,Tue,21:15,Mon,01:22,True,False,False,True,2,False
B-007955,R-0228,26,Gym,Gym,0.523,"Gym, Badminton Court, Squash Court",Tue,15:00,Tue,00:15,Gym,Mon,16:30,Mon,02:42,True,False,False,True,2,False
B-007956,R-0245,32,Squash Court,Squash Court,0.645,"Squash Court, Tennis Court, Gym",Mon,18:00,Sun,08:26,Squash Court,Tue,18:45,Mon,06:34,True,False,True,True,3,False
B-007957,R-0083,41,Multipurpose Hall,Multipurpose Hall,0.439,"Multipurpose Hall, Clubhouse, Swimming Pool",Wed,17:00,Thu,10:19,Clubhouse,Sat,18:15,Mon,07:19,False,False,False,False,0,False
B-007958,R-0074,9,Swimming Pool,Swimming Pool,0.45,"Swimming Pool, Squash Court, Clubhouse",Tue,08:00,Mon,13:24,Gym,Tue,10:30,Mon,07:28,False,True,False,False,1,False
B-007959,R-0036,65,Multipurpose Hall,Multipurpose Hall,0.323,"Multipurpose Hall, Tennis Court, Kids Play Area",Tue,10:00,Sun,06:49,Tennis Court,Tue,07:30,Mon,08:19,False,True,False,False,1,False
B-007960,R-0238,24,Multipurpose Hall,Tennis Court,0.295,"Tennis Court, Multipurpose Hall, Squash Court",Tue,17:00,Tue,10:11,Tennis Court,Mon,19:45,Mon,16:18,True,False,False,False,1,False
B-007961,R-0184,40,Swimming Pool,Badminton Court,0.343,"Badminton Court, Swimming Pool, Tennis Court",Wed,21:00,Mon,19:29,Multipurpose Hall,Tue,11:45,Mon,18:06,False,False,False,False,0,False
B-007962,R-0303,51,Multipurpose Hall,Multipurpose Hall,0.448,"Multipurpose Hall, Gym, Kids Play Area",Tue,18:00,Fri,11:49,Multipurpose Hall,Fri,18:30,Mon,18:13,True,False,True,True,3,False
B-007963,R-0026,33,Kids Play Area,Tennis Court,0.306,"Tennis Court, Multipurpose Hall, Kids Play Area",Tue,18:00,Sun,22:56,Tennis Court,Wed,18:45,Mon,20:39,True,False,True,True,3,False
B-007964,R-0176,23,Swimming Pool,Swimming Pool,0.361,"Swimming Pool, Squash Court, Tennis Court",Tue,06:00,Mon,20:21,Swimming Pool,Tue,06:15,Mon,23:58,True,True,True,False,3,False
B-007965,R-0025,11,Multipurpose Hall,Tennis Court,0.217,"Tennis Court, Swimming Pool, Multipurpose Hall",Wed,07:00,Mon,22:37,Swimming Pool,Thu,07:30,Tue,02:00,False,False,True,False,1,False
B-007966,R-0033,30,Swimming Pool,Squash Court,0.378,"Squash Court, Swimming Pool, Gym",Tue,19:00,Tue,03:23,Gym,Tue,17:30,Tue,03:46,False,True,False,True,2,False
B-007967,R-0268,35,Squash Court,Squash Court,0.592,"Squash Court, Kids Play Area, Tennis Court",Sat,07:00,Fri,01:31,Squash Court,Sat,07:45,Tue,04:42,True,True,True,False,3,False
B-007968,R-0191,7,Tennis Court,Tennis Court,0.285,"Tennis Court, Kids Play Area, Clubhouse",Tue,19:00,Tue,04:30,Tennis Court,Tue,19:30,Tue,06:58,True,True,True,True,4,True
B-007969,R-0081,8,Gym,Gym,0.253,"Gym, Tennis Court, Squash Court",Tue,11:00,Mon,19:39,Clubhouse,Mon,11:30,Tue,07:30,False,False,True,False,1,False
B-007970,R-0101,43,Squash Court,Badminton Court,0.432,"Badminton Court, Squash Court, Clubhouse",Tue,19:00,Mon,23:38,Badminton Court,Wed,19:30,Tue,10:03,True,False,True,False,2,False
B-007971,R-0302,25,Swimming Pool,Multipurpose Hall,0.24,"Multipurpose Hall, Swimming Pool, Gym",Tue,19:00,Mon,02:25,Swimming Pool,Tue,19:00,Tue,11:01,False,True,True,False,2,False
B-007972,R-0142,25,Kids Play Area,Swimming Pool,0.268,"Swimming Pool, Kids Play Area, Tennis Court",Tue,07:00,Tue,01:20,Swimming Pool,Thu,07:30,Tue,13:18,True,False,True,False,2,False
B-007973,R-0046,48,Badminton Court,Kids Play Area,0.216,"Kids Play Area, Swimming Pool, Clubhouse",Tue,18:00,Tue,14:28,Gym,Tue,19:00,Tue,13:47,False,True,False,True,2,False
B-007974,R-0082,40,Gym,Gym,0.359,"Gym, Clubhouse, Swimming Pool",Tue,19:00,Tue,15:06,Tennis Court,Tue,18:45,Tue,14:26,False,True,False,True,2,False
B-007975,R-0010,15,Clubhouse,Clubhouse,0.482,"Clubhouse, Swimming Pool, Multipurpose Hall",Sat,11:00,Sun,23:59,Badminton Court,Thu,17:15,Tue,17:22,False,False,False,False,0,False
B-007976,R-0103,15,Gym,Gym,0.323,"Gym, Swimming Pool, Clubhouse",Tue,19:00,Tue,02:02,Gym,Wed,16:30,Tue,17:37,True,False,False,False,1,False
B-007977,R-0058,47,Swimming Pool,Swimming Pool,0.493,"Swimming Pool, Multipurpose Hall, Clubhouse",Wed,08:00,Tue,14:32,Swimming Pool,Thu,08:00,Tue,18:02,True,False,True,False,2,False
B-007978,R-0161,19,Tennis Court,Tennis Court,0.436,"Tennis Court, Clubhouse, Squash Court",Wed,07:00,Mon,05:06,Tennis Court,Thu,07:45,Tue,18:53,True,False,True,False,2,False
B-007979,R-0146,64,Gym,Badminton Court,0.285,"Badminton Court, Kids Play Area, Clubhouse",Tue,18:00,Tue,05:43,Clubhouse,Thu,11:00,Tue,19:16,False,False,False,False,0,False
B-007980,R-0292,30,Swimming Pool,Badminton Court,0.384,"Badminton Court, Swimming Pool, Multipurpose Hall",Sat,18:00,Fri,19:47,Badminton Court,Thu,18:15,Tue,21:32,True,False,True,False,2,False
B-007981,R-0019,31,Tennis Court,Tennis Court,0.381,"Tennis Court, Multipurpose Hall, Squash Court",Tue,17:00,Tue,02:32,Tennis Court,Mon,17:30,Tue,22:02,True,False,True,False,2,False
B-007982,R-0213,6,Badminton Court,Badminton Court,0.339,"Badminton Court, Clubhouse, Gym",Wed,18:00,Tue,14:59,Multipurpose Hall,Thu,18:15,Tue,22:07,False,False,True,False,1,False
B-007983,R-0163,40,Kids Play Area,Kids Play Area,0.528,"Kids Play Area, Gym, Badminton Court",Tue,18:00,Tue,02:14,Gym,Thu,17:30,Tue,22:53,False,False,False,False,0,False
B-007984,R-0022,22,Kids Play Area,Kids Play Area,0.49,"Kids Play Area, Swimming Pool, Clubhouse",Thu,09:00,Wed,21:32,Kids Play Area,Thu,09:45,Wed,02:05,True,True,True,False,3,False
B-007985,R-0263,47,Kids Play Area,Tennis Court,0.225,"Tennis Court, Swimming Pool, Kids Play Area",Thu,07:00,Mon,23:30,Badminton Court,Wed,20:30,Wed,04:38,False,False,False,False,0,False
B-007986,R-0234,39,Squash Court,Squash Court,0.612,"Squash Court, Tennis Court, Gym",Wed,19:00,Wed,02:41,Squash Court,Wed,19:30,Wed,05:04,True,True,True,True,4,True
B-007987,R-0203,38,Swimming Pool,Tennis Court,0.277,"Tennis Court, Swimming Pool, Clubhouse",Wed,07:00,Mon,23:00,Gym,Wed,10:15,Wed,08:30,False,True,False,False,1,False
B-007988,R-0177,31,Gym,Gym,0.248,"Gym, Kids Play Area, Squash Court",Wed,10:00,Tue,18:12,Gym,Wed,10:30,Wed,09:55,True,True,True,False,3,False
B-007989,R-0064,64,Badminton Court,Tennis Court,0.197,"Tennis Court, Swimming Pool, Multipurpose Hall",Wed,18:00,Tue,13:47,Tennis Court,Sun,18:15,Wed,09:59,True,False,True,False,2,False
B-007990,R-0215,45,Squash Court,Gym,0.341,"Gym, Squash Court, Tennis Court",Sat,07:00,Fri,15:50,Gym,Fri,07:15,Wed,10:02,True,False,True,False,2,False
B-007991,R-0229,38,Squash Court,Squash Court,0.582,"Squash Court, Tennis Court, Gym",Wed,07:00,Tue,00:58,Squash Court,Thu,07:45,Wed,11:27,True,False,True,False,2,False
B-007992,R-0256,34,Swimming Pool,Swimming Pool,0.42,"Swimming Pool, Gym, Tennis Court",Wed,16:00,Wed,09:14,Swimming Pool,Wed,16:30,Wed,11:54,True,True,True,True,4,True
B-007993,R-0083,42,Clubhouse,Multipurpose Hall,0.428,"Multipurpose Hall, Clubhouse, Kids Play Area",Thu,17:00,Fri,06:56,Multipurpose Hall,Sat,17:15,Wed,13:00,True,False,True,False,2,False
B-007994,R-0151,30,Gym,Gym,0.617,"Gym, Squash Court, Swimming Pool",Wed,17:00,Wed,02:00,Gym,Wed,17:00,Wed,13:14,True,True,True,False,3,False
B-007995,R-0143,20,Kids Play Area,Kids Play Area,0.694,"Kids Play Area, Multipurpose Hall, Swimming Pool",Wed,18:00,Wed,13:52,Kids Play Area,Wed,18:30,Wed,13:18,True,True,True,True,4,True
B-007996,R-0230,17,Gym,Tennis Court,0.235,"Tennis Court, Clubhouse, Gym",Sat,18:00,Thu,20:12,Gym,Thu,09:45,Wed,16:44,False,False,False,False,0,False
B-007997,R-0278,45,Tennis Court,Tennis Court,0.402,"Tennis Court, Gym, Squash Court",Wed,07:00,Tue,18:59,Badminton Court,Wed,20:15,Wed,17:18,False,True,False,False,1,False
B-007998,R-0305,24,Kids Play Area,Clubhouse,0.254,"Clubhouse, Gym, Tennis Court",Wed,11:00,Sat,20:12,Tennis Court,Thu,07:15,Wed,19:46,False,False,False,False,0,False
B-007999,R-0185,9,Tennis Court,Tennis Court,0.483,"Tennis Court, Squash Court, Swimming Pool",Fri,18:00,Thu,10:00,Tennis Court,Thu,18:15,Thu,02:43,True,False,True,False,2,False
B-008000,R-0233,37,Badminton Court,Badminton Court,0.398,"Badminton Court, Squash Court, Multipurpose Hall",Sat,17:00,Fri,04:37,Badminton Court,Sat,17:30,Thu,03:31,True,True,True,False,3,False
B-008001,R-0060,24,Gym,Clubhouse,0.223,"Clubhouse, Badminton Court, Gym",Thu,17:00,Mon,18:43,Kids Play Area,Thu,09:45,Thu,04:08,False,True,False,False,1,False
B-008002,R-0079,16,Kids Play Area,Kids Play Area,0.676,"Kids Play Area, Badminton Court, Gym",Thu,10:00,Thu,04:46,Kids Play Area,Thu,10:30,Thu,05:13,True,True,True,True,4,True
B-008003,R-0011,33,Multipurpose Hall,Multipurpose Hall,0.659,"Multipurpose Hall, Kids Play Area, Swimming Pool",Sat,19:00,Wed,14:48,Multipurpose Hall,Wed,19:45,Thu,10:16,True,False,True,False,2,False
B-008004,R-0145,26,Tennis Court,Tennis Court,0.465,"Tennis Court, Multipurpose Hall, Gym",Fri,07:00,Thu,10:06,Tennis Court,Fri,06:30,Thu,11:01,True,True,False,True,3,False
B-008005,R-0045,42,Gym,Gym,0.2,"Gym, Clubhouse, Tennis Court",Sat,15:00,Sat,09:39,Clubhouse,Sat,17:30,Thu,12:21,False,True,False,False,1,False
B-008006,R-0111,46,Swimming Pool,Swimming Pool,0.665,"Swimming Pool, Tennis Court, Gym",Fri,19:00,Fri,02:56,Swimming Pool,Thu,19:45,Thu,15:21,True,False,True,False,2,False
B-008007,R-0287,15,Clubhouse,Swimming Pool,0.272,"Swimming Pool, Gym, Clubhouse",Fri,19:00,Fri,03:15,Kids Play Area,Thu,18:15,Thu,16:16,False,False,False,False,0,False
B-008008,R-0235,23,Squash Court,Swimming Pool,0.313,"Swimming Pool, Squash Court, Multipurpose Hall",Sat,19:00,Sat,00:52,Swimming Pool,Sun,19:45,Thu,21:55,True,False,True,False,2,False
B-008009,R-0032,63,Squash Court,Tennis Court,0.414,"Tennis Court, Squash Court, Kids Play Area",Fri,06:00,Wed,20:00,Tennis Court,Sat,06:30,Thu,22:28,True,False,True,True,3,False
B-008010,R-0247,13,Badminton Court,Swimming Pool,0.375,"Swimming Pool, Tennis Court, Squash Court",Fri,06:00,Thu,20:34,Swimming Pool,Fri,08:00,Thu,23:52,True,True,False,True,3,False
B-008011,R-0212,59,Multipurpose Hall,Gym,0.269,"Gym, Clubhouse, Multipurpose Hall",Sat,08:00,Fri,01:44,Multipurpose Hall,Sun,10:15,Fri,01:27,False,False,False,False,0,False
B-008012,R-0062,44,Badminton Court,Badminton Court,0.614,"Badminton Court, Squash Court, Gym",Fri,20:00,Thu,02:54,Badminton Court,Fri,20:30,Fri,01:37,True,True,True,False,3,False
B-008013,R-0181,31,Tennis Court,Badminton Court,0.239,"Badminton Court, Tennis Court, Gym",Sat,18:00,Fri,07:50,Gym,Sat,07:00,Fri,04:16,False,True,False,False,1,False
B-008014,R-0302,26,Swimming Pool,Multipurpose Hall,0.241,"Multipurpose Hall, Swimming Pool, Clubhouse",Fri,19:00,Wed,21:24,Multipurpose Hall,Thu,19:00,Fri,04:34,True,False,True,False,2,False
B-008015,R-0180,55,Badminton Court,Badminton Court,0.368,"Badminton Court, Kids Play Area, Multipurpose Hall",Fri,21:00,Thu,20:12,Badminton Court,Fri,21:45,Fri,05:46,True,True,True,False,3,False
B-008016,R-0275,38,Gym,Multipurpose Hall,0.449,"Multipurpose Hall, Kids Play Area, Swimming Pool",Sat,19:00,Tue,09:52,Clubhouse,Sat,17:15,Fri,05:51,False,True,False,False,1,False
B-008017,R-0260,20,Squash Court,Swimming Pool,0.294,"Swimming Pool, Squash Court, Gym",Fri,17:00,Fri,09:01,Swimming Pool,Fri,17:30,Fri,06:36,True,True,True,True,4,True
B-008018,R-0016,27,Kids Play Area,Kids Play Area,0.444,"Kids Play Area, Clubhouse, Swimming Pool",Fri,16:00,Fri,07:23,Clubhouse,Wed,19:30,Fri,08:33,False,False,False,False,0,False
B-008019,R-0279,46,Badminton Court,Multipurpose Hall,0.258,"Multipurpose Hall, Badminton Court, Squash Court",Sat,11:00,Thu,05:44,Clubhouse,Sat,18:15,Fri,10:40,False,True,False,False,1,False
B-008020,R-0304,17,Swimming Pool,Swimming Pool,0.324,"Swimming Pool, Clubhouse, Gym",Fri,17:00,Fri,08:56,Swimming Pool,Fri,17:45,Fri,11:38,True,True,True,True,4,True
B-008021,R-0300,20,Badminton Court,Badminton Court,0.452,"Badminton Court, Tennis Court, Multipurpose Hall",Fri,19:00,Fri,00:35,Badminton Court,Fri,19:30,Fri,13:19,True,True,True,False,3,False
B-008022,R-0212,60,Multipurpose Hall,Clubhouse,0.236,"Clubhouse, Gym, Multipurpose Hall",Sat,11:00,Sun,01:54,Gym,Sun,08:00,Fri,13:54,False,False,False,False,0,False
B-008023,R-0296,28,Gym,Squash Court,0.429,"Squash Court, Gym, Tennis Court",Fri,18:00,Thu,08:36,Gym,Sat,20:45,Fri,15:03,False,False,False,True,1,False
B-008024,R-0167,36,Swimming Pool,Gym,0.243,"Gym, Swimming Pool, Clubhouse",Sat,10:00,Sat,05:16,Squash Court,Sat,08:00,Fri,17:06,False,True,False,False,1,False
B-008025,R-0006,18,Tennis Court,Tennis Court,0.293,"Tennis Court, Badminton Court, Swimming Pool",Sat,07:00,Thu,19:48,Tennis Court,Sat,07:15,Fri,19:11,True,True,True,False,3,False
B-008026,R-0220,48,Badminton Court,Badminton Court,0.424,"Badminton Court, Gym, Tennis Court",Fri,18:00,Wed,14:46,Gym,Wed,07:15,Fri,19:15,False,False,False,False,0,False
B-008027,R-0108,8,Clubhouse,Squash Court,0.181,"Squash Court, Clubhouse, Kids Play Area",Sat,07:00,Fri,03:20,Gym,Sat,09:15,Fri,22:41,False,True,False,False,1,False
B-008028,R-0255,58,Gym,Gym,0.202,"Gym, Tennis Court, Multipurpose Hall",Sat,11:00,Fri,03:07,Gym,Sat,12:15,Fri,23:17,True,True,False,False,2,False
B-008029,R-0194,61,Swimming Pool,Swimming Pool,0.394,"Swimming Pool, Multipurpose Hall, Clubhouse",Fri,08:00,Thu,02:11,Swimming Pool,Thu,08:00,Fri,23:28,True,False,True,False,2,False
B-008030,R-0158,56,Swimming Pool,Swimming Pool,0.585,"Swimming Pool, Kids Play Area, Clubhouse",Sat,16:00,Sat,06:05,Swimming Pool,Sat,18:45,Sat,01:44,True,True,False,False,2,False
B-008031,R-0252,18,Tennis Court,Gym,0.212,"Gym, Kids Play Area, Tennis Court",Sat,11:00,Fri,15:48,Gym,Sat,18:45,Sat,02:23,True,True,False,True,3,False
B-008032,R-0183,29,Kids Play Area,Multipurpose Hall,0.255,"Multipurpose Hall, Badminton Court, Kids Play Area",Sat,11:00,Wed,00:39,Squash Court,Sun,07:30,Sat,02:34,False,False,False,False,0,False
B-008033,R-0276,37,Squash Court,Kids Play Area,0.31,"Kids Play Area, Tennis Court, Squash Court",Sat,16:00,Sat,03:25,Tennis Court,Sat,17:00,Sat,03:10,False,True,False,True,2,False
B-008034,R-0291,21,Badminton Court,Badminton Court,0.511,"Badminton Court, Clubhouse, Squash Court",Mon,21:00,Mon,01:48,Badminton Court,Sat,21:15,Sat,03:22,True,False,True,True,3,False
B-008035,R-0052,74,Squash Court,Multipurpose Hall,0.26,"Multipurpose Hall, Badminton Court, Squash Court",Mon,10:00,Wed,20:05,Multipurpose Hall,Tue,19:00,Sat,03:31,True,False,False,False,1,False
B-008036,R-0056,48,Swimming Pool,Swimming Pool,0.546,"Swimming Pool, Squash Court, Kids Play Area",Mon,08:00,Sun,15:47,Squash Court,Sun,07:30,Sat,07:05,False,False,False,False,0,False
B-008037,R-0101,44,Badminton Court,Badminton Court,0.454,"Badminton Court, Squash Court, Clubhouse",Sat,19:00,Sat,00:03,Badminton Court,Sun,20:00,Sat,08:02,True,False,False,False,1,False
B-008038,R-0035,17,Gym,Gym,0.446,"Gym, Swimming Pool, Squash Court",Sun,15:00,Sat,07:54,Badminton Court,Sun,18:30,Sat,09:05,False,True,False,True,2,False
B-008039,R-0199,20,Badminton Court,Tennis Court,0.266,"Tennis Court, Badminton Court, Multipurpose Hall",Sat,19:00,Fri,09:49,Tennis Court,Sat,19:45,Sat,09:45,True,True,True,False,3,False
B-008040,R-0042,14,Badminton Court,Badminton Court,0.523,"Badminton Court, Squash Court, Clubhouse",Sat,17:00,Sat,13:01,Badminton Court,Sat,17:30,Sat,15:08,True,True,True,True,4,True
B-008041,R-0137,32,Kids Play Area,Kids Play Area,0.768,"Kids Play Area, Swimming Pool, Multipurpose Hall",Sat,17:00,Sat,15:31,Kids Play Area,Sat,17:45,Sat,15:46,True,True,True,True,4,True
B-008042,R-0100,48,Kids Play Area,Kids Play Area,0.214,"Kids Play Area, Tennis Court, Multipurpose Hall",Sat,17:00,Sat,11:05,Gym,Sun,14:00,Sat,16:05,False,False,False,False,0,False
B-008043,R-0012,32,Gym,Gym,0.391,"Gym, Tennis Court, Squash Court",Sun,17:00,Sat,09:22,Clubhouse,Sun,20:15,Sat,16:32,False,True,False,False,1,False
B-008044,R-0175,31,Gym,Squash Court,0.288,"Squash Court, Gym, Tennis Court",Sun,08:00,Sat,15:49,Gym,Sun,08:15,Sat,16:49,False,True,True,True,3,False
B-008045,R-0255,59,Gym,Multipurpose Hall,0.213,"Multipurpose Hall, Gym, Tennis Court",Sun,11:00,Tue,15:16,Multipurpose Hall,Sat,19:00,Sat,20:32,True,False,False,False,1,False
B-008046,R-0311,57,Multipurpose Hall,Clubhouse,0.281,"Clubhouse, Multipurpose Hall, Kids Play Area",Mon,11:00,Mon,14:54,Squash Court,Sun,19:15,Sat,21:35,False,False,False,False,0,False
B-008047,R-0197,7,Swimming Pool,Swimming Pool,0.485,"Swimming Pool, Gym, Squash Court",Sun,07:00,Sat,17:54,Multipurpose Hall,Sat,17:15,Sat,21:56,False,False,False,False,0,False
B-008048,R-0222,17,Swimming Pool,Tennis Court,0.353,"Tennis Court, Swimming Pool, Squash Court",Sun,07:00,Fri,14:12,Multipurpose Hall,Tue,19:30,Sat,23:55,False,False,False,False,0,False
B-008049,R-0079,17,Kids Play Area,Kids Play Area,0.645,"Kids Play Area, Badminton Court, Multipurpose Hall",Sun,10:00,Sat,22:31,Multipurpose Hall,Sun,19:00,Sun,01:24,False,True,False,False,1,False
B-008050,R-0035,18,Badminton Court,Gym,0.312,"Gym, Swimming Pool, Clubhouse",Sun,15:00,Sat,04:59,Gym,Thu,15:30,Sun,03:30,True,False,True,False,2,False
B-008051,R-0086,37,Clubhouse,Squash Court,0.491,"Squash Court, Clubhouse, Multipurpose Hall",Sun,19:00,Sun,11:51,Squash Court,Sun,07:00,Sun,04:57,True,True,False,False,2,False
B-008052,R-0050,17,Swimming Pool,Clubhouse,0.343,"Clubhouse, Swimming Pool, Tennis Court",Sun,20:00,Tue,18:55,Swimming Pool,Sun,08:30,Sun,05:16,False,True,False,False,1,False
B-008053,R-0105,41,Swimming Pool,Tennis Court,0.257,"Tennis Court, Badminton Court, Swimming Pool",Mon,07:00,Fri,12:01,Tennis Court,Tue,07:45,Sun,14:21,True,False,True,False,2,False
B-008054,R-0151,31,Gym,Gym,0.577,"Gym, Clubhouse, Squash Court",Mon,17:00,Mon,01:23,Gym,Mon,17:45,Sun,16:33,True,True,True,False,3,False
B-008055,R-0001,6,Multipurpose Hall,Multipurpose Hall,0.398,"Multipurpose Hall, Clubhouse, Swimming Pool",Sun,18:00,Thu,10:15,Multipurpose Hall,Mon,10:30,Sun,18:43,True,False,False,False,1,False
B-008056,R-0154,24,Multipurpose Hall,Multipurpose Hall,0.457,"Multipurpose Hall, Gym, Kids Play Area",Mon,17:00,Mon,18:02,Squash Court,Thu,19:30,Sun,19:12,False,False,False,False,0,False
B-008057,R-0195,17,Multipurpose Hall,Tennis Court,0.422,"Tennis Court, Multipurpose Hall, Squash Court",Mon,18:00,Sun,07:12,Clubhouse,Wed,12:15,Sun,21:06,False,False,False,False,0,False
B-008058,R-0206,31,Kids Play Area,Swimming Pool,0.244,"Swimming Pool, Tennis Court, Kids Play Area",Tue,19:00,Tue,03:01,Badminton Court,Mon,20:30,Mon,09:09,False,False,False,False,0,False
B-008059,R-0047,23,Squash Court,Squash Court,0.466,"Squash Court, Swimming Pool, Clubhouse",Mon,18:00,Mon,12:35,Squash Court,Mon,18:45,Mon,12:10,True,True,True,True,4,True
B-008060,R-0061,30,Swimming Pool,Swimming Pool,0.453,"Swimming Pool, Badminton Court, Multipurpose Hall",Tue,19:00,Tue,02:12,Clubhouse,Sat,20:30,Mon,13:42,False,False,False,False,0,False
B-008061,R-0305,25,Tennis Court,Clubhouse,0.278,"Clubhouse, Gym, Tennis Court",Tue,11:00,Fri,21:04,Clubhouse,Fri,11:00,Mon,15:01,True,False,True,True,3,False
B-008062,R-0137,33,Kids Play Area,Kids Play Area,0.69,"Kids Play Area, Multipurpose Hall, Badminton Court",Tue,17:00,Tue,15:59,Kids Play Area,Mon,17:30,Mon,16:21,True,False,True,True,3,False
B-008063,R-0016,28,Clubhouse,Kids Play Area,0.348,"Kids Play Area, Clubhouse, Swimming Pool",Tue,16:00,Tue,06:25,Kids Play Area,Tue,16:00,Mon,16:27,True,True,True,False,3,False
B-008064,R-0259,64,Swimming Pool,Swimming Pool,0.148,"Swimming Pool, Badminton Court, Clubhouse",Tue,19:00,Tue,01:10,Badminton Court,Tue,21:15,Mon,20:57,False,True,False,False,1,False
B-008065,R-0232,55,Multipurpose Hall,Kids Play Area,0.54,"Kids Play Area, Gym, Badminton Court",Tue,10:00,Tue,06:53,Kids Play Area,Tue,10:45,Tue,07:08,True,True,True,True,4,True
B-008066,R-0003,26,Tennis Court,Tennis Court,0.47,"Tennis Court, Swimming Pool, Clubhouse",Wed,18:00,Mon,15:26,Tennis Court,Sat,18:00,Tue,07:53,True,False,True,False,2,False
B-008067,R-0067,14,Clubhouse,Swimming Pool,0.297,"Swimming Pool, Clubhouse, Squash Court",Tue,07:00,Tue,01:01,Clubhouse,Sun,11:15,Tue,09:50,False,False,False,False,0,False
B-008068,R-0044,19,Squash Court,Squash Court,0.53,"Squash Court, Clubhouse, Gym",Tue,18:00,Tue,08:09,Swimming Pool,Tue,17:45,Tue,10:56,False,True,False,False,1,False
B-008069,R-0238,25,Tennis Court,Tennis Court,0.368,"Tennis Court, Squash Court, Multipurpose Hall",Tue,19:00,Tue,09:48,Tennis Court,Tue,19:15,Tue,12:15,True,True,True,True,4,True
B-008070,R-0267,69,Gym,Multipurpose Hall,0.485,"Multipurpose Hall, Kids Play Area, Gym",Mon,18:00,Sun,08:23,Multipurpose Hall,Tue,18:00,Tue,12:38,True,False,True,False,2,False
B-008071,R-0046,49,Gym,Kids Play Area,0.181,"Kids Play Area, Gym, Clubhouse",Tue,18:00,Tue,14:49,Gym,Tue,19:15,Tue,14:45,False,True,False,True,2,False
B-008072,R-0240,56,Kids Play Area,Kids Play Area,0.219,"Kids Play Area, Gym, Tennis Court",Tue,17:00,Tue,02:45,Gym,Wed,19:30,Tue,17:41,False,False,False,False,0,False
B-008073,R-0115,25,Badminton Court,Badminton Court,0.351,"Badminton Court, Tennis Court, Swimming Pool",Wed,18:00,Tue,21:49,Squash Court,Wed,07:45,Tue,18:11,False,True,False,False,1,False
B-008074,R-0288,30,Kids Play Area,Tennis Court,0.277,"Tennis Court, Squash Court, Kids Play Area",Wed,07:00,Mon,14:28,Squash Court,Thu,08:30,Tue,18:45,False,False,False,True,1,False
B-008075,R-0090,68,Badminton Court,Badminton Court,0.252,"Badminton Court, Squash Court, Clubhouse",Sat,20:00,Fri,04:01,Badminton Court,Wed,20:45,Tue,21:37,True,False,True,False,2,False
B-008076,R-0141,35,Swimming Pool,Swimming Pool,0.537,"Swimming Pool, Tennis Court, Kids Play Area",Wed,07:00,Tue,13:30,Swimming Pool,Fri,08:15,Tue,22:05,True,False,False,False,1,False
B-008077,R-0034,10,Swimming Pool,Swimming Pool,0.468,"Swimming Pool, Badminton Court, Gym",Tue,16:00,Mon,21:52,Swimming Pool,Thu,16:00,Tue,23:30,True,False,True,False,2,False
B-008078,R-0267,70,Multipurpose Hall,Multipurpose Hall,0.494,"Multipurpose Hall, Kids Play Area, Gym",Thu,18:00,Wed,08:46,Tennis Court,Thu,19:15,Wed,01:37,False,True,False,False,1,False
B-008079,R-0212,61,Gym,Clubhouse,0.27,"Clubhouse, Gym, Multipurpose Hall",Sat,11:00,Sat,03:56,Clubhouse,Sat,11:00,Wed,02:15,True,True,True,False,3,False
B-008080,R-0102,31,Tennis Court,Tennis Court,0.541,"Tennis Court, Squash Court, Swimming Pool",Wed,06:00,Tue,21:14,Gym,Wed,07:45,Wed,04:00,False,True,False,False,1,False
B-008081,R-0263,48,Badminton Court,Tennis Court,0.231,"Tennis Court, Badminton Court, Kids Play Area",Thu,07:00,Mon,13:23,Swimming Pool,Wed,19:00,Wed,04:01,False,False,False,False,0,False
B-008082,R-0103,16,Gym,Gym,0.32,"Gym, Swimming Pool, Clubhouse",Wed,19:00,Wed,03:30,Multipurpose Hall,Thu,17:30,Wed,04:29,False,False,False,False,0,False
B-008083,R-0190,52,Tennis Court,Squash Court,0.281,"Squash Court, Tennis Court, Multipurpose Hall",Wed,08:00,Tue,15:29,Swimming Pool,Sat,16:45,Wed,07:03,False,False,False,False,0,False
B-008084,R-0177,32,Gym,Gym,0.256,"Gym, Kids Play Area, Squash Court",Thu,10:00,Wed,18:17,Gym,Thu,10:30,Wed,11:48,True,True,True,False,3,False
B-008085,R-0283,29,Kids Play Area,Swimming Pool,0.201,"Swimming Pool, Kids Play Area, Gym",Thu,17:00,Wed,08:46,Badminton Court,Mon,17:15,Wed,12:58,False,False,True,False,1,False
B-008086,R-0188,44,Swimming Pool,Swimming Pool,0.282,"Swimming Pool, Badminton Court, Gym",Wed,16:00,Tue,08:07,Swimming Pool,Thu,16:45,Wed,13:44,True,False,True,False,2,False
B-008087,R-0292,31,Badminton Court,Badminton Court,0.335,"Badminton Court, Swimming Pool, Multipurpose Hall",Sat,18:00,Fri,19:39,Badminton Court,Thu,18:45,Wed,17:49,True,False,True,True,3,False
B-008088,R-0229,39,Squash Court,Squash Court,0.553,"Squash Court, Tennis Court, Gym",Wed,07:00,Mon,23:24,Kids Play Area,Thu,17:15,Wed,20:55,False,False,False,False,0,False
B-008089,R-0003,27,Tennis Court,Tennis Court,0.497,"Tennis Court, Swimming Pool, Clubhouse",Wed,18:00,Mon,11:49,Tennis Court,Wed,18:30,Wed,21:22,True,True,True,False,3,False
B-008090,R-0293,49,Tennis Court,Tennis Court,0.532,"Tennis Court, Multipurpose Hall, Kids Play Area",Fri,07:00,Wed,17:11,Tennis Court,Fri,07:45,Wed,21:58,True,True,True,True,4,True
B-008091,R-0162,10,Swimming Pool,Kids Play Area,0.219,"Kids Play Area, Squash Court, Swimming Pool",Thu,10:00,Wed,21:47,Kids Play Area,Thu,09:45,Thu,02:16,True,True,False,False,2,False
B-008092,R-0202,14,Gym,Gym,0.305,"Gym, Multipurpose Hall, Squash Court",Thu,15:00,Wed,09:41,Clubhouse,Fri,17:45,Thu,04:17,False,False,False,False,0,False
B-008093,R-0221,36,Kids Play Area,Gym,0.236,"Gym, Squash Court, Clubhouse",Thu,16:00,Wed,08:02,Kids Play Area,Thu,17:00,Thu,07:59,False,True,False,False,1,False
B-008094,R-0063,21,Multipurpose Hall,Badminton Court,0.401,"Badminton Court, Multipurpose Hall, Gym",Thu,19:00,Thu,01:35,Squash Court,Fri,07:45,Thu,09:18,False,False,False,False,0,False
B-008095,R-0061,31,Clubhouse,Swimming Pool,0.323,"Swimming Pool, Multipurpose Hall, Clubhouse",Sat,19:00,Sat,01:23,Swimming Pool,Thu,19:45,Thu,12:43,True,False,True,False,2,False
B-008096,R-0174,37,Tennis Court,Gym,0.275,"Gym, Tennis Court, Clubhouse",Sat,11:00,Fri,18:55,Badminton Court,Thu,18:30,Thu,14:44,False,False,False,False,0,False
B-008097,R-0211,39,Clubhouse,Multipurpose Hall,0.285,"Multipurpose Hall, Clubhouse, Badminton Court",Fri,19:00,Sat,02:48,Clubhouse,Sat,12:30,Thu,17:27,False,False,False,False,0,False
B-008098,R-0182,26,Squash Court,Gym,0.463,"Gym, Squash Court, Kids Play Area",Fri,08:00,Thu,15:38,Gym,Fri,08:45,Thu,17:30,True,True,True,True,4,True
B-008099,R-0190,53,Swimming Pool,Squash Court,0.244,"Squash Court, Tennis Court, Multipurpose Hall",Fri,08:00,Thu,13:29,Multipurpose Hall,Sat,18:00,Thu,18:04,False,False,False,False,0,False
B-008100,R-0265,41,Gym,Clubhouse,0.373,"Clubhouse, Swimming Pool, Gym",Sat,17:00,Wed,03:02,Swimming Pool,Sat,17:00,Thu,19:19,False,True,True,False,2,False
B-008101,R-0038,36,Badminton Court,Multipurpose Hall,0.251,"Multipurpose Hall, Swimming Pool, Badminton Court",Fri,19:00,Sat,05:24,Tennis Court,Fri,17:30,Thu,20:07,False,True,False,False,1,False
B-008102,R-0305,26,Clubhouse,Gym,0.255,"Gym, Clubhouse, Tennis Court",Fri,11:00,Fri,01:52,Clubhouse,Sun,11:30,Thu,21:59,False,False,True,False,1,False
B-008103,R-0264,13,Squash Court,Tennis Court,0.235,"Tennis Court, Squash Court, Gym",Fri,07:00,Thu,18:11,Tennis Court,Fri,06:00,Thu,23:03,True,True,False,False,2,False
B-008104,R-0036,66,Tennis Court,Multipurpose Hall,0.318,"Multipurpose Hall, Tennis Court, Kids Play Area",Fri,10:00,Wed,10:15,Tennis Court,Fri,07:45,Fri,00:56,False,True,False,False,1,False
B-008105,R-0223,9,Multipurpose Hall,Swimming Pool,0.316,"Swimming Pool, Squash Court, Multipurpose Hall",Sat,19:00,Sat,03:11,Swimming Pool,Fri,18:00,Fri,02:50,True,False,False,True,2,False
B-008106,R-0130,16,Tennis Court,Tennis Court,0.241,"Tennis Court, Swimming Pool, Clubhouse",Fri,07:00,Thu,03:53,Gym,Fri,12:45,Fri,03:17,False,True,False,False,1,False
B-008107,R-0225,37,Squash Court,Clubhouse,0.533,"Clubhouse, Squash Court, Kids Play Area",Thu,11:00,Tue,18:10,Kids Play Area,Fri,10:00,Fri,04:12,False,False,False,False,0,False
B-008108,R-0231,20,Gym,Multipurpose Hall,0.276,"Multipurpose Hall, Gym, Clubhouse",Fri,18:00,Sat,16:22,Tennis Court,Fri,18:00,Fri,06:52,False,True,True,False,2,False
B-008109,R-0090,69,Badminton Court,Badminton Court,0.253,"Badminton Court, Squash Court, Clubhouse",Sat,20:00,Thu,20:47,Badminton Court,Sat,21:30,Fri,09:53,True,True,False,False,2,False
B-008110,R-0276,38,Tennis Court,Kids Play Area,0.296,"Kids Play Area, Tennis Court, Squash Court",Sat,16:00,Sat,08:36,Kids Play Area,Fri,16:00,Fri,10:30,True,False,True,True,3,False
B-008111,R-0143,21,Kids Play Area,Kids Play Area,0.694,"Kids Play Area, Swimming Pool, Multipurpose Hall",Fri,18:00,Fri,11:50,Kids Play Area,Fri,18:30,Fri,10:31,True,True,True,True,4,True
B-008112,R-0199,21,Tennis Court,Tennis Court,0.272,"Tennis Court, Multipurpose Hall, Badminton Court",Sat,19:00,Fri,11:09,Badminton Court,Sat,17:30,Fri,11:08,False,True,False,True,2,False
B-008113,R-0114,33,Swimming Pool,Swimming Pool,0.366,"Swimming Pool, Kids Play Area, Gym",Sat,18:00,Fri,11:10,Kids Play Area,Sat,10:15,Fri,11:47,False,True,False,False,1,False
B-008114,R-0150,14,Tennis Court,Tennis Court,0.202,"Tennis Court, Swimming Pool, Clubhouse",Fri,07:00,Wed,22:18,Squash Court,Fri,18:15,Fri,12:01,False,True,False,False,1,False
B-008115,R-0136,21,Clubhouse,Swimming Pool,0.274,"Swimming Pool, Clubhouse, Tennis Court",Fri,07:00,Thu,15:29,Squash Court,Fri,19:30,Fri,12:46,False,True,False,False,1,False
B-008116,R-0027,27,Swimming Pool,Gym,0.249,"Gym, Swimming Pool, Squash Court",Sat,09:00,Fri,16:51,Gym,Sat,09:30,Fri,18:47,True,True,True,True,4,True
B-008117,R-0030,31,Gym,Gym,0.196,"Gym, Clubhouse, Badminton Court",Sat,16:00,Fri,09:34,Squash Court,Sun,08:15,Fri,19:37,False,False,False,False,0,False
B-008118,R-0149,28,Gym,Tennis Court,0.334,"Tennis Court, Gym, Swimming Pool",Sat,17:00,Fri,05:51,Squash Court,Sat,18:45,Fri,22:35,False,True,False,False,1,False
B-008119,R-0220,49,Gym,Badminton Court,0.393,"Badminton Court, Tennis Court, Gym",Mon,18:00,Sat,20:47,Multipurpose Hall,Mon,11:15,Sat,00:18,False,True,False,False,1,False
B-008120,R-0186,39,Gym,Clubhouse,0.403,"Clubhouse, Gym, Kids Play Area",Sun,11:00,Sat,09:18,Gym,Sat,16:45,Sat,02:01,False,False,False,False,0,False
B-008121,R-0146,65,Clubhouse,Badminton Court,0.265,"Badminton Court, Kids Play Area, Clubhouse",Sat,18:00,Sat,03:09,Gym,Sat,11:45,Sat,02:50,False,True,False,False,1,False
B-008122,R-0228,27,Gym,Gym,0.498,"Gym, Badminton Court, Squash Court",Mon,15:00,Sun,23:50,Gym,Sat,17:45,Sat,06:10,True,False,False,False,1,False
B-008123,R-0069,31,Badminton Court,Swimming Pool,0.205,"Swimming Pool, Gym, Badminton Court",Sat,17:00,Sat,01:26,Gym,Sat,16:15,Sat,07:29,False,True,False,False,1,False
B-008124,R-0104,26,Squash Court,Gym,0.407,"Gym, Squash Court, Badminton Court",Sun,16:00,Sat,09:06,Badminton Court,Sun,20:15,Sat,07:37,False,True,False,False,1,False
B-008125,R-0269,50,Multipurpose Hall,Badminton Court,0.405,"Badminton Court, Multipurpose Hall, Gym",Sat,19:00,Sat,01:56,Badminton Court,Sat,19:15,Sat,09:36,True,True,True,False,3,False
B-008126,R-0263,49,Swimming Pool,Tennis Court,0.197,"Tennis Court, Kids Play Area, Swimming Pool",Mon,07:00,Fri,06:56,Squash Court,Mon,07:15,Sat,10:30,False,True,True,False,2,False
B-008127,R-0092,36,Tennis Court,Kids Play Area,0.448,"Kids Play Area, Badminton Court, Multipurpose Hall",Sun,17:00,Sun,06:36,Kids Play Area,Mon,17:45,Sat,13:09,True,False,True,False,2,False
B-008128,R-0275,39,Clubhouse,Multipurpose Hall,0.437,"Multipurpose Hall, Kids Play Area, Swimming Pool",Sun,19:00,Tue,03:01,Kids Play Area,Sat,17:00,Sat,13:19,False,False,False,False,0,False
B-008129,R-0060,25,Kids Play Area,Clubhouse,0.217,"Clubhouse, Badminton Court, Gym",Mon,11:00,Sat,00:46,Swimming Pool,Sun,08:15,Sat,14:39,False,False,False,False,0,False
B-008130,R-0215,46,Gym,Gym,0.454,"Gym, Squash Court, Tennis Court",Sun,07:00,Sat,15:20,Gym,Sun,07:45,Sat,14:57,True,True,True,True,4,True
B-008131,R-0281,16,Kids Play Area,Multipurpose Hall,0.221,"Multipurpose Hall, Tennis Court, Kids Play Area",Mon,18:00,Tue,12:58,Kids Play Area,Sat,18:45,Sat,14:58,False,False,True,False,1,False
B-008132,R-0255,60,Multipurpose Hall,Multipurpose Hall,0.205,"Multipurpose Hall, Gym, Tennis Court",Sun,19:00,Wed,18:37,Badminton Court,Sun,18:30,Sat,19:03,False,True,False,False,1,False
B-008133,R-0166,44,Tennis Court,Gym,0.365,"Gym, Squash Court, Tennis Court",Sun,11:00,Sat,18:40,Gym,Sun,11:30,Sat,19:20,True,True,True,True,4,True
B-008134,R-0120,29,Swimming Pool,Swimming Pool,0.259,"Swimming Pool, Kids Play Area, Tennis Court",Mon,17:00,Sun,22:06,Kids Play Area,Sun,10:00,Sat,20:03,False,False,False,False,0,False
B-008135,R-0144,46,Badminton Court,Badminton Court,0.419,"Badminton Court, Swimming Pool, Multipurpose Hall",Sun,17:00,Sat,20:58,Swimming Pool,Sun,06:15,Sat,22:51,False,True,False,False,1,False
B-008136,R-0028,32,Gym,Gym,0.491,"Gym, Swimming Pool, Badminton Court",Sun,20:00,Sun,05:54,Gym,Sun,20:45,Sat,23:27,True,True,True,False,3,False
B-008137,R-0287,16,Kids Play Area,Gym,0.28,"Gym, Swimming Pool, Kids Play Area",Sun,19:00,Sun,03:44,Swimming Pool,Sun,19:30,Sun,00:37,False,True,True,False,2,False
B-008138,R-0122,50,Badminton Court,Gym,0.279,"Gym, Badminton Court, Kids Play Area",Sun,20:00,Sun,04:35,Badminton Court,Sun,21:00,Sun,02:08,False,True,False,False,1,False
B-008139,R-0207,25,Swimming Pool,Multipurpose Hall,0.308,"Multipurpose Hall, Swimming Pool, Clubhouse",Mon,10:00,Tue,16:04,Clubhouse,Wed,11:45,Sun,05:33,False,False,False,False,0,False
B-008140,R-0066,51,Clubhouse,Squash Court,0.484,"Squash Court, Clubhouse, Badminton Court",Sun,19:00,Sun,02:12,Squash Court,Sun,18:00,Sun,06:03,True,True,False,False,2,False
B-008141,R-0165,27,Squash Court,Squash Court,0.417,"Squash Court, Swimming Pool, Gym",Sun,19:00,Sun,10:16,Clubhouse,Mon,19:45,Sun,07:10,False,False,True,False,1,False
B-008142,R-0313,20,Gym,Gym,0.249,"Gym, Swimming Pool, Clubhouse",Sun,09:00,Sun,03:18,Gym,Sun,08:30,Sun,07:13,True,True,False,False,2,False
B-008143,R-0198,23,Clubhouse,Clubhouse,0.238,"Clubhouse, Multipurpose Hall, Gym",Sun,11:00,Tue,07:51,Squash Court,Sun,19:00,Sun,07:15,False,True,False,False,1,False
B-008144,R-0295,14,Gym,Badminton Court,0.252,"Badminton Court, Squash Court, Gym",Mon,21:00,Mon,03:58,Tennis Court,Mon,18:30,Sun,08:25,False,True,False,False,1,False
B-008145,R-0296,29,Gym,Squash Court,0.385,"Squash Court, Gym, Tennis Court",Sun,18:00,Sat,07:09,Squash Court,Sun,18:00,Sun,08:31,True,True,True,False,3,False
B-008146,R-0286,11,Gym,Multipurpose Hall,0.224,"Multipurpose Hall, Gym, Kids Play Area",Sun,17:00,Wed,09:46,Swimming Pool,Sun,17:45,Sun,09:35,False,True,True,False,2,False
B-008147,R-0261,21,Tennis Court,Tennis Court,0.262,"Tennis Court, Kids Play Area, Multipurpose Hall",Mon,17:00,Mon,05:07,Tennis Court,Mon,17:15,Sun,10:28,True,True,True,False,3,False
B-008148,R-0293,50,Tennis Court,Tennis Court,0.488,"Tennis Court, Multipurpose Hall, Kids Play Area",Mon,07:00,Sat,11:58,Tennis Court,Mon,07:15,Sun,10:57,True,True,True,False,3,False
B-008149,R-0158,57,Swimming Pool,Swimming Pool,0.569,"Swimming Pool, Kids Play Area, Gym",Sun,16:00,Sun,12:04,Kids Play Area,Sun,17:15,Sun,14:58,False,True,False,True,2,False
B-008150,R-0146,66,Gym,Badminton Court,0.265,"Badminton Court, Clubhouse, Kids Play Area",Sun,18:00,Sun,12:28,Swimming Pool,Sun,19:45,Sun,18:35,False,True,False,False,1,False
B-008151,R-0142,26,Swimming Pool,Swimming Pool,0.318,"Swimming Pool, Kids Play Area, Tennis Court",Mon,07:00,Sun,19:10,Tennis Court,Thu,06:00,Sun,20:13,False,False,False,False,0,False
B-008152,R-0243,14,Kids Play Area,Squash Court,0.192,"Squash Court, Swimming Pool, Kids Play Area",Tue,19:00,Tue,11:24,Squash Court,Mon,08:00,Mon,00:18,True,False,False,True,2,False
B-008153,R-0212,62,Clubhouse,Gym,0.231,"Gym, Clubhouse, Multipurpose Hall",Sat,08:00,Thu,22:48,Gym,Tue,08:45,Mon,07:11,True,False,True,False,2,False
B-008154,R-0291,22,Badminton Court,Badminton Court,0.521,"Badminton Court, Clubhouse, Squash Court",Tue,21:00,Tue,00:58,Tennis Court,Tue,07:30,Mon,07:23,False,True,False,False,1,False
B-008155,R-0294,19,Swimming Pool,Swimming Pool,0.22,"Swimming Pool, Clubhouse, Tennis Court",Tue,18:00,Tue,11:18,Clubhouse,Thu,20:30,Mon,09:52,False,False,False,False,0,False
B-008156,R-0259,65,Badminton Court,Clubhouse,0.145,"Clubhouse, Gym, Badminton Court",Mon,19:00,Sat,04:37,Swimming Pool,Mon,19:15,Mon,10:51,False,True,True,False,2,False
B-008157,R-0058,48,Swimming Pool,Swimming Pool,0.5,"Swimming Pool, Clubhouse, Kids Play Area",Tue,08:00,Mon,15:52,Swimming Pool,Tue,08:00,Mon,12:30,True,True,True,False,3,False
B-008158,R-0032,64,Tennis Court,Tennis Court,0.444,"Tennis Court, Squash Court, Kids Play Area",Wed,06:00,Mon,16:35,Tennis Court,Fri,06:30,Mon,12:44,True,False,True,False,2,False
B-008159,R-0160,17,Kids Play Area,Kids Play Area,0.642,"Kids Play Area, Badminton Court, Gym",Mon,17:00,Mon,13:55,Badminton Court,Mon,18:30,Mon,13:50,False,True,False,True,2,False
B-008160,R-0096,52,Squash Court,Gym,0.376,"Gym, Squash Court, Clubhouse",Tue,11:00,Mon,19:40,Gym,Tue,11:30,Mon,15:12,True,True,True,False,3,False
B-008161,R-0278,46,Badminton Court,Tennis Court,0.39,"Tennis Court, Gym, Squash Court",Tue,07:00,Mon,18:38,Tennis Court,Tue,07:15,Mon,16:48,True,True,True,True,4,True
B-008162,R-0178,32,Kids Play Area,Clubhouse,0.27,"Clubhouse, Badminton Court, Kids Play Area",Tue,11:00,Sun,01:13,Badminton Court,Mon,21:15,Mon,17:40,False,False,False,False,0,False
B-008163,R-0131,13,Badminton Court,Badminton Court,0.362,"Badminton Court, Swimming Pool, Squash Court",Tue,19:00,Mon,22:26,Swimming Pool,Wed,07:30,Mon,17:56,False,False,False,False,0,False
B-008164,R-0082,41,Tennis Court,Gym,0.33,"Gym, Clubhouse, Tennis Court",Tue,19:00,Tue,13:20,Gym,Mon,19:30,Mon,18:17,True,False,True,False,2,False
B-008165,R-0307,19,Badminton Court,Kids Play Area,0.4,"Kids Play Area, Gym, Badminton Court",Tue,10:00,Mon,21:29,Squash Court,Tue,08:15,Mon,23:55,False,True,False,False,1,False
B-008166,R-0194,62,Swimming Pool,Swimming Pool,0.389,"Swimming Pool, Multipurpose Hall, Clubhouse",Tue,08:00,Mon,01:15,Swimming Pool,Wed,08:45,Tue,07:32,True,False,True,False,2,False
B-008167,R-0274,26,Squash Court,Gym,0.279,"Gym, Squash Court, Clubhouse",Tue,11:00,Tue,05:27,Squash Court,Tue,20:00,Tue,13:04,False,True,False,True,2,False
B-008168,R-0193,28,Clubhouse,Badminton Court,0.453,"Badminton Court, Clubhouse, Kids Play Area",Tue,20:00,Tue,14:34,Swimming Pool,Tue,18:15,Tue,13:55,False,True,False,True,2,False
B-008169,R-0014,15,Kids Play Area,Swimming Pool,0.365,"Swimming Pool, Kids Play Area, Squash Court",Tue,08:00,Mon,15:57,Badminton Court,Wed,18:45,Tue,15:04,False,False,False,False,0,False
B-008170,R-0064,65,Tennis Court,Tennis Court,0.209,"Tennis Court, Swimming Pool, Badminton Court",Wed,18:00,Tue,11:56,Clubhouse,Thu,20:00,Tue,22:07,False,False,False,False,0,False
B-008171,R-0234,40,Squash Court,Squash Court,0.6,"Squash Court, Tennis Court, Multipurpose Hall",Tue,19:00,Tue,00:19,Squash Court,Wed,19:00,Tue,23:17,True,False,True,True,3,False
B-008172,R-0052,75,Multipurpose Hall,Multipurpose Hall,0.226,"Multipurpose Hall, Badminton Court, Squash Court",Wed,10:00,Fri,09:20,Gym,Wed,10:30,Wed,00:20,False,True,True,False,2,False
B-008173,R-0109,11,Clubhouse,Gym,0.217,"Gym, Multipurpose Hall, Clubhouse",Thu,11:00,Wed,11:03,Gym,Wed,11:45,Wed,01:25,True,False,True,False,2,False
B-008174,R-0138,27,Swimming Pool,Tennis Court,0.239,"Tennis Court, Swimming Pool, Badminton Court",Wed,19:00,Tue,08:09,Swimming Pool,Wed,16:45,Wed,03:18,False,True,False,False,1,False
B-008175,R-0170,31,Kids Play Area,Swimming Pool,0.413,"Swimming Pool, Kids Play Area, Squash Court",Wed,18:00,Wed,02:06,Swimming Pool,Wed,18:15,Wed,04:45,True,True,True,True,4,True
B-008176,R-0060,26,Swimming Pool,Clubhouse,0.234,"Clubhouse, Badminton Court, Gym",Wed,11:00,Sun,12:36,Multipurpose Hall,Mon,10:15,Wed,05:12,False,False,False,False,0,False
B-008177,R-0084,23,Swimming Pool,Swimming Pool,0.545,"Swimming Pool, Gym, Clubhouse",Thu,07:00,Wed,01:25,Swimming Pool,Sun,07:00,Wed,06:03,True,False,True,False,2,False
B-008178,R-0151,32,Gym,Gym,0.62,"Gym, Squash Court, Swimming Pool",Wed,17:00,Wed,01:51,Gym,Wed,17:15,Wed,06:33,True,True,True,False,3,False
B-008179,R-0039,54,Gym,Multipurpose Hall,0.486,"Multipurpose Hall, Kids Play Area, Gym",Wed,10:00,Tue,09:19,Badminton Court,Fri,18:00,Wed,07:12,False,False,False,False,0,False
B-008180,R-0141,36,Swimming Pool,Swimming Pool,0.534,"Swimming Pool, Tennis Court, Kids Play Area",Wed,07:00,Tue,14:24,Swimming Pool,Thu,07:45,Wed,09:35,True,False,True,False,2,False
B-008181,R-0076,56,Multipurpose Hall,Multipurpose Hall,0.262,"Multipurpose Hall, Tennis Court, Swimming Pool",Wed,10:00,Sat,10:25,Swimming Pool,Thu,07:30,Wed,10:52,False,False,False,False,0,False
B-008182,R-0288,31,Squash Court,Tennis Court,0.313,"Tennis Court, Squash Court, Badminton Court",Thu,07:00,Tue,17:03,Tennis Court,Thu,07:30,Wed,11:00,True,True,True,False,3,False
B-008183,R-0024,34,Clubhouse,Clubhouse,0.526,"Clubhouse, Swimming Pool, Multipurpose Hall",Sat,17:00,Fri,20:50,Clubhouse,Sat,20:15,Wed,11:31,True,True,False,False,2,False
B-008184,R-0100,49,Gym,Tennis Court,0.158,"Tennis Court, Kids Play Area, Gym",Wed,17:00,Tue,03:32,Kids Play Area,Wed,17:00,Wed,11:53,False,True,True,False,2,False
B-008185,R-0029,29,Kids Play Area,Kids Play Area,0.458,"Kids Play Area, Badminton Court, Tennis Court",Wed,16:00,Wed,11:27,Badminton Court,Thu,19:45,Wed,13:40,False,False,False,False,0,False
B-008186,R-0147,12,Badminton Court,Swimming Pool,0.293,"Swimming Pool, Squash Court, Badminton Court",Wed,19:00,Wed,02:54,Swimming Pool,Thu,17:30,Wed,15:17,True,False,False,False,1,False
B-008187,R-0137,34,Kids Play Area,Kids Play Area,0.727,"Kids Play Area, Badminton Court, Swimming Pool",Wed,17:00,Wed,15:58,Kids Play Area,Wed,17:30,Wed,16:56,True,True,True,True,4,True
B-008188,R-0135,35,Gym,Gym,0.178,"Gym, Badminton Court, Kids Play Area",Thu,07:00,Wed,05:42,Badminton Court,Thu,17:45,Wed,17:59,False,True,False,True,2,False
B-008189,R-0270,8,Kids Play Area,Kids Play Area,0.227,"Kids Play Area, Swimming Pool, Tennis Court",Wed,10:00,Tue,21:33,Kids Play Area,Thu,10:15,Wed,22:30,True,False,True,True,3,False
B-008190,R-0230,18,Gym,Tennis Court,0.223,"Tennis Court, Clubhouse, Gym",Sat,18:00,Thu,20:02,Gym,Thu,09:30,Thu,03:21,False,False,False,False,0,False
B-008191,R-0283,30,Badminton Court,Swimming Pool,0.175,"Swimming Pool, Kids Play Area, Gym",Fri,17:00,Thu,08:33,Multipurpose Hall,Tue,18:45,Thu,10:29,False,False,False,False,0,False
B-008192,R-0303,52,Multipurpose Hall,Multipurpose Hall,0.4,"Multipurpose Hall, Gym, Tennis Court",Thu,18:00,Mon,00:06,Multipurpose Hall,Fri,18:30,Thu,10:56,True,False,True,False,2,False
B-008193,R-0208,21,Gym,Gym,0.526,"Gym, Swimming Pool, Squash Court",Thu,19:00,Thu,03:49,Gym,Thu,19:30,Thu,13:49,True,True,True,False,3,False
B-008194,R-0279,47,Clubhouse,Multipurpose Hall,0.285,"Multipurpose Hall, Badminton Court, Squash Court",Sat,11:00,Fri,06:27,Clubhouse,Fri,17:00,Thu,17:00,False,False,False,False,0,False
B-008195,R-0259,66,Swimming Pool,Clubhouse,0.177,"Clubhouse, Swimming Pool, Badminton Court",Fri,19:00,Wed,23:30,Swimming Pool,Fri,19:30,Thu,19:50,False,True,True,False,2,False
B-008196,R-0023,24,Tennis Court,Tennis Court,0.536,"Tennis Court, Squash Court, Swimming Pool",Fri,06:00,Thu,19:29,Multipurpose Hall,Fri,11:00,Thu,21:38,False,True,False,False,1,False
B-008197,R-0240,57,Gym,Gym,0.172,"Gym, Tennis Court, Kids Play Area",Fri,16:00,Thu,06:32,Kids Play Area,Fri,17:30,Thu,22:49,False,True,False,False,1,False
B-008198,R-0066,52,Squash Court,Squash Court,0.47,"Squash Court, Badminton Court, Tennis Court",Sat,19:00,Sat,01:35,Badminton Court,Sat,20:15,Fri,02:04,False,True,False,False,1,False
B-008199,R-0268,36,Squash Court,Squash Court,0.573,"Squash Court, Kids Play Area, Multipurpose Hall",Sat,07:00,Fri,02:08,Multipurpose Hall,Sun,11:30,Fri,02:27,False,False,False,False,0,False
B-008200,R-0182,27,Gym,Gym,0.571,"Gym, Squash Court, Badminton Court",Fri,08:00,Thu,16:26,Badminton Court,Sat,20:45,Fri,02:31,False,False,False,False,0,False
B-008201,R-0169,10,Swimming Pool,Swimming Pool,0.252,"Swimming Pool, Gym, Kids Play Area",Fri,17:00,Thu,20:12,Kids Play Area,Fri,16:30,Fri,10:08,False,True,False,False,1,False
B-008202,R-0273,24,Multipurpose Hall,Multipurpose Hall,0.52,"Multipurpose Hall, Swimming Pool, Badminton Court",Sat,18:00,Mon,07:15,Badminton Court,Tue,21:45,Fri,10:52,False,False,False,False,0,False
B-008203,R-0129,32,Squash Court,Squash Court,0.383,"Squash Court, Tennis Court, Badminton Court",Sat,08:00,Fri,15:29,Squash Court,Sat,08:45,Fri,11:32,True,True,True,False,3,False
B-008204,R-0174,38,Badminton Court,Gym,0.25,"Gym, Tennis Court, Squash Court",Sat,11:00,Fri,19:02,Tennis Court,Sun,07:30,Fri,12:58,False,False,False,False,0,False
B-008205,R-0057,37,Squash Court,Squash Court,0.168,"Squash Court, Gym, Badminton Court",Sat,08:00,Fri,15:45,Gym,Sat,08:45,Fri,13:44,False,True,True,True,3,False
B-008206,R-0051,1,Squash Court,Squash Court,0.351,"Squash Court, Swimming Pool, Kids Play Area",Fri,07:00,Thu,15:14,Squash Court,Sat,08:45,Fri,14:08,True,False,False,True,2,False
B-008207,R-0300,21,Badminton Court,Badminton Court,0.429,"Badminton Court, Tennis Court, Clubhouse",Sat,19:00,Fri,23:21,Badminton Court,Sat,19:15,Fri,23:34,True,True,True,True,4,True
B-008208,R-0064,66,Clubhouse,Tennis Court,0.17,"Tennis Court, Swimming Pool, Gym",Sat,18:00,Fri,13:20,Tennis Court,Sat,06:15,Fri,23:40,True,True,False,False,2,False
B-008209,R-0136,22,Squash Court,Swimming Pool,0.286,"Swimming Pool, Clubhouse, Squash Court",Sun,07:00,Sat,15:15,Squash Court,Sun,07:30,Sat,02:28,False,True,True,False,2,False
B-008210,R-0101,45,Badminton Court,Badminton Court,0.46,"Badminton Court, Squash Court, Swimming Pool",Sat,19:00,Sat,00:18,Gym,Sat,10:45,Sat,02:48,False,True,False,False,1,False
B-008211,R-0180,56,Badminton Court,Badminton Court,0.349,"Badminton Court, Kids Play Area, Multipurpose Hall",Sat,21:00,Fri,20:37,Badminton Court,Sat,21:45,Sat,03:07,True,True,True,False,3,False
B-008212,R-0127,35,Multipurpose Hall,Kids Play Area,0.246,"Kids Play Area, Tennis Court, Squash Court",Sat,10:00,Sat,03:06,Multipurpose Hall,Fri,11:30,Sat,03:08,False,False,False,False,0,False
B-008213,R-0038,37,Tennis Court,Multipurpose Hall,0.264,"Multipurpose Hall, Badminton Court, Swimming Pool",Sat,19:00,Sat,12:13,Gym,Sat,17:15,Sat,06:46,False,True,False,False,1,False
B-008214,R-0170,32,Swimming Pool,Swimming Pool,0.526,"Swimming Pool, Clubhouse, Multipurpose Hall",Sat,18:00,Sat,01:23,Multipurpose Hall,Sun,18:30,Sat,06:58,False,False,True,False,1,False
B-008215,R-0209,31,Gym,Gym,0.386,"Gym, Badminton Court, Squash Court",Sat,11:00,Sat,05:49,Gym,Sat,11:00,Sat,07:38,True,True,True,True,4,True
B-008216,R-0221,37,Kids Play Area,Gym,0.237,"Gym, Clubhouse, Squash Court",Mon,16:00,Sun,07:56,Clubhouse,Fri,19:30,Sat,08:08,False,False,False,False,0,False
B-008217,R-0054,28,Squash Court,Badminton Court,0.33,"Badminton Court, Squash Court, Swimming Pool",Sat,18:00,Sat,08:58,Badminton Court,Sat,18:15,Sat,09:29,True,True,True,True,4,True
B-008218,R-0165,28,Clubhouse,Squash Court,0.333,"Squash Court, Swimming Pool, Gym",Sat,19:00,Sat,10:24,Squash Court,Sat,19:15,Sat,09:38,True,True,True,True,4,True
B-008219,R-0074,10,Gym,Swimming Pool,0.358,"Swimming Pool, Gym, Tennis Court",Mon,07:00,Sun,14:49,Tennis Court,Wed,17:45,Sat,09:59,False,False,False,False,0,False
B-008220,R-0275,40,Kids Play Area,Multipurpose Hall,0.399,"Multipurpose Hall, Swimming Pool, Kids Play Area",Sat,19:00,Mon,06:57,Kids Play Area,Sat,17:30,Sat,10:44,False,True,False,False,1,False
B-008221,R-0305,27,Clubhouse,Gym,0.273,"Gym, Clubhouse, Tennis Court",Sun,11:00,Sun,03:30,Clubhouse,Thu,11:15,Sat,10:52,False,False,True,False,1,False
B-008222,R-0012,33,Clubhouse,Gym,0.318,"Gym, Clubhouse, Badminton Court",Sun,17:00,Sat,11:22,Gym,Sun,17:00,Sat,11:54,True,True,True,True,4,True
B-008223,R-0311,58,Squash Court,Clubhouse,0.238,"Clubhouse, Multipurpose Hall, Kids Play Area",Mon,11:00,Mon,22:56,Squash Court,Mon,08:00,Sat,12:49,False,True,False,False,1,False
B-008224,R-0026,34,Tennis Court,Tennis Court,0.337,"Tennis Court, Multipurpose Hall, Squash Court",Mon,18:00,Sun,03:46,Tennis Court,Mon,18:15,Sat,15:51,True,True,True,False,3,False
B-008225,R-0249,24,Swimming Pool,Swimming Pool,0.49,"Swimming Pool, Multipurpose Hall, Tennis Court",Sun,16:00,Sat,22:10,Swimming Pool,Sun,06:45,Sat,20:04,True,True,False,False,2,False
B-008226,R-0161,20,Tennis Court,Tennis Court,0.426,"Tennis Court, Clubhouse, Squash Court",Mon,07:00,Sat,02:17,Tennis Court,Tue,07:00,Sat,21:10,True,False,True,True,3,False
B-008227,R-0070,23,Swimming Pool,Swimming Pool,0.592,"Swimming Pool, Gym, Clubhouse",Mon,06:00,Sun,12:26,Swimming Pool,Tue,06:30,Sat,22:27,True,False,True,False,2,False
B-008228,R-0187,44,Multipurpose Hall,Multipurpose Hall,0.219,"Multipurpose Hall, Tennis Court, Squash Court",Mon,17:00,Tue,10:05,Badminton Court,Tue,19:30,Sat,23:29,False,False,False,False,0,False
B-008229,R-0114,34,Kids Play Area,Swimming Pool,0.354,"Swimming Pool, Kids Play Area, Clubhouse",Sun,18:00,Sat,09:33,Swimming Pool,Mon,18:45,Sun,00:11,True,False,True,False,2,False
B-008230,R-0146,67,Swimming Pool,Badminton Court,0.275,"Badminton Court, Kids Play Area, Clubhouse",Sun,18:00,Sun,02:09,Badminton Court,Sun,18:30,Sun,01:37,True,True,True,True,4,True
B-008231,R-0144,47,Swimming Pool,Badminton Court,0.457,"Badminton Court, Swimming Pool, Multipurpose Hall",Sun,17:00,Sat,21:17,Badminton Court,Sun,17:30,Sun,08:03,True,True,True,False,3,False
B-008232,R-0134,15,Badminton Court,Badminton Court,0.232,"Badminton Court, Clubhouse, Tennis Court",Sun,18:00,Sat,09:10,Kids Play Area,Sun,18:00,Sun,08:59,False,True,True,False,2,False
B-008233,R-0055,22,Multipurpose Hall,Swimming Pool,0.37,"Swimming Pool, Multipurpose Hall, Tennis Court",Sun,18:00,Sun,09:45,Swimming Pool,Sun,16:00,Sun,10:08,True,True,False,True,3,False
B-008234,R-0082,42,Gym,Gym,0.352,"Gym, Clubhouse, Swimming Pool",Sun,19:00,Sun,11:20,Gym,Sun,14:00,Sun,10:14,True,True,False,False,2,False
B-008235,R-0126,16,Kids Play Area,Gym,0.178,"Gym, Kids Play Area, Clubhouse",Sun,17:00,Sun,01:44,Tennis Court,Sun,18:30,Sun,11:44,False,True,False,False,1,False
B-008236,R-0157,39,Swimming Pool,Kids Play Area,0.508,"Kids Play Area, Swimming Pool, Badminton Court",Sun,16:00,Sun,13:02,Kids Play Area,Sun,17:15,Sun,15:48,True,True,False,True,3,False
B-008237,R-0013,26,Swimming Pool,Swimming Pool,0.471,"Swimming Pool, Gym, Clubhouse",Mon,19:00,Mon,01:35,Swimming Pool,Mon,19:45,Sun,19:00,True,True,True,False,3,False
B-008238,R-0176,24,Swimming Pool,Swimming Pool,0.4,"Swimming Pool, Squash Court, Tennis Court",Mon,06:00,Sun,18:49,Swimming Pool,Mon,06:45,Sun,20:39,True,True,True,True,4,True
B-008239,R-0018,34,Tennis Court,Tennis Court,0.495,"Tennis Court, Squash Court, Swimming Pool",Sun,19:00,Sat,11:40,Tennis Court,Wed,19:30,Sun,23:54,True,False,True,False,2,False
B-008240,R-0146,68,Badminton Court,Badminton Court,0.294,"Badminton Court, Kids Play Area, Clubhouse",Mon,18:00,Mon,01:57,Multipurpose Hall,Sat,11:30,Mon,00:13,False,False,False,False,0,False
B-008241,R-0171,10,Swimming Pool,Swimming Pool,0.46,"Swimming Pool, Badminton Court, Clubhouse",Tue,19:00,Tue,03:16,Squash Court,Mon,08:15,Mon,02:29,False,False,False,False,0,False
B-008242,R-0315,17,Badminton Court,Badminton Court,0.205,"Badminton Court, Squash Court, Tennis Court",Tue,20:00,Tue,03:13,Badminton Court,Mon,20:15,Mon,02:53,True,False,True,True,3,False
B-008243,R-0192,18,Kids Play Area,Kids Play Area,0.567,"Kids Play Area, Swimming Pool, Gym",Tue,10:00,Tue,03:34,Swimming Pool,Mon,08:15,Mon,04:31,False,False,False,True,1,False
B-008244,R-0063,22,Squash Court,Badminton Court,0.377,"Badminton Court, Multipurpose Hall, Tennis Court",Tue,19:00,Tue,02:05,Gym,Tue,10:00,Mon,04:57,False,True,False,False,1,False
B-008245,R-0302,27,Multipurpose Hall,Multipurpose Hall,0.253,"Multipurpose Hall, Swimming Pool, Clubhouse",Tue,19:00,Mon,04:11,Gym,Wed,15:00,Mon,07:41,False,False,False,False,0,False
B-008246,R-0233,38,Badminton Court,Badminton Court,0.404,"Badminton Court, Squash Court, Gym",Sat,17:00,Fri,03:46,Multipurpose Hall,Mon,17:30,Mon,08:07,False,False,True,False,1,False
B-008247,R-0102,32,Gym,Tennis Court,0.459,"Tennis Court, Squash Court, Gym",Tue,06:00,Mon,18:36,Squash Court,Wed,07:15,Mon,12:27,False,False,False,False,0,False
B-008248,R-0271,26,Tennis Court,Squash Court,0.382,"Squash Court, Tennis Court, Gym",Tue,08:00,Mon,14:12,Multipurpose Hall,Sat,11:30,Mon,22:04,False,False,False,False,0,False
B-008249,R-0253,29,Kids Play Area,Kids Play Area,0.356,"Kids Play Area, Tennis Court, Swimming Pool",Tue,10:00,Mon,21:58,Swimming Pool,Tue,06:00,Mon,22:12,False,True,False,False,1,False
B-008250,R-0121,22,Squash Court,Clubhouse,0.291,"Clubhouse, Multipurpose Hall, Squash Court",Tue,11:00,Sun,00:28,Kids Play Area,Tue,09:45,Mon,22:16,False,True,False,False,1,False
B-008251,R-0044,20,Swimming Pool,Squash Court,0.418,"Squash Court, Swimming Pool, Clubhouse",Tue,18:00,Tue,01:24,Clubhouse,Thu,12:00,Mon,23:40,False,False,False,False,0,False
B-008252,R-0138,28,Swimming Pool,Tennis Court,0.241,"Tennis Court, Swimming Pool, Squash Court",Tue,19:00,Mon,08:38,Tennis Court,Thu,19:00,Tue,05:01,True,False,True,False,2,False
B-008253,R-0143,22,Kids Play Area,Kids Play Area,0.704,"Kids Play Area, Swimming Pool, Multipurpose Hall",Tue,18:00,Tue,08:11,Swimming Pool,Wed,17:00,Tue,05:06,False,False,False,False,0,False
B-008254,R-0203,39,Gym,Tennis Court,0.258,"Tennis Court, Swimming Pool, Gym",Wed,07:00,Mon,23:22,Swimming Pool,Tue,17:15,Tue,07:07,False,False,False,False,0,False
B-008255,R-0066,53,Badminton Court,Squash Court,0.436,"Squash Court, Clubhouse, Badminton Court",Sat,19:00,Sat,01:25,Gym,Tue,18:30,Tue,09:41,False,False,False,False,0,False
B-008256,R-0190,54,Multipurpose Hall,Squash Court,0.264,"Squash Court, Tennis Court, Multipurpose Hall",Wed,08:00,Tue,15:16,Tennis Court,Thu,17:45,Tue,10:09,False,False,False,False,0,False
B-008257,R-0135,36,Badminton Court,Kids Play Area,0.165,"Kids Play Area, Gym, Badminton Court",Tue,18:00,Tue,09:25,Badminton Court,Thu,17:45,Tue,10:14,False,False,False,False,0,False
B-008258,R-0193,29,Swimming Pool,Badminton Court,0.408,"Badminton Court, Clubhouse, Swimming Pool",Tue,20:00,Tue,11:27,Swimming Pool,Tue,18:30,Tue,11:00,False,True,False,True,2,False
B-008259,R-0094,12,Squash Court,Badminton Court,0.243,"Badminton Court, Squash Court, Clubhouse",Tue,17:00,Tue,10:47,Swimming Pool,Tue,16:30,Tue,12:16,False,True,False,True,2,False
B-008260,R-0281,17,Kids Play Area,Tennis Court,0.198,"Tennis Court, Multipurpose Hall, Kids Play Area",Tue,18:00,Mon,09:54,Kids Play Area,Tue,18:00,Tue,12:21,False,True,True,False,2,False
B-008261,R-0298,6,Gym,Swimming Pool,0.332,"Swimming Pool, Gym, Multipurpose Hall",Tue,19:00,Tue,14:47,Swimming Pool,Tue,18:45,Tue,14:26,True,True,False,True,3,False
B-008262,R-0172,15,Kids Play Area,Kids Play Area,0.501,"Kids Play Area, Badminton Court, Multipurpose Hall",Tue,17:00,Tue,15:23,Kids Play Area,Tue,17:00,Tue,15:43,True,True,True,True,4,True
B-008263,R-0077,31,Kids Play Area,Kids Play Area,0.648,"Kids Play Area, Multipurpose Hall, Swimming Pool",Tue,17:00,Tue,15:27,Multipurpose Hall,Wed,17:30,Tue,15:57,False,False,True,False,1,False
B-008264,R-0083,43,Multipurpose Hall,Multipurpose Hall,0.436,"Multipurpose Hall, Clubhouse, Swimming Pool",Wed,17:00,Thu,11:49,Clubhouse,Thu,18:00,Tue,19:35,False,False,False,False,0,False
B-008265,R-0157,40,Kids Play Area,Kids Play Area,0.424,"Kids Play Area, Badminton Court, Swimming Pool",Tue,16:00,Tue,00:10,Clubhouse,Thu,17:45,Tue,21:58,False,False,False,False,0,False
B-008266,R-0145,27,Tennis Court,Tennis Court,0.464,"Tennis Court, Multipurpose Hall, Swimming Pool",Wed,07:00,Tue,10:09,Tennis Court,Wed,07:15,Tue,22:31,True,True,True,False,3,False
B-008267,R-0016,29,Kids Play Area,Kids Play Area,0.38,"Kids Play Area, Clubhouse, Swimming Pool",Wed,16:00,Tue,21:37,Kids Play Area,Wed,18:30,Tue,23:45,True,True,False,True,3,False
B-008268,R-0229,40,Kids Play Area,Squash Court,0.439,"Squash Court, Tennis Court, Multipurpose Hall",Wed,07:00,Tue,00:24,Squash Court,Thu,07:45,Wed,01:26,True,False,True,True,3,False
B-008269,R-0056,49,Squash Court,Swimming Pool,0.358,"Swimming Pool, Squash Court, Multipurpose Hall",Thu,08:00,Wed,16:11,Kids Play Area,Wed,10:30,Wed,05:05,False,False,False,False,0,False
B-008270,R-0125,24,Gym,Gym,0.382,"Gym, Squash Court, Badminton Court",Thu,09:00,Wed,02:37,Gym,Sun,06:15,Wed,08:25,True,False,False,False,1,False
B-008271,R-0293,51,Tennis Court,Tennis Court,0.482,"Tennis Court, Multipurpose Hall, Kids Play Area",Thu,07:00,Tue,17:19,Gym,Thu,10:00,Wed,08:59,False,True,False,False,1,False
B-008272,R-0110,40,Badminton Court,Badminton Court,0.246,"Badminton Court, Squash Court, Clubhouse",Thu,19:00,Thu,01:26,Badminton Court,Thu,19:15,Wed,09:55,True,True,True,False,3,False
B-008273,R-0292,32,Badminton Court,Badminton Court,0.339,"Badminton Court, Swimming Pool, Multipurpose Hall",Sat,18:00,Fri,20:00,Badminton Court,Sat,18:30,Wed,14:41,True,True,True,False,3,False
B-008274,R-0311,59,Squash Court,Multipurpose Hall,0.255,"Multipurpose Hall, Clubhouse, Kids Play Area",Thu,18:00,Wed,14:07,Squash Court,Thu,08:45,Wed,16:46,False,True,False,False,1,False
B-008275,R-0163,41,Gym,Kids Play Area,0.371,"Kids Play Area, Gym, Badminton Court",Wed,18:00,Wed,15:52,Gym,Thu,16:15,Wed,18:04,False,False,False,False,0,False
B-008276,R-0273,25,Badminton Court,Multipurpose Hall,0.472,"Multipurpose Hall, Swimming Pool, Badminton Court",Sat,19:00,Mon,11:13,Multipurpose Hall,Sun,18:00,Wed,18:25,True,False,False,True,2,False
B-008277,R-0267,71,Tennis Court,Multipurpose Hall,0.417,"Multipurpose Hall, Kids Play Area, Gym",Thu,18:00,Wed,04:15,Multipurpose Hall,Sat,18:15,Wed,22:11,True,False,True,False,2,False
B-008278,R-0075,17,Multipurpose Hall,Gym,0.357,"Gym, Tennis Court, Badminton Court",Thu,11:00,Wed,05:14,Tennis Court,Sat,06:15,Thu,06:33,False,False,False,False,0,False
B-008279,R-0299,16,Tennis Court,Tennis Court,0.477,"Tennis Court, Squash Court, Swimming Pool",Thu,19:00,Wed,19:56,Tennis Court,Thu,19:15,Thu,06:46,True,True,True,False,3,False
B-008280,R-0285,15,Multipurpose Hall,Multipurpose Hall,0.234,"Multipurpose Hall, Squash Court, Gym",Thu,17:00,Mon,14:44,Gym,Thu,15:45,Thu,13:08,False,True,False,False,1,False
B-008281,R-0215,47,Gym,Gym,0.445,"Gym, Squash Court, Tennis Court",Sat,07:00,Fri,15:19,Gym,Sat,07:15,Thu,13:35,True,True,True,False,3,False
B-008282,R-0036,67,Tennis Court,Multipurpose Hall,0.312,"Multipurpose Hall, Tennis Court, Kids Play Area",Thu,10:00,Tue,09:38,Badminton Court,Thu,20:45,Thu,13:35,False,True,False,False,1,False
B-008283,R-0155,26,Gym,Gym,0.304,"Gym, Swimming Pool, Kids Play Area",Sat,17:00,Sat,01:45,Kids Play Area,Thu,18:15,Thu,14:52,False,False,False,False,0,False
B-008284,R-0066,54,Gym,Squash Court,0.378,"Squash Court, Clubhouse, Badminton Court",Sat,19:00,Sat,00:00,Squash Court,Fri,19:15,Thu,17:01,True,False,True,False,2,False
B-008285,R-0221,38,Clubhouse,Gym,0.222,"Gym, Clubhouse, Multipurpose Hall",Fri,16:00,Thu,08:45,Clubhouse,Thu,19:00,Thu,17:45,False,False,False,False,0,False
B-008286,R-0310,8,Badminton Court,Multipurpose Hall,0.295,"Multipurpose Hall, Badminton Court, Squash Court",Sat,19:00,Fri,20:45,Multipurpose Hall,Tue,17:00,Thu,18:10,True,False,False,False,1,False
B-008287,R-0069,32,Gym,Swimming Pool,0.188,"Swimming Pool, Gym, Badminton Court",Sat,17:00,Fri,22:55,Badminton Court,Sat,19:45,Thu,19:40,False,True,False,False,1,False
B-008288,R-0248,35,Clubhouse,Clubhouse,0.651,"Clubhouse, Gym, Squash Court",Sat,11:00,Fri,12:40,Clubhouse,Thu,11:15,Thu,22:39,True,False,True,False,2,False
B-008289,R-0234,41,Squash Court,Squash Court,0.56,"Squash Court, Tennis Court, Multipurpose Hall",Fri,19:00,Fri,02:16,Squash Court,Fri,18:15,Fri,02:34,True,True,False,True,3,False
B-008290,R-0163,42,Gym,Kids Play Area,0.416,"Kids Play Area, Gym, Multipurpose Hall",Fri,18:00,Fri,09:15,Clubhouse,Mon,20:00,Fri,05:34,False,False,False,False,0,False
B-008291,R-0267,72,Multipurpose Hall,Multipurpose Hall,0.496,"Multipurpose Hall, Kids Play Area, Gym",Fri,18:00,Thu,17:12,Kids Play Area,Fri,09:30,Fri,06:40,False,True,False,False,1,False
B-008292,R-0235,24,Swimming Pool,Swimming Pool,0.34,"Swimming Pool, Squash Court, Multipurpose Hall",Sat,19:00,Sat,03:20,Swimming Pool,Fri,19:00,Fri,07:36,True,False,True,False,2,False
B-008293,R-0056,50,Kids Play Area,Swimming Pool,0.4,"Swimming Pool, Squash Court, Kids Play Area",Fri,08:00,Thu,15:47,Swimming Pool,Sat,07:15,Fri,10:05,True,False,False,False,1,False
B-008294,R-0053,10,Swimming Pool,Badminton Court,0.213,"Badminton Court, Tennis Court, Swimming Pool",Sat,17:00,Fri,05:00,Badminton Court,Sat,18:15,Fri,17:38,True,True,False,False,2,False
B-008295,R-0064,67,Tennis Court,Tennis Court,0.205,"Tennis Court, Swimming Pool, Gym",Sat,18:00,Fri,13:01,Clubhouse,Sun,20:00,Fri,20:25,False,False,False,False,0,False
B-008296,R-0120,30,Kids Play Area,Swimming Pool,0.252,"Swimming Pool, Kids Play Area, Clubhouse",Fri,17:00,Thu,20:29,Kids Play Area,Sat,10:30,Fri,23:43,False,False,False,False,0,False
B-008297,R-0030,32,Squash Court,Gym,0.201,"Gym, Badminton Court, Squash Court",Sun,16:00,Sat,09:55,Swimming Pool,Sun,06:30,Sat,00:23,False,True,False,True,2,False
B-008298,R-0196,34,Kids Play Area,Clubhouse,0.371,"Clubhouse, Multipurpose Hall, Swimming Pool",Sat,20:00,Sat,03:51,Kids Play Area,Sat,17:15,Sat,03:42,False,True,False,False,1,False
B-008299,R-0209,32,Gym,Gym,0.406,"Gym, Badminton Court, Swimming Pool",Sat,11:00,Sat,05:47,Gym,Sat,10:15,Sat,03:52,True,True,False,True,3,False
B-008300,R-0232,56,Kids Play Area,Kids Play Area,0.693,"Kids Play Area, Badminton Court, Gym",Sat,10:00,Sat,03:21,Kids Play Area,Sat,09:15,Sat,04:24,True,True,False,True,3,False
B-008301,R-0029,30,Badminton Court,Kids Play Area,0.336,"Kids Play Area, Badminton Court, Tennis Court",Sat,16:00,Sat,06:41,Kids Play Area,Sat,17:45,Sat,05:12,True,True,False,False,2,False
B-008302,R-0240,58,Kids Play Area,Kids Play Area,0.246,"Kids Play Area, Gym, Tennis Court",Mon,17:00,Mon,07:12,Clubhouse,Fri,17:45,Sat,05:41,False,False,True,False,1,False
B-008303,R-0098,42,Kids Play Area,Kids Play Area,0.292,"Kids Play Area, Clubhouse, Gym",Mon,10:00,Mon,00:43,Clubhouse,Wed,18:15,Sat,05:59,False,False,False,False,0,False
B-008304,R-0164,20,Multipurpose Hall,Multipurpose Hall,0.49,"Multipurpose Hall, Badminton Court, Squash Court",Sat,17:00,Tue,13:17,Multipurpose Hall,Sun,19:45,Sat,06:18,True,False,False,False,1,False
B-008305,R-0032,65,Tennis Court,Tennis Court,0.44,"Tennis Court, Squash Court, Multipurpose Hall",Mon,06:00,Sat,13:45,Squash Court,Sun,07:15,Sat,07:08,False,False,False,False,0,False
B-008306,R-0028,33,Gym,Gym,0.455,"Gym, Swimming Pool, Badminton Court",Sat,20:00,Sat,12:43,Kids Play Area,Sat,10:00,Sat,07:54,False,True,False,False,1,False
B-008307,R-0194,63,Swimming Pool,Swimming Pool,0.385,"Swimming Pool, Clubhouse, Multipurpose Hall",Mon,08:00,Sun,02:56,Swimming Pool,Sun,08:30,Sat,09:56,True,False,True,False,2,False
B-008308,R-0017,9,Clubhouse,Clubhouse,0.221,"Clubhouse, Multipurpose Hall, Kids Play Area",Mon,11:00,Thu,12:42,Multipurpose Hall,Wed,17:30,Sat,10:51,False,False,False,False,0,False
B-008309,R-0133,25,Swimming Pool,Swimming Pool,0.55,"Swimming Pool, Clubhouse, Gym",Sat,17:00,Sat,06:05,Swimming Pool,Sat,16:30,Sat,11:00,True,True,False,False,2,False
B-008310,R-0039,55,Badminton Court,Multipurpose Hall,0.475,"Multipurpose Hall, Kids Play Area, Gym",Sun,10:00,Fri,00:15,Tennis Court,Thu,18:45,Sat,12:16,False,False,False,False,0,False
B-008311,R-0189,34,Gym,Swimming Pool,0.313,"Swimming Pool, Squash Court, Gym",Mon,19:00,Mon,02:58,Swimming Pool,Sun,08:00,Sat,12:33,True,False,False,False,1,False
B-008312,R-0269,51,Badminton Court,Badminton Court,0.407,"Badminton Court, Multipurpose Hall, Tennis Court",Sat,19:00,Sat,01:55,Swimming Pool,Sun,18:15,Sat,13:39,False,False,False,False,0,False
B-008313,R-0122,51,Badminton Court,Gym,0.248,"Gym, Badminton Court, Kids Play Area",Sun,20:00,Sun,02:33,Gym,Sun,15:30,Sat,18:12,True,True,False,False,2,False
B-008314,R-0245,33,Squash Court,Squash Court,0.615,"Squash Court, Tennis Court, Gym",Mon,18:00,Sun,09:55,Squash Court,Sun,18:15,Sat,19:03,True,False,True,False,2,False
B-008315,R-0251,10,Kids Play Area,Kids Play Area,0.309,"Kids Play Area, Tennis Court, Clubhouse",Sun,10:00,Sat,20:53,Kids Play Area,Sun,10:30,Sat,22:40,True,True,True,True,4,True
B-008316,R-0030,33,Swimming Pool,Badminton Court,0.168,"Badminton Court, Clubhouse, Gym",Sun,21:00,Sat,04:44,Gym,Sun,16:00,Sun,01:11,False,True,False,False,1,False
B-008317,R-0267,73,Kids Play Area,Multipurpose Hall,0.523,"Multipurpose Hall, Kids Play Area, Gym",Sun,18:00,Sat,09:40,Badminton Court,Sun,20:15,Sun,01:57,False,True,False,False,1,False
B-008318,R-0073,18,Swimming Pool,Kids Play Area,0.432,"Kids Play Area, Swimming Pool, Squash Court",Sun,10:00,Sun,06:32,Swimming Pool,Sun,08:00,Sun,06:55,False,True,False,True,2,False
B-008319,R-0221,39,Clubhouse,Clubhouse,0.194,"Clubhouse, Multipurpose Hall, Gym",Mon,19:00,Sat,03:13,Badminton Court,Mon,17:45,Sun,09:16,False,True,False,False,1,False
B-008320,R-0040,21,Tennis Court,Tennis Court,0.53,"Tennis Court, Swimming Pool, Squash Court",Mon,07:00,Sat,03:38,Tennis Court,Tue,18:15,Sun,14:02,True,False,False,True,2,False
B-008321,R-0180,57,Badminton Court,Badminton Court,0.371,"Badminton Court, Kids Play Area, Multipurpose Hall",Sun,21:00,Sat,20:32,Badminton Court,Sun,21:00,Sun,14:08,True,True,True,False,3,False
B-008322,R-0177,33,Gym,Gym,0.26,"Gym, Kids Play Area, Tennis Court",Mon,10:00,Sun,18:24,Gym,Mon,10:30,Sun,15:27,True,True,True,False,3,False
B-008323,R-0236,20,Gym,Gym,0.381,"Gym, Squash Court, Kids Play Area",Sun,06:00,Sat,08:47,Squash Court,Mon,08:00,Sun,17:13,False,False,False,False,0,False
B-008324,R-0103,17,Multipurpose Hall,Gym,0.284,"Gym, Swimming Pool, Kids Play Area",Mon,19:00,Mon,01:32,Clubhouse,Tue,19:15,Sun,20:27,False,False,True,False,1,False
B-008325,R-0186,40,Gym,Clubhouse,0.383,"Clubhouse, Gym, Kids Play Area",Mon,11:00,Sun,04:56,Gym,Mon,06:15,Mon,00:28,False,True,False,False,1,False
B-008326,R-0201,7,Badminton Court,Badminton Court,0.227,"Badminton Court, Tennis Court, Swimming Pool",Tue,19:00,Tue,01:41,Tennis Court,Tue,07:45,Mon,06:21,False,True,False,False,1,False
B-008327,R-0020,23,Gym,Gym,0.45,"Gym, Swimming Pool, Clubhouse",Tue,09:00,Mon,18:00,Gym,Tue,09:45,Mon,06:29,True,True,True,False,3,False
B-008328,R-0105,42,Tennis Court,Tennis Court,0.316,"Tennis Court, Badminton Court, Swimming Pool",Wed,07:00,Sun,16:23,Tennis Court,Tue,07:45,Mon,07:14,True,False,True,False,2,False
B-008329,R-0227,17,Kids Play Area,Kids Play Area,0.728,"Kids Play Area, Badminton Court, Tennis Court",Tue,17:00,Tue,12:41,Squash Court,Mon,18:45,Mon,08:07,False,False,False,False,0,False
B-008330,R-0207,26,Clubhouse,Multipurpose Hall,0.31,"Multipurpose Hall, Clubhouse, Swimming Pool",Mon,10:00,Sun,02:34,Badminton Court,Mon,20:45,Mon,09:55,False,True,False,False,1,False
B-008331,R-0185,10,Tennis Court,Tennis Court,0.472,"Tennis Court, Squash Court, Multipurpose Hall",Tue,18:00,Mon,10:50,Tennis Court,Tue,18:45,Mon,15:40,True,True,True,False,3,False
B-008332,R-0191,8,Tennis Court,Tennis Court,0.317,"Tennis Court, Kids Play Area, Clubhouse",Tue,19:00,Tue,08:31,Kids Play Area,Mon,18:45,Mon,17:42,False,False,False,False,0,False
B-008333,R-0093,12,Swimming Pool,Clubhouse,0.314,"Clubhouse, Tennis Court, Swimming Pool",Sat,19:00,Sat,11:15,Badminton Court,Thu,17:30,Mon,19:14,False,False,False,False,0,False
B-008334,R-0188,45,Swimming Pool,Swimming Pool,0.286,"Swimming Pool, Badminton Court, Gym",Wed,16:00,Tue,08:07,Swimming Pool,Wed,16:45,Mon,19:54,True,True,True,False,3,False
B-008335,R-0192,19,Swimming Pool,Kids Play Area,0.424,"Kids Play Area, Swimming Pool, Badminton Court",Tue,10:00,Mon,20:39,Multipurpose Hall,Tue,17:15,Mon,21:46,False,True,False,False,1,False
B-008336,R-0174,39,Tennis Court,Gym,0.278,"Gym, Tennis Court, Clubhouse",Tue,11:00,Mon,18:44,Tennis Court,Tue,07:45,Tue,04:34,False,True,False,False,1,False
B-008337,R-0010,16,Badminton Court,Clubhouse,0.399,"Clubhouse, Multipurpose Hall, Swimming Pool",Sat,11:00,Mon,11:06,Clubhouse,Sun,11:00,Tue,05:26,True,False,True,False,2,False
B-008338,R-0212,63,Gym,Gym,0.265,"Gym, Clubhouse, Tennis Court",Wed,08:00,Mon,23:52,Gym,Wed,08:45,Tue,05:58,True,True,True,False,3,False
B-008339,R-0052,76,Gym,Multipurpose Hall,0.223,"Multipurpose Hall, Badminton Court, Squash Court",Tue,10:00,Thu,18:35,Gym,Tue,11:45,Tue,06:23,False,True,False,False,1,False
B-008340,R-0149,29,Squash Court,Tennis Court,0.366,"Tennis Court, Squash Court, Swimming Pool",Tue,17:00,Mon,06:45,Tennis Court,Thu,18:45,Tue,07:54,True,False,False,False,1,False
B-008341,R-0036,68,Badminton Court,Multipurpose Hall,0.293,"Multipurpose Hall, Tennis Court, Kids Play Area",Tue,10:00,Sun,04:06,Kids Play Area,Tue,18:00,Tue,15:05,False,True,False,False,1,False
B-008342,R-0313,21,Gym,Gym,0.255,"Gym, Swimming Pool, Kids Play Area",Tue,09:00,Tue,03:08,Clubhouse,Sat,11:30,Tue,18:03,False,False,False,False,0,False
B-008343,R-0253,30,Swimming Pool,Kids Play Area,0.351,"Kids Play Area, Tennis Court, Swimming Pool",Tue,10:00,Tue,08:52,Multipurpose Hall,Thu,11:15,Tue,18:40,False,False,False,False,0,False
B-008344,R-0005,18,Kids Play Area,Kids Play Area,0.417,"Kids Play Area, Badminton Court, Swimming Pool",Tue,10:00,Mon,19:31,Kids Play Area,Thu,10:15,Tue,21:18,True,False,True,False,2,False
B-008345,R-0197,8,Multipurpose Hall,Swimming Pool,0.302,"Swimming Pool, Gym, Multipurpose Hall",Wed,17:00,Wed,06:56,Gym,Wed,09:30,Wed,00:25,False,True,False,True,2,False
B-008346,R-0232,57,Kids Play Area,Kids Play Area,0.693,"Kids Play Area, Gym, Badminton Court",Wed,10:00,Tue,22:48,Kids Play Area,Wed,10:15,Wed,01:37,True,True,True,True,4,True
B-008347,R-0102,33,Squash Court,Tennis Court,0.531,"Tennis Court, Squash Court, Swimming Pool",Wed,06:00,Tue,20:52,Tennis Court,Thu,06:45,Wed,01:38,True,False,True,False,2,False
B-008348,R-0142,27,Tennis Court,Swimming Pool,0.279,"Swimming Pool, Tennis Court, Kids Play Area",Wed,07:00,Wed,01:35,Swimming Pool,Wed,06:45,Wed,02:00,True,True,False,True,3,False
B-008349,R-0260,21,Swimming Pool,Swimming Pool,0.414,"Swimming Pool, Squash Court, Gym",Wed,17:00,Wed,09:07,Swimming Pool,Wed,17:45,Wed,11:03,True,True,True,True,4,True
B-008350,R-0137,35,Kids Play Area,Kids Play Area,0.767,"Kids Play Area, Multipurpose Hall, Gym",Wed,17:00,Wed,13:57,Kids Play Area,Wed,17:00,Wed,14:25,True,True,True,True,4,True
B-008351,R-0129,33,Squash Court,Squash Court,0.409,"Squash Court, Tennis Court, Badminton Court",Wed,08:00,Tue,15:03,Squash Court,Thu,08:00,Wed,15:10,True,False,True,True,3,False
B-008352,R-0096,53,Gym,Gym,0.469,"Gym, Squash Court, Clubhouse",Thu,11:00,Wed,18:26,Gym,Thu,10:30,Wed,19:50,True,True,False,True,3,False
B-008353,R-0246,4,Swimming Pool,Swimming Pool,0.474,"Swimming Pool, Kids Play Area, Gym",Fri,08:00,Thu,06:11,Gym,Sat,16:00,Wed,20:22,False,False,False,False,0,False
B-008354,R-0101,46,Gym,Badminton Court,0.389,"Badminton Court, Squash Court, Gym",Sat,19:00,Fri,22:15,Badminton Court,Fri,19:15,Wed,21:27,True,False,True,False,2,False
B-008355,R-0237,15,Badminton Court,Squash Court,0.335,"Squash Court, Gym, Badminton Court",Sat,18:00,Sat,02:28,Gym,Fri,11:00,Thu,00:27,False,False,False,False,0,False
B-008356,R-0100,50,Kids Play Area,Kids Play Area,0.209,"Kids Play Area, Tennis Court, Badminton Court",Fri,17:00,Fri,03:37,Badminton Court,Thu,18:15,Thu,01:04,False,False,False,False,0,False
B-008357,R-0025,12,Swimming Pool,Swimming Pool,0.293,"Swimming Pool, Tennis Court, Multipurpose Hall",Fri,07:00,Thu,06:41,Badminton Court,Sat,20:30,Thu,04:00,False,False,False,False,0,False
B-008358,R-0272,22,Tennis Court,Badminton Court,0.293,"Badminton Court, Tennis Court, Multipurpose Hall",Sat,21:00,Fri,08:35,Tennis Court,Sat,18:45,Thu,05:22,False,True,False,False,1,False
B-008359,R-0059,25,Kids Play Area,Kids Play Area,0.627,"Kids Play Area, Gym, Badminton Court",Thu,10:00,Thu,04:41,Kids Play Area,Thu,10:00,Thu,05:53,True,True,True,True,4,True
B-008360,R-0278,47,Tennis Court,Tennis Court,0.387,"Tennis Court, Squash Court, Gym",Fri,07:00,Thu,21:18,Squash Court,Thu,19:00,Thu,09:18,False,False,False,True,1,False
B-008361,R-0012,34,Gym,Gym,0.38,"Gym, Clubhouse, Tennis Court",Sat,17:00,Fri,08:50,Swimming Pool,Sat,16:45,Thu,12:35,False,True,False,False,1,False
B-008362,R-0288,32,Tennis Court,Tennis Court,0.344,"Tennis Court, Squash Court, Badminton Court",Thu,07:00,Tue,17:47,Tennis Court,Fri,07:45,Thu,12:59,True,False,True,False,2,False
B-008363,R-0222,18,Multipurpose Hall,Tennis Court,0.341,"Tennis Court, Squash Court, Clubhouse",Fri,07:00,Wed,10:39,Tennis Court,Sat,07:15,Thu,15:11,True,False,True,True,3,False
B-008364,R-0058,49,Swimming Pool,Swimming Pool,0.485,"Swimming Pool, Clubhouse, Kids Play Area",Fri,08:00,Thu,16:06,Swimming Pool,Fri,08:30,Thu,15:47,True,True,True,True,4,True
B-008365,R-0140,4,Kids Play Area,Kids Play Area,0.492,"Kids Play Area, Tennis Court, Squash Court",Thu,17:00,Thu,15:59,Kids Play Area,Thu,18:00,Thu,16:37,True,True,False,True,3,False
B-008366,R-0076,57,Swimming Pool,Multipurpose Hall,0.289,"Multipurpose Hall, Tennis Court, Swimming Pool",Fri,10:00,Mon,15:48,Multipurpose Hall,Wed,10:15,Thu,20:43,True,False,True,True,3,False
B-008367,R-0279,48,Clubhouse,Multipurpose Hall,0.28,"Multipurpose Hall, Badminton Court, Squash Court",Sat,11:00,Thu,18:49,Multipurpose Hall,Sat,11:30,Thu,21:13,True,True,True,True,4,True
B-008368,R-0091,23,Multipurpose Hall,Badminton Court,0.22,"Badminton Court, Squash Court, Tennis Court",Sat,18:00,Fri,22:42,Badminton Court,Fri,20:45,Thu,21:35,True,False,False,False,1,False
B-008369,R-0003,28,Tennis Court,Tennis Court,0.481,"Tennis Court, Swimming Pool, Clubhouse",Fri,18:00,Wed,15:32,Swimming Pool,Sat,19:00,Thu,21:39,False,False,False,True,1,False
B-008370,R-0186,41,Gym,Clubhouse,0.452,"Clubhouse, Gym, Multipurpose Hall",Thu,11:00,Mon,16:27,Tennis Court,Fri,17:45,Thu,22:00,False,False,False,False,0,False
B-008371,R-0197,9,Gym,Swimming Pool,0.312,"Swimming Pool, Gym, Multipurpose Hall",Fri,07:00,Thu,17:39,Swimming Pool,Fri,16:00,Thu,23:19,True,True,False,False,2,False
B-008372,R-0019,32,Tennis Court,Tennis Court,0.386,"Tennis Court, Multipurpose Hall, Squash Court",Fri,17:00,Fri,06:29,Multipurpose Hall,Sat,18:30,Fri,02:59,False,False,False,False,0,False
B-008373,R-0111,47,Swimming Pool,Swimming Pool,0.641,"Swimming Pool, Tennis Court, Gym",Fri,19:00,Fri,03:29,Kids Play Area,Fri,18:45,Fri,03:19,False,True,False,True,2,False
B-008374,R-0243,15,Squash Court,Squash Court,0.303,"Squash Court, Swimming Pool, Gym",Fri,19:00,Fri,13:10,Squash Court,Sat,08:30,Fri,03:40,True,False,False,False,1,False
B-008375,R-0148,10,Badminton Court,Kids Play Area,0.199,"Kids Play Area, Badminton Court, Gym",Fri,16:00,Fri,09:17,Tennis Court,Wed,18:15,Fri,07:03,False,False,False,False,0,False
B-008376,R-0259,67,Swimming Pool,Swimming Pool,0.169,"Swimming Pool, Kids Play Area, Clubhouse",Fri,19:00,Fri,03:12,Kids Play Area,Fri,17:30,Fri,11:13,False,True,False,False,1,False
B-008377,R-0119,22,Clubhouse,Clubhouse,0.337,"Clubhouse, Kids Play Area, Gym",Fri,11:00,Thu,13:12,Clubhouse,Thu,11:45,Fri,11:45,True,False,True,False,2,False
B-008378,R-0080,15,Badminton Court,Gym,0.373,"Gym, Badminton Court, Squash Court",Fri,18:00,Fri,03:11,Gym,Fri,18:45,Fri,12:55,True,True,True,False,3,False
B-008379,R-0117,35,Kids Play Area,Swimming Pool,0.322,"Swimming Pool, Kids Play Area, Squash Court",Sat,08:00,Fri,15:53,Swimming Pool,Sat,08:30,Fri,13:36,True,True,True,True,4,True
B-008380,R-0226,9,Clubhouse,Clubhouse,0.331,"Clubhouse, Badminton Court, Tennis Court",Sat,19:00,Wed,07:27,Badminton Court,Sat,21:15,Fri,17:09,False,True,False,False,1,False
B-008381,R-0255,61,Badminton Court,Gym,0.201,"Gym, Multipurpose Hall, Tennis Court",Sat,11:00,Fri,04:01,Kids Play Area,Sun,17:30,Fri,19:02,False,False,False,False,0,False
B-008382,R-0108,9,Gym,Gym,0.209,"Gym, Squash Court, Clubhouse",Sat,10:00,Fri,10:32,Gym,Sat,06:00,Fri,20:51,True,True,False,False,2,False
B-008383,R-0281,18,Kids Play Area,Multipurpose Hall,0.195,"Multipurpose Hall, Tennis Court, Kids Play Area",Fri,18:00,Fri,06:57,Multipurpose Hall,Sat,18:30,Fri,23:39,True,False,True,True,3,False
B-008384,R-0220,50,Multipurpose Hall,Badminton Court,0.44,"Badminton Court, Tennis Court, Multipurpose Hall",Mon,18:00,Sun,05:35,Gym,Sat,16:00,Sat,00:12,False,False,False,False,0,False
B-008385,R-0268,37,Multipurpose Hall,Squash Court,0.511,"Squash Court, Multipurpose Hall, Kids Play Area",Sun,07:00,Sat,02:26,Squash Court,Sun,07:45,Sat,00:19,True,True,True,True,4,True
B-008386,R-0183,30,Squash Court,Multipurpose Hall,0.268,"Multipurpose Hall, Badminton Court, Squash Court",Sat,11:00,Wed,06:07,Squash Court,Sat,07:00,Sat,02:38,False,True,False,False,1,False
B-008387,R-0167,37,Squash Court,Gym,0.308,"Gym, Squash Court, Swimming Pool",Sat,10:00,Sat,04:33,Swimming Pool,Sat,06:15,Sat,02:49,False,True,False,True,2,False
B-008388,R-0283,31,Multipurpose Hall,Kids Play Area,0.164,"Kids Play Area, Swimming Pool, Gym",Sat,17:00,Sat,03:23,Squash Court,Sun,18:30,Sat,03:58,False,False,False,False,0,False
B-008389,R-0127,36,Multipurpose Hall,Kids Play Area,0.222,"Kids Play Area, Tennis Court, Squash Court",Sat,10:00,Sat,04:06,Multipurpose Hall,Tue,11:30,Sat,04:53,False,False,False,False,0,False
B-008390,R-0077,32,Multipurpose Hall,Kids Play Area,0.507,"Kids Play Area, Multipurpose Hall, Badminton Court",Sat,17:00,Sat,12:32,Multipurpose Hall,Mon,17:15,Sat,08:20,False,False,True,False,1,False
B-008391,R-0220,51,Gym,Badminton Court,0.368,"Badminton Court, Gym, Multipurpose Hall",Mon,18:00,Sat,20:25,Multipurpose Hall,Tue,11:00,Sat,10:33,False,False,False,False,0,False
B-008392,R-0302,28,Gym,Multipurpose Hall,0.315,"Multipurpose Hall, Swimming Pool, Gym",Mon,19:00,Sun,06:28,Clubhouse,Wed,19:30,Sat,10:43,False,False,True,False,1,False
B-008393,R-0045,43,Clubhouse,Clubhouse,0.252,"Clubhouse, Gym, Swimming Pool",Sat,17:00,Wed,19:27,Badminton Court,Sat,18:00,Sat,12:05,False,True,False,False,1,False
B-008394,R-0166,45,Gym,Gym,0.394,"Gym, Tennis Court, Squash Court",Sat,11:00,Fri,19:59,Gym,Mon,11:30,Sat,14:25,True,False,True,False,2,False
B-008395,R-0028,34,Kids Play Area,Gym,0.356,"Gym, Tennis Court, Kids Play Area",Sat,20:00,Sat,15:43,Gym,Sat,20:15,Sat,15:19,True,True,True,True,4,True
B-008396,R-0066,55,Squash Court,Squash Court,0.475,"Squash Court, Badminton Court, Tennis Court",Sun,19:00,Sun,01:25,Squash Court,Sun,19:15,Sat,16:06,True,True,True,False,3,False
B-008397,R-0255,62,Kids Play Area,Multipurpose Hall,0.245,"Multipurpose Hall, Gym, Kids Play Area",Sun,19:00,Tue,23:25,Clubhouse,Mon,19:15,Sat,20:09,False,False,True,False,1,False
B-008398,R-0264,14,Tennis Court,Tennis Court,0.329,"Tennis Court, Squash Court, Gym",Sun,07:00,Sat,19:56,Multipurpose Hall,Wed,18:30,Sat,21:07,False,False,False,False,0,False
B-008399,R-0048,26,Tennis Court,Kids Play Area,0.224,"Kids Play Area, Clubhouse, Tennis Court",Sun,16:00,Sun,00:29,Clubhouse,Sat,20:30,Sat,22:30,False,False,False,False,0,False
B-008400,R-0138,29,Tennis Court,Tennis Court,0.279,"Tennis Court, Swimming Pool, Squash Court",Mon,19:00,Sun,07:41,Gym,Sun,17:45,Sat,23:12,False,False,False,False,0,False
B-008401,R-0054,29,Badminton Court,Badminton Court,0.327,"Badminton Court, Squash Court, Swimming Pool",Sun,18:00,Sun,02:26,Badminton Court,Sun,18:45,Sun,00:51,True,True,True,True,4,True
B-008402,R-0222,19,Tennis Court,Tennis Court,0.367,"Tennis Court, Squash Court, Clubhouse",Sun,07:00,Fri,04:27,Multipurpose Hall,Sun,19:45,Sun,04:04,False,True,False,False,1,False
B-008403,R-0075,18,Tennis Court,Gym,0.374,"Gym, Tennis Court, Squash Court",Sun,09:00,Sat,01:16,Clubhouse,Sat,11:45,Sun,07:25,False,False,False,False,0,False
B-008404,R-0130,17,Gym,Swimming Pool,0.226,"Swimming Pool, Clubhouse, Tennis Court",Mon,07:00,Sun,17:23,Clubhouse,Wed,11:45,Sun,10:08,False,False,False,False,0,False
B-008405,R-0194,64,Swimming Pool,Swimming Pool,0.413,"Swimming Pool, Clubhouse, Multipurpose Hall",Mon,08:00,Sun,02:29,Tennis Court,Tue,07:00,Sun,11:10,False,False,False,False,0,False
B-008406,R-0056,51,Swimming Pool,Swimming Pool,0.534,"Swimming Pool, Squash Court, Kids Play Area",Mon,08:00,Sun,15:34,Swimming Pool,Mon,08:30,Sun,13:01,True,True,True,False,3,False
B-008407,R-0139,59,Tennis Court,Tennis Court,0.488,"Tennis Court, Squash Court, Kids Play Area",Mon,18:00,Sat,09:27,Badminton Court,Mon,18:30,Sun,14:35,False,True,True,False,2,False
B-008408,R-0224,20,Clubhouse,Badminton Court,0.285,"Badminton Court, Clubhouse, Gym",Sun,18:00,Sun,08:23,Badminton Court,Sun,18:00,Sun,14:47,True,True,True,False,3,False
B-008409,R-0008,6,Badminton Court,Badminton Court,0.331,"Badminton Court, Clubhouse, Squash Court",Mon,19:00,Sun,23:38,Badminton Court,Mon,19:30,Sun,21:06,True,True,True,True,4,True
B-008410,R-0273,26,Multipurpose Hall,Multipurpose Hall,0.496,"Multipurpose Hall, Swimming Pool, Badminton Court",Sun,18:00,Tue,12:25,Multipurpose Hall,Sat,18:30,Sun,21:09,True,False,True,True,3,False
B-008411,R-0064,68,Clubhouse,Swimming Pool,0.166,"Swimming Pool, Tennis Court, Gym",Sun,17:00,Sat,22:57,Clubhouse,Thu,20:00,Sun,23:34,False,False,False,False,0,False
B-008412,R-0092,37,Kids Play Area,Kids Play Area,0.616,"Kids Play Area, Multipurpose Hall, Gym",Mon,17:00,Mon,02:41,Gym,Fri,12:15,Mon,00:15,False,False,False,False,0,False
B-008413,R-0276,39,Kids Play Area,Kids Play Area,0.434,"Kids Play Area, Tennis Court, Badminton Court",Tue,16:00,Tue,02:31,Tennis Court,Tue,07:15,Mon,00:33,False,True,False,False,1,False
B-008414,R-0022,23,Kids Play Area,Kids Play Area,0.513,"Kids Play Area, Swimming Pool, Clubhouse",Mon,09:00,Mon,01:07,Clubhouse,Wed,11:15,Mon,06:53,False,False,False,False,0,False
B-008415,R-0287,17,Swimming Pool,Swimming Pool,0.325,"Swimming Pool, Gym, Clubhouse",Tue,19:00,Tue,03:19,Kids Play Area,Mon,16:00,Mon,07:42,False,False,False,False,0,False
B-008416,R-0052,77,Gym,Multipurpose Hall,0.215,"Multipurpose Hall, Badminton Court, Squash Court",Tue,10:00,Wed,21:46,Kids Play Area,Mon,10:45,Mon,09:19,False,False,True,False,1,False
B-008417,R-0206,32,Badminton Court,Swimming Pool,0.241,"Swimming Pool, Tennis Court, Kids Play Area",Tue,19:00,Tue,03:04,Badminton Court,Tue,18:45,Mon,11:00,False,True,False,False,1,False
B-008418,R-0172,16,Kids Play Area,Kids Play Area,0.505,"Kids Play Area, Badminton Court, Multipurpose Hall",Tue,17:00,Tue,13:57,Kids Play Area,Mon,16:30,Mon,13:55,True,False,False,True,2,False
B-008419,R-0060,27,Multipurpose Hall,Clubhouse,0.229,"Clubhouse, Badminton Court, Gym",Tue,11:00,Tue,00:39,Clubhouse,Mon,18:30,Mon,14:01,True,False,False,True,2,False
B-008420,R-0062,45,Badminton Court,Badminton Court,0.534,"Badminton Court, Squash Court, Gym",Wed,20:00,Tue,00:27,Squash Court,Tue,08:30,Mon,17:47,False,False,False,False,0,False
B-008421,R-0050,18,Swimming Pool,Clubhouse,0.362,"Clubhouse, Swimming Pool, Tennis Court",Sat,20:00,Mon,16:40,Clubhouse,Tue,20:15,Mon,20:15,True,False,True,False,2,False
B-008422,R-0029,31,Kids Play Area,Kids Play Area,0.386,"Kids Play Area, Badminton Court, Multipurpose Hall",Tue,16:00,Mon,21:06,Kids Play Area,Tue,16:30,Mon,22:28,True,True,True,True,4,True
B-008423,R-0057,38,Gym,Gym,0.169,"Gym, Swimming Pool, Badminton Court",Tue,11:00,Mon,19:29,Gym,Tue,08:45,Tue,00:01,True,True,False,False,2,False
B-008424,R-0265,42,Swimming Pool,Swimming Pool,0.384,"Swimming Pool, Clubhouse, Gym",Sat,17:00,Fri,11:54,Swimming Pool,Tue,17:45,Tue,01:36,True,False,True,False,2,False
B-008425,R-0280,27,Gym,Squash Court,0.186,"Squash Court, Tennis Court, Gym",Wed,18:00,Wed,01:12,Gym,Tue,11:15,Tue,03:24,False,False,False,False,0,False
B-008426,R-0290,32,Gym,Swimming Pool,0.327,"Swimming Pool, Gym, Multipurpose Hall",Tue,19:00,Tue,10:06,Swimming Pool,Tue,19:30,Tue,03:34,True,True,True,False,3,False
B-008427,R-0048,27,Clubhouse,Kids Play Area,0.257,"Kids Play Area, Clubhouse, Multipurpose Hall",Tue,17:00,Tue,04:03,Gym,Tue,15:15,Tue,04:10,False,True,False,True,2,False
B-008428,R-0198,24,Squash Court,Multipurpose Hall,0.204,"Multipurpose Hall, Clubhouse, Gym",Tue,17:00,Sat,21:50,Tennis Court,Sun,06:00,Tue,05:15,False,False,False,False,0,False
B-008429,R-0215,48,Gym,Gym,0.43,"Gym, Squash Court, Badminton Court",Tue,07:00,Mon,15:22,Gym,Tue,20:00,Tue,05:31,True,True,False,True,3,False
B-008430,R-0207,27,Badminton Court,Multipurpose Hall,0.324,"Multipurpose Hall, Clubhouse, Swimming Pool",Wed,10:00,Tue,06:54,Gym,Wed,08:45,Tue,05:52,False,True,False,False,1,False
B-008431,R-0070,24,Swimming Pool,Swimming Pool,0.589,"Swimming Pool, Gym, Squash Court",Wed,06:00,Tue,13:40,Gym,Thu,19:00,Tue,06:13,False,False,False,False,0,False
B-008432,R-0263,50,Squash Court,Tennis Court,0.242,"Tennis Court, Kids Play Area, Badminton Court",Wed,07:00,Sun,22:03,Clubhouse,Fri,11:00,Tue,07:20,False,False,False,False,0,False
B-008433,R-0157,41,Clubhouse,Kids Play Area,0.491,"Kids Play Area, Badminton Court, Gym",Tue,16:00,Tue,11:24,Kids Play Area,Tue,16:45,Tue,10:06,True,True,True,True,4,True
B-008434,R-0210,21,Badminton Court,Squash Court,0.187,"Squash Court, Tennis Court, Badminton Court",Tue,08:00,Tue,02:34,Badminton Court,Tue,20:30,Tue,12:44,False,True,False,True,2,False
B-008435,R-0223,10,Swimming Pool,Swimming Pool,0.4,"Swimming Pool, Squash Court, Multipurpose Hall",Tue,18:00,Tue,02:21,Swimming Pool,Wed,18:15,Tue,13:19,True,False,True,False,2,False
B-008436,R-0245,34,Squash Court,Squash Court,0.622,"Squash Court, Tennis Court, Gym",Tue,18:00,Mon,07:20,Squash Court,Thu,07:30,Tue,14:25,True,False,False,False,1,False
B-008437,R-0146,69,Multipurpose Hall,Badminton Court,0.273,"Badminton Court, Kids Play Area, Clubhouse",Tue,18:00,Tue,13:57,Badminton Court,Tue,18:30,Tue,14:37,True,True,True,True,4,True
B-008438,R-0193,30,Swimming Pool,Badminton Court,0.434,"Badminton Court, Swimming Pool, Clubhouse",Tue,20:00,Tue,16:17,Swimming Pool,Tue,18:15,Tue,15:03,False,True,False,True,2,False
B-008439,R-0176,25,Swimming Pool,Swimming Pool,0.391,"Swimming Pool, Squash Court, Tennis Court",Tue,06:00,Tue,02:09,Squash Court,Tue,20:00,Tue,15:38,False,True,False,True,2,False
B-008440,R-0260,22,Swimming Pool,Swimming Pool,0.407,"Swimming Pool, Squash Court, Gym",Tue,17:00,Tue,14:18,Gym,Tue,20:45,Tue,17:35,False,True,False,True,2,False
B-008441,R-0045,44,Badminton Court,Clubhouse,0.18,"Clubhouse, Gym, Tennis Court",Sat,17:00,Wed,19:21,Clubhouse,Sat,17:15,Tue,18:47,True,True,True,False,3,False
B-008442,R-0136,23,Squash Court,Swimming Pool,0.284,"Swimming Pool, Clubhouse, Squash Court",Wed,07:00,Tue,14:21,Squash Court,Wed,07:30,Tue,19:34,False,True,True,False,2,False
B-008443,R-0293,52,Gym,Tennis Court,0.415,"Tennis Court, Kids Play Area, Multipurpose Hall",Wed,07:00,Mon,17:40,Tennis Court,Wed,07:45,Tue,20:52,True,True,True,False,3,False
B-008444,R-0291,23,Tennis Court,Badminton Court,0.451,"Badminton Court, Tennis Court, Squash Court",Wed,21:00,Wed,00:20,Tennis Court,Wed,17:30,Tue,20:52,False,True,False,True,2,False
B-008445,R-0060,28,Clubhouse,Clubhouse,0.263,"Clubhouse, Badminton Court, Gym",Wed,18:00,Mon,20:21,Badminton Court,Thu,19:30,Tue,21:06,False,False,False,False,0,False
B-008446,R-0244,23,Kids Play Area,Badminton Court,0.408,"Badminton Court, Kids Play Area, Squash Court",Tue,19:00,Mon,22:18,Swimming Pool,Wed,18:00,Tue,21:58,False,False,False,True,1,False
B-008447,R-0255,63,Clubhouse,Gym,0.197,"Gym, Multipurpose Hall, Tennis Court",Sat,11:00,Fri,04:57,Gym,Sun,12:30,Wed,00:30,True,False,False,False,1,False
B-008448,R-0119,23,Clubhouse,Kids Play Area,0.334,"Kids Play Area, Clubhouse, Gym",Wed,09:00,Tue,21:14,Clubhouse,Fri,11:45,Wed,02:00,False,False,False,False,0,False
B-008449,R-0082,43,Gym,Gym,0.378,"Gym, Clubhouse, Swimming Pool",Wed,19:00,Wed,10:53,Multipurpose Hall,Fri,17:00,Wed,03:24,False,False,False,False,0,False
B-008450,R-0018,35,Tennis Court,Tennis Court,0.52,"Tennis Court, Squash Court, Swimming Pool",Thu,19:00,Wed,14:52,Swimming Pool,Wed,16:30,Wed,04:35,False,False,False,False,0,False
B-008451,R-0104,27,Badminton Court,Gym,0.429,"Gym, Squash Court, Badminton Court",Sat,16:00,Fri,08:56,Badminton Court,Sun,20:15,Wed,04:35,False,False,False,False,0,False
B-008452,R-0229,41,Squash Court,Squash Court,0.543,"Squash Court, Tennis Court, Badminton Court",Wed,07:00,Tue,00:06,Squash Court,Fri,07:15,Wed,07:00,True,False,True,False,2,False
B-008453,R-0106,24,Swimming Pool,Swimming Pool,0.465,"Swimming Pool, Gym, Squash Court",Wed,08:00,Wed,03:00,Kids Play Area,Wed,09:30,Wed,07:18,False,True,False,True,2,False
B-008454,R-0144,48,Badminton Court,Badminton Court,0.399,"Badminton Court, Swimming Pool, Multipurpose Hall",Sat,17:00,Fri,21:23,Multipurpose Hall,Sun,11:00,Wed,10:22,False,False,False,False,0,False
B-008455,R-0181,32,Gym,Badminton Court,0.216,"Badminton Court, Tennis Court, Gym",Sat,18:00,Fri,08:40,Gym,Sat,07:30,Wed,11:46,False,True,False,False,1,False
B-008456,R-0052,78,Kids Play Area,Multipurpose Hall,0.212,"Multipurpose Hall, Badminton Court, Kids Play Area",Wed,10:00,Wed,19:25,Swimming Pool,Wed,17:30,Wed,12:09,False,True,False,False,1,False
B-008457,R-0255,64,Gym,Multipurpose Hall,0.195,"Multipurpose Hall, Gym, Clubhouse",Sat,11:00,Mon,11:18,Multipurpose Hall,Sat,19:00,Wed,14:38,True,True,False,False,2,False
B-008458,R-0269,52,Swimming Pool,Badminton Court,0.393,"Badminton Court, Multipurpose Hall, Swimming Pool",Wed,19:00,Tue,22:33,Multipurpose Hall,Sun,18:30,Wed,21:04,False,False,False,False,0,False
B-008459,R-0161,21,Tennis Court,Tennis Court,0.431,"Tennis Court, Clubhouse, Squash Court",Thu,07:00,Tue,03:40,Kids Play Area,Thu,10:30,Wed,22:25,False,True,False,False,1,False
B-008460,R-0066,56,Squash Court,Squash Court,0.434,"Squash Court, Tennis Court, Badminton Court",Sat,19:00,Sat,01:23,Clubhouse,Sat,18:15,Thu,01:26,False,True,False,False,1,False
B-008461,R-0317,23,Gym,Gym,0.506,"Gym, Swimming Pool, Squash Court",Fri,10:00,Fri,02:11,Gym,Thu,10:30,Thu,02:44,True,False,True,True,3,False
B-008462,R-0024,35,Clubhouse,Clubhouse,0.523,"Clubhouse, Swimming Pool, Multipurpose Hall",Sat,17:00,Fri,15:01,Clubhouse,Tue,17:00,Thu,03:33,True,False,True,False,2,False
B-008463,R-0062,46,Squash Court,Badminton Court,0.524,"Badminton Court, Squash Court, Clubhouse",Thu,20:00,Tue,19:41,Badminton Court,Thu,18:15,Thu,04:32,True,True,False,False,2,False
B-008464,R-0180,58,Badminton Court,Badminton Court,0.373,"Badminton Court, Kids Play Area, Multipurpose Hall",Fri,21:00,Thu,20:28,Clubhouse,Fri,11:00,Thu,05:48,False,True,False,False,1,False
B-008465,R-0125,25,Gym,Gym,0.37,"Gym, Badminton Court, Squash Court",Thu,07:00,Wed,00:42,Gym,Fri,07:00,Thu,06:21,True,False,True,False,2,False
B-008466,R-0274,27,Squash Court,Gym,0.283,"Gym, Squash Court, Clubhouse",Thu,11:00,Thu,05:16,Squash Court,Thu,20:00,Thu,06:47,False,True,False,False,1,False
B-008467,R-0178,33,Badminton Court,Clubhouse,0.265,"Clubhouse, Badminton Court, Kids Play Area",Thu,11:00,Mon,19:55,Kids Play Area,Thu,10:00,Thu,08:12,False,True,False,False,1,False
B-008468,R-0122,52,Gym,Gym,0.265,"Gym, Badminton Court, Kids Play Area",Sat,20:00,Sat,04:14,Kids Play Area,Thu,16:30,Thu,08:29,False,False,False,False,0,False
B-008469,R-0090,70,Badminton Court,Badminton Court,0.269,"Badminton Court, Squash Court, Clubhouse",Sat,20:00,Fri,04:23,Squash Court,Sat,08:45,Thu,08:32,False,True,False,False,1,False
B-008470,R-0218,11,Squash Court,Squash Court,0.566,"Squash Court, Gym, Multipurpose Hall",Thu,19:00,Thu,11:21,Badminton Court,Thu,17:45,Thu,09:15,False,True,False,True,2,False
B-008471,R-0172,17,Kids Play Area,Kids Play Area,0.497,"Kids Play Area, Badminton Court, Multipurpose Hall",Thu,16:00,Thu,11:52,Clubhouse,Sat,18:45,Thu,10:18,False,False,False,False,0,False
B-008472,R-0206,33,Badminton Court,Swimming Pool,0.215,"Swimming Pool, Tennis Court, Kids Play Area",Thu,19:00,Thu,02:19,Kids Play Area,Thu,18:00,Thu,12:07,False,True,False,False,1,False
B-008473,R-0173,11,Tennis Court,Gym,0.225,"Gym, Tennis Court, Clubhouse",Sat,17:00,Fri,12:01,Squash Court,Sun,19:45,Thu,18:56,False,False,False,False,0,False
B-008474,R-0174,40,Tennis Court,Gym,0.269,"Gym, Tennis Court, Clubhouse",Sat,11:00,Fri,17:40,Clubhouse,Sat,18:45,Thu,19:29,False,True,False,False,1,False
B-008475,R-0221,40,Badminton Court,Gym,0.229,"Gym, Clubhouse, Squash Court",Fri,16:00,Thu,07:46,Gym,Sun,16:00,Thu,19:43,True,False,True,False,2,False
B-008476,R-0147,13,Swimming Pool,Swimming Pool,0.41,"Swimming Pool, Squash Court, Badminton Court",Fri,19:00,Fri,00:41,Squash Court,Fri,18:45,Thu,21:03,False,True,False,False,1,False
B-008477,R-0038,38,Gym,Multipurpose Hall,0.269,"Multipurpose Hall, Badminton Court, Gym",Fri,17:00,Thu,22:29,Badminton Court,Fri,17:30,Fri,00:03,False,True,True,False,2,False
B-008478,R-0247,14,Swimming Pool,Swimming Pool,0.544,"Swimming Pool, Tennis Court, Gym",Fri,06:00,Fri,00:29,Tennis Court,Fri,07:00,Fri,01:02,False,True,False,True,2,False
B-008479,R-0174,41,Clubhouse,Gym,0.244,"Gym, Clubhouse, Tennis Court",Sat,11:00,Fri,18:57,Clubhouse,Sun,11:30,Fri,01:23,False,False,True,False,1,False
B-008480,R-0297,38,Gym,Clubhouse,0.209,"Clubhouse, Multipurpose Hall, Gym",Fri,11:00,Wed,05:48,Gym,Tue,08:00,Fri,06:07,False,False,False,False,0,False
B-008481,R-0006,19,Tennis Court,Tennis Court,0.297,"Tennis Court, Badminton Court, Swimming Pool",Sat,07:00,Thu,21:11,Swimming Pool,Sat,06:30,Fri,07:54,False,True,False,False,1,False
B-008482,R-0139,60,Badminton Court,Tennis Court,0.457,"Tennis Court, Squash Court, Badminton Court",Fri,18:00,Tue,23:22,Tennis Court,Tue,18:15,Fri,13:02,True,False,True,False,2,False
B-008483,R-0198,25,Tennis Court,Multipurpose Hall,0.233,"Multipurpose Hall, Clubhouse, Gym",Sat,17:00,Wed,20:40,Multipurpose Hall,Sun,17:15,Fri,13:37,True,False,True,True,3,False
B-008484,R-0042,15,Badminton Court,Badminton Court,0.492,"Badminton Court, Squash Court, Clubhouse",Fri,20:00,Fri,16:38,Badminton Court,Fri,20:30,Fri,17:05,True,True,True,True,4,True
B-008485,R-0145,28,Tennis Court,Tennis Court,0.468,"Tennis Court, Multipurpose Hall, Swimming Pool",Fri,07:00,Thu,10:56,Tennis Court,Sat,07:45,Fri,17:10,True,False,True,False,2,False
B-008486,R-0033,31,Gym,Swimming Pool,0.314,"Swimming Pool, Squash Court, Gym",Sat,17:00,Fri,23:14,Swimming Pool,Sat,18:45,Fri,17:24,True,True,False,False,2,False
B-008487,R-0084,24,Swimming Pool,Swimming Pool,0.567,"Swimming Pool, Gym, Multipurpose Hall",Sat,07:00,Fri,01:33,Swimming Pool,Sat,07:45,Fri,17:37,True,True,True,False,3,False
B-008488,R-0120,31,Kids Play Area,Swimming Pool,0.222,"Swimming Pool, Kids Play Area, Tennis Court",Fri,17:00,Thu,20:06,Kids Play Area,Sat,10:45,Fri,18:19,False,False,False,False,0,False
B-008489,R-0190,55,Tennis Court,Squash Court,0.258,"Squash Court, Tennis Court, Multipurpose Hall",Fri,08:00,Thu,14:11,Squash Court,Sat,08:45,Fri,18:39,True,False,True,False,2,False
B-008490,R-0151,33,Gym,Gym,0.619,"Gym, Squash Court, Swimming Pool",Fri,17:00,Fri,00:00,Gym,Sat,17:15,Fri,18:49,True,False,True,False,2,False
B-008491,R-0265,43,Swimming Pool,Clubhouse,0.356,"Clubhouse, Swimming Pool, Gym",Sun,17:00,Mon,19:47,Clubhouse,Sun,17:15,Sat,00:25,True,True,True,False,3,False
B-008492,R-0209,33,Gym,Gym,0.414,"Gym, Badminton Court, Swimming Pool",Sat,11:00,Sat,05:06,Squash Court,Sat,07:30,Sat,00:47,False,True,False,True,2,False
B-008493,R-0058,50,Swimming Pool,Swimming Pool,0.484,"Swimming Pool, Clubhouse, Kids Play Area",Sun,08:00,Sat,15:34,Tennis Court,Sun,06:45,Sat,03:11,False,True,False,False,1,False
B-008494,R-0269,53,Multipurpose Hall,Badminton Court,0.39,"Badminton Court, Multipurpose Hall, Tennis Court",Sat,19:00,Sat,01:08,Swimming Pool,Sat,18:45,Sat,06:18,False,True,False,False,1,False
B-008495,R-0212,64,Gym,Gym,0.261,"Gym, Clubhouse, Tennis Court",Sun,08:00,Fri,23:33,Multipurpose Hall,Wed,11:45,Sat,06:41,False,False,False,False,0,False
B-008496,R-0044,21,Clubhouse,Squash Court,0.413,"Squash Court, Clubhouse, Gym",Sat,18:00,Sat,07:58,Gym,Sat,20:45,Sat,09:13,False,True,False,True,2,False
B-008497,R-0167,38,Swimming Pool,Gym,0.267,"Gym, Swimming Pool, Clubhouse",Sat,10:00,Sat,03:55,Multipurpose Hall,Sun,10:15,Sat,10:15,False,False,True,False,1,False
B-008498,R-0225,38,Kids Play Area,Clubhouse,0.477,"Clubhouse, Kids Play Area, Squash Court",Mon,11:00,Thu,21:27,Clubhouse,Thu,18:30,Sat,11:34,True,False,False,False,1,False
B-008499,R-0242,17,Squash Court,Badminton Court,0.267,"Badminton Court, Clubhouse, Multipurpose Hall",Sat,21:00,Sat,01:12,Multipurpose Hall,Sun,18:00,Sat,12:15,False,False,False,False,0,False
B-008500,R-0093,13,Badminton Court,Clubhouse,0.228,"Clubhouse, Tennis Court, Gym",Sun,17:00,Sat,13:17,Clubhouse,Sat,19:30,Sat,13:07,True,False,False,True,2,False
B-008501,R-0294,20,Clubhouse,Clubhouse,0.298,"Clubhouse, Swimming Pool, Tennis Court",Sat,20:00,Wed,04:09,Clubhouse,Wed,20:00,Sat,13:28,True,False,True,True,3,False
B-008502,R-0069,33,Badminton Court,Swimming Pool,0.193,"Swimming Pool, Gym, Multipurpose Hall",Sat,17:00,Sat,01:24,Gym,Sun,15:30,Sat,13:49,False,False,False,False,0,False
B-008503,R-0248,36,Clubhouse,Clubhouse,0.634,"Clubhouse, Gym, Swimming Pool",Sat,11:00,Fri,21:01,Tennis Court,Sun,17:45,Sat,14:45,False,False,False,False,0,False
B-008504,R-0137,36,Kids Play Area,Kids Play Area,0.75,"Kids Play Area, Multipurpose Hall, Badminton Court",Sat,17:00,Sat,13:56,Kids Play Area,Sat,17:00,Sat,14:57,True,True,True,True,4,True
B-008505,R-0020,24,Gym,Gym,0.455,"Gym, Swimming Pool, Clubhouse",Sun,09:00,Sat,17:37,Tennis Court,Sun,07:15,Sat,15:15,False,True,False,True,2,False
B-008506,R-0215,49,Gym,Gym,0.466,"Gym, Badminton Court, Tennis Court",Sun,07:00,Sat,15:25,Gym,Sun,07:15,Sun,00:09,True,True,True,False,3,False
B-008507,R-0075,19,Clubhouse,Gym,0.331,"Gym, Tennis Court, Squash Court",Sun,09:00,Sat,03:08,Clubhouse,Sat,11:00,Sun,01:56,False,False,False,False,0,False
B-008508,R-0275,41,Kids Play Area,Multipurpose Hall,0.374,"Multipurpose Hall, Swimming Pool, Kids Play Area",Sun,19:00,Mon,16:01,Multipurpose Hall,Sun,19:45,Sun,01:56,True,True,True,False,3,False
B-008509,R-0301,16,Gym,Kids Play Area,0.173,"Kids Play Area, Gym, Multipurpose Hall",Sun,10:00,Sun,03:15,Swimming Pool,Sun,08:45,Sun,04:00,False,True,False,True,2,False
B-008510,R-0279,49,Multipurpose Hall,Multipurpose Hall,0.28,"Multipurpose Hall, Badminton Court, Squash Court",Sun,11:00,Thu,11:18,Multipurpose Hall,Sat,11:45,Sun,05:48,True,False,True,False,2,False
B-008511,R-0238,26,Tennis Court,Tennis Court,0.402,"Tennis Court, Squash Court, Multipurpose Hall",Mon,19:00,Mon,08:36,Multipurpose Hall,Mon,17:45,Sun,08:09,False,True,False,False,1,False
B-008512,R-0263,51,Clubhouse,Tennis Court,0.21,"Tennis Court, Kids Play Area, Clubhouse",Mon,07:00,Fri,12:56,Badminton Court,Tue,18:30,Sun,10:02,False,False,False,False,0,False
B-008513,R-0028,35,Gym,Gym,0.433,"Gym, Swimming Pool, Badminton Court",Sun,20:00,Sun,14:58,Gym,Sun,20:00,Sun,14:13,True,True,True,True,4,True
B-008514,R-0086,38,Squash Court,Squash Court,0.545,"Squash Court, Multipurpose Hall, Clubhouse",Sun,19:00,Sun,14:37,Squash Court,Sun,19:45,Sun,14:30,True,True,True,True,4,True
B-008515,R-0224,21,Badminton Court,Badminton Court,0.315,"Badminton Court, Clubhouse, Gym",Sun,18:00,Sun,09:06,Clubhouse,Sat,19:00,Sun,15:12,False,False,False,False,0,False
B-008516,R-0165,29,Squash Court,Squash Court,0.344,"Squash Court, Swimming Pool, Gym",Sun,19:00,Sun,15:37,Kids Play Area,Sun,16:30,Sun,15:16,False,True,False,True,2,False
B-008517,R-0014,16,Badminton Court,Swimming Pool,0.353,"Swimming Pool, Kids Play Area, Gym",Mon,08:00,Sun,15:58,Tennis Court,Mon,07:00,Sun,15:33,False,True,False,True,2,False
B-008518,R-0183,31,Squash Court,Multipurpose Hall,0.263,"Multipurpose Hall, Badminton Court, Squash Court",Sun,11:00,Thu,03:49,Badminton Court,Sun,21:15,Sun,16:08,False,True,False,False,1,False
B-008519,R-0291,24,Tennis Court,Badminton Court,0.422,"Badminton Court, Tennis Court, Squash Court",Mon,19:00,Sun,22:08,Multipurpose Hall,Thu,18:30,Sun,22:20,False,False,False,False,0,False
B-008520,R-0010,17,Clubhouse,Clubhouse,0.437,"Clubhouse, Multipurpose Hall, Swimming Pool",Sun,11:00,Mon,22:34,Tennis Court,Thu,06:30,Sun,23:54,False,False,False,False,0,False
B-008521,R-0039,56,Tennis Court,Multipurpose Hall,0.448,"Multipurpose Hall, Kids Play Area, Gym",Mon,10:00,Wed,15:17,Kids Play Area,Mon,16:00,Mon,00:46,False,True,False,False,1,False
B-008522,R-0299,17,Tennis Court,Tennis Court,0.455,"Tennis Court, Squash Court, Swimming Pool",Tue,19:00,Mon,18:59,Multipurpose Hall,Wed,17:45,Mon,03:42,False,False,False,False,0,False
B-008523,R-0311,60,Squash Court,Multipurpose Hall,0.235,"Multipurpose Hall, Clubhouse, Kids Play Area",Tue,18:00,Fri,23:22,Squash Court,Tue,08:15,Mon,04:30,False,True,False,False,1,False
B-008524,R-0132,15,Tennis Court,Tennis Court,0.494,"Tennis Court, Squash Court, Swimming Pool",Wed,07:00,Mon,04:18,Badminton Court,Wed,18:15,Mon,06:06,False,True,False,False,1,False
B-008525,R-0159,30,Clubhouse,Multipurpose Hall,0.175,"Multipurpose Hall, Kids Play Area, Tennis Court",Tue,19:00,Wed,12:49,Kids Play Area,Mon,10:30,Mon,08:11,False,False,False,False,0,False
B-008526,R-0036,69,Kids Play Area,Multipurpose Hall,0.314,"Multipurpose Hall, Tennis Court, Kids Play Area",Tue,10:00,Sun,05:28,Kids Play Area,Mon,09:45,Mon,08:16,False,False,False,False,0,False
B-008527,R-0225,39,Clubhouse,Clubhouse,0.524,"Clubhouse, Squash Court, Kids Play Area",Tue,11:00,Sat,01:12,Clubhouse,Fri,11:45,Mon,08:21,True,False,True,False,2,False
B-008528,R-0063,23,Gym,Badminton Court,0.407,"Badminton Court, Multipurpose Hall, Gym",Tue,19:00,Tue,02:35,Badminton Court,Mon,19:00,Mon,10:11,True,False,True,False,2,False
B-008529,R-0187,45,Badminton Court,Multipurpose Hall,0.169,"Multipurpose Hall, Badminton Court, Tennis Court",Tue,17:00,Wed,01:26,Kids Play Area,Mon,16:00,Mon,10:14,False,False,False,False,0,False
B-008530,R-0259,68,Kids Play Area,Gym,0.158,"Gym, Kids Play Area, Clubhouse",Tue,15:00,Mon,23:20,Multipurpose Hall,Sat,19:30,Mon,11:18,False,False,False,False,0,False
B-008531,R-0303,53,Multipurpose Hall,Multipurpose Hall,0.379,"Multipurpose Hall, Gym, Tennis Court",Tue,18:00,Sat,01:43,Multipurpose Hall,Wed,18:15,Mon,11:53,True,False,True,False,2,False
B-008532,R-0256,35,Swimming Pool,Swimming Pool,0.374,"Swimming Pool, Gym, Kids Play Area",Mon,16:00,Mon,09:05,Swimming Pool,Mon,17:15,Mon,11:56,True,True,False,True,3,False
B-008533,R-0100,51,Badminton Court,Kids Play Area,0.173,"Kids Play Area, Tennis Court, Badminton Court",Tue,17:00,Tue,13:06,Tennis Court,Tue,17:30,Mon,14:45,False,True,True,False,2,False
B-008534,R-0046,50,Gym,Kids Play Area,0.182,"Kids Play Area, Gym, Clubhouse",Tue,18:00,Tue,16:54,Kids Play Area,Mon,18:15,Mon,17:50,True,False,True,True,3,False
B-008535,R-0194,65,Tennis Court,Swimming Pool,0.356,"Swimming Pool, Tennis Court, Clubhouse",Tue,08:00,Mon,01:48,Swimming Pool,Tue,08:30,Mon,17:54,True,True,True,False,3,False
B-008536,R-0189,35,Swimming Pool,Swimming Pool,0.413,"Swimming Pool, Squash Court, Clubhouse",Tue,19:00,Tue,01:00,Squash Court,Tue,20:45,Mon,20:13,False,True,False,False,1,False
B-008537,R-0314,14,Gym,Gym,0.254,"Gym, Tennis Court, Swimming Pool",Tue,18:00,Mon,11:23,Multipurpose Hall,Thu,18:45,Mon,20:33,False,False,True,False,1,False
B-008538,R-0138,30,Gym,Tennis Court,0.232,"Tennis Court, Swimming Pool, Squash Court",Tue,18:00,Mon,09:00,Tennis Court,Tue,18:45,Tue,00:44,True,True,True,False,3,False
B-008539,R-0127,37,Multipurpose Hall,Kids Play Area,0.219,"Kids Play Area, Tennis Court, Squash Court",Tue,10:00,Tue,02:59,Gym,Tue,07:30,Tue,03:14,False,True,False,True,2,False
B-008540,R-0042,16,Badminton Court,Badminton Court,0.495,"Badminton Court, Squash Court, Clubhouse",Tue,20:00,Tue,06:32,Badminton Court,Tue,17:00,Tue,03:45,True,True,False,True,3,False
B-008541,R-0295,15,Tennis Court,Badminton Court,0.24,"Badminton Court, Squash Court, Tennis Court",Tue,21:00,Tue,04:11,Gym,Wed,10:00,Tue,04:21,False,False,False,False,0,False
B-008542,R-0035,19,Gym,Gym,0.446,"Gym, Swimming Pool, Badminton Court",Tue,15:00,Mon,07:40,Swimming Pool,Wed,16:30,Tue,04:49,False,False,False,True,1,False
B-008543,R-0267,74,Badminton Court,Multipurpose Hall,0.434,"Multipurpose Hall, Kids Play Area, Gym",Mon,18:00,Sat,23:30,Multipurpose Hall,Sat,18:30,Tue,14:23,True,False,True,False,2,False
B-008544,R-0032,66,Squash Court,Tennis Court,0.376,"Tennis Court, Squash Court, Kids Play Area",Wed,06:00,Mon,13:57,Tennis Court,Wed,06:30,Tue,14:44,True,True,True,False,3,False
B-008545,R-0030,34,Gym,Gym,0.176,"Gym, Badminton Court, Clubhouse",Sat,07:00,Thu,23:51,Multipurpose Hall,Sat,11:00,Tue,15:00,False,True,False,False,1,False
B-008546,R-0198,26,Multipurpose Hall,Multipurpose Hall,0.267,"Multipurpose Hall, Gym, Clubhouse",Sat,17:00,Mon,23:08,Clubhouse,Sat,11:45,Tue,16:58,False,True,False,True,2,False
B-008547,R-0253,31,Multipurpose Hall,Kids Play Area,0.311,"Kids Play Area, Tennis Court, Swimming Pool",Tue,10:00,Tue,04:13,Swimming Pool,Wed,06:15,Tue,19:36,False,False,False,False,0,False
B-008548,R-0101,47,Badminton Court,Badminton Court,0.434,"Badminton Court, Squash Court, Clubhouse",Wed,19:00,Tue,22:23,Badminton Court,Wed,17:45,Tue,20:31,True,True,False,True,3,False
B-008549,R-0083,44,Clubhouse,Multipurpose Hall,0.395,"Multipurpose Hall, Clubhouse, Kids Play Area",Wed,17:00,Wed,13:49,Multipurpose Hall,Mon,11:15,Tue,21:38,True,False,False,False,1,False
B-008550,R-0203,40,Swimming Pool,Tennis Court,0.288,"Tennis Court, Swimming Pool, Gym",Wed,07:00,Mon,23:48,Swimming Pool,Thu,06:30,Tue,22:39,False,False,False,True,1,False
B-008551,R-0232,58,Kids Play Area,Kids Play Area,0.518,"Kids Play Area, Badminton Court, Swimming Pool",Tue,10:00,Mon,19:46,Multipurpose Hall,Tue,17:15,Tue,23:06,False,True,False,False,1,False
B-008552,R-0228,28,Gym,Gym,0.514,"Gym, Badminton Court, Squash Court",Wed,15:00,Wed,00:14,Gym,Wed,15:30,Wed,02:01,True,True,True,True,4,True
B-008553,R-0143,23,Swimming Pool,Kids Play Area,0.518,"Kids Play Area, Multipurpose Hall, Swimming Pool",Wed,18:00,Wed,06:05,Clubhouse,Fri,11:00,Wed,02:30,False,False,False,False,0,False
B-008554,R-0018,36,Swimming Pool,Tennis Court,0.402,"Tennis Court, Swimming Pool, Squash Court",Thu,19:00,Wed,14:12,Clubhouse,Sun,17:15,Wed,03:35,False,False,False,False,0,False
B-008555,R-0119,24,Clubhouse,Kids Play Area,0.33,"Kids Play Area, Clubhouse, Multipurpose Hall",Wed,09:00,Tue,21:43,Squash Court,Thu,07:30,Wed,04:10,False,False,False,False,0,False
B-008556,R-0304,18,Swimming Pool,Swimming Pool,0.342,"Swimming Pool, Clubhouse, Gym",Wed,17:00,Wed,08:38,Swimming Pool,Wed,17:00,Wed,09:05,True,True,True,True,4,True
B-008557,R-0232,59,Multipurpose Hall,Kids Play Area,0.531,"Kids Play Area, Badminton Court, Gym",Wed,10:00,Wed,07:22,Kids Play Area,Wed,10:30,Wed,09:27,True,True,True,True,4,True
B-008558,R-0111,48,Kids Play Area,Swimming Pool,0.501,"Swimming Pool, Kids Play Area, Tennis Court",Wed,19:00,Wed,03:00,Swimming Pool,Wed,19:00,Wed,10:38,True,True,True,False,3,False
B-008559,R-0029,32,Kids Play Area,Kids Play Area,0.442,"Kids Play Area, Badminton Court, Tennis Court",Wed,16:00,Wed,08:00,Tennis Court,Fri,17:45,Wed,10:48,False,False,False,False,0,False
B-008560,R-0306,10,Badminton Court,Kids Play Area,0.546,"Kids Play Area, Badminton Court, Gym",Wed,16:00,Wed,12:58,Badminton Court,Wed,20:15,Wed,13:01,False,True,False,False,1,False
B-008561,R-0096,54,Gym,Gym,0.489,"Gym, Squash Court, Badminton Court",Thu,11:00,Wed,19:52,Clubhouse,Fri,20:30,Wed,14:56,False,False,False,False,0,False
B-008562,R-0056,52,Swimming Pool,Swimming Pool,0.552,"Swimming Pool, Squash Court, Kids Play Area",Thu,08:00,Wed,15:27,Swimming Pool,Thu,08:30,Wed,16:32,True,True,True,True,4,True
B-008563,R-0134,16,Kids Play Area,Badminton Court,0.197,"Badminton Court, Clubhouse, Tennis Court",Thu,18:00,Wed,08:38,Clubhouse,Wed,17:00,Wed,19:48,False,False,False,False,0,False
B-008564,R-0036,70,Kids Play Area,Multipurpose Hall,0.308,"Multipurpose Hall, Tennis Court, Kids Play Area",Thu,10:00,Tue,03:48,Tennis Court,Thu,07:00,Wed,21:44,False,True,False,False,1,False
B-008565,R-0307,20,Squash Court,Kids Play Area,0.37,"Kids Play Area, Gym, Tennis Court",Wed,10:00,Tue,21:47,Gym,Thu,06:45,Wed,23:53,False,False,False,False,0,False
B-008566,R-0120,32,Kids Play Area,Swimming Pool,0.197,"Swimming Pool, Kids Play Area, Clubhouse",Thu,17:00,Wed,21:37,Kids Play Area,Thu,10:45,Thu,01:37,False,True,False,False,1,False
B-008567,R-0220,52,Multipurpose Hall,Badminton Court,0.412,"Badminton Court, Gym, Multipurpose Hall",Thu,18:00,Wed,04:21,Badminton Court,Fri,18:45,Thu,03:44,True,False,True,True,3,False
B-008568,R-0005,19,Kids Play Area,Kids Play Area,0.419,"Kids Play Area, Badminton Court, Swimming Pool",Thu,10:00,Wed,23:16,Gym,Sat,20:30,Thu,08:34,False,False,False,False,0,False
B-008569,R-0188,46,Swimming Pool,Swimming Pool,0.29,"Swimming Pool, Badminton Court, Gym",Fri,16:00,Thu,08:20,Swimming Pool,Fri,16:15,Thu,09:03,True,True,True,True,4,True
B-008570,R-0141,37,Swimming Pool,Swimming Pool,0.538,"Swimming Pool, Tennis Court, Kids Play Area",Thu,07:00,Wed,14:49,Swimming Pool,Fri,16:30,Thu,09:23,True,False,False,False,1,False
B-008571,R-0164,21,Multipurpose Hall,Multipurpose Hall,0.51,"Multipurpose Hall, Tennis Court, Squash Court",Sat,17:00,Tue,03:35,Multipurpose Hall,Thu,17:45,Thu,13:36,True,False,True,False,2,False
B-008572,R-0150,15,Squash Court,Tennis Court,0.183,"Tennis Court, Swimming Pool, Squash Court",Fri,17:00,Thu,09:22,Swimming Pool,Fri,17:45,Thu,17:01,False,True,True,False,2,False
B-008573,R-0115,26,Squash Court,Badminton Court,0.283,"Badminton Court, Tennis Court, Squash Court",Fri,18:00,Thu,22:31,Badminton Court,Fri,18:00,Thu,17:15,True,True,True,False,3,False
B-008574,R-0046,51,Kids Play Area,Kids Play Area,0.27,"Kids Play Area, Clubhouse, Swimming Pool",Thu,18:00,Thu,05:52,Clubhouse,Tue,18:45,Thu,20:27,False,False,True,False,1,False
B-008575,R-0110,41,Badminton Court,Badminton Court,0.228,"Badminton Court, Squash Court, Gym",Fri,19:00,Fri,01:06,Multipurpose Hall,Mon,10:15,Fri,01:10,False,False,False,False,0,False
B-008576,R-0204,12,Gym,Gym,0.424,"Gym, Swimming Pool, Badminton Court",Fri,11:00,Fri,03:37,Gym,Fri,17:15,Fri,01:53,True,True,False,False,2,False
B-008577,R-0317,24,Gym,Gym,0.498,"Gym, Swimming Pool, Squash Court",Fri,10:00,Fri,02:48,Gym,Mon,10:30,Fri,02:31,True,False,True,False,2,False
B-008578,R-0319,11,Swimming Pool,Swimming Pool,0.5,"Swimming Pool, Tennis Court, Clubhouse",Sat,18:00,Sat,01:59,Swimming Pool,Fri,18:45,Fri,06:10,True,False,True,False,2,False
B-008579,R-0288,33,Tennis Court,Tennis Court,0.37,"Tennis Court, Squash Court, Badminton Court",Fri,07:00,Wed,18:50,Badminton Court,Fri,19:15,Fri,08:03,False,True,False,False,1,False
B-008580,R-0052,79,Swimming Pool,Badminton Court,0.217,"Badminton Court, Multipurpose Hall, Squash Court",Fri,17:00,Fri,07:54,Gym,Fri,11:15,Fri,08:16,False,True,False,False,1,False
B-008581,R-0117,36,Swimming Pool,Swimming Pool,0.432,"Swimming Pool, Clubhouse, Squash Court",Sat,08:00,Fri,15:47,Swimming Pool,Sat,08:15,Fri,10:30,True,True,True,False,3,False
B-008582,R-0095,12,Gym,Gym,0.239,"Gym, Squash Court, Swimming Pool",Fri,11:00,Fri,04:12,Tennis Court,Fri,17:30,Fri,11:10,False,True,False,True,2,False
B-008583,R-0184,41,Multipurpose Hall,Badminton Court,0.334,"Badminton Court, Tennis Court, Swimming Pool",Fri,21:00,Thu,07:27,Badminton Court,Mon,21:45,Fri,11:32,True,False,True,False,2,False
B-008584,R-0276,40,Tennis Court,Kids Play Area,0.322,"Kids Play Area, Tennis Court, Squash Court",Sat,16:00,Sat,10:37,Tennis Court,Fri,17:15,Fri,12:58,False,False,False,True,1,False
B-008585,R-0227,18,Squash Court,Kids Play Area,0.509,"Kids Play Area, Tennis Court, Squash Court",Fri,17:00,Fri,13:57,Kids Play Area,Fri,17:30,Fri,14:37,True,True,True,True,4,True
B-008586,R-0310,9,Multipurpose Hall,Multipurpose Hall,0.33,"Multipurpose Hall, Badminton Court, Gym",Sat,18:00,Thu,23:35,Multipurpose Hall,Wed,19:15,Fri,14:58,True,False,False,False,1,False
B-008587,R-0152,30,Kids Play Area,Tennis Court,0.192,"Tennis Court, Kids Play Area, Clubhouse",Fri,07:00,Tue,20:26,Badminton Court,Sat,20:15,Fri,19:02,False,False,False,False,0,False
B-008588,R-0066,57,Clubhouse,Squash Court,0.391,"Squash Court, Clubhouse, Badminton Court",Sat,19:00,Sat,00:09,Badminton Court,Sat,20:00,Fri,20:01,False,True,False,False,1,False
B-008589,R-0166,46,Gym,Gym,0.416,"Gym, Squash Court, Tennis Court",Sat,11:00,Fri,18:30,Gym,Sun,11:00,Fri,21:03,True,False,True,False,2,False
B-008590,R-0292,33,Badminton Court,Badminton Court,0.328,"Badminton Court, Swimming Pool, Multipurpose Hall",Sat,18:00,Fri,19:43,Swimming Pool,Sun,07:30,Fri,22:43,False,False,False,False,0,False
B-008591,R-0294,21,Clubhouse,Clubhouse,0.304,"Clubhouse, Swimming Pool, Gym",Sat,20:00,Tue,21:13,Tennis Court,Sat,19:45,Fri,23:02,False,True,False,False,1,False
B-008592,R-0215,50,Gym,Gym,0.504,"Gym, Badminton Court, Tennis Court",Sat,07:00,Fri,14:19,Gym,Sat,07:45,Fri,23:39,True,True,True,False,3,False
B-008593,R-0022,24,Clubhouse,Kids Play Area,0.376,"Kids Play Area, Tennis Court, Squash Court",Fri,09:00,Thu,19:03,Kids Play Area,Sat,09:30,Fri,23:58,True,False,True,False,2,False
B-008594,R-0145,29,Tennis Court,Tennis Court,0.472,"Tennis Court, Multipurpose Hall, Swimming Pool",Mon,07:00,Sun,11:26,Multipurpose Hall,Fri,10:15,Sat,02:27,False,False,False,False,0,False
B-008595,R-0070,25,Gym,Swimming Pool,0.491,"Swimming Pool, Gym, Kids Play Area",Mon,06:00,Sun,13:18,Swimming Pool,Mon,06:00,Sat,02:30,True,True,True,False,3,False
B-008596,R-0146,70,Badminton Court,Badminton Court,0.314,"Badminton Court, Kids Play Area, Clubhouse",Sat,18:00,Sat,05:17,Badminton Court,Sat,17:00,Sat,03:35,True,True,False,True,3,False
B-008597,R-0212,65,Multipurpose Hall,Gym,0.27,"Gym, Clubhouse, Multipurpose Hall",Sun,08:00,Fri,23:28,Squash Court,Sun,07:45,Sat,07:11,False,True,False,False,1,False
B-008598,R-0207,28,Gym,Multipurpose Hall,0.341,"Multipurpose Hall, Clubhouse, Swimming Pool",Mon,10:00,Thu,01:05,Badminton Court,Sat,21:45,Sat,07:29,False,False,False,False,0,False
B-008599,R-0313,22,Clubhouse,Gym,0.234,"Gym, Clubhouse, Kids Play Area",Sat,11:00,Sat,04:40,Kids Play Area,Sat,18:30,Sat,11:51,False,True,False,True,2,False
B-008600,R-0050,19,Clubhouse,Clubhouse,0.388,"Clubhouse, Swimming Pool, Tennis Court",Sat,20:00,Tue,04:38,Tennis Court,Sun,06:45,Sat,14:52,False,False,False,False,0,False
B-008601,R-0271,27,Multipurpose Hall,Squash Court,0.373,"Squash Court, Tennis Court, Gym",Sun,08:00,Sat,14:25,Squash Court,Sun,08:45,Sat,17:06,True,True,True,True,4,True
B-008602,R-0196,35,Kids Play Area,Clubhouse,0.382,"Clubhouse, Swimming Pool, Multipurpose Hall",Sun,20:00,Thu,02:33,Kids Play Area,Sun,17:00,Sat,17:21,False,True,False,False,1,False
B-008603,R-0274,28,Squash Court,Gym,0.258,"Gym, Squash Court, Clubhouse",Mon,11:00,Mon,05:45,Swimming Pool,Sun,07:45,Sat,18:32,False,False,False,False,0,False
B-008604,R-0114,35,Swimming Pool,Swimming Pool,0.336,"Swimming Pool, Kids Play Area, Badminton Court",Sun,18:00,Sat,10:30,Kids Play Area,Sun,10:45,Sat,18:44,False,True,False,False,1,False
B-008605,R-0150,16,Swimming Pool,Swimming Pool,0.239,"Swimming Pool, Clubhouse, Tennis Court",Mon,17:00,Sun,21:59,Clubhouse,Fri,19:00,Sat,21:54,False,False,False,False,0,False
B-008606,R-0259,69,Multipurpose Hall,Clubhouse,0.189,"Clubhouse, Multipurpose Hall, Kids Play Area",Mon,19:00,Fri,14:32,Swimming Pool,Mon,19:00,Sat,21:57,False,True,True,False,2,False
B-008607,R-0026,35,Tennis Court,Tennis Court,0.322,"Tennis Court, Multipurpose Hall, Squash Court",Mon,18:00,Sun,07:02,Squash Court,Sun,18:15,Sun,00:53,False,False,True,False,1,False
B-008608,R-0199,22,Badminton Court,Tennis Court,0.242,"Tennis Court, Badminton Court, Squash Court",Sun,19:00,Sat,11:30,Badminton Court,Sun,17:15,Sun,04:24,False,True,False,False,1,False
B-008609,R-0156,7,Badminton Court,Badminton Court,0.307,"Badminton Court, Tennis Court, Multipurpose Hall",Sun,20:00,Sun,06:40,Tennis Court,Sun,06:30,Sun,04:30,False,True,False,False,1,False
B-008610,R-0183,32,Badminton Court,Multipurpose Hall,0.268,"Multipurpose Hall, Badminton Court, Squash Court",Sun,11:00,Wed,23:33,Gym,Sun,15:45,Sun,07:19,False,True,False,False,1,False
B-008611,R-0086,39,Squash Court,Squash Court,0.552,"Squash Court, Multipurpose Hall, Gym",Sun,19:00,Sun,11:47,Squash Court,Sun,08:45,Sun,07:34,True,True,False,False,2,False
B-008612,R-0076,58,Multipurpose Hall,Multipurpose Hall,0.268,"Multipurpose Hall, Tennis Court, Swimming Pool",Sun,10:00,Sat,04:03,Tennis Court,Thu,07:15,Sun,10:18,False,False,False,False,0,False
B-008613,R-0108,10,Gym,Gym,0.255,"Gym, Squash Court, Clubhouse",Sun,11:00,Sat,13:05,Squash Court,Sun,20:30,Sun,10:20,False,True,False,False,1,False
B-008614,R-0009,13,Swimming Pool,Kids Play Area,0.453,"Kids Play Area, Swimming Pool, Gym",Sun,10:00,Sun,06:45,Kids Play Area,Sun,16:15,Sun,10:27,True,True,False,True,3,False
B-008615,R-0084,25,Swimming Pool,Swimming Pool,0.532,"Swimming Pool, Multipurpose Hall, Gym",Sun,07:00,Sat,00:38,Swimming Pool,Fri,07:45,Sun,11:25,True,False,True,False,2,False
B-008616,R-0217,15,Kids Play Area,Tennis Court,0.313,"Tennis Court, Squash Court, Kids Play Area",Sun,17:00,Sun,04:16,Gym,Sun,16:15,Sun,12:25,False,True,False,False,1,False
B-008617,R-0062,47,Badminton Court,Badminton Court,0.599,"Badminton Court, Squash Court, Clubhouse",Mon,20:00,Sat,22:51,Gym,Mon,14:15,Sun,14:01,False,True,False,False,1,False
B-008618,R-0019,33,Multipurpose Hall,Tennis Court,0.337,"Tennis Court, Multipurpose Hall, Squash Court",Sun,17:00,Sun,10:01,Squash Court,Sun,20:15,Sun,14:25,False,True,False,True,2,False
B-008619,R-0239,11,Tennis Court,Kids Play Area,0.284,"Kids Play Area, Tennis Court, Gym",Sun,17:00,Sun,13:19,Kids Play Area,Sun,17:45,Sun,15:32,True,True,True,True,4,True
B-008620,R-0220,53,Badminton Court,Badminton Court,0.395,"Badminton Court, Gym, Multipurpose Hall",Mon,18:00,Sat,17:27,Tennis Court,Thu,06:00,Sun,18:00,False,False,False,False,0,False
B-008621,R-0170,33,Multipurpose Hall,Swimming Pool,0.428,"Swimming Pool, Clubhouse, Kids Play Area",Mon,18:00,Sun,23:40,Tennis Court,Mon,17:30,Sun,19:35,False,True,False,False,1,False
B-008622,R-0284,11,Badminton Court,Gym,0.38,"Gym, Squash Court, Badminton Court",Sun,11:00,Sat,03:51,Gym,Fri,10:15,Sun,22:15,True,False,False,False,1,False
B-008623,R-0234,42,Squash Court,Squash Court,0.553,"Squash Court, Tennis Court, Multipurpose Hall",Tue,19:00,Tue,02:56,Clubhouse,Fri,11:30,Mon,01:10,False,False,False,False,0,False
B-008624,R-0276,41,Tennis Court,Kids Play Area,0.33,"Kids Play Area, Tennis Court, Badminton Court",Tue,16:00,Tue,10:58,Swimming Pool,Wed,17:15,Mon,12:23,False,False,False,False,0,False
B-008625,R-0304,19,Swimming Pool,Swimming Pool,0.327,"Swimming Pool, Clubhouse, Gym",Tue,17:00,Tue,13:13,Swimming Pool,Mon,17:45,Mon,14:27,True,False,True,True,3,False
B-008626,R-0126,17,Tennis Court,Tennis Court,0.187,"Tennis Court, Gym, Clubhouse",Tue,17:00,Mon,06:23,Kids Play Area,Mon,18:30,Mon,14:58,False,False,False,False,0,False
B-008627,R-0122,53,Kids Play Area,Gym,0.252,"Gym, Badminton Court, Kids Play Area",Tue,20:00,Tue,03:55,Kids Play Area,Mon,17:15,Mon,15:37,False,False,False,False,0,False
B-008628,R-0127,38,Gym,Kids Play Area,0.183,"Kids Play Area, Tennis Court, Squash Court",Tue,10:00,Tue,08:25,Clubhouse,Thu,11:15,Mon,15:39,False,False,False,False,0,False
B-008629,R-0102,34,Tennis Court,Tennis Court,0.552,"Tennis Court, Squash Court, Swimming Pool",Wed,06:00,Tue,19:14,Squash Court,Tue,07:45,Mon,21:06,False,False,False,True,1,False
B-008630,R-0054,30,Badminton Court,Badminton Court,0.335,"Badminton Court, Squash Court, Clubhouse",Tue,18:00,Tue,05:19,Squash Court,Tue,08:45,Mon,22:08,False,True,False,True,2,False
B-008631,R-0118,17,Tennis Court,Kids Play Area,0.373,"Kids Play Area, Badminton Court, Tennis Court",Tue,18:00,Tue,07:22,Multipurpose Hall,Thu,19:30,Tue,04:38,False,False,False,False,0,False
B-008632,R-0092,38,Gym,Kids Play Area,0.459,"Kids Play Area, Gym, Multipurpose Hall",Tue,16:00,Tue,05:24,Kids Play Area,Wed,17:15,Tue,05:40,True,False,False,False,1,False
B-008633,R-0216,4,Badminton Court,Badminton Court,0.443,"Badminton Court, Kids Play Area, Clubhouse",Tue,20:00,Tue,01:04,Badminton Court,Tue,18:15,Tue,09:40,True,True,False,False,2,False
B-008634,R-0036,71,Tennis Court,Multipurpose Hall,0.297,"Multipurpose Hall, Tennis Court, Kids Play Area",Tue,10:00,Sun,04:13,Multipurpose Hall,Wed,10:00,Tue,10:00,True,False,True,False,2,False
B-008635,R-0187,46,Kids Play Area,Multipurpose Hall,0.176,"Multipurpose Hall, Clubhouse, Kids Play Area",Tue,17:00,Tue,05:52,Squash Court,Wed,20:15,Tue,11:51,False,False,False,False,0,False
B-008636,R-0191,9,Kids Play Area,Kids Play Area,0.349,"Kids Play Area, Tennis Court, Badminton Court",Tue,18:00,Tue,14:32,Badminton Court,Tue,17:15,Tue,13:34,False,True,False,True,2,False
B-008637,R-0280,28,Gym,Squash Court,0.194,"Squash Court, Tennis Court, Gym",Wed,18:00,Wed,01:00,Tennis Court,Thu,17:45,Tue,14:47,False,False,False,False,0,False
B-008638,R-0011,34,Multipurpose Hall,Multipurpose Hall,0.601,"Multipurpose Hall, Kids Play Area, Swimming Pool",Sat,19:00,Thu,11:07,Multipurpose Hall,Mon,19:30,Tue,20:37,True,False,True,False,2,False
B-008639,R-0175,32,Gym,Squash Court,0.246,"Squash Court, Gym, Tennis Court",Wed,08:00,Tue,14:49,Multipurpose Hall,Sun,17:00,Tue,20:48,False,False,False,False,0,False
B-008640,R-0305,28,Clubhouse,Gym,0.275,"Gym, Clubhouse, Tennis Court",Tue,11:00,Tue,02:51,Clubhouse,Mon,11:15,Tue,21:15,False,False,True,False,1,False
B-008641,R-0225,40,Clubhouse,Clubhouse,0.58,"Clubhouse, Squash Court, Kids Play Area",Wed,11:00,Tue,03:52,Clubhouse,Mon,11:15,Tue,23:36,True,False,True,False,2,False
B-008642,R-0110,42,Multipurpose Hall,Squash Court,0.198,"Squash Court, Badminton Court, Multipurpose Hall",Thu,08:00,Wed,15:07,Badminton Court,Wed,19:45,Wed,00:29,False,False,False,True,1,False
B-008643,R-0023,25,Multipurpose Hall,Tennis Court,0.439,"Tennis Court, Kids Play Area, Swimming Pool",Wed,06:00,Tue,19:50,Swimming Pool,Wed,06:15,Wed,00:34,False,True,True,False,2,False
B-008644,R-0060,29,Badminton Court,Clubhouse,0.227,"Clubhouse, Badminton Court, Gym",Thu,19:00,Wed,15:34,Clubhouse,Mon,18:30,Wed,02:51,True,False,False,False,1,False
B-008645,R-0094,13,Swimming Pool,Badminton Court,0.221,"Badminton Court, Clubhouse, Swimming Pool",Wed,17:00,Wed,02:42,Badminton Court,Wed,17:45,Wed,04:43,True,True,True,True,4,True
B-008646,R-0265,44,Clubhouse,Clubhouse,0.399,"Clubhouse, Swimming Pool, Gym",Sat,17:00,Mon,01:36,Swimming Pool,Thu,17:15,Wed,05:49,False,False,True,False,1,False
B-008647,R-0132,16,Badminton Court,Tennis Court,0.415,"Tennis Court, Swimming Pool, Badminton Court",Thu,07:00,Tue,01:18,Swimming Pool,Thu,06:30,Wed,09:07,False,True,False,False,1,False
B-008648,R-0007,2,Swimming Pool,Swimming Pool,0.364,"Swimming Pool, Clubhouse, Gym",Wed,07:00,Tue,05:02,Squash Court,Fri,20:15,Wed,09:37,False,False,False,False,0,False
B-008649,R-0208,22,Gym,Gym,0.526,"Gym, Swimming Pool, Squash Court",Wed,19:00,Wed,03:48,Swimming Pool,Wed,17:45,Wed,11:23,False,True,False,False,1,False
B-008650,R-0278,48,Squash Court,Tennis Court,0.384,"Tennis Court, Squash Court, Swimming Pool",Wed,07:00,Tue,19:28,Tennis Court,Thu,07:15,Wed,12:53,True,False,True,False,2,False
B-008651,R-0100,52,Tennis Court,Tennis Court,0.186,"Tennis Court, Kids Play Area, Squash Court",Wed,17:00,Tue,05:28,Kids Play Area,Wed,17:15,Wed,14:35,False,True,True,False,2,False
B-008652,R-0271,28,Squash Court,Squash Court,0.418,"Squash Court, Tennis Court, Gym",Thu,08:00,Wed,14:44,Squash Court,Thu,08:15,Wed,15:17,True,True,True,True,4,True
B-008653,R-0212,66,Squash Court,Gym,0.229,"Gym, Clubhouse, Multipurpose Hall",Sat,08:00,Thu,21:55,Clubhouse,Fri,11:30,Wed,16:19,False,False,False,False,0,False
B-008654,R-0240,59,Clubhouse,Kids Play Area,0.215,"Kids Play Area, Clubhouse, Gym",Thu,17:00,Wed,22:04,Gym,Thu,16:45,Wed,18:17,False,True,False,False,1,False
B-008655,R-0166,47,Gym,Gym,0.422,"Gym, Clubhouse, Tennis Court",Wed,11:00,Tue,18:15,Gym,Thu,11:30,Wed,19:04,True,False,True,True,3,False
B-008656,R-0139,61,Tennis Court,Tennis Court,0.493,"Tennis Court, Squash Court, Badminton Court",Thu,18:00,Tue,08:48,Tennis Court,Tue,18:45,Wed,19:32,True,False,True,False,2,False
B-008657,R-0230,19,Gym,Tennis Court,0.204,"Tennis Court, Gym, Clubhouse",Thu,18:00,Tue,19:05,Gym,Thu,17:45,Wed,22:50,False,True,False,False,1,False
B-008658,R-0057,39,Gym,Gym,0.167,"Gym, Badminton Court, Swimming Pool",Sat,11:00,Fri,18:23,Swimming Pool,Thu,06:45,Wed,23:41,False,False,False,False,0,False
B-008659,R-0013,27,Swimming Pool,Swimming Pool,0.466,"Swimming Pool, Gym, Clubhouse",Thu,19:00,Thu,03:52,Clubhouse,Mon,19:00,Thu,05:07,False,False,True,False,1,False
B-008660,R-0103,18,Clubhouse,Gym,0.295,"Gym, Clubhouse, Swimming Pool",Thu,19:00,Thu,03:50,Gym,Thu,19:15,Thu,05:09,True,True,True,True,4,True
B-008661,R-0130,18,Clubhouse,Clubhouse,0.263,"Clubhouse, Swimming Pool, Tennis Court",Thu,11:00,Thu,07:05,Gym,Thu,09:45,Thu,05:35,False,True,False,False,1,False
B-008662,R-0178,34,Kids Play Area,Clubhouse,0.247,"Clubhouse, Badminton Court, Kids Play Area",Thu,11:00,Mon,15:27,Gym,Thu,17:00,Thu,07:59,False,True,False,False,1,False
B-008663,R-0019,34,Squash Court,Tennis Court,0.361,"Tennis Court, Multipurpose Hall, Squash Court",Thu,17:00,Thu,06:59,Clubhouse,Fri,20:30,Thu,09:33,False,False,False,False,0,False
B-008664,R-0256,36,Swimming Pool,Swimming Pool,0.397,"Swimming Pool, Gym, Kids Play Area",Thu,16:00,Thu,12:46,Tennis Court,Thu,19:45,Thu,15:08,False,True,False,True,2,False
B-008665,R-0039,57,Kids Play Area,Multipurpose Hall,0.519,"Multipurpose Hall, Kids Play Area, Clubhouse",Fri,10:00,Fri,14:03,Multipurpose Hall,Tue,17:45,Thu,18:20,True,False,False,False,1,False
B-008666,R-0090,71,Squash Court,Badminton Court,0.267,"Badminton Court, Squash Court, Clubhouse",Sat,20:00,Fri,06:10,Badminton Court,Fri,20:15,Thu,20:32,True,False,True,False,2,False
B-008667,R-0309,24,Kids Play Area,Kids Play Area,0.554,"Kids Play Area, Badminton Court, Swimming Pool",Fri,10:00,Thu,22:37,Multipurpose Hall,Tue,10:00,Thu,22:59,False,False,True,False,1,False
B-008668,R-0132,17,Swimming Pool,Tennis Court,0.376,"Tennis Court, Swimming Pool, Badminton Court",Fri,07:00,Tue,18:50,Clubhouse,Wed,12:45,Fri,01:13,False,False,False,False,0,False
B-008669,R-0069,34,Gym,Gym,0.181,"Gym, Swimming Pool, Badminton Court",Sat,15:00,Fri,23:52,Gym,Fri,16:45,Fri,02:19,True,False,False,True,2,False
B-008670,R-0215,51,Gym,Gym,0.459,"Gym, Badminton Court, Tennis Court",Sat,07:00,Fri,15:16,Gym,Sat,07:00,Fri,03:08,True,True,True,False,3,False
B-008671,R-0133,26,Swimming Pool,Swimming Pool,0.543,"Swimming Pool, Clubhouse, Gym",Fri,17:00,Fri,08:34,Swimming Pool,Fri,16:30,Fri,03:51,True,True,False,False,2,False
B-008672,R-0168,23,Tennis Court,Kids Play Area,0.51,"Kids Play Area, Tennis Court, Gym",Fri,18:00,Fri,11:20,Badminton Court,Sat,17:45,Fri,06:48,False,False,False,False,0,False
B-008673,R-0238,27,Multipurpose Hall,Tennis Court,0.373,"Tennis Court, Multipurpose Hall, Squash Court",Fri,19:00,Fri,09:04,Tennis Court,Fri,19:30,Fri,08:45,True,True,True,True,4,True
B-008674,R-0091,24,Badminton Court,Badminton Court,0.257,"Badminton Court, Squash Court, Kids Play Area",Sat,17:00,Fri,22:44,Badminton Court,Fri,19:00,Fri,11:40,True,False,False,False,1,False
B-008675,R-0211,40,Clubhouse,Multipurpose Hall,0.287,"Multipurpose Hall, Clubhouse, Badminton Court",Fri,19:00,Sat,01:41,Gym,Sat,07:45,Fri,13:50,False,False,False,False,0,False
B-008676,R-0290,33,Swimming Pool,Swimming Pool,0.312,"Swimming Pool, Gym, Multipurpose Hall",Fri,19:00,Fri,15:07,Swimming Pool,Fri,19:00,Fri,14:07,True,True,True,True,4,True
B-008677,R-0042,17,Badminton Court,Badminton Court,0.51,"Badminton Court, Squash Court, Clubhouse",Fri,20:00,Fri,15:31,Kids Play Area,Fri,16:45,Fri,14:41,False,True,False,True,2,False
B-008678,R-0004,9,Squash Court,Squash Court,0.497,"Squash Court, Tennis Court, Kids Play Area",Fri,07:00,Fri,01:11,Squash Court,Sat,07:45,Fri,15:45,True,False,True,False,2,False
B-008679,R-0064,69,Clubhouse,Tennis Court,0.167,"Tennis Court, Swimming Pool, Gym",Sat,18:00,Fri,13:49,Tennis Court,Sat,18:00,Fri,21:37,True,True,True,False,3,False
B-008680,R-0163,43,Clubhouse,Kids Play Area,0.376,"Kids Play Area, Gym, Badminton Court",Fri,18:00,Fri,02:42,Multipurpose Hall,Mon,19:45,Fri,22:52,False,False,False,False,0,False
B-008681,R-0158,58,Kids Play Area,Swimming Pool,0.377,"Swimming Pool, Kids Play Area, Gym",Fri,16:00,Thu,23:06,Swimming Pool,Sat,06:00,Fri,23:21,True,False,False,False,1,False
B-008682,R-0311,61,Squash Court,Multipurpose Hall,0.239,"Multipurpose Hall, Clubhouse, Kids Play Area",Mon,18:00,Sun,23:07,Multipurpose Hall,Wed,18:00,Sat,01:12,True,False,True,False,2,False
B-008683,R-0033,32,Swimming Pool,Swimming Pool,0.387,"Swimming Pool, Squash Court, Gym",Sat,17:00,Sat,01:20,Swimming Pool,Sat,18:45,Sat,04:10,True,True,False,True,3,False
B-008684,R-0297,39,Gym,Clubhouse,0.212,"Clubhouse, Multipurpose Hall, Gym",Mon,11:00,Sat,12:42,Tennis Court,Thu,06:30,Sat,05:07,False,False,False,False,0,False
B-008685,R-0166,48,Gym,Gym,0.401,"Gym, Clubhouse, Squash Court",Sat,11:00,Fri,19:39,Gym,Sun,11:15,Sat,08:18,True,False,True,False,2,False
B-008686,R-0181,33,Gym,Gym,0.226,"Gym, Badminton Court, Tennis Court",Sun,07:00,Sat,00:47,Badminton Court,Sun,19:30,Sat,08:59,False,True,False,True,2,False
B-008687,R-0275,42,Multipurpose Hall,Multipurpose Hall,0.438,"Multipurpose Hall, Kids Play Area, Swimming Pool",Sat,19:00,Sat,04:45,Kids Play Area,Sat,17:00,Sat,09:04,False,True,False,False,1,False
B-008688,R-0225,41,Clubhouse,Clubhouse,0.574,"Clubhouse, Squash Court, Kids Play Area",Mon,11:00,Fri,11:21,Clubhouse,Fri,11:30,Sat,10:58,True,False,True,False,2,False
B-008689,R-0190,56,Squash Court,Squash Court,0.285,"Squash Court, Tennis Court, Multipurpose Hall",Sun,08:00,Sat,15:13,Tennis Court,Sun,17:30,Sat,16:07,False,True,False,False,1,False
B-008690,R-0027,28,Gym,Gym,0.297,"Gym, Swimming Pool, Squash Court",Sun,09:00,Sat,17:47,Gym,Sun,08:00,Sat,16:49,True,True,False,True,3,False
B-008691,R-0062,48,Gym,Badminton Court,0.503,"Badminton Court, Squash Court, Gym",Mon,20:00,Sat,18:34,Badminton Court,Mon,20:00,Sat,16:56,True,True,True,True,4,True
B-008692,R-0235,25,Swimming Pool,Swimming Pool,0.355,"Swimming Pool, Squash Court, Multipurpose Hall",Sun,19:00,Sun,01:03,Swimming Pool,Sun,19:15,Sat,18:55,True,True,True,False,3,False
B-008693,R-0058,51,Tennis Court,Swimming Pool,0.393,"Swimming Pool, Multipurpose Hall, Tennis Court",Mon,08:00,Sun,15:10,Swimming Pool,Sun,08:45,Sat,21:48,True,False,True,False,2,False
B-008694,R-0269,54,Swimming Pool,Badminton Court,0.369,"Badminton Court, Multipurpose Hall, Swimming Pool",Sun,19:00,Sun,01:47,Badminton Court,Sun,17:45,Sun,01:54,True,True,False,True,3,False
B-008695,R-0190,57,Tennis Court,Squash Court,0.265,"Squash Court, Tennis Court, Multipurpose Hall",Sun,08:00,Sat,15:08,Clubhouse,Mon,18:45,Sun,03:53,False,False,False,False,0,False
B-008696,R-0245,35,Squash Court,Squash Court,0.573,"Squash Court, Tennis Court, Gym",Mon,18:00,Sun,09:38,Squash Court,Mon,18:30,Sun,06:07,True,True,True,True,4,True
B-008697,R-0067,15,Clubhouse,Swimming Pool,0.277,"Swimming Pool, Clubhouse, Squash Court",Sun,07:00,Sun,01:36,Kids Play Area,Sun,09:45,Sun,06:16,False,True,False,True,2,False
B-008698,R-0116,8,Swimming Pool,Swimming Pool,0.234,"Swimming Pool, Gym, Multipurpose Hall",Sun,19:00,Sun,03:24,Gym,Sun,16:30,Sun,06:22,False,True,False,False,1,False
B-008699,R-0039,58,Multipurpose Hall,Multipurpose Hall,0.502,"Multipurpose Hall, Kids Play Area, Gym",Mon,10:00,Sat,16:43,Kids Play Area,Sun,17:15,Sun,08:33,False,False,False,False,0,False
B-008700,R-0151,34,Gym,Gym,0.608,"Gym, Squash Court, Swimming Pool",Mon,17:00,Mon,02:15,Gym,Sun,19:00,Sun,09:07,True,False,False,False,1,False
B-008701,R-0086,40,Squash Court,Squash Court,0.529,"Squash Court, Tennis Court, Gym",Sun,19:00,Sun,13:34,Squash Court,Sun,19:15,Sun,13:09,True,True,True,True,4,True
B-008702,R-0311,62,Multipurpose Hall,Clubhouse,0.292,"Clubhouse, Multipurpose Hall, Kids Play Area",Mon,11:00,Sun,08:25,Gym,Mon,20:30,Sun,13:15,False,True,False,False,1,False
B-008703,R-0107,10,Tennis Court,Tennis Court,0.428,"Tennis Court, Multipurpose Hall, Swimming Pool",Mon,19:00,Sun,05:12,Gym,Tue,10:00,Sun,18:23,False,False,False,True,1,False
B-008704,R-0205,24,Clubhouse,Gym,0.285,"Gym, Clubhouse, Kids Play Area",Sun,17:00,Sun,00:37,Clubhouse,Sun,20:00,Sun,20:57,False,True,False,False,1,False
B-008705,R-0134,17,Clubhouse,Clubhouse,0.197,"Clubhouse, Badminton Court, Multipurpose Hall",Mon,17:00,Fri,08:29,Badminton Court,Fri,18:30,Sun,21:51,False,False,False,False,0,False
B-008706,R-0119,25,Squash Court,Clubhouse,0.325,"Clubhouse, Kids Play Area, Multipurpose Hall",Tue,11:00,Mon,21:28,Clubhouse,Mon,11:00,Mon,02:56,True,False,True,False,2,False
B-008707,R-0159,31,Kids Play Area,Multipurpose Hall,0.188,"Multipurpose Hall, Kids Play Area, Tennis Court",Tue,17:00,Wed,02:33,Gym,Mon,09:45,Mon,03:27,False,False,False,False,0,False
B-008708,R-0203,41,Swimming Pool,Swimming Pool,0.242,"Swimming Pool, Tennis Court, Badminton Court",Tue,07:00,Mon,15:00,Multipurpose Hall,Sat,11:15,Mon,04:11,False,False,False,False,0,False
B-008709,R-0056,53,Swimming Pool,Swimming Pool,0.551,"Swimming Pool, Squash Court, Kids Play Area",Tue,08:00,Mon,15:42,Swimming Pool,Tue,08:30,Mon,05:47,True,True,True,False,3,False
B-008710,R-0163,44,Multipurpose Hall,Kids Play Area,0.437,"Kids Play Area, Gym, Badminton Court",Tue,18:00,Tue,09:22,Gym,Tue,17:30,Mon,05:58,False,True,False,False,1,False
B-008711,R-0127,39,Clubhouse,Kids Play Area,0.203,"Kids Play Area, Tennis Court, Squash Court",Tue,10:00,Tue,07:47,Clubhouse,Thu,18:30,Mon,07:29,False,False,False,False,0,False
B-008712,R-0101,48,Badminton Court,Badminton Court,0.464,"Badminton Court, Squash Court, Clubhouse",Tue,19:00,Mon,23:46,Badminton Court,Mon,19:30,Mon,08:47,True,False,True,False,2,False
B-008713,R-0086,41,Squash Court,Squash Court,0.514,"Squash Court, Multipurpose Hall, Tennis Court",Mon,19:00,Mon,11:49,Squash Court,Mon,19:30,Mon,10:30,True,True,True,True,4,True
B-008714,R-0035,20,Swimming Pool,Gym,0.361,"Gym, Swimming Pool, Squash Court",Tue,15:00,Mon,04:53,Swimming Pool,Tue,16:45,Mon,16:29,False,True,False,False,1,False
B-008715,R-0295,16,Gym,Squash Court,0.203,"Squash Court, Badminton Court, Gym",Tue,08:00,Mon,14:49,Gym,Tue,10:15,Mon,17:57,False,True,False,True,2,False
B-008716,R-0096,55,Clubhouse,Gym,0.37,"Gym, Squash Court, Badminton Court",Tue,11:00,Mon,18:11,Gym,Tue,07:30,Mon,18:38,True,True,False,False,2,False
B-008717,R-0283,32,Squash Court,Kids Play Area,0.173,"Kids Play Area, Swimming Pool, Squash Court",Tue,17:00,Tue,02:06,Clubhouse,Sat,11:15,Tue,00:03,False,False,False,False,0,False
B-008718,R-0311,63,Gym,Multipurpose Hall,0.271,"Multipurpose Hall, Clubhouse, Kids Play Area",Tue,18:00,Sat,01:45,Multipurpose Hall,Tue,18:00,Tue,00:24,True,True,True,False,3,False
B-008719,R-0011,35,Multipurpose Hall,Multipurpose Hall,0.494,"Multipurpose Hall, Kids Play Area, Swimming Pool",Sat,19:00,Sat,22:29,Multipurpose Hall,Sun,11:00,Tue,00:27,True,False,False,False,1,False
B-008720,R-0098,43,Clubhouse,Kids Play Area,0.298,"Kids Play Area, Clubhouse, Gym",Tue,10:00,Mon,21:35,Gym,Thu,09:45,Tue,00:41,False,False,False,False,0,False
B-008721,R-0125,26,Gym,Gym,0.388,"Gym, Squash Court, Badminton Court",Tue,09:00,Mon,01:24,Swimming Pool,Thu,07:00,Tue,02:13,False,False,False,False,0,False
B-008722,R-0036,72,Multipurpose Hall,Multipurpose Hall,0.295,"Multipurpose Hall, Tennis Court, Kids Play Area",Tue,10:00,Sun,05:27,Gym,Tue,09:00,Tue,03:27,False,True,False,False,1,False
B-008723,R-0010,18,Tennis Court,Clubhouse,0.38,"Clubhouse, Multipurpose Hall, Swimming Pool",Sat,11:00,Sun,16:11,Clubhouse,Wed,11:30,Tue,07:11,True,False,True,False,2,False
B-008724,R-0227,19,Kids Play Area,Kids Play Area,0.713,"Kids Play Area, Badminton Court, Gym",Tue,17:00,Tue,12:25,Kids Play Area,Tue,17:45,Tue,10:28,True,True,True,True,4,True
B-008725,R-0273,27,Multipurpose Hall,Multipurpose Hall,0.476,"Multipurpose Hall, Swimming Pool, Badminton Court",Sat,19:00,Wed,12:13,Multipurpose Hall,Sun,18:30,Tue,13:00,True,False,False,False,1,False
B-008726,R-0231,21,Tennis Court,Multipurpose Hall,0.218,"Multipurpose Hall, Gym, Clubhouse",Wed,18:00,Mon,04:16,Clubhouse,Thu,17:00,Tue,13:49,False,False,False,True,1,False
B-008727,R-0087,14,Clubhouse,Clubhouse,0.422,"Clubhouse, Multipurpose Hall, Gym",Tue,19:00,Sat,22:33,Clubhouse,Wed,19:45,Tue,14:31,True,False,True,False,2,False
B-008728,R-0293,53,Tennis Court,Tennis Court,0.457,"Tennis Court, Multipurpose Hall, Kids Play Area",Wed,07:00,Mon,19:57,Badminton Court,Wed,21:15,Tue,15:38,False,True,False,False,1,False
B-008729,R-0144,49,Multipurpose Hall,Badminton Court,0.425,"Badminton Court, Swimming Pool, Multipurpose Hall",Wed,17:00,Tue,20:50,Multipurpose Hall,Thu,11:00,Tue,18:36,False,False,False,False,0,False
B-008730,R-0296,30,Squash Court,Squash Court,0.453,"Squash Court, Gym, Tennis Court",Wed,18:00,Tue,10:28,Badminton Court,Sun,17:45,Tue,21:54,False,False,False,False,0,False
B-008731,R-0045,45,Clubhouse,Clubhouse,0.231,"Clubhouse, Gym, Tennis Court",Sat,17:00,Wed,05:54,Clubhouse,Sat,17:45,Tue,23:04,True,True,True,True,4,True
B-008732,R-0283,33,Clubhouse,Kids Play Area,0.165,"Kids Play Area, Swimming Pool, Multipurpose Hall",Wed,18:00,Wed,00:50,Badminton Court,Wed,17:15,Tue,23:08,False,True,False,True,2,False
B-008733,R-0017,10,Multipurpose Hall,Multipurpose Hall,0.209,"Multipurpose Hall, Clubhouse, Kids Play Area",Wed,17:00,Tue,15:23,Kids Play Area,Wed,09:45,Wed,03:23,False,True,False,False,1,False
B-008734,R-0036,73,Gym,Multipurpose Hall,0.328,"Multipurpose Hall, Tennis Court, Kids Play Area",Wed,10:00,Mon,01:41,Badminton Court,Wed,20:30,Wed,03:35,False,True,False,False,1,False
B-008735,R-0129,34,Squash Court,Squash Court,0.407,"Squash Court, Tennis Court, Badminton Court",Wed,08:00,Tue,15:30,Kids Play Area,Wed,10:00,Wed,05:44,False,True,False,False,1,False
B-008736,R-0259,70,Swimming Pool,Swimming Pool,0.163,"Swimming Pool, Badminton Court, Clubhouse",Thu,19:00,Thu,02:30,Swimming Pool,Wed,19:30,Wed,06:24,True,False,True,False,2,False
B-008737,R-0186,42,Tennis Court,Clubhouse,0.379,"Clubhouse, Gym, Kids Play Area",Wed,11:00,Mon,18:48,Gym,Wed,18:00,Wed,07:58,False,True,False,False,1,False
B-008738,R-0052,80,Gym,Multipurpose Hall,0.205,"Multipurpose Hall, Badminton Court, Kids Play Area",Wed,10:00,Sat,06:53,Squash Court,Wed,18:45,Wed,12:28,False,True,False,False,1,False
B-008739,R-0057,40,Swimming Pool,Swimming Pool,0.196,"Swimming Pool, Gym, Badminton Court",Sat,06:00,Fri,13:26,Kids Play Area,Wed,17:00,Wed,13:24,False,False,False,False,0,False
B-008740,R-0300,22,Badminton Court,Badminton Court,0.453,"Badminton Court, Tennis Court, Multipurpose Hall",Wed,19:00,Tue,23:31,Badminton Court,Thu,19:00,Wed,18:02,True,False,True,False,2,False
B-008741,R-0131,14,Swimming Pool,Badminton Court,0.33,"Badminton Court, Swimming Pool, Squash Court",Thu,19:00,Wed,22:27,Badminton Court,Thu,19:45,Wed,22:55,True,True,True,True,4,True
B-008742,R-0016,30,Kids Play Area,Kids Play Area,0.419,"Kids Play Area, Clubhouse, Swimming Pool",Thu,16:00,Thu,01:36,Kids Play Area,Thu,09:45,Thu,01:02,True,True,False,False,2,False
B-008743,R-0235,26,Swimming Pool,Swimming Pool,0.342,"Swimming Pool, Squash Court, Clubhouse",Sat,19:00,Sat,02:47,Swimming Pool,Thu,19:45,Thu,05:41,True,False,True,True,3,False
B-008744,R-0160,18,Badminton Court,Kids Play Area,0.477,"Kids Play Area, Badminton Court, Tennis Court",Thu,17:00,Thu,14:05,Kids Play Area,Thu,10:15,Thu,07:12,True,True,False,True,3,False
B-008745,R-0181,34,Badminton Court,Badminton Court,0.211,"Badminton Court, Gym, Tennis Court",Sat,18:00,Thu,23:58,Kids Play Area,Fri,10:30,Thu,09:40,False,False,False,False,0,False
B-008746,R-0047,24,Squash Court,Squash Court,0.422,"Squash Court, Swimming Pool, Gym",Fri,18:00,Fri,09:57,Swimming Pool,Thu,17:00,Thu,11:16,False,False,False,True,1,False
B-008747,R-0203,42,Multipurpose Hall,Tennis Court,0.247,"Tennis Court, Swimming Pool, Clubhouse",Fri,07:00,Thu,01:59,Tennis Court,Sat,07:15,Thu,12:16,True,False,True,False,2,False
B-008748,R-0209,34,Squash Court,Gym,0.36,"Gym, Squash Court, Swimming Pool",Fri,11:00,Fri,05:45,Clubhouse,Sat,17:00,Thu,14:40,False,False,False,False,0,False
B-008749,R-0158,59,Swimming Pool,Swimming Pool,0.545,"Swimming Pool, Kids Play Area, Gym",Thu,16:00,Thu,11:41,Kids Play Area,Thu,17:15,Thu,14:59,False,True,False,True,2,False
B-008750,R-0222,20,Multipurpose Hall,Tennis Court,0.352,"Tennis Court, Squash Court, Clubhouse",Fri,07:00,Wed,11:35,Tennis Court,Fri,18:45,Thu,15:00,True,True,False,False,2,False
B-008751,R-0114,36,Kids Play Area,Kids Play Area,0.357,"Kids Play Area, Swimming Pool, Badminton Court",Fri,10:00,Thu,19:17,Kids Play Area,Fri,10:15,Thu,17:14,True,True,True,True,4,True
B-008752,R-0045,46,Clubhouse,Clubhouse,0.233,"Clubhouse, Gym, Tennis Court",Sat,17:00,Wed,02:51,Badminton Court,Thu,21:45,Thu,19:04,False,False,False,False,0,False
B-008753,R-0201,8,Tennis Court,Tennis Court,0.383,"Tennis Court, Badminton Court, Swimming Pool",Fri,07:00,Wed,23:29,Swimming Pool,Fri,08:30,Thu,20:47,False,True,False,False,1,False
B-008754,R-0207,29,Badminton Court,Multipurpose Hall,0.328,"Multipurpose Hall, Clubhouse, Swimming Pool",Fri,10:00,Sun,08:18,Badminton Court,Fri,18:45,Thu,21:32,False,True,False,False,1,False
B-008755,R-0006,20,Swimming Pool,Tennis Court,0.273,"Tennis Court, Swimming Pool, Badminton Court",Fri,07:00,Wed,20:55,Badminton Court,Sat,21:45,Thu,23:21,False,False,False,False,0,False
B-008756,R-0211,41,Gym,Multipurpose Hall,0.312,"Multipurpose Hall, Clubhouse, Badminton Court",Fri,19:00,Thu,07:42,Multipurpose Hall,Mon,19:30,Thu,23:28,True,False,True,False,2,False
B-008757,R-0066,58,Badminton Court,Squash Court,0.407,"Squash Court, Clubhouse, Badminton Court",Sat,19:00,Sat,02:24,Tennis Court,Sun,07:30,Fri,01:00,False,False,False,False,0,False
B-008758,R-0090,72,Badminton Court,Badminton Court,0.272,"Badminton Court, Squash Court, Clubhouse",Sat,20:00,Fri,00:54,Gym,Sat,07:30,Fri,01:11,False,True,False,False,1,False
B-008759,R-0287,18,Kids Play Area,Swimming Pool,0.267,"Swimming Pool, Gym, Kids Play Area",Fri,19:00,Fri,03:12,Swimming Pool,Fri,18:00,Fri,03:24,True,True,False,True,3,False
B-008760,R-0153,14,Gym,Gym,0.465,"Gym, Swimming Pool, Clubhouse",Sat,08:00,Sat,02:39,Gym,Fri,08:45,Fri,04:29,True,False,True,True,3,False
B-008761,R-0146,71,Badminton Court,Badminton Court,0.303,"Badminton Court, Kids Play Area, Clubhouse",Sat,18:00,Sat,07:05,Kids Play Area,Fri,09:45,Fri,06:03,False,False,False,False,0,False
B-008762,R-0303,54,Multipurpose Hall,Multipurpose Hall,0.352,"Multipurpose Hall, Gym, Tennis Court",Fri,18:00,Tue,02:35,Gym,Fri,11:30,Fri,07:16,False,True,False,False,1,False
B-008763,R-0253,32,Swimming Pool,Kids Play Area,0.357,"Kids Play Area, Tennis Court, Swimming Pool",Fri,10:00,Fri,08:25,Kids Play Area,Fri,10:30,Fri,08:17,True,True,True,True,4,True
B-008764,R-0233,39,Multipurpose Hall,Badminton Court,0.384,"Badminton Court, Multipurpose Hall, Squash Court",Sat,17:00,Fri,05:16,Badminton Court,Sat,18:45,Fri,09:40,True,True,False,True,3,False
B-008765,R-0100,53,Kids Play Area,Kids Play Area,0.216,"Kids Play Area, Tennis Court, Badminton Court",Fri,17:00,Fri,09:40,Kids Play Area,Fri,17:15,Fri,10:12,True,True,True,True,4,True
B-008766,R-0212,67,Clubhouse,Gym,0.264,"Gym, Multipurpose Hall, Clubhouse",Sat,08:00,Fri,00:36,Gym,Sun,08:00,Fri,10:45,True,False,True,False,2,False
B-008767,R-0111,49,Swimming Pool,Swimming Pool,0.647,"Swimming Pool, Tennis Court, Kids Play Area",Fri,19:00,Fri,03:16,Swimming Pool,Fri,19:00,Fri,11:30,True,True,True,False,3,False
B-008768,R-0105,43,Tennis Court,Tennis Court,0.319,"Tennis Court, Badminton Court, Swimming Pool",Fri,07:00,Tue,15:43,Multipurpose Hall,Tue,10:30,Fri,15:53,False,False,False,False,0,False
B-008769,R-0052,81,Squash Court,Multipurpose Hall,0.216,"Multipurpose Hall, Badminton Court, Squash Court",Fri,10:00,Sat,08:41,Multipurpose Hall,Tue,10:00,Fri,19:31,True,False,True,False,2,False
B-008770,R-0117,37,Swimming Pool,Swimming Pool,0.439,"Swimming Pool, Clubhouse, Squash Court",Sat,08:00,Fri,14:20,Swimming Pool,Sat,08:00,Fri,21:07,True,True,True,False,3,False
B-008771,R-0101,49,Badminton Court,Badminton Court,0.413,"Badminton Court, Squash Court, Clubhouse",Sat,19:00,Fri,21:38,Gym,Sat,11:15,Fri,23:46,False,True,False,False,1,False
B-008772,R-0064,70,Tennis Court,Tennis Court,0.195,"Tennis Court, Swimming Pool, Gym",Sat,18:00,Fri,16:30,Tennis Court,Sat,18:30,Sat,08:03,True,True,True,False,3,False
B-008773,R-0183,33,Gym,Multipurpose Hall,0.242,"Multipurpose Hall, Badminton Court, Gym",Sun,11:00,Thu,05:37,Kids Play Area,Sat,10:30,Sat,08:57,False,False,False,False,0,False
B-008774,R-0086,42,Squash Court,Squash Court,0.524,"Squash Court, Multipurpose Hall, Gym",Sat,19:00,Sat,11:48,Squash Court,Sat,19:15,Sat,09:21,True,True,True,True,4,True
B-008775,R-0220,54,Tennis Court,Badminton Court,0.427,"Badminton Court, Tennis Court, Gym",Mon,18:00,Sun,04:12,Badminton Court,Sun,18:45,Sat,11:59,True,False,True,False,2,False
B-008776,R-0174,42,Clubhouse,Gym,0.256,"Gym, Tennis Court, Multipurpose Hall",Sun,11:00,Sat,19:18,Gym,Sun,11:00,Sat,12:43,True,True,True,False,3,False
B-008777,R-0144,50,Multipurpose Hall,Badminton Court,0.432,"Badminton Court, Swimming Pool, Multipurpose Hall",Sun,17:00,Sat,22:20,Badminton Court,Sun,18:45,Sat,15:59,True,True,False,False,2,False
B-008778,R-0272,23,Tennis Court,Badminton Court,0.288,"Badminton Court, Tennis Court, Multipurpose Hall",Sun,21:00,Sat,07:17,Squash Court,Sun,20:00,Sat,19:34,False,True,False,False,1,False
B-008779,R-0197,10,Swimming Pool,Swimming Pool,0.382,"Swimming Pool, Gym, Squash Court",Sun,07:00,Sat,14:08,Tennis Court,Sun,19:00,Sat,21:42,False,True,False,False,1,False
B-008780,R-0054,31,Squash Court,Badminton Court,0.342,"Badminton Court, Squash Court, Swimming Pool",Sun,18:00,Sun,05:57,Squash Court,Sun,07:30,Sat,23:28,False,True,False,False,1,False
B-008781,R-0066,59,Tennis Court,Squash Court,0.378,"Squash Court, Clubhouse, Tennis Court",Sun,19:00,Sun,01:38,Clubhouse,Sun,18:45,Sun,00:41,False,True,False,False,1,False
B-008782,R-0283,34,Badminton Court,Swimming Pool,0.147,"Swimming Pool, Kids Play Area, Gym",Sun,17:00,Sat,09:45,Badminton Court,Mon,17:45,Sun,00:41,False,False,True,False,1,False
B-008783,R-0135,37,Badminton Court,Badminton Court,0.212,"Badminton Court, Gym, Kids Play Area",Mon,17:00,Sun,19:08,Gym,Sun,15:30,Sun,01:34,False,False,False,False,0,False
B-008784,R-0029,33,Tennis Court,Kids Play Area,0.317,"Kids Play Area, Badminton Court, Tennis Court",Sun,16:00,Sun,02:04,Kids Play Area,Sun,16:45,Sun,02:36,True,True,True,True,4,True
B-008785,R-0033,33,Swimming Pool,Swimming Pool,0.381,"Swimming Pool, Squash Court, Gym",Sun,17:00,Sun,00:55,Squash Court,Sun,19:15,Sun,04:46,False,True,False,True,2,False
B-008786,R-0003,29,Swimming Pool,Tennis Court,0.392,"Tennis Court, Swimming Pool, Badminton Court",Sun,18:00,Fri,14:23,Tennis Court,Mon,17:15,Sun,10:32,True,False,False,False,1,False
B-008787,R-0028,36,Gym,Gym,0.442,"Gym, Swimming Pool, Kids Play Area",Sun,20:00,Sun,16:14,Gym,Sun,20:45,Sun,15:11,True,True,True,True,4,True
B-008788,R-0137,37,Kids Play Area,Kids Play Area,0.725,"Kids Play Area, Badminton Court, Multipurpose Hall",Sun,17:00,Sun,15:32,Kids Play Area,Sun,17:00,Sun,15:20,True,True,True,True,4,True
B-008789,R-0230,20,Gym,Gym,0.215,"Gym, Tennis Court, Clubhouse",Sun,17:00,Sat,07:36,Tennis Court,Mon,18:00,Sun,15:30,False,False,False,False,0,False
B-008790,R-0115,27,Badminton Court,Badminton Court,0.337,"Badminton Court, Tennis Court, Squash Court",Mon,18:00,Sun,22:08,Badminton Court,Mon,18:15,Sun,18:03,True,True,True,False,3,False
B-008791,R-0023,26,Swimming Pool,Tennis Court,0.387,"Tennis Court, Swimming Pool, Kids Play Area",Mon,06:00,Sun,20:17,Tennis Court,Mon,06:15,Sun,18:10,True,True,True,True,4,True
B-008792,R-0031,14,Tennis Court,Gym,0.306,"Gym, Badminton Court, Tennis Court",Mon,19:00,Mon,01:45,Swimming Pool,Tue,06:45,Sun,22:09,False,False,False,False,0,False
B-008793,R-0167,39,Multipurpose Hall,Gym,0.301,"Gym, Swimming Pool, Clubhouse",Sun,10:00,Sat,22:02,Swimming Pool,Mon,07:15,Sun,23:22,False,False,False,False,0,False
B-008794,R-0196,36,Kids Play Area,Clubhouse,0.359,"Clubhouse, Swimming Pool, Multipurpose Hall",Sat,20:00,Wed,22:48,Kids Play Area,Mon,17:30,Mon,01:15,False,False,False,False,0,False
B-008795,R-0291,25,Multipurpose Hall,Badminton Court,0.475,"Badminton Court, Squash Court, Tennis Court",Tue,19:00,Mon,23:51,Badminton Court,Mon,21:30,Mon,04:33,True,False,False,True,2,False
B-008796,R-0014,17,Tennis Court,Swimming Pool,0.366,"Swimming Pool, Kids Play Area, Gym",Tue,08:00,Mon,15:52,Gym,Mon,07:45,Mon,05:21,False,False,False,False,0,False
B-008797,R-0196,37,Kids Play Area,Clubhouse,0.34,"Clubhouse, Multipurpose Hall, Kids Play Area",Sat,20:00,Mon,08:19,Clubhouse,Sat,20:00,Mon,06:49,True,True,True,False,3,False
B-008798,R-0159,32,Gym,Multipurpose Hall,0.195,"Multipurpose Hall, Kids Play Area, Tennis Court",Tue,17:00,Tue,18:47,Kids Play Area,Mon,10:15,Mon,08:16,False,False,False,False,0,False
B-008799,R-0084,26,Swimming Pool,Swimming Pool,0.525,"Swimming Pool, Multipurpose Hall, Gym",Tue,07:00,Mon,00:48,Swimming Pool,Tue,07:30,Mon,10:14,True,True,True,False,3,False
B-008800,R-0177,34,Gym,Gym,0.275,"Gym, Kids Play Area, Tennis Court",Tue,10:00,Mon,18:31,Gym,Tue,10:45,Mon,13:46,True,True,True,False,3,False
B-008801,R-0304,20,Swimming Pool,Swimming Pool,0.417,"Swimming Pool, Clubhouse, Gym",Tue,17:00,Tue,14:01,Swimming Pool,Tue,16:45,Mon,15:37,True,True,False,False,2,False
B-008802,R-0099,25,Badminton Court,Badminton Court,0.46,"Badminton Court, Kids Play Area, Swimming Pool",Tue,18:00,Tue,10:42,Kids Play Area,Mon,18:45,Mon,18:05,False,False,True,False,1,False
B-008803,R-0187,47,Squash Court,Squash Court,0.185,"Squash Court, Multipurpose Hall, Tennis Court",Tue,19:00,Tue,00:42,Clubhouse,Fri,12:30,Mon,20:27,False,False,False,False,0,False
B-008804,R-0188,47,Swimming Pool,Swimming Pool,0.337,"Swimming Pool, Badminton Court, Gym",Wed,16:00,Tue,08:11,Swimming Pool,Tue,16:30,Mon,21:32,True,False,True,False,2,False
B-008805,R-0208,23,Swimming Pool,Gym,0.407,"Gym, Swimming Pool, Squash Court",Tue,19:00,Tue,01:19,Gym,Tue,19:45,Mon,23:52,True,True,True,True,4,True
B-008806,R-0063,24,Badminton Court,Badminton Court,0.46,"Badminton Court, Multipurpose Hall, Tennis Court",Wed,19:00,Wed,01:42,Multipurpose Hall,Fri,10:00,Tue,01:22,False,False,False,False,0,False
B-008807,R-0125,27,Swimming Pool,Gym,0.281,"Gym, Badminton Court, Squash Court",Tue,09:00,Mon,00:08,Gym,Wed,07:00,Tue,01:27,True,False,False,True,2,False
B-008808,R-0152,31,Badminton Court,Tennis Court,0.219,"Tennis Court, Kids Play Area, Badminton Court",Wed,18:00,Mon,05:05,Swimming Pool,Wed,19:00,Tue,07:15,False,True,False,False,1,False
B-008809,R-0106,25,Kids Play Area,Swimming Pool,0.359,"Swimming Pool, Kids Play Area, Gym",Tue,08:00,Tue,02:49,Kids Play Area,Tue,09:30,Tue,08:23,False,True,False,False,1,False
B-008810,R-0026,36,Squash Court,Tennis Court,0.322,"Tennis Court, Squash Court, Multipurpose Hall",Wed,18:00,Tue,05:00,Tennis Court,Wed,18:15,Tue,10:45,True,True,True,False,3,False
B-008811,R-0139,62,Tennis Court,Tennis Court,0.479,"Tennis Court, Squash Court, Badminton Court",Wed,18:00,Mon,06:20,Tennis Court,Wed,18:15,Tue,11:14,True,True,True,False,3,False
B-008812,R-0278,49,Tennis Court,Tennis Court,0.381,"Tennis Court, Squash Court, Swimming Pool",Tue,07:00,Mon,19:40,Multipurpose Hall,Fri,11:30,Tue,11:15,False,False,False,False,0,False
B-008813,R-0274,29,Swimming Pool,Gym,0.24,"Gym, Swimming Pool, Squash Court",Tue,11:00,Tue,05:42,Kids Play Area,Tue,16:15,Tue,13:49,False,True,False,True,2,False
B-008814,R-0288,34,Badminton Court,Tennis Court,0.338,"Tennis Court, Squash Court, Badminton Court",Wed,07:00,Mon,17:19,Tennis Court,Thu,07:00,Tue,14:55,True,False,True,True,3,False
B-008815,R-0254,22,Kids Play Area,Gym,0.274,"Gym, Kids Play Area, Badminton Court",Tue,17:00,Tue,01:24,Gym,Wed,17:15,Tue,15:42,True,False,True,False,2,False
B-008816,R-0096,56,Gym,Gym,0.45,"Gym, Squash Court, Clubhouse",Tue,11:00,Mon,19:11,Clubhouse,Mon,11:00,Tue,16:05,False,False,True,False,1,False
B-008817,R-0264,15,Multipurpose Hall,Tennis Court,0.321,"Tennis Court, Multipurpose Hall, Squash Court",Tue,07:00,Mon,18:37,Multipurpose Hall,Fri,18:30,Tue,17:59,False,False,False,False,0,False
B-008818,R-0281,19,Multipurpose Hall,Multipurpose Hall,0.193,"Multipurpose Hall, Tennis Court, Kids Play Area",Wed,18:00,Wed,20:33,Tennis Court,Wed,19:00,Wed,01:17,False,True,False,False,1,False
B-008819,R-0225,42,Clubhouse,Clubhouse,0.57,"Clubhouse, Kids Play Area, Squash Court",Thu,11:00,Wed,04:49,Clubhouse,Mon,11:30,Wed,01:28,True,False,True,False,2,False
B-008820,R-0276,42,Swimming Pool,Kids Play Area,0.327,"Kids Play Area, Tennis Court, Swimming Pool",Wed,16:00,Wed,02:21,Clubhouse,Sat,20:15,Wed,02:38,False,False,False,False,0,False
B-008821,R-0311,64,Multipurpose Hall,Clubhouse,0.258,"Clubhouse, Multipurpose Hall, Kids Play Area",Thu,11:00,Fri,21:04,Kids Play Area,Thu,17:15,Wed,04:47,False,True,False,False,1,False
B-008822,R-0195,18,Clubhouse,Tennis Court,0.326,"Tennis Court, Multipurpose Hall, Squash Court",Thu,18:00,Wed,04:23,Tennis Court,Fri,18:45,Wed,07:00,True,False,True,False,2,False
B-008823,R-0238,28,Tennis Court,Tennis Court,0.399,"Tennis Court, Multipurpose Hall, Squash Court",Wed,19:00,Wed,06:37,Tennis Court,Wed,19:00,Wed,11:46,True,True,True,False,3,False
B-008824,R-0215,52,Gym,Gym,0.44,"Gym, Squash Court, Badminton Court",Thu,07:00,Wed,15:25,Gym,Thu,07:00,Wed,12:43,True,True,True,True,4,True
B-008825,R-0044,22,Gym,Squash Court,0.392,"Squash Court, Clubhouse, Gym",Wed,18:00,Wed,08:16,Kids Play Area,Wed,17:15,Wed,12:49,False,True,False,False,1,False
B-008826,R-0176,26,Squash Court,Swimming Pool,0.259,"Swimming Pool, Tennis Court, Squash Court",Wed,06:00,Wed,02:22,Squash Court,Wed,20:30,Wed,15:55,False,True,False,True,2,False
B-008827,R-0061,32,Swimming Pool,Swimming Pool,0.446,"Swimming Pool, Multipurpose Hall, Badminton Court",Sat,19:00,Sat,01:54,Squash Court,Thu,20:30,Wed,16:34,False,False,False,False,0,False
B-008828,R-0129,35,Kids Play Area,Squash Court,0.323,"Squash Court, Multipurpose Hall, Tennis Court",Wed,07:00,Tue,14:05,Swimming Pool,Thu,08:00,Wed,16:38,False,False,False,True,1,False
B-008829,R-0187,48,Clubhouse,Multipurpose Hall,0.203,"Multipurpose Hall, Clubhouse, Squash Court",Thu,17:00,Thu,18:54,Squash Court,Thu,20:15,Wed,17:44,False,True,False,False,1,False
B-008830,R-0164,22,Multipurpose Hall,Multipurpose Hall,0.502,"Multipurpose Hall, Kids Play Area, Squash Court",Sat,17:00,Tue,00:53,Multipurpose Hall,Fri,17:30,Wed,20:08,True,False,True,False,2,False
B-008831,R-0020,25,Tennis Court,Gym,0.384,"Gym, Swimming Pool, Tennis Court",Thu,09:00,Wed,16:37,Gym,Fri,09:45,Wed,20:56,True,False,True,False,2,False
B-008832,R-0127,40,Clubhouse,Kids Play Area,0.201,"Kids Play Area, Tennis Court, Squash Court",Thu,10:00,Thu,05:30,Squash Court,Thu,07:00,Thu,05:05,False,True,False,True,2,False
B-008833,R-0027,29,Gym,Gym,0.31,"Gym, Swimming Pool, Squash Court",Sat,11:00,Fri,19:36,Gym,Sat,09:45,Thu,05:30,True,True,False,False,2,False
B-008834,R-0240,60,Gym,Tennis Court,0.18,"Tennis Court, Gym, Kids Play Area",Thu,17:00,Tue,08:28,Tennis Court,Fri,17:15,Thu,05:57,True,False,True,False,2,False
B-008835,R-0233,40,Badminton Court,Badminton Court,0.371,"Badminton Court, Multipurpose Hall, Squash Court",Sat,17:00,Thu,22:10,Squash Court,Sat,20:45,Thu,06:43,False,True,False,False,1,False
B-008836,R-0096,57,Clubhouse,Gym,0.324,"Gym, Clubhouse, Squash Court",Thu,11:00,Wed,19:30,Gym,Thu,11:30,Thu,07:12,True,True,True,False,3,False
B-008837,R-0247,15,Tennis Court,Swimming Pool,0.443,"Swimming Pool, Tennis Court, Squash Court",Thu,06:00,Thu,00:54,Gym,Thu,10:30,Thu,08:32,False,True,False,False,1,False
B-008838,R-0294,22,Tennis Court,Clubhouse,0.206,"Clubhouse, Tennis Court, Swimming Pool",Sat,20:00,Tue,17:56,Tennis Court,Thu,19:30,Thu,09:19,False,False,False,False,0,False
B-008839,R-0058,52,Swimming Pool,Swimming Pool,0.474,"Swimming Pool, Kids Play Area, Tennis Court",Thu,08:00,Wed,15:34,Swimming Pool,Fri,07:00,Thu,11:35,True,False,False,True,2,False
B-008840,R-0178,35,Gym,Clubhouse,0.278,"Clubhouse, Badminton Court, Kids Play Area",Thu,11:00,Mon,16:42,Badminton Court,Thu,20:15,Thu,11:59,False,True,False,False,1,False
B-008841,R-0146,72,Kids Play Area,Badminton Court,0.293,"Badminton Court, Kids Play Area, Gym",Thu,18:00,Thu,12:07,Multipurpose Hall,Sun,11:30,Thu,12:29,False,False,False,False,0,False
B-008842,R-0046,52,Clubhouse,Kids Play Area,0.24,"Kids Play Area, Clubhouse, Swimming Pool",Thu,18:00,Thu,14:47,Kids Play Area,Thu,18:00,Thu,14:38,True,True,True,True,4,True
B-008843,R-0056,54,Swimming Pool,Swimming Pool,0.549,"Swimming Pool, Squash Court, Kids Play Area",Thu,08:00,Wed,15:41,Swimming Pool,Fri,08:45,Thu,14:42,True,False,True,True,3,False
B-008844,R-0110,43,Badminton Court,Badminton Court,0.236,"Badminton Court, Squash Court, Clubhouse",Thu,19:00,Thu,01:09,Squash Court,Fri,07:00,Thu,15:17,False,False,False,True,1,False
B-008845,R-0243,16,Squash Court,Squash Court,0.34,"Squash Court, Gym, Swimming Pool",Thu,19:00,Thu,15:23,Kids Play Area,Thu,18:45,Thu,16:41,False,True,False,True,2,False
B-008846,R-0024,36,Clubhouse,Clubhouse,0.478,"Clubhouse, Swimming Pool, Multipurpose Hall",Sat,17:00,Fri,20:34,Clubhouse,Sun,17:30,Thu,17:59,True,False,True,False,2,False
B-008847,R-0050,20,Tennis Court,Clubhouse,0.325,"Clubhouse, Tennis Court, Swimming Pool",Sat,20:00,Mon,15:18,Clubhouse,Sun,20:15,Thu,18:20,True,False,True,False,2,False
B-008848,R-0076,59,Tennis Court,Multipurpose Hall,0.289,"Multipurpose Hall, Tennis Court, Swimming Pool",Fri,10:00,Mon,22:05,Gym,Sat,10:00,Thu,23:22,False,False,True,False,1,False
B-008849,R-0166,49,Gym,Gym,0.425,"Gym, Squash Court, Tennis Court",Sat,11:00,Fri,19:53,Swimming Pool,Fri,08:00,Fri,01:46,False,False,False,False,0,False
B-008850,R-0130,19,Gym,Clubhouse,0.225,"Clubhouse, Swimming Pool, Tennis Court",Fri,11:00,Thu,16:11,Gym,Fri,07:45,Fri,04:52,False,True,False,False,1,False
B-008851,R-0164,23,Multipurpose Hall,Multipurpose Hall,0.488,"Multipurpose Hall, Badminton Court, Kids Play Area",Sat,17:00,Mon,04:39,Multipurpose Hall,Sun,11:30,Fri,04:57,True,False,False,False,1,False
B-008852,R-0220,55,Badminton Court,Badminton Court,0.443,"Badminton Court, Gym, Multipurpose Hall",Fri,18:00,Wed,18:22,Badminton Court,Fri,17:15,Fri,06:51,True,True,False,False,2,False
B-008853,R-0082,44,Multipurpose Hall,Gym,0.335,"Gym, Clubhouse, Tennis Court",Fri,19:00,Fri,11:08,Tennis Court,Sat,18:15,Fri,07:42,False,False,False,False,0,False
B-008854,R-0194,66,Swimming Pool,Swimming Pool,0.403,"Swimming Pool, Multipurpose Hall, Kids Play Area",Fri,08:00,Thu,03:11,Swimming Pool,Sat,08:00,Fri,08:56,True,False,True,False,2,False
B-008855,R-0070,26,Swimming Pool,Swimming Pool,0.575,"Swimming Pool, Kids Play Area, Gym",Fri,06:00,Thu,00:58,Swimming Pool,Mon,18:00,Fri,11:24,True,False,False,False,1,False
B-008856,R-0256,37,Tennis Court,Swimming Pool,0.333,"Swimming Pool, Gym, Kids Play Area",Fri,16:00,Fri,10:33,Swimming Pool,Fri,16:00,Fri,12:05,True,True,True,True,4,True
B-008857,R-0115,28,Badminton Court,Badminton Court,0.389,"Badminton Court, Tennis Court, Squash Court",Fri,18:00,Fri,00:02,Badminton Court,Fri,18:30,Fri,13:04,True,True,True,False,3,False
B-008858,R-0111,50,Swimming Pool,Swimming Pool,0.634,"Swimming Pool, Tennis Court, Kids Play Area",Fri,19:00,Fri,02:52,Squash Court,Fri,19:00,Fri,13:08,False,True,True,False,2,False
B-008859,R-0248,37,Tennis Court,Clubhouse,0.492,"Clubhouse, Gym, Squash Court",Sat,11:00,Fri,10:38,Gym,Sat,08:45,Fri,13:29,False,True,False,False,1,False
B-008860,R-0077,33,Multipurpose Hall,Kids Play Area,0.466,"Kids Play Area, Multipurpose Hall, Badminton Court",Sat,17:00,Sat,16:06,Kids Play Area,Fri,17:00,Fri,16:22,True,False,True,True,3,False
B-008861,R-0012,35,Swimming Pool,Gym,0.304,"Gym, Clubhouse, Swimming Pool",Sat,17:00,Fri,11:05,Clubhouse,Sun,12:45,Fri,19:54,False,False,False,False,0,False
B-008862,R-0039,59,Kids Play Area,Multipurpose Hall,0.477,"Multipurpose Hall, Kids Play Area, Gym",Sat,10:00,Fri,04:45,Multipurpose Hall,Fri,10:00,Sat,00:11,True,False,True,False,2,False
B-008863,R-0278,50,Multipurpose Hall,Tennis Court,0.358,"Tennis Court, Squash Court, Multipurpose Hall",Mon,07:00,Sun,21:32,Multipurpose Hall,Mon,11:45,Sat,00:52,False,True,False,False,1,False
B-008864,R-0286,12,Swimming Pool,Multipurpose Hall,0.189,"Multipurpose Hall, Swimming Pool, Kids Play Area",Sun,17:00,Wed,15:39,Tennis Court,Sat,19:00,Sat,03:06,False,False,False,False,0,False
B-008865,R-0107,11,Gym,Tennis Court,0.34,"Tennis Court, Swimming Pool, Multipurpose Hall",Mon,19:00,Sat,21:55,Tennis Court,Sat,19:30,Sat,03:08,True,False,True,False,2,False
B-008866,R-0265,45,Swimming Pool,Swimming Pool,0.432,"Swimming Pool, Clubhouse, Multipurpose Hall",Sun,17:00,Sat,12:50,Kids Play Area,Sat,18:30,Sat,05:15,False,False,False,False,0,False
B-008867,R-0311,65,Kids Play Area,Clubhouse,0.266,"Clubhouse, Multipurpose Hall, Kids Play Area",Mon,11:00,Mon,18:46,Squash Court,Tue,08:15,Sat,06:28,False,False,False,False,0,False
B-008868,R-0288,35,Tennis Court,Tennis Court,0.407,"Tennis Court, Squash Court, Badminton Court",Mon,07:00,Sat,18:23,Tennis Court,Mon,07:30,Sat,06:41,True,True,True,False,3,False
B-008869,R-0213,7,Multipurpose Hall,Badminton Court,0.314,"Badminton Court, Clubhouse, Multipurpose Hall",Mon,19:00,Sun,15:07,Tennis Court,Mon,17:30,Sat,08:43,False,True,False,False,1,False
B-008870,R-0170,34,Tennis Court,Swimming Pool,0.447,"Swimming Pool, Tennis Court, Squash Court",Sat,18:00,Sat,02:05,Swimming Pool,Sat,18:00,Sat,09:08,True,True,True,False,3,False
B-008871,R-0028,37,Gym,Gym,0.415,"Gym, Swimming Pool, Badminton Court",Sat,20:00,Sat,12:38,Gym,Sat,12:45,Sat,09:26,True,True,False,False,2,False
B-008872,R-0276,43,Clubhouse,Kids Play Area,0.334,"Kids Play Area, Tennis Court, Clubhouse",Sat,16:00,Sat,08:40,Kids Play Area,Sat,16:30,Sat,10:14,True,True,True,True,4,True
B-008873,R-0122,54,Kids Play Area,Gym,0.256,"Gym, Badminton Court, Kids Play Area",Sat,20:00,Sat,03:53,Kids Play Area,Sat,17:30,Sat,13:04,False,True,False,False,1,False
B-008874,R-0024,37,Clubhouse,Clubhouse,0.469,"Clubhouse, Swimming Pool, Multipurpose Hall",Sun,17:00,Thu,11:18,Swimming Pool,Sun,06:15,Sat,14:14,False,True,False,False,1,False
B-008875,R-0311,66,Squash Court,Clubhouse,0.261,"Clubhouse, Multipurpose Hall, Kids Play Area",Mon,11:00,Sun,01:55,Multipurpose Hall,Mon,18:15,Sat,20:40,False,True,False,True,2,False
B-008876,R-0275,43,Kids Play Area,Multipurpose Hall,0.368,"Multipurpose Hall, Kids Play Area, Swimming Pool",Sun,19:00,Mon,07:29,Kids Play Area,Sun,17:15,Sun,00:14,False,True,False,False,1,False
B-008877,R-0163,45,Gym,Kids Play Area,0.381,"Kids Play Area, Gym, Badminton Court",Sun,18:00,Sun,04:49,Clubhouse,Tue,17:15,Sun,00:28,False,False,False,False,0,False
B-008878,R-0144,51,Badminton Court,Badminton Court,0.418,"Badminton Court, Swimming Pool, Multipurpose Hall",Sun,17:00,Sat,22:12,Badminton Court,Sun,17:15,Sun,02:41,True,True,True,False,3,False
B-008879,R-0279,50,Multipurpose Hall,Multipurpose Hall,0.289,"Multipurpose Hall, Badminton Court, Squash Court",Sun,11:00,Thu,16:07,Badminton Court,Sun,21:30,Sun,03:59,False,True,False,False,1,False
B-008880,R-0146,73,Multipurpose Hall,Badminton Court,0.258,"Badminton Court, Kids Play Area, Clubhouse",Sun,18:00,Sun,08:38,Kids Play Area,Sun,09:15,Sun,07:23,False,True,False,False,1,False
B-008881,R-0269,55,Badminton Court,Badminton Court,0.381,"Badminton Court, Multipurpose Hall, Tennis Court",Sun,19:00,Sun,01:58,Kids Play Area,Sun,16:45,Sun,09:14,False,True,False,False,1,False
B-008882,R-0069,35,Gym,Gym,0.175,"Gym, Swimming Pool, Badminton Court",Sun,15:00,Sun,00:14,Gym,Sun,15:45,Sun,09:41,True,True,True,False,3,False
B-008883,R-0137,38,Kids Play Area,Kids Play Area,0.711,"Kids Play Area, Badminton Court, Swimming Pool",Sun,17:00,Sun,16:03,Kids Play Area,Sun,17:30,Sun,16:42,True,True,True,True,4,True
B-008884,R-0232,60,Kids Play Area,Kids Play Area,0.517,"Kids Play Area, Badminton Court, Swimming Pool",Mon,10:00,Sun,19:46,Multipurpose Hall,Wed,10:30,Sun,23:20,False,False,True,False,1,False
B-008885,R-0180,59,Clubhouse,Badminton Court,0.302,"Badminton Court, Kids Play Area, Squash Court",Tue,21:00,Mon,23:17,Kids Play Area,Mon,16:15,Mon,01:15,False,False,False,False,0,False
B-008886,R-0221,41,Gym,Gym,0.273,"Gym, Clubhouse, Badminton Court",Tue,16:00,Mon,09:42,Squash Court,Thu,08:15,Mon,04:34,False,False,False,False,0,False
B-008887,R-0019,35,Clubhouse,Tennis Court,0.325,"Tennis Court, Squash Court, Multipurpose Hall",Tue,17:00,Tue,06:36,Multipurpose Hall,Tue,18:15,Mon,05:32,False,True,False,False,1,False
B-008888,R-0189,36,Squash Court,Swimming Pool,0.285,"Swimming Pool, Squash Court, Gym",Tue,19:00,Tue,03:02,Kids Play Area,Mon,17:00,Mon,08:25,False,False,False,False,0,False
B-008889,R-0158,60,Kids Play Area,Swimming Pool,0.403,"Swimming Pool, Kids Play Area, Badminton Court",Tue,16:00,Tue,08:11,Swimming Pool,Mon,16:30,Mon,09:42,True,False,True,True,3,False
B-008890,R-0138,31,Tennis Court,Tennis Court,0.3,"Tennis Court, Swimming Pool, Squash Court",Tue,18:00,Mon,06:49,Swimming Pool,Mon,16:30,Mon,10:47,False,False,False,False,0,False
B-008891,R-0157,42,Kids Play Area,Kids Play Area,0.629,"Kids Play Area, Badminton Court, Swimming Pool",Tue,16:00,Tue,11:14,Kids Play Area,Mon,16:00,Mon,11:35,True,False,True,True,3,False
B-008892,R-0163,46,Clubhouse,Kids Play Area,0.44,"Kids Play Area, Gym, Badminton Court",Tue,18:00,Tue,13:05,Gym,Thu,18:00,Mon,12:12,False,False,True,False,1,False
B-008893,R-0277,7,Kids Play Area,Swimming Pool,0.314,"Swimming Pool, Kids Play Area, Gym",Tue,19:00,Tue,02:47,Swimming Pool,Thu,19:45,Mon,12:56,True,False,True,False,2,False
B-008894,R-0155,27,Kids Play Area,Gym,0.254,"Gym, Kids Play Area, Swimming Pool",Tue,17:00,Tue,01:15,Kids Play Area,Mon,18:15,Mon,14:10,False,False,False,False,0,False
B-008895,R-0032,67,Tennis Court,Tennis Court,0.401,"Tennis Court, Squash Court, Kids Play Area",Wed,06:00,Mon,21:44,Kids Play Area,Mon,17:00,Mon,15:34,False,False,False,False,0,False
B-008896,R-0114,37,Kids Play Area,Kids Play Area,0.349,"Kids Play Area, Swimming Pool, Badminton Court",Tue,10:00,Tue,01:11,Kids Play Area,Tue,10:45,Mon,16:29,True,True,True,False,3,False
B-008897,R-0222,21,Tennis Court,Tennis Court,0.373,"Tennis Court, Squash Court, Clubhouse",Wed,07:00,Mon,10:22,Squash Court,Tue,18:15,Mon,16:59,False,False,False,False,0,False
B-008898,R-0134,18,Badminton Court,Badminton Court,0.212,"Badminton Court, Clubhouse, Multipurpose Hall",Tue,18:00,Mon,10:24,Clubhouse,Thu,17:30,Mon,19:09,False,False,False,False,0,False
B-008899,R-0280,29,Tennis Court,Tennis Court,0.197,"Tennis Court, Squash Court, Badminton Court",Wed,17:00,Tue,05:20,Tennis Court,Tue,17:15,Mon,21:12,True,False,True,False,2,False
B-008900,R-0110,44,Squash Court,Squash Court,0.225,"Squash Court, Badminton Court, Clubhouse",Tue,08:00,Mon,14:07,Gym,Tue,10:15,Mon,21:24,False,True,False,False,1,False
B-008901,R-0131,15,Badminton Court,Badminton Court,0.354,"Badminton Court, Swimming Pool, Squash Court",Tue,19:00,Mon,22:57,Badminton Court,Tue,19:30,Tue,00:50,True,True,True,True,4,True
B-008902,R-0255,65,Multipurpose Hall,Gym,0.191,"Gym, Multipurpose Hall, Tennis Court",Sat,11:00,Fri,06:57,Multipurpose Hall,Wed,19:00,Tue,05:27,False,False,False,False,0,False
B-008903,R-0297,40,Tennis Court,Clubhouse,0.206,"Clubhouse, Multipurpose Hall, Tennis Court",Wed,11:00,Mon,04:54,Kids Play Area,Tue,10:15,Tue,06:05,False,False,False,False,0,False
B-008904,R-0076,60,Gym,Multipurpose Hall,0.347,"Multipurpose Hall, Swimming Pool, Tennis Court",Wed,10:00,Thu,21:51,Tennis Court,Sat,07:15,Tue,08:07,False,False,False,False,0,False
B-008905,R-0211,42,Multipurpose Hall,Multipurpose Hall,0.271,"Multipurpose Hall, Clubhouse, Badminton Court",Wed,19:00,Wed,21:04,Gym,Wed,07:15,Tue,10:45,False,True,False,False,1,False
B-008906,R-0179,6,Swimming Pool,Multipurpose Hall,0.291,"Multipurpose Hall, Swimming Pool, Kids Play Area",Sat,10:00,Thu,17:26,Kids Play Area,Tue,17:30,Tue,10:47,False,False,False,False,0,False
B-008907,R-0267,75,Multipurpose Hall,Multipurpose Hall,0.44,"Multipurpose Hall, Kids Play Area, Gym",Wed,18:00,Tue,02:55,Kids Play Area,Tue,16:15,Tue,12:34,False,False,False,False,0,False
B-008908,R-0218,12,Badminton Court,Squash Court,0.451,"Squash Court, Badminton Court, Gym",Tue,19:00,Tue,15:12,Kids Play Area,Tue,16:00,Tue,15:15,False,True,False,False,1,False
B-008909,R-0194,67,Swimming Pool,Swimming Pool,0.395,"Swimming Pool, Multipurpose Hall, Clubhouse",Wed,08:00,Tue,01:39,Multipurpose Hall,Tue,11:15,Tue,16:44,False,False,False,False,0,False
B-008910,R-0193,31,Swimming Pool,Badminton Court,0.42,"Badminton Court, Swimming Pool, Clubhouse",Tue,20:00,Tue,16:45,Kids Play Area,Tue,18:30,Tue,16:51,False,True,False,True,2,False
B-008911,R-0165,30,Kids Play Area,Squash Court,0.329,"Squash Court, Swimming Pool, Kids Play Area",Tue,19:00,Tue,16:00,Clubhouse,Fri,19:30,Tue,17:24,False,False,True,False,1,False
B-008912,R-0285,16,Gym,Gym,0.211,"Gym, Multipurpose Hall, Squash Court",Tue,17:00,Tue,03:24,Gym,Wed,06:00,Tue,21:09,True,False,False,False,1,False
B-008913,R-0064,71,Tennis Court,Tennis Court,0.191,"Tennis Court, Swimming Pool, Gym",Sat,18:00,Fri,16:32,Badminton Court,Wed,17:30,Wed,01:41,False,False,False,False,0,False
B-008914,R-0236,21,Squash Court,Gym,0.361,"Gym, Squash Court, Kids Play Area",Thu,06:00,Wed,10:38,Kids Play Area,Thu,09:30,Wed,02:15,False,True,False,False,1,False
B-008915,R-0087,15,Clubhouse,Clubhouse,0.407,"Clubhouse, Gym, Multipurpose Hall",Wed,19:00,Sun,18:19,Clubhouse,Sun,19:15,Wed,02:48,True,False,True,False,2,False
B-008916,R-0296,31,Badminton Court,Squash Court,0.431,"Squash Court, Gym, Tennis Court",Wed,18:00,Tue,08:06,Badminton Court,Thu,19:00,Wed,03:17,False,False,False,True,1,False
B-008917,R-0122,55,Kids Play Area,Badminton Court,0.233,"Badminton Court, Gym, Kids Play Area",Sat,21:00,Sat,00:56,Gym,Wed,20:00,Wed,06:13,False,False,False,False,0,False
B-008918,R-0120,33,Kids Play Area,Kids Play Area,0.201,"Kids Play Area, Swimming Pool, Multipurpose Hall",Wed,16:00,Wed,08:47,Gym,Wed,16:00,Wed,11:44,False,True,True,True,3,False
B-008919,R-0259,71,Swimming Pool,Swimming Pool,0.163,"Swimming Pool, Kids Play Area, Clubhouse",Thu,19:00,Thu,02:50,Swimming Pool,Wed,19:00,Wed,16:06,True,False,True,False,2,False
B-008920,R-0026,37,Tennis Court,Tennis Court,0.362,"Tennis Court, Multipurpose Hall, Squash Court",Thu,18:00,Wed,04:24,Tennis Court,Fri,06:15,Wed,16:58,True,False,False,True,2,False
B-008921,R-0090,73,Gym,Badminton Court,0.251,"Badminton Court, Squash Court, Clubhouse",Sat,20:00,Fri,05:57,Badminton Court,Sat,19:00,Wed,20:01,True,True,False,False,2,False
B-008922,R-0036,74,Badminton Court,Multipurpose Hall,0.253,"Multipurpose Hall, Tennis Court, Kids Play Area",Thu,10:00,Tue,07:21,Tennis Court,Thu,07:15,Wed,20:18,False,True,False,False,1,False
B-008923,R-0206,34,Kids Play Area,Tennis Court,0.207,"Tennis Court, Swimming Pool, Kids Play Area",Wed,18:00,Tue,00:33,Badminton Court,Thu,20:00,Wed,22:55,False,False,False,False,0,False
B-008924,R-0300,23,Badminton Court,Badminton Court,0.442,"Badminton Court, Tennis Court, Multipurpose Hall",Thu,19:00,Wed,23:06,Badminton Court,Thu,19:15,Wed,23:13,True,True,True,True,4,True
B-008925,R-0098,44,Gym,Clubhouse,0.244,"Clubhouse, Kids Play Area, Gym",Thu,11:00,Tue,23:48,Clubhouse,Mon,18:00,Wed,23:18,True,False,False,False,1,False
B-008926,R-0031,15,Swimming Pool,Gym,0.271,"Gym, Swimming Pool, Badminton Court",Fri,11:00,Thu,19:19,Gym,Thu,16:00,Thu,02:11,True,False,False,True,2,False
B-008927,R-0182,28,Badminton Court,Gym,0.471,"Gym, Squash Court, Kids Play Area",Fri,08:00,Thu,16:50,Gym,Thu,17:30,Thu,03:46,True,False,False,True,2,False
B-008928,R-0033,34,Squash Court,Squash Court,0.326,"Squash Court, Swimming Pool, Gym",Fri,19:00,Fri,02:55,Squash Court,Fri,08:15,Thu,04:45,True,True,False,False,2,False
B-008929,R-0035,21,Swimming Pool,Gym,0.318,"Gym, Swimming Pool, Squash Court",Thu,15:00,Wed,06:01,Swimming Pool,Sun,16:15,Thu,07:40,False,False,False,False,0,False
B-008930,R-0303,55,Gym,Multipurpose Hall,0.418,"Multipurpose Hall, Gym, Tennis Court",Thu,18:00,Mon,03:05,Gym,Thu,11:45,Thu,07:48,False,True,False,False,1,False
B-008931,R-0271,29,Squash Court,Squash Court,0.444,"Squash Court, Tennis Court, Gym",Fri,08:00,Thu,15:30,Squash Court,Fri,08:30,Thu,11:51,True,True,True,False,3,False
B-008932,R-0222,22,Squash Court,Tennis Court,0.364,"Tennis Court, Squash Court, Clubhouse",Fri,07:00,Wed,05:28,Tennis Court,Sun,07:15,Thu,13:09,True,False,True,False,2,False
B-008933,R-0013,28,Clubhouse,Swimming Pool,0.367,"Swimming Pool, Clubhouse, Gym",Thu,19:00,Thu,03:53,Swimming Pool,Thu,16:30,Thu,13:46,True,True,False,False,2,False
B-008934,R-0046,53,Kids Play Area,Kids Play Area,0.29,"Kids Play Area, Clubhouse, Swimming Pool",Thu,18:00,Thu,14:43,Kids Play Area,Thu,18:30,Thu,14:38,True,True,True,True,4,True
B-008935,R-0253,33,Kids Play Area,Kids Play Area,0.416,"Kids Play Area, Swimming Pool, Tennis Court",Thu,10:00,Thu,07:49,Tennis Court,Fri,06:30,Thu,15:15,False,False,False,False,0,False
B-008936,R-0260,23,Gym,Swimming Pool,0.354,"Swimming Pool, Gym, Squash Court",Thu,17:00,Thu,14:34,Gym,Thu,20:00,Thu,16:22,False,True,False,True,2,False
B-008937,R-0144,52,Badminton Court,Badminton Court,0.394,"Badminton Court, Swimming Pool, Multipurpose Hall",Sat,17:00,Fri,20:17,Swimming Pool,Fri,06:45,Thu,18:02,False,False,False,False,0,False
B-008938,R-0245,36,Squash Court,Squash Court,0.594,"Squash Court, Tennis Court, Gym",Fri,18:00,Thu,09:03,Squash Court,Sat,07:00,Thu,19:52,True,False,False,True,2,False
B-008939,R-0229,42,Squash Court,Squash Court,0.512,"Squash Court, Tennis Court, Badminton Court",Fri,07:00,Thu,01:53,Squash Court,Sat,07:45,Thu,22:43,True,False,True,True,3,False
B-008940,R-0022,25,Kids Play Area,Kids Play Area,0.415,"Kids Play Area, Swimming Pool, Tennis Court",Thu,09:00,Wed,18:45,Squash Court,Mon,07:45,Thu,23:54,False,False,False,False,0,False
B-008941,R-0186,43,Gym,Clubhouse,0.348,"Clubhouse, Gym, Kids Play Area",Fri,11:00,Wed,22:53,Gym,Fri,18:45,Fri,03:12,False,True,False,False,1,False
B-008942,R-0052,82,Multipurpose Hall,Multipurpose Hall,0.222,"Multipurpose Hall, Badminton Court, Kids Play Area",Fri,10:00,Mon,10:41,Gym,Fri,11:45,Fri,04:23,False,True,False,False,1,False
B-008943,R-0106,26,Kids Play Area,Swimming Pool,0.347,"Swimming Pool, Kids Play Area, Gym",Fri,08:00,Fri,02:51,Kids Play Area,Fri,09:30,Fri,08:00,False,True,False,False,1,False
B-008944,R-0314,15,Multipurpose Hall,Gym,0.212,"Gym, Multipurpose Hall, Tennis Court",Fri,18:00,Thu,16:21,Squash Court,Sat,18:30,Fri,08:40,False,False,True,False,1,False
B-008945,R-0048,28,Gym,Kids Play Area,0.231,"Kids Play Area, Clubhouse, Gym",Sat,16:00,Sat,08:59,Badminton Court,Sat,17:00,Fri,09:01,False,True,False,False,1,False
B-008946,R-0196,38,Clubhouse,Clubhouse,0.381,"Clubhouse, Swimming Pool, Multipurpose Hall",Sat,20:00,Sun,03:01,Kids Play Area,Fri,17:30,Fri,09:31,False,False,False,False,0,False
B-008947,R-0052,83,Gym,Multipurpose Hall,0.207,"Multipurpose Hall, Squash Court, Badminton Court",Fri,10:00,Sat,13:10,Multipurpose Hall,Wed,11:00,Fri,11:34,True,False,False,False,1,False
B-008948,R-0103,19,Gym,Gym,0.301,"Gym, Swimming Pool, Clubhouse",Fri,19:00,Fri,03:56,Clubhouse,Thu,19:45,Fri,12:59,False,False,True,False,1,False
B-008949,R-0102,35,Squash Court,Tennis Court,0.53,"Tennis Court, Squash Court, Badminton Court",Fri,06:00,Thu,19:11,Squash Court,Fri,18:00,Fri,14:54,False,True,False,False,1,False
B-008950,R-0005,20,Gym,Badminton Court,0.305,"Badminton Court, Kids Play Area, Gym",Fri,17:00,Thu,01:51,Badminton Court,Sat,17:15,Fri,14:58,True,False,True,False,2,False
B-008951,R-0212,68,Gym,Gym,0.265,"Gym, Clubhouse, Tennis Court",Sat,08:00,Fri,00:13,Gym,Sun,08:15,Fri,18:46,True,False,True,False,2,False
B-008952,R-0183,34,Kids Play Area,Multipurpose Hall,0.257,"Multipurpose Hall, Badminton Court, Kids Play Area",Sat,11:00,Wed,08:19,Tennis Court,Sat,07:45,Fri,20:49,False,True,False,False,1,False
B-008953,R-0124,23,Squash Court,Squash Court,0.381,"Squash Court, Swimming Pool, Gym",Sat,18:00,Sat,03:12,Squash Court,Sat,18:15,Fri,22:37,True,True,True,False,3,False
B-008954,R-0101,50,Gym,Badminton Court,0.433,"Badminton Court, Squash Court, Kids Play Area",Sat,19:00,Sat,00:08,Badminton Court,Sun,19:30,Sat,01:22,True,False,True,False,2,False
B-008955,R-0186,44,Gym,Clubhouse,0.372,"Clubhouse, Gym, Multipurpose Hall",Sun,11:00,Wed,08:29,Gym,Sat,18:45,Sat,02:51,False,False,False,False,0,False
B-008956,R-0180,60,Kids Play Area,Badminton Court,0.293,"Badminton Court, Kids Play Area, Multipurpose Hall",Sat,21:00,Fri,21:40,Kids Play Area,Sat,16:15,Sat,10:35,False,True,False,False,1,False
B-008957,R-0180,61,Kids Play Area,Badminton Court,0.27,"Badminton Court, Kids Play Area, Multipurpose Hall",Sun,21:00,Sat,21:48,Kids Play Area,Sat,16:15,Sat,11:27,False,False,False,False,0,False
B-008958,R-0220,56,Badminton Court,Badminton Court,0.443,"Badminton Court, Gym, Tennis Court",Mon,18:00,Sat,19:53,Swimming Pool,Thu,19:00,Sat,14:56,False,False,False,False,0,False
B-008959,R-0209,35,Clubhouse,Gym,0.336,"Gym, Swimming Pool, Squash Court",Sat,11:00,Sat,06:37,Badminton Court,Sat,18:15,Sat,15:24,False,True,False,True,2,False
B-008960,R-0173,12,Squash Court,Squash Court,0.214,"Squash Court, Gym, Tennis Court",Sun,18:00,Sat,12:41,Multipurpose Hall,Sat,11:15,Sat,16:19,False,False,False,False,0,False
B-008961,R-0078,17,Swimming Pool,Swimming Pool,0.286,"Swimming Pool, Squash Court, Gym",Sun,16:00,Sat,09:48,Squash Court,Tue,20:15,Sat,18:13,False,False,False,False,0,False
B-008962,R-0286,13,Tennis Court,Multipurpose Hall,0.188,"Multipurpose Hall, Tennis Court, Kids Play Area",Sun,17:00,Wed,09:22,Multipurpose Hall,Tue,19:15,Sat,21:15,True,False,False,False,1,False
B-008963,R-0248,38,Gym,Clubhouse,0.451,"Clubhouse, Gym, Tennis Court",Sun,11:00,Fri,17:41,Gym,Sun,08:00,Sat,21:45,False,True,False,False,1,False
B-008964,R-0251,11,Kids Play Area,Kids Play Area,0.418,"Kids Play Area, Clubhouse, Tennis Court",Sun,10:00,Sat,22:22,Kids Play Area,Sun,10:30,Sun,02:54,True,True,True,False,3,False
B-008965,R-0207,30,Badminton Court,Multipurpose Hall,0.28,"Multipurpose Hall, Clubhouse, Badminton Court",Mon,10:00,Fri,00:42,Swimming Pool,Sun,17:30,Sun,04:35,False,False,False,False,0,False
B-008966,R-0232,61,Multipurpose Hall,Kids Play Area,0.518,"Kids Play Area, Badminton Court, Multipurpose Hall",Mon,10:00,Mon,06:00,Kids Play Area,Sun,10:15,Sun,06:05,True,False,True,True,3,False
B-008967,R-0142,28,Swimming Pool,Swimming Pool,0.316,"Swimming Pool, Tennis Court, Kids Play Area",Sun,07:00,Sun,02:00,Swimming Pool,Sun,07:45,Sun,07:12,True,True,True,False,3,False
B-008968,R-0018,37,Clubhouse,Tennis Court,0.39,"Tennis Court, Squash Court, Swimming Pool",Sun,19:00,Sat,14:55,Squash Court,Sun,20:30,Sun,10:36,False,True,False,False,1,False
B-008969,R-0082,45,Tennis Court,Gym,0.376,"Gym, Clubhouse, Tennis Court",Sun,19:00,Sun,11:21,Swimming Pool,Sun,16:00,Sun,11:17,False,True,False,True,2,False
B-008970,R-0100,54,Kids Play Area,Kids Play Area,0.211,"Kids Play Area, Tennis Court, Badminton Court",Sun,17:00,Sun,12:34,Badminton Court,Thu,21:15,Sun,13:46,False,False,False,False,0,False
B-008971,R-0168,24,Badminton Court,Kids Play Area,0.554,"Kids Play Area, Badminton Court, Gym",Sun,18:00,Sun,13:52,Kids Play Area,Sun,17:45,Sun,14:43,True,True,False,True,3,False
B-008972,R-0217,16,Gym,Tennis Court,0.3,"Tennis Court, Squash Court, Gym",Sun,17:00,Sun,07:49,Squash Court,Sun,20:15,Sun,15:01,False,True,False,False,1,False
B-008973,R-0293,54,Badminton Court,Tennis Court,0.392,"Tennis Court, Multipurpose Hall, Kids Play Area",Mon,07:00,Sat,17:36,Tennis Court,Mon,07:15,Sun,15:39,True,True,True,False,3,False
B-008974,R-0148,11,Tennis Court,Kids Play Area,0.187,"Kids Play Area, Tennis Court, Badminton Court",Mon,18:00,Mon,06:56,Tennis Court,Mon,18:30,Sun,17:26,False,True,True,False,2,False
B-008975,R-0263,52,Badminton Court,Tennis Court,0.223,"Tennis Court, Badminton Court, Kids Play Area",Mon,07:00,Fri,21:49,Squash Court,Wed,07:30,Sun,18:50,False,False,True,True,2,False
B-008976,R-0083,45,Multipurpose Hall,Multipurpose Hall,0.416,"Multipurpose Hall, Clubhouse, Tennis Court",Mon,17:00,Mon,04:48,Multipurpose Hall,Wed,17:30,Sun,21:07,True,False,True,False,2,False
B-008977,R-0105,44,Multipurpose Hall,Tennis Court,0.288,"Tennis Court, Badminton Court, Swimming Pool",Mon,07:00,Fri,14:23,Tennis Court,Fri,07:45,Sun,22:27,True,False,True,False,2,False
B-008978,R-0255,66,Multipurpose Hall,Multipurpose Hall,0.209,"Multipurpose Hall, Gym, Tennis Court",Sat,19:00,Tue,12:39,Multipurpose Hall,Thu,19:30,Mon,01:18,True,False,True,False,2,False
B-008979,R-0273,28,Multipurpose Hall,Multipurpose Hall,0.474,"Multipurpose Hall, Swimming Pool, Badminton Court",Sat,19:00,Thu,08:10,Multipurpose Hall,Sat,18:45,Mon,01:53,True,True,False,False,2,False
B-008980,R-0210,22,Badminton Court,Badminton Court,0.222,"Badminton Court, Squash Court, Tennis Court",Mon,20:00,Mon,06:20,Squash Court,Mon,07:00,Mon,03:03,False,True,False,False,1,False
B-008981,R-0133,27,Swimming Pool,Swimming Pool,0.517,"Swimming Pool, Clubhouse, Gym",Tue,17:00,Tue,06:04,Clubhouse,Thu,17:30,Mon,03:47,False,False,True,False,1,False
B-008982,R-0207,31,Swimming Pool,Multipurpose Hall,0.289,"Multipurpose Hall, Clubhouse, Swimming Pool",Mon,10:00,Thu,08:09,Multipurpose Hall,Tue,10:45,Mon,04:15,True,False,True,False,2,False
B-008983,R-0017,11,Kids Play Area,Kids Play Area,0.233,"Kids Play Area, Multipurpose Hall, Clubhouse",Tue,10:00,Mon,20:33,Clubhouse,Mon,20:30,Mon,04:56,False,False,False,False,0,False
B-008984,R-0188,48,Swimming Pool,Swimming Pool,0.336,"Swimming Pool, Badminton Court, Multipurpose Hall",Mon,16:00,Sun,07:27,Squash Court,Thu,07:30,Mon,05:19,False,False,False,False,0,False
B-008985,R-0287,19,Swimming Pool,Swimming Pool,0.34,"Swimming Pool, Gym, Kids Play Area",Tue,17:00,Tue,01:14,Gym,Mon,15:45,Mon,07:40,False,False,False,False,0,False
B-008986,R-0090,74,Badminton Court,Badminton Court,0.241,"Badminton Court, Squash Court, Clubhouse",Sat,20:00,Thu,20:46,Badminton Court,Sun,20:00,Mon,09:06,True,False,True,False,2,False
B-008987,R-0234,43,Clubhouse,Squash Court,0.468,"Squash Court, Tennis Court, Multipurpose Hall",Tue,19:00,Tue,00:53,Squash Court,Tue,19:30,Mon,17:28,True,True,True,False,3,False
B-008988,R-0177,35,Gym,Gym,0.27,"Gym, Clubhouse, Squash Court",Tue,10:00,Mon,17:13,Badminton Court,Tue,20:45,Mon,17:48,False,True,False,False,1,False
B-008989,R-0305,29,Clubhouse,Gym,0.274,"Gym, Clubhouse, Tennis Court",Tue,11:00,Tue,02:32,Gym,Mon,19:15,Mon,18:17,True,False,False,False,1,False
B-008990,R-0245,37,Squash Court,Squash Court,0.531,"Squash Court, Tennis Court, Gym",Wed,18:00,Tue,07:08,Squash Court,Sat,18:15,Mon,18:34,True,False,True,False,2,False
B-008991,R-0259,72,Swimming Pool,Clubhouse,0.169,"Clubhouse, Swimming Pool, Badminton Court",Tue,19:00,Sat,06:30,Badminton Court,Tue,21:00,Mon,19:19,False,True,False,False,1,False
B-008992,R-0244,24,Swimming Pool,Badminton Court,0.396,"Badminton Court, Squash Court, Swimming Pool",Tue,19:00,Tue,00:46,Kids Play Area,Tue,09:45,Tue,00:27,False,True,False,False,1,False
B-008993,R-0289,10,Kids Play Area,Kids Play Area,0.244,"Kids Play Area, Squash Court, Badminton Court",Tue,10:00,Tue,02:12,Squash Court,Tue,20:30,Tue,09:27,False,True,False,False,1,False
B-008994,R-0229,43,Squash Court,Squash Court,0.475,"Squash Court, Tennis Court, Multipurpose Hall",Wed,07:00,Mon,22:36,Tennis Court,Thu,07:30,Tue,12:52,False,False,True,False,1,False
B-008995,R-0297,41,Kids Play Area,Clubhouse,0.213,"Clubhouse, Multipurpose Hall, Gym",Tue,11:00,Mon,03:02,Tennis Court,Thu,19:00,Tue,13:59,False,False,False,False,0,False
B-008996,R-0290,34,Swimming Pool,Swimming Pool,0.328,"Swimming Pool, Gym, Multipurpose Hall",Tue,19:00,Tue,16:07,Gym,Tue,20:00,Tue,15:09,False,True,False,True,2,False
B-008997,R-0280,30,Tennis Court,Tennis Court,0.21,"Tennis Court, Squash Court, Badminton Court",Wed,17:00,Tue,05:38,Tennis Court,Thu,06:45,Tue,19:20,True,False,False,True,2,False
B-008998,R-0109,12,Gym,Gym,0.257,"Gym, Multipurpose Hall, Clubhouse",Thu,11:00,Wed,11:30,Gym,Wed,11:15,Wed,01:57,True,False,True,False,2,False
B-008999,R-0313,23,Kids Play Area,Gym,0.211,"Gym, Kids Play Area, Badminton Court",Wed,11:00,Wed,05:14,Tennis Court,Wed,07:15,Wed,04:13,False,True,False,True,2,False
B-009000,R-0228,29,Gym,Gym,0.5,"Gym, Badminton Court, Squash Court",Wed,15:00,Wed,00:14,Badminton Court,Wed,19:45,Wed,04:42,False,True,False,True,2,False
B-009001,R-0135,38,Gym,Gym,0.187,"Gym, Kids Play Area, Badminton Court",Thu,07:00,Wed,07:12,Kids Play Area,Wed,18:15,Wed,06:10,False,False,False,False,0,False
B-009002,R-0151,35,Gym,Gym,0.583,"Gym, Squash Court, Swimming Pool",Wed,17:00,Wed,02:13,Gym,Wed,16:00,Wed,07:39,True,True,False,False,2,False
B-009003,R-0240,61,Tennis Court,Kids Play Area,0.165,"Kids Play Area, Clubhouse, Tennis Court",Wed,17:00,Wed,08:38,Kids Play Area,Wed,17:45,Wed,08:03,True,True,True,True,4,True
B-009004,R-0159,33,Kids Play Area,Kids Play Area,0.186,"Kids Play Area, Multipurpose Hall, Tennis Court",Wed,10:00,Wed,07:45,Clubhouse,Fri,19:15,Wed,09:02,False,False,False,False,0,False
B-009005,R-0096,58,Gym,Gym,0.463,"Gym, Badminton Court, Clubhouse",Wed,11:00,Tue,19:50,Gym,Fri,11:15,Wed,09:41,True,False,True,False,2,False
B-009006,R-0016,31,Kids Play Area,Kids Play Area,0.387,"Kids Play Area, Clubhouse, Swimming Pool",Wed,16:00,Wed,07:00,Kids Play Area,Wed,16:00,Wed,11:06,True,True,True,False,3,False
B-009007,R-0282,9,Tennis Court,Multipurpose Hall,0.337,"Multipurpose Hall, Clubhouse, Badminton Court",Wed,18:00,Tue,11:57,Clubhouse,Wed,17:30,Wed,12:16,False,True,False,False,1,False
B-009008,R-0027,30,Gym,Gym,0.314,"Gym, Swimming Pool, Squash Court",Sat,09:00,Fri,17:54,Gym,Thu,09:00,Wed,15:49,True,False,True,True,3,False
B-009009,R-0005,21,Badminton Court,Badminton Court,0.335,"Badminton Court, Kids Play Area, Clubhouse",Thu,17:00,Tue,18:02,Badminton Court,Thu,20:30,Wed,18:33,True,True,False,False,2,False
B-009010,R-0303,56,Gym,Multipurpose Hall,0.451,"Multipurpose Hall, Gym, Squash Court",Thu,18:00,Mon,01:08,Gym,Thu,11:45,Wed,22:05,False,True,False,False,1,False
B-009011,R-0196,39,Kids Play Area,Clubhouse,0.336,"Clubhouse, Multipurpose Hall, Kids Play Area",Sat,20:00,Sun,22:38,Tennis Court,Fri,17:00,Thu,00:33,False,False,False,False,0,False
B-009012,R-0295,17,Gym,Gym,0.193,"Gym, Badminton Court, Squash Court",Thu,10:00,Wed,18:41,Gym,Thu,10:30,Thu,02:14,True,True,True,False,3,False
B-009013,R-0011,36,Multipurpose Hall,Multipurpose Hall,0.536,"Multipurpose Hall, Kids Play Area, Swimming Pool",Sat,19:00,Sun,04:39,Multipurpose Hall,Wed,19:30,Thu,02:41,True,False,True,False,2,False
B-009014,R-0141,38,Swimming Pool,Swimming Pool,0.513,"Swimming Pool, Kids Play Area, Tennis Court",Thu,07:00,Wed,14:53,Swimming Pool,Thu,07:30,Thu,03:07,True,True,True,False,3,False
B-009015,R-0205,25,Clubhouse,Gym,0.299,"Gym, Clubhouse, Kids Play Area",Sat,17:00,Sat,02:38,Clubhouse,Thu,19:15,Thu,05:16,False,False,False,False,0,False
B-009016,R-0225,43,Clubhouse,Clubhouse,0.569,"Clubhouse, Kids Play Area, Squash Court",Thu,11:00,Wed,02:47,Kids Play Area,Thu,10:45,Thu,05:52,False,True,False,False,1,False
B-009017,R-0187,49,Squash Court,Squash Court,0.167,"Squash Court, Multipurpose Hall, Tennis Court",Thu,19:00,Thu,02:35,Kids Play Area,Thu,16:15,Thu,07:12,False,True,False,False,1,False
B-009018,R-0268,38,Squash Court,Squash Court,0.499,"Squash Court, Tennis Court, Kids Play Area",Sat,07:00,Fri,02:45,Squash Court,Mon,07:45,Thu,07:21,True,False,True,False,2,False
B-009019,R-0058,53,Swimming Pool,Swimming Pool,0.479,"Swimming Pool, Kids Play Area, Clubhouse",Thu,08:00,Wed,16:20,Tennis Court,Fri,06:00,Thu,12:32,False,False,False,True,1,False
B-009020,R-0176,27,Squash Court,Swimming Pool,0.257,"Swimming Pool, Squash Court, Tennis Court",Thu,06:00,Thu,00:32,Tennis Court,Thu,17:30,Thu,13:22,False,True,False,True,2,False
B-009021,R-0158,61,Swimming Pool,Swimming Pool,0.557,"Swimming Pool, Kids Play Area, Gym",Thu,16:00,Thu,10:47,Swimming Pool,Thu,16:45,Thu,13:35,True,True,True,True,4,True
B-009022,R-0012,36,Clubhouse,Gym,0.323,"Gym, Clubhouse, Multipurpose Hall",Sat,17:00,Fri,09:52,Clubhouse,Thu,20:15,Thu,16:59,False,False,False,False,0,False
B-009023,R-0198,27,Clubhouse,Multipurpose Hall,0.248,"Multipurpose Hall, Clubhouse, Gym",Sat,17:00,Mon,20:52,Clubhouse,Mon,17:00,Thu,18:40,False,False,True,False,1,False
B-009024,R-0240,62,Kids Play Area,Kids Play Area,0.189,"Kids Play Area, Clubhouse, Multipurpose Hall",Thu,17:00,Wed,21:32,Clubhouse,Fri,17:00,Thu,19:39,False,False,True,False,1,False
B-009025,R-0144,53,Swimming Pool,Badminton Court,0.429,"Badminton Court, Swimming Pool, Multipurpose Hall",Sat,17:00,Fri,20:26,Badminton Court,Fri,17:00,Thu,19:53,True,False,True,True,3,False
B-009026,R-0278,51,Multipurpose Hall,Tennis Court,0.374,"Tennis Court, Squash Court, Multipurpose Hall",Fri,07:00,Thu,21:56,Swimming Pool,Fri,06:15,Fri,00:37,False,True,False,False,1,False
B-009027,R-0181,35,Kids Play Area,Badminton Court,0.211,"Badminton Court, Gym, Tennis Court",Sat,18:00,Fri,08:42,Badminton Court,Fri,18:00,Fri,03:54,True,False,True,False,2,False
B-009028,R-0036,75,Tennis Court,Multipurpose Hall,0.286,"Multipurpose Hall, Tennis Court, Kids Play Area",Fri,10:00,Wed,04:12,Tennis Court,Fri,07:15,Fri,03:58,False,True,False,False,1,False
B-009029,R-0023,27,Tennis Court,Tennis Court,0.5,"Tennis Court, Multipurpose Hall, Squash Court",Fri,06:00,Thu,20:47,Tennis Court,Sat,06:00,Fri,06:54,True,False,True,False,2,False
B-009030,R-0149,30,Tennis Court,Tennis Court,0.413,"Tennis Court, Squash Court, Swimming Pool",Sat,17:00,Fri,07:03,Tennis Court,Sat,17:00,Fri,07:09,True,True,True,True,4,True
B-009031,R-0265,46,Kids Play Area,Swimming Pool,0.299,"Swimming Pool, Clubhouse, Multipurpose Hall",Sat,17:00,Fri,11:48,Clubhouse,Mon,17:15,Fri,08:18,False,False,True,False,1,False
B-009032,R-0255,67,Multipurpose Hall,Multipurpose Hall,0.22,"Multipurpose Hall, Gym, Tennis Court",Sat,19:00,Wed,06:06,Kids Play Area,Sat,17:45,Fri,09:59,False,True,False,False,1,False
B-009033,R-0095,13,Tennis Court,Gym,0.197,"Gym, Tennis Court, Swimming Pool",Fri,17:00,Fri,11:29,Squash Court,Fri,20:30,Fri,12:27,False,True,False,True,2,False
B-009034,R-0045,47,Badminton Court,Clubhouse,0.167,"Clubhouse, Gym, Tennis Court",Sat,17:00,Wed,11:31,Kids Play Area,Fri,17:30,Fri,13:01,False,False,True,False,1,False
B-009035,R-0112,14,Kids Play Area,Multipurpose Hall,0.381,"Multipurpose Hall, Tennis Court, Kids Play Area",Sat,19:00,Sat,02:58,Multipurpose Hall,Tue,19:30,Fri,13:24,True,False,True,False,2,False
B-009036,R-0267,76,Kids Play Area,Multipurpose Hall,0.473,"Multipurpose Hall, Kids Play Area, Gym",Fri,18:00,Wed,07:03,Kids Play Area,Fri,16:45,Fri,13:43,False,True,False,False,1,False
B-009037,R-0261,22,Tennis Court,Tennis Court,0.264,"Tennis Court, Multipurpose Hall, Kids Play Area",Fri,17:00,Fri,08:57,Kids Play Area,Fri,17:30,Fri,15:51,False,True,True,False,2,False
B-009038,R-0064,72,Badminton Court,Tennis Court,0.165,"Tennis Court, Swimming Pool, Gym",Sat,18:00,Fri,13:58,Tennis Court,Sun,18:45,Fri,16:02,True,False,True,False,2,False
B-009039,R-0114,38,Kids Play Area,Kids Play Area,0.358,"Kids Play Area, Swimming Pool, Badminton Court",Sat,10:00,Fri,17:26,Kids Play Area,Sat,10:00,Fri,20:29,True,True,True,False,3,False
B-009040,R-0072,11,Clubhouse,Clubhouse,0.26,"Clubhouse, Squash Court, Badminton Court",Sat,17:00,Sat,23:01,Badminton Court,Wed,18:00,Fri,21:35,False,False,False,False,0,False
B-009041,R-0271,30,Squash Court,Squash Court,0.446,"Squash Court, Tennis Court, Gym",Sun,08:00,Sat,15:07,Gym,Sat,16:15,Sat,00:00,False,False,False,True,1,False
B-009042,R-0199,23,Badminton Court,Badminton Court,0.227,"Badminton Court, Tennis Court, Multipurpose Hall",Sat,17:00,Fri,23:47,Squash Court,Sat,08:45,Sat,01:04,False,True,False,False,1,False
B-009043,R-0124,24,Squash Court,Squash Court,0.35,"Squash Court, Swimming Pool, Gym",Sat,18:00,Sat,09:45,Tennis Court,Sat,19:45,Sat,07:25,False,True,False,False,1,False
B-009044,R-0122,56,Gym,Gym,0.254,"Gym, Badminton Court, Kids Play Area",Sat,20:00,Sat,02:30,Gym,Sat,20:00,Sat,10:51,True,True,True,False,3,False
B-009045,R-0014,18,Gym,Swimming Pool,0.335,"Swimming Pool, Kids Play Area, Gym",Sun,08:00,Sat,15:50,Gym,Sun,07:00,Sat,12:43,False,True,False,True,2,False
B-009046,R-0178,36,Badminton Court,Clubhouse,0.277,"Clubhouse, Badminton Court, Kids Play Area",Sun,19:00,Fri,00:52,Gym,Sat,17:30,Sat,12:59,False,False,False,False,0,False
B-009047,R-0255,68,Kids Play Area,Multipurpose Hall,0.259,"Multipurpose Hall, Gym, Clubhouse",Sun,17:00,Thu,04:09,Multipurpose Hall,Sun,19:45,Sat,13:12,True,True,False,False,2,False
B-009048,R-0077,34,Kids Play Area,Kids Play Area,0.661,"Kids Play Area, Multipurpose Hall, Badminton Court",Sat,17:00,Sat,13:44,Kids Play Area,Sat,17:30,Sat,14:32,True,True,True,True,4,True
B-009049,R-0223,11,Swimming Pool,Swimming Pool,0.386,"Swimming Pool, Gym, Squash Court",Sun,18:00,Sun,02:19,Gym,Sat,19:30,Sat,14:42,False,False,False,False,0,False
B-009050,R-0082,46,Swimming Pool,Gym,0.291,"Gym, Swimming Pool, Clubhouse",Sat,19:00,Sat,15:04,Gym,Sat,20:45,Sat,14:55,True,True,False,True,3,False
B-009051,R-0249,25,Swimming Pool,Swimming Pool,0.434,"Swimming Pool, Multipurpose Hall, Tennis Court",Sun,19:00,Sun,02:53,Swimming Pool,Sun,16:00,Sat,16:34,True,True,False,False,2,False
B-009052,R-0236,22,Kids Play Area,Gym,0.282,"Gym, Kids Play Area, Squash Court",Sun,06:00,Sat,02:56,Swimming Pool,Mon,08:30,Sat,17:54,False,False,False,False,0,False
B-009053,R-0075,20,Clubhouse,Gym,0.297,"Gym, Tennis Court, Clubhouse",Sun,09:00,Sat,05:10,Clubhouse,Sat,11:00,Sat,21:50,False,False,False,False,0,False
B-009054,R-0292,34,Swimming Pool,Badminton Court,0.371,"Badminton Court, Swimming Pool, Gym",Sun,18:00,Sat,18:44,Badminton Court,Sun,18:30,Sat,22:26,True,True,True,False,3,False
B-009055,R-0157,43,Kids Play Area,Kids Play Area,0.619,"Kids Play Area, Badminton Court, Swimming Pool",Sun,16:00,Sun,02:50,Swimming Pool,Sun,19:30,Sun,00:31,False,True,False,False,1,False
B-009056,R-0062,49,Badminton Court,Badminton Court,0.59,"Badminton Court, Squash Court, Swimming Pool",Mon,20:00,Sun,01:38,Badminton Court,Wed,20:30,Sun,02:43,True,False,True,False,2,False
B-009057,R-0230,21,Tennis Court,Gym,0.196,"Gym, Tennis Court, Clubhouse",Sun,17:00,Sat,08:53,Tennis Court,Mon,19:30,Sun,02:57,False,False,False,False,0,False
B-009058,R-0054,32,Squash Court,Badminton Court,0.335,"Badminton Court, Squash Court, Swimming Pool",Sun,18:00,Sun,04:26,Squash Court,Sun,08:45,Sun,04:10,False,True,False,False,1,False
B-009059,R-0032,68,Kids Play Area,Tennis Court,0.348,"Tennis Court, Kids Play Area, Multipurpose Hall",Sun,06:00,Fri,18:51,Kids Play Area,Sun,17:15,Sun,06:45,False,True,False,False,1,False
B-009060,R-0088,12,Tennis Court,Tennis Court,0.473,"Tennis Court, Multipurpose Hall, Badminton Court",Mon,07:00,Sat,18:30,Badminton Court,Tue,20:45,Sun,07:41,False,False,False,False,0,False
B-009061,R-0039,60,Multipurpose Hall,Multipurpose Hall,0.491,"Multipurpose Hall, Kids Play Area, Gym",Mon,10:00,Sun,23:05,Gym,Mon,17:30,Sun,09:01,False,True,False,False,1,False
B-009062,R-0044,23,Kids Play Area,Squash Court,0.395,"Squash Court, Clubhouse, Gym",Sun,18:00,Sun,08:14,Gym,Sun,20:30,Sun,11:31,False,True,False,True,2,False
B-009063,R-0070,27,Swimming Pool,Swimming Pool,0.543,"Swimming Pool, Gym, Kids Play Area",Mon,06:00,Sun,00:05,Swimming Pool,Tue,06:00,Sun,11:41,True,False,True,False,2,False
B-009064,R-0215,53,Gym,Gym,0.454,"Gym, Squash Court, Badminton Court",Sun,07:00,Sat,15:41,Gym,Mon,11:30,Sun,13:33,True,False,False,False,1,False
B-009065,R-0015,3,Clubhouse,Clubhouse,0.296,"Clubhouse, Swimming Pool, Badminton Court",Sun,20:00,Wed,08:25,Gym,Sun,17:00,Sun,15:20,False,True,False,False,1,False
B-009066,R-0184,42,Badminton Court,Badminton Court,0.323,"Badminton Court, Tennis Court, Swimming Pool",Mon,21:00,Sun,05:09,Badminton Court,Thu,21:00,Sun,18:35,True,False,True,False,2,False
B-009067,R-0111,51,Squash Court,Swimming Pool,0.446,"Swimming Pool, Squash Court, Tennis Court",Tue,19:00,Tue,03:13,Squash Court,Mon,19:00,Mon,01:48,False,False,True,True,2,False
B-009068,R-0145,30,Multipurpose Hall,Tennis Court,0.383,"Tennis Court, Multipurpose Hall, Swimming Pool",Tue,07:00,Mon,13:08,Tennis Court,Mon,07:30,Mon,03:03,True,False,True,False,2,False
B-009069,R-0274,30,Kids Play Area,Gym,0.27,"Gym, Squash Court, Swimming Pool",Tue,11:00,Tue,05:11,Swimming Pool,Mon,06:00,Mon,03:30,False,False,False,False,0,False
B-009070,R-0074,11,Tennis Court,Swimming Pool,0.261,"Swimming Pool, Tennis Court, Gym",Tue,07:00,Mon,12:51,Swimming Pool,Wed,08:45,Mon,10:07,True,False,False,False,1,False
B-009071,R-0266,15,Kids Play Area,Kids Play Area,0.481,"Kids Play Area, Tennis Court, Swimming Pool",Mon,18:00,Mon,11:05,Tennis Court,Mon,17:45,Mon,11:54,False,True,False,True,2,False
B-009072,R-0011,37,Multipurpose Hall,Multipurpose Hall,0.547,"Multipurpose Hall, Kids Play Area, Swimming Pool",Sat,19:00,Fri,13:08,Multipurpose Hall,Sun,19:00,Mon,12:03,True,False,True,True,3,False
B-009073,R-0269,56,Kids Play Area,Badminton Court,0.374,"Badminton Court, Multipurpose Hall, Tennis Court",Tue,19:00,Tue,01:49,Squash Court,Mon,18:45,Mon,13:24,False,False,False,False,0,False
B-009074,R-0216,5,Badminton Court,Badminton Court,0.463,"Badminton Court, Kids Play Area, Clubhouse",Mon,20:00,Mon,13:37,Clubhouse,Fri,20:30,Mon,15:13,False,False,True,False,1,False
B-009075,R-0116,9,Gym,Gym,0.271,"Gym, Swimming Pool, Tennis Court",Tue,18:00,Tue,02:42,Squash Court,Mon,19:45,Mon,16:20,False,False,False,False,0,False
B-009076,R-0108,11,Squash Court,Gym,0.226,"Gym, Squash Court, Badminton Court",Tue,11:00,Mon,21:38,Badminton Court,Tue,17:15,Mon,19:17,False,True,False,False,1,False
B-009077,R-0001,7,Multipurpose Hall,Multipurpose Hall,0.387,"Multipurpose Hall, Clubhouse, Badminton Court",Wed,17:00,Mon,14:04,Multipurpose Hall,Mon,19:45,Mon,22:08,True,False,False,False,1,False
B-009078,R-0248,39,Gym,Clubhouse,0.466,"Clubhouse, Gym, Tennis Court",Sat,11:00,Thu,18:58,Clubhouse,Tue,11:45,Tue,00:38,True,False,True,False,2,False
B-009079,R-0138,32,Swimming Pool,Tennis Court,0.234,"Tennis Court, Swimming Pool, Squash Court",Tue,19:00,Mon,10:38,Tennis Court,Wed,19:45,Tue,01:53,True,False,True,False,2,False
B-009080,R-0139,63,Tennis Court,Tennis Court,0.475,"Tennis Court, Squash Court, Badminton Court",Wed,18:00,Mon,10:49,Tennis Court,Sat,19:30,Tue,06:40,True,False,False,False,1,False
B-009081,R-0113,13,Badminton Court,Tennis Court,0.364,"Tennis Court, Swimming Pool, Badminton Court",Wed,07:00,Mon,07:11,Tennis Court,Thu,07:30,Tue,06:43,True,False,True,True,3,False
B-009082,R-0061,33,Squash Court,Swimming Pool,0.341,"Swimming Pool, Multipurpose Hall, Squash Court",Tue,19:00,Tue,02:04,Swimming Pool,Thu,19:45,Tue,06:55,True,False,True,False,2,False
B-009083,R-0159,34,Clubhouse,Kids Play Area,0.185,"Kids Play Area, Multipurpose Hall, Tennis Court",Tue,10:00,Tue,07:39,Kids Play Area,Tue,10:15,Tue,08:18,True,True,True,True,4,True
B-009084,R-0100,55,Badminton Court,Kids Play Area,0.17,"Kids Play Area, Tennis Court, Badminton Court",Tue,17:00,Tue,09:23,Badminton Court,Wed,18:15,Tue,08:52,False,False,False,False,0,False
B-009085,R-0268,39,Squash Court,Squash Court,0.498,"Squash Court, Tennis Court, Badminton Court",Sat,07:00,Thu,23:51,Multipurpose Hall,Sun,10:15,Tue,08:59,False,False,False,False,0,False
B-009086,R-0279,51,Badminton Court,Multipurpose Hall,0.288,"Multipurpose Hall, Badminton Court, Squash Court",Sat,11:00,Wed,18:07,Badminton Court,Tue,21:00,Tue,09:24,False,False,False,False,0,False
B-009087,R-0160,19,Kids Play Area,Kids Play Area,0.598,"Kids Play Area, Badminton Court, Gym",Tue,17:00,Tue,13:01,Clubhouse,Thu,18:30,Tue,11:30,False,False,False,False,0,False
B-009088,R-0143,24,Clubhouse,Kids Play Area,0.531,"Kids Play Area, Gym, Badminton Court",Tue,18:00,Tue,13:25,Kids Play Area,Tue,18:00,Tue,12:10,True,True,True,True,4,True
B-009089,R-0233,41,Squash Court,Badminton Court,0.352,"Badminton Court, Squash Court, Gym",Sat,17:00,Fri,03:36,Clubhouse,Sun,12:15,Tue,15:40,False,False,False,False,0,False
B-009090,R-0078,18,Squash Court,Swimming Pool,0.248,"Swimming Pool, Squash Court, Gym",Wed,19:00,Tue,07:49,Swimming Pool,Wed,16:00,Tue,17:10,True,True,False,False,2,False
B-009091,R-0020,26,Gym,Gym,0.443,"Gym, Swimming Pool, Clubhouse",Wed,09:00,Tue,16:27,Gym,Wed,11:45,Tue,18:46,True,True,False,True,3,False
B-009092,R-0258,16,Badminton Court,Badminton Court,0.383,"Badminton Court, Multipurpose Hall, Swimming Pool",Wed,21:00,Tue,09:49,Swimming Pool,Thu,19:45,Tue,20:37,False,False,False,False,0,False
B-009093,R-0048,29,Badminton Court,Kids Play Area,0.225,"Kids Play Area, Clubhouse, Tennis Court",Tue,17:00,Tue,01:29,Tennis Court,Wed,18:30,Tue,20:49,False,False,False,False,0,False
B-009094,R-0127,41,Squash Court,Kids Play Area,0.169,"Kids Play Area, Tennis Court, Squash Court",Wed,10:00,Tue,23:48,Squash Court,Wed,07:00,Wed,01:04,False,True,False,False,1,False
B-009095,R-0188,49,Squash Court,Swimming Pool,0.274,"Swimming Pool, Badminton Court, Gym",Thu,16:00,Wed,06:21,Badminton Court,Thu,17:15,Wed,05:35,False,True,False,True,2,False
B-009096,R-0180,62,Kids Play Area,Badminton Court,0.287,"Badminton Court, Kids Play Area, Multipurpose Hall",Wed,21:00,Tue,21:46,Swimming Pool,Thu,17:30,Wed,06:50,False,False,False,False,0,False
B-009097,R-0208,24,Gym,Gym,0.528,"Gym, Swimming Pool, Squash Court",Wed,19:00,Wed,03:46,Tennis Court,Wed,19:45,Wed,06:51,False,True,True,True,3,False
B-009098,R-0232,62,Kids Play Area,Kids Play Area,0.684,"Kids Play Area, Badminton Court, Multipurpose Hall",Wed,10:00,Wed,06:56,Kids Play Area,Wed,10:45,Wed,07:22,True,True,True,True,4,True
B-009099,R-0152,32,Swimming Pool,Tennis Court,0.209,"Tennis Court, Swimming Pool, Kids Play Area",Thu,18:00,Tue,07:29,Tennis Court,Thu,18:30,Wed,10:12,True,True,True,False,3,False
B-009100,R-0238,29,Tennis Court,Tennis Court,0.392,"Tennis Court, Multipurpose Hall, Squash Court",Wed,19:00,Wed,09:34,Badminton Court,Wed,17:45,Wed,13:00,False,True,False,False,1,False
B-009101,R-0211,43,Gym,Multipurpose Hall,0.332,"Multipurpose Hall, Clubhouse, Badminton Court",Wed,19:00,Wed,20:03,Multipurpose Hall,Mon,19:00,Wed,14:17,True,False,True,False,2,False
B-009102,R-0165,31,Clubhouse,Squash Court,0.303,"Squash Court, Swimming Pool, Kids Play Area",Wed,19:00,Wed,15:05,Squash Court,Wed,19:30,Wed,14:31,True,True,True,True,4,True
B-009103,R-0212,69,Gym,Gym,0.26,"Gym, Clubhouse, Tennis Court",Sat,08:00,Thu,22:16,Gym,Fri,06:45,Wed,16:04,True,False,False,True,2,False
B-009104,R-0187,50,Kids Play Area,Multipurpose Hall,0.177,"Multipurpose Hall, Clubhouse, Squash Court",Thu,17:00,Thu,15:30,Tennis Court,Thu,18:00,Wed,18:04,False,True,False,False,1,False
B-009105,R-0076,61,Tennis Court,Multipurpose Hall,0.308,"Multipurpose Hall, Tennis Court, Swimming Pool",Fri,10:00,Mon,16:32,Tennis Court,Fri,07:30,Thu,00:15,False,True,False,False,1,False
B-009106,R-0112,15,Multipurpose Hall,Multipurpose Hall,0.407,"Multipurpose Hall, Tennis Court, Kids Play Area",Sat,19:00,Fri,11:26,Multipurpose Hall,Sun,19:45,Thu,00:26,True,False,True,False,2,False
B-009107,R-0129,36,Swimming Pool,Squash Court,0.304,"Squash Court, Tennis Court, Swimming Pool",Fri,08:00,Thu,15:30,Squash Court,Thu,08:30,Thu,01:54,True,False,True,False,2,False
B-009108,R-0067,16,Kids Play Area,Swimming Pool,0.309,"Swimming Pool, Clubhouse, Tennis Court",Fri,07:00,Fri,01:45,Kids Play Area,Thu,09:45,Thu,05:42,False,False,False,True,1,False
B-009109,R-0052,84,Multipurpose Hall,Multipurpose Hall,0.215,"Multipurpose Hall, Badminton Court, Kids Play Area",Thu,10:00,Sun,13:16,Tennis Court,Thu,17:00,Thu,05:54,False,True,False,False,1,False
B-009110,R-0307,21,Gym,Kids Play Area,0.416,"Kids Play Area, Gym, Badminton Court",Thu,10:00,Thu,07:46,Kids Play Area,Thu,10:00,Thu,07:25,True,True,True,True,4,True
B-009111,R-0184,43,Badminton Court,Badminton Court,0.333,"Badminton Court, Tennis Court, Swimming Pool",Thu,21:00,Tue,18:45,Squash Court,Wed,08:15,Thu,08:15,False,False,False,False,0,False
B-009112,R-0221,42,Squash Court,Gym,0.247,"Gym, Clubhouse, Squash Court",Thu,16:00,Wed,09:02,Kids Play Area,Thu,17:15,Thu,09:06,False,True,False,False,1,False
B-009113,R-0029,34,Kids Play Area,Kids Play Area,0.445,"Kids Play Area, Badminton Court, Tennis Court",Thu,16:00,Thu,08:39,Badminton Court,Fri,19:15,Thu,11:37,False,False,False,False,0,False
B-009114,R-0297,42,Tennis Court,Clubhouse,0.201,"Clubhouse, Multipurpose Hall, Tennis Court",Thu,20:00,Wed,14:13,Clubhouse,Sun,12:00,Thu,14:58,True,False,False,False,1,False
B-009115,R-0086,43,Squash Court,Squash Court,0.559,"Squash Court, Tennis Court, Multipurpose Hall",Fri,19:00,Fri,15:40,Squash Court,Thu,19:00,Thu,16:24,True,False,True,True,3,False
B-009116,R-0254,23,Gym,Gym,0.308,"Gym, Swimming Pool, Tennis Court",Fri,17:00,Fri,01:10,Tennis Court,Sat,18:15,Thu,16:45,False,False,False,False,0,False
B-009117,R-0259,73,Badminton Court,Clubhouse,0.15,"Clubhouse, Badminton Court, Gym",Fri,19:00,Wed,08:26,Multipurpose Hall,Tue,19:45,Thu,20:47,False,False,True,False,1,False
B-009118,R-0006,21,Badminton Court,Tennis Court,0.278,"Tennis Court, Badminton Court, Swimming Pool",Fri,07:00,Wed,18:01,Tennis Court,Sat,07:15,Thu,22:05,True,False,True,True,3,False
B-009119,R-0317,25,Gym,Gym,0.497,"Gym, Swimming Pool, Squash Court",Fri,10:00,Thu,22:12,Gym,Fri,10:30,Thu,22:10,True,True,True,True,4,True
B-009120,R-0090,75,Badminton Court,Badminton Court,0.255,"Badminton Court, Squash Court, Clubhouse",Sat,20:00,Fri,03:06,Squash Court,Sun,08:00,Thu,23:42,False,False,False,False,0,False
B-009121,R-0019,36,Multipurpose Hall,Tennis Court,0.326,"Tennis Court, Multipurpose Hall, Squash Court",Fri,17:00,Fri,05:34,Tennis Court,Fri,17:00,Fri,00:57,True,True,True,False,3,False
B-009122,R-0157,44,Swimming Pool,Kids Play Area,0.474,"Kids Play Area, Badminton Court, Swimming Pool",Fri,16:00,Fri,04:31,Clubhouse,Sun,17:45,Fri,02:12,False,False,False,False,0,False
B-009123,R-0127,42,Squash Court,Kids Play Area,0.162,"Kids Play Area, Tennis Court, Squash Court",Fri,10:00,Fri,04:26,Tennis Court,Fri,17:30,Fri,04:05,False,True,False,False,1,False
B-009124,R-0156,8,Tennis Court,Badminton Court,0.334,"Badminton Court, Tennis Court, Swimming Pool",Sat,20:00,Sat,11:22,Badminton Court,Fri,17:45,Fri,10:48,True,False,False,True,2,False
B-009125,R-0190,58,Clubhouse,Squash Court,0.268,"Squash Court, Tennis Court, Multipurpose Hall",Fri,08:00,Thu,15:42,Squash Court,Fri,18:15,Fri,11:30,True,True,False,False,2,False
B-009126,R-0228,30,Badminton Court,Gym,0.429,"Gym, Badminton Court, Squash Court",Fri,15:00,Thu,23:39,Badminton Court,Sat,19:45,Fri,13:10,False,False,False,False,0,False
B-009127,R-0183,35,Tennis Court,Multipurpose Hall,0.267,"Multipurpose Hall, Badminton Court, Tennis Court",Sat,11:00,Wed,11:16,Squash Court,Sat,07:45,Fri,13:17,False,True,False,False,1,False
B-009128,R-0148,12,Tennis Court,Tennis Court,0.234,"Tennis Court, Kids Play Area, Squash Court",Fri,17:00,Thu,05:05,Kids Play Area,Fri,17:00,Fri,13:38,False,True,True,False,2,False
B-009129,R-0249,26,Swimming Pool,Swimming Pool,0.425,"Swimming Pool, Multipurpose Hall, Clubhouse",Fri,16:00,Thu,23:33,Kids Play Area,Fri,18:45,Fri,14:24,False,True,False,False,1,False
B-009130,R-0272,24,Squash Court,Badminton Court,0.258,"Badminton Court, Tennis Court, Multipurpose Hall",Sat,21:00,Fri,06:24,Badminton Court,Sat,19:30,Fri,17:15,True,True,False,False,2,False
B-009131,R-0096,59,Gym,Gym,0.468,"Gym, Clubhouse, Squash Court",Fri,11:00,Thu,18:09,Clubhouse,Wed,11:00,Fri,19:03,False,False,True,False,1,False
B-009132,R-0305,30,Gym,Gym,0.292,"Gym, Clubhouse, Tennis Court",Fri,11:00,Fri,02:52,Clubhouse,Sun,11:30,Fri,19:32,False,False,True,False,1,False
B-009133,R-0229,44,Tennis Court,Squash Court,0.486,"Squash Court, Tennis Court, Badminton Court",Sat,07:00,Thu,23:19,Tennis Court,Tue,07:30,Fri,19:53,False,False,True,False,1,False
B-009134,R-0036,76,Tennis Court,Multipurpose Hall,0.277,"Multipurpose Hall, Tennis Court, Kids Play Area",Fri,10:00,Wed,05:35,Tennis Court,Sat,07:00,Fri,21:39,False,False,False,False,0,False
B-009135,R-0269,57,Squash Court,Badminton Court,0.343,"Badminton Court, Multipurpose Hall, Squash Court",Sat,19:00,Fri,22:11,Multipurpose Hall,Sat,18:45,Fri,22:56,False,True,False,False,1,False
B-009136,R-0267,77,Kids Play Area,Multipurpose Hall,0.477,"Multipurpose Hall, Kids Play Area, Gym",Sun,18:00,Fri,22:47,Badminton Court,Sat,19:00,Sat,00:03,False,False,False,False,0,False
B-009137,R-0280,31,Tennis Court,Tennis Court,0.216,"Tennis Court, Squash Court, Clubhouse",Mon,07:00,Sat,19:29,Clubhouse,Thu,18:15,Sat,01:02,False,False,False,False,0,False
B-009138,R-0186,45,Gym,Clubhouse,0.306,"Clubhouse, Gym, Squash Court",Sun,11:00,Sat,03:09,Gym,Sat,15:15,Sat,01:23,False,False,False,False,0,False
B-009139,R-0154,25,Squash Court,Multipurpose Hall,0.371,"Multipurpose Hall, Gym, Kids Play Area",Mon,17:00,Tue,12:13,Kids Play Area,Sat,18:15,Sat,02:05,False,False,False,False,0,False
B-009140,R-0273,29,Multipurpose Hall,Multipurpose Hall,0.475,"Multipurpose Hall, Swimming Pool, Kids Play Area",Sun,19:00,Mon,17:17,Multipurpose Hall,Mon,19:30,Sat,02:08,True,False,True,False,2,False
B-009141,R-0166,50,Swimming Pool,Gym,0.35,"Gym, Squash Court, Swimming Pool",Sat,11:00,Fri,19:52,Gym,Sat,11:15,Sat,05:46,True,True,True,False,3,False
B-009142,R-0296,32,Badminton Court,Squash Court,0.403,"Squash Court, Gym, Tennis Court",Sun,18:00,Sat,07:55,Squash Court,Sat,18:15,Sat,08:42,True,False,True,False,2,False
B-009143,R-0078,19,Swimming Pool,Swimming Pool,0.267,"Swimming Pool, Squash Court, Gym",Sat,16:00,Fri,05:43,Gym,Sun,08:00,Sat,11:32,False,False,False,False,0,False
B-009144,R-0304,21,Swimming Pool,Swimming Pool,0.439,"Swimming Pool, Clubhouse, Gym",Sat,17:00,Sat,11:55,Clubhouse,Thu,20:00,Sat,13:09,False,False,False,False,0,False
B-009145,R-0047,25,Swimming Pool,Squash Court,0.482,"Squash Court, Swimming Pool, Gym",Sat,18:00,Sat,12:55,Squash Court,Sat,19:15,Sat,13:42,True,True,False,True,3,False
B-009146,R-0010,19,Clubhouse,Clubhouse,0.438,"Clubhouse, Multipurpose Hall, Swimming Pool",Sun,11:00,Tue,00:23,Kids Play Area,Sun,09:30,Sat,15:27,False,True,False,False,1,False
B-009147,R-0295,18,Gym,Gym,0.207,"Gym, Squash Court, Badminton Court",Mon,11:00,Sun,19:20,Clubhouse,Mon,11:30,Sat,15:53,False,True,True,False,2,False
B-009148,R-0224,22,Clubhouse,Badminton Court,0.294,"Badminton Court, Clubhouse, Gym",Sun,18:00,Sun,07:37,Clubhouse,Sun,17:00,Sat,17:00,False,True,False,False,1,False
B-009149,R-0172,18,Clubhouse,Kids Play Area,0.336,"Kids Play Area, Badminton Court, Tennis Court",Sat,17:00,Sat,16:12,Badminton Court,Sat,19:30,Sat,17:28,False,True,False,True,2,False
B-009150,R-0111,52,Squash Court,Swimming Pool,0.423,"Swimming Pool, Squash Court, Tennis Court",Mon,19:00,Mon,00:23,Swimming Pool,Sun,19:45,Sat,22:52,True,False,True,True,3,False
B-009151,R-0207,32,Multipurpose Hall,Multipurpose Hall,0.3,"Multipurpose Hall, Clubhouse, Swimming Pool",Mon,10:00,Fri,06:01,Clubhouse,Sun,11:00,Sun,01:39,False,False,False,False,0,False
B-009152,R-0196,40,Tennis Court,Clubhouse,0.301,"Clubhouse, Multipurpose Hall, Swimming Pool",Sun,20:00,Thu,02:47,Kids Play Area,Sun,17:15,Sun,05:03,False,True,False,False,1,False
B-009153,R-0199,24,Squash Court,Tennis Court,0.21,"Tennis Court, Squash Court, Badminton Court",Sun,07:00,Fri,23:37,Badminton Court,Sun,17:15,Sun,07:21,False,True,False,False,1,False
B-009154,R-0146,74,Kids Play Area,Badminton Court,0.281,"Badminton Court, Kids Play Area, Gym",Sun,18:00,Sun,08:46,Kids Play Area,Sun,09:45,Sun,07:30,False,True,False,False,1,False
B-009155,R-0070,28,Swimming Pool,Swimming Pool,0.542,"Swimming Pool, Kids Play Area, Gym",Mon,06:00,Sat,23:04,Swimming Pool,Mon,06:15,Sun,09:01,True,True,True,False,3,False
B-009156,R-0028,38,Gym,Gym,0.436,"Gym, Swimming Pool, Badminton Court",Sun,20:00,Sun,12:58,Gym,Sun,13:15,Sun,10:10,True,True,False,False,2,False
B-009157,R-0012,37,Clubhouse,Gym,0.297,"Gym, Clubhouse, Multipurpose Hall",Sun,17:00,Sat,10:28,Clubhouse,Tue,20:45,Sun,11:18,False,False,False,False,0,False
B-009158,R-0287,20,Gym,Swimming Pool,0.305,"Swimming Pool, Gym, Kids Play Area",Sun,19:00,Sun,03:25,Kids Play Area,Sun,16:00,Sun,13:02,False,True,False,False,1,False
B-009159,R-0158,62,Swimming Pool,Swimming Pool,0.532,"Swimming Pool, Kids Play Area, Gym",Sun,16:00,Sun,12:04,Swimming Pool,Sun,16:45,Sun,14:57,True,True,True,True,4,True
B-009160,R-0039,61,Gym,Multipurpose Hall,0.518,"Multipurpose Hall, Kids Play Area, Gym",Mon,10:00,Sat,12:15,Multipurpose Hall,Wed,10:00,Sun,16:05,True,False,True,False,2,False
B-009161,R-0235,27,Swimming Pool,Swimming Pool,0.364,"Swimming Pool, Squash Court, Multipurpose Hall",Sun,19:00,Sun,01:20,Badminton Court,Sun,21:00,Sun,17:21,False,True,False,False,1,False
B-009162,R-0022,26,Squash Court,Kids Play Area,0.339,"Kids Play Area, Tennis Court, Squash Court",Mon,09:00,Sun,17:39,Tennis Court,Wed,17:45,Sun,19:42,False,False,False,False,0,False
B-009163,R-0049,12,Badminton Court,Gym,0.218,"Gym, Kids Play Area, Badminton Court",Mon,10:00,Sun,03:12,Gym,Fri,10:00,Sun,22:00,True,False,True,False,2,False
B-009164,R-0244,25,Kids Play Area,Badminton Court,0.385,"Badminton Court, Kids Play Area, Squash Court",Mon,20:00,Sun,23:29,Swimming Pool,Mon,16:15,Sun,22:05,False,True,False,True,2,False
B-009165,R-0196,41,Kids Play Area,Clubhouse,0.303,"Clubhouse, Multipurpose Hall, Swimming Pool",Sun,20:00,Sun,20:15,Multipurpose Hall,Sun,17:15,Sun,23:18,False,True,False,False,1,False
B-009166,R-0003,30,Tennis Court,Tennis Court,0.486,"Tennis Court, Swimming Pool, Clubhouse",Wed,18:00,Mon,17:28,Swimming Pool,Tue,06:00,Mon,00:09,False,False,False,False,0,False
B-009167,R-0203,43,Tennis Court,Tennis Court,0.272,"Tennis Court, Swimming Pool, Gym",Tue,07:00,Mon,00:13,Gym,Mon,09:15,Mon,00:09,False,False,False,False,0,False
B-009168,R-0283,35,Badminton Court,Kids Play Area,0.151,"Kids Play Area, Swimming Pool, Gym",Mon,17:00,Mon,02:27,Badminton Court,Wed,17:45,Mon,00:53,False,False,True,False,1,False
B-009169,R-0032,69,Kids Play Area,Tennis Court,0.353,"Tennis Court, Kids Play Area, Multipurpose Hall",Tue,06:00,Sun,17:43,Tennis Court,Tue,06:45,Mon,03:10,True,True,True,False,3,False
B-009170,R-0161,22,Kids Play Area,Tennis Court,0.326,"Tennis Court, Kids Play Area, Squash Court",Tue,07:00,Sun,04:29,Tennis Court,Wed,07:15,Mon,04:18,True,False,True,True,3,False
B-009171,R-0031,16,Gym,Gym,0.344,"Gym, Swimming Pool, Badminton Court",Tue,16:00,Tue,00:44,Badminton Court,Mon,19:15,Mon,07:25,False,False,False,False,0,False
B-009172,R-0262,9,Swimming Pool,Swimming Pool,0.402,"Swimming Pool, Kids Play Area, Gym",Mon,19:00,Mon,03:08,Tennis Court,Mon,19:45,Mon,07:40,False,True,True,False,2,False
B-009173,R-0001,8,Multipurpose Hall,Multipurpose Hall,0.416,"Multipurpose Hall, Clubhouse, Badminton Court",Wed,18:00,Mon,13:00,Swimming Pool,Thu,08:30,Mon,18:18,False,False,False,False,0,False
B-009174,R-0142,29,Swimming Pool,Swimming Pool,0.346,"Swimming Pool, Kids Play Area, Tennis Court",Tue,07:00,Mon,20:46,Tennis Court,Tue,07:15,Mon,23:39,False,True,True,True,3,False
B-009175,R-0288,36,Tennis Court,Tennis Court,0.415,"Tennis Court, Squash Court, Badminton Court",Wed,07:00,Mon,19:16,Badminton Court,Tue,18:30,Tue,00:15,False,False,False,False,0,False
B-009176,R-0104,28,Badminton Court,Gym,0.417,"Gym, Squash Court, Badminton Court",Sat,16:00,Fri,10:52,Squash Court,Wed,19:00,Tue,01:15,False,False,False,False,0,False
B-009177,R-0013,29,Swimming Pool,Swimming Pool,0.474,"Swimming Pool, Clubhouse, Gym",Tue,19:00,Tue,03:50,Gym,Wed,16:30,Tue,04:23,False,False,False,False,0,False
B-009178,R-0029,35,Badminton Court,Kids Play Area,0.341,"Kids Play Area, Badminton Court, Tennis Court",Tue,16:00,Tue,02:41,Badminton Court,Wed,19:00,Tue,04:54,False,False,False,False,0,False
B-009179,R-0302,29,Clubhouse,Multipurpose Hall,0.243,"Multipurpose Hall, Clubhouse, Swimming Pool",Tue,19:00,Mon,02:39,Gym,Tue,15:30,Tue,08:54,False,True,False,False,1,False
B-009180,R-0184,44,Squash Court,Badminton Court,0.312,"Badminton Court, Tennis Court, Clubhouse",Wed,21:00,Mon,20:47,Multipurpose Hall,Wed,11:00,Tue,09:46,False,True,False,False,1,False
B-009181,R-0131,16,Badminton Court,Badminton Court,0.388,"Badminton Court, Swimming Pool, Squash Court",Tue,19:00,Mon,23:33,Badminton Court,Tue,19:30,Tue,12:19,True,True,True,False,3,False
B-009182,R-0092,39,Kids Play Area,Kids Play Area,0.571,"Kids Play Area, Gym, Multipurpose Hall",Tue,17:00,Tue,07:06,Gym,Thu,12:15,Tue,16:42,False,False,False,False,0,False
B-009183,R-0236,23,Swimming Pool,Gym,0.269,"Gym, Squash Court, Kids Play Area",Tue,06:00,Mon,05:20,Kids Play Area,Wed,09:30,Tue,17:38,False,False,False,False,0,False
B-009184,R-0193,32,Kids Play Area,Badminton Court,0.416,"Badminton Court, Kids Play Area, Clubhouse",Tue,20:00,Tue,06:37,Badminton Court,Tue,20:00,Tue,19:00,True,True,True,False,3,False
B-009185,R-0178,37,Gym,Clubhouse,0.283,"Clubhouse, Badminton Court, Kids Play Area",Tue,11:00,Sat,17:30,Clubhouse,Fri,11:15,Tue,19:51,True,False,True,True,3,False
B-009186,R-0100,56,Badminton Court,Kids Play Area,0.164,"Kids Play Area, Tennis Court, Badminton Court",Tue,17:00,Mon,21:58,Tennis Court,Wed,17:00,Tue,19:53,False,False,True,True,2,False
B-009187,R-0144,54,Badminton Court,Badminton Court,0.39,"Badminton Court, Swimming Pool, Multipurpose Hall",Wed,17:00,Tue,20:36,Tennis Court,Wed,07:30,Tue,20:08,False,True,False,False,1,False
B-009188,R-0027,31,Gym,Gym,0.325,"Gym, Swimming Pool, Squash Court",Wed,11:00,Tue,18:43,Tennis Court,Wed,06:45,Tue,20:15,False,True,False,False,1,False
B-009189,R-0118,18,Multipurpose Hall,Kids Play Area,0.338,"Kids Play Area, Tennis Court, Badminton Court",Tue,18:00,Tue,03:09,Tennis Court,Thu,18:45,Tue,20:25,False,False,True,False,1,False
B-009190,R-0139,64,Tennis Court,Tennis Court,0.468,"Tennis Court, Squash Court, Badminton Court",Wed,18:00,Mon,04:56,Tennis Court,Fri,18:00,Tue,21:20,True,False,True,False,2,False
B-009191,R-0256,38,Swimming Pool,Swimming Pool,0.401,"Swimming Pool, Gym, Kids Play Area",Tue,16:00,Tue,05:03,Gym,Wed,08:30,Tue,21:31,False,False,False,True,1,False
B-009192,R-0293,55,Tennis Court,Tennis Court,0.453,"Tennis Court, Multipurpose Hall, Kids Play Area",Wed,07:00,Mon,19:23,Tennis Court,Fri,07:15,Tue,21:49,True,False,True,False,2,False
B-009193,R-0056,55,Swimming Pool,Swimming Pool,0.561,"Swimming Pool, Squash Court, Kids Play Area",Tue,08:00,Mon,14:54,Squash Court,Thu,07:30,Tue,22:22,False,False,False,False,0,False
B-009194,R-0036,77,Tennis Court,Multipurpose Hall,0.325,"Multipurpose Hall, Tennis Court, Kids Play Area",Wed,10:00,Mon,01:56,Swimming Pool,Wed,06:30,Wed,00:02,False,True,False,False,1,False
B-009195,R-0209,36,Badminton Court,Gym,0.357,"Gym, Swimming Pool, Badminton Court",Wed,11:00,Wed,05:41,Squash Court,Wed,07:30,Wed,03:04,False,True,False,True,2,False
B-009196,R-0180,63,Swimming Pool,Badminton Court,0.287,"Badminton Court, Kids Play Area, Multipurpose Hall",Wed,21:00,Tue,21:38,Kids Play Area,Wed,17:00,Wed,03:34,False,True,False,False,1,False
B-009197,R-0083,46,Multipurpose Hall,Multipurpose Hall,0.417,"Multipurpose Hall, Clubhouse, Kids Play Area",Thu,17:00,Thu,14:46,Multipurpose Hall,Wed,17:00,Wed,03:41,True,False,True,False,2,False
B-009198,R-0220,57,Swimming Pool,Badminton Court,0.418,"Badminton Court, Tennis Court, Swimming Pool",Wed,18:00,Tue,04:25,Badminton Court,Wed,18:00,Wed,04:20,True,True,True,False,3,False
B-009199,R-0170,35,Swimming Pool,Swimming Pool,0.553,"Swimming Pool, Clubhouse, Tennis Court",Wed,18:00,Wed,02:02,Swimming Pool,Wed,18:30,Wed,05:38,True,True,True,False,3,False
B-009200,R-0143,25,Kids Play Area,Kids Play Area,0.639,"Kids Play Area, Swimming Pool, Badminton Court",Wed,18:00,Wed,13:11,Kids Play Area,Wed,16:45,Wed,08:32,True,True,False,False,2,False
B-009201,R-0314,16,Squash Court,Gym,0.191,"Gym, Tennis Court, Squash Court",Wed,18:00,Tue,12:58,Gym,Thu,18:15,Wed,11:37,True,False,True,True,3,False
B-009202,R-0227,20,Kids Play Area,Kids Play Area,0.722,"Kids Play Area, Badminton Court, Squash Court",Wed,17:00,Wed,12:56,Kids Play Area,Wed,17:45,Wed,12:24,True,True,True,True,4,True
B-009203,R-0154,26,Kids Play Area,Multipurpose Hall,0.404,"Multipurpose Hall, Kids Play Area, Gym",Thu,17:00,Wed,17:31,Multipurpose Hall,Mon,17:30,Wed,12:33,True,False,True,False,2,False
B-009204,R-0125,28,Gym,Gym,0.377,"Gym, Squash Court, Badminton Court",Thu,09:00,Wed,01:45,Squash Court,Fri,08:30,Wed,13:09,False,False,False,False,0,False
B-009205,R-0313,24,Tennis Court,Gym,0.191,"Gym, Tennis Court, Clubhouse",Wed,11:00,Wed,07:21,Kids Play Area,Wed,18:30,Wed,15:38,False,True,False,True,2,False
B-009206,R-0211,44,Multipurpose Hall,Multipurpose Hall,0.31,"Multipurpose Hall, Clubhouse, Badminton Court",Thu,19:00,Thu,18:47,Clubhouse,Sat,19:45,Wed,18:39,False,False,True,False,1,False
B-009207,R-0126,18,Kids Play Area,Tennis Court,0.157,"Tennis Court, Gym, Kids Play Area",Sat,17:00,Fri,03:06,Tennis Court,Sun,18:00,Wed,19:35,True,False,False,False,1,False
B-009208,R-0030,35,Multipurpose Hall,Gym,0.174,"Gym, Squash Court, Clubhouse",Sat,16:00,Fri,11:06,Gym,Sat,10:15,Thu,00:16,True,True,False,False,2,False
B-009209,R-0234,44,Squash Court,Squash Court,0.553,"Squash Court, Tennis Court, Multipurpose Hall",Thu,19:00,Thu,02:47,Squash Court,Thu,19:30,Thu,02:40,True,True,True,True,4,True
B-009210,R-0147,14,Squash Court,Swimming Pool,0.307,"Swimming Pool, Squash Court, Badminton Court",Thu,19:00,Thu,03:03,Swimming Pool,Thu,17:30,Thu,05:51,True,True,False,False,2,False
B-009211,R-0076,62,Tennis Court,Multipurpose Hall,0.307,"Multipurpose Hall, Tennis Court, Swimming Pool",Fri,10:00,Sun,16:46,Tennis Court,Fri,07:30,Thu,10:27,False,True,False,False,1,False
B-009212,R-0215,54,Gym,Gym,0.455,"Gym, Squash Court, Badminton Court",Sat,07:00,Fri,15:25,Gym,Sat,07:00,Thu,13:00,True,True,True,False,3,False
B-009213,R-0182,29,Gym,Gym,0.561,"Gym, Squash Court, Badminton Court",Fri,08:00,Thu,16:45,Gym,Thu,20:30,Thu,14:20,True,False,False,False,1,False
B-009214,R-0290,35,Gym,Swimming Pool,0.309,"Swimming Pool, Gym, Squash Court",Thu,19:00,Thu,16:04,Swimming Pool,Thu,19:30,Thu,15:31,True,True,True,True,4,True
B-009215,R-0214,11,Squash Court,Squash Court,0.183,"Squash Court, Gym, Tennis Court",Thu,08:00,Thu,04:10,Badminton Court,Thu,18:00,Thu,15:33,False,True,False,True,2,False
B-009216,R-0062,50,Badminton Court,Badminton Court,0.542,"Badminton Court, Squash Court, Clubhouse",Fri,20:00,Wed,22:45,Badminton Court,Sun,17:45,Thu,19:51,True,False,False,False,1,False
B-009217,R-0113,14,Tennis Court,Tennis Court,0.45,"Tennis Court, Swimming Pool, Squash Court",Fri,07:00,Wed,02:02,Swimming Pool,Fri,07:45,Thu,20:38,False,True,True,False,2,False
B-009218,R-0268,40,Multipurpose Hall,Squash Court,0.485,"Squash Court, Tennis Court, Multipurpose Hall",Sat,07:00,Fri,00:28,Gym,Sat,10:30,Thu,22:18,False,True,False,False,1,False
B-009219,R-0212,70,Gym,Gym,0.259,"Gym, Clubhouse, Tennis Court",Sat,08:00,Thu,23:16,Multipurpose Hall,Sun,11:30,Fri,00:01,False,False,False,False,0,False
B-009220,R-0083,47,Multipurpose Hall,Multipurpose Hall,0.404,"Multipurpose Hall, Clubhouse, Gym",Fri,17:00,Fri,20:25,Gym,Fri,09:15,Fri,00:12,False,True,False,False,1,False
B-009221,R-0180,64,Kids Play Area,Badminton Court,0.264,"Badminton Court, Kids Play Area, Multipurpose Hall",Fri,21:00,Thu,21:56,Kids Play Area,Fri,16:45,Fri,00:18,False,True,False,False,1,False
B-009222,R-0287,21,Kids Play Area,Swimming Pool,0.272,"Swimming Pool, Gym, Kids Play Area",Fri,17:00,Fri,00:51,Swimming Pool,Fri,19:30,Fri,01:32,True,True,False,True,3,False
B-009223,R-0242,18,Multipurpose Hall,Badminton Court,0.252,"Badminton Court, Multipurpose Hall, Clubhouse",Sat,21:00,Sat,02:47,Kids Play Area,Sat,10:00,Fri,02:33,False,True,False,False,1,False
B-009224,R-0102,36,Squash Court,Tennis Court,0.499,"Tennis Court, Squash Court, Swimming Pool",Fri,06:00,Thu,20:50,Squash Court,Fri,07:00,Fri,03:02,False,True,False,False,1,False
B-009225,R-0156,9,Badminton Court,Badminton Court,0.354,"Badminton Court, Tennis Court, Multipurpose Hall",Fri,20:00,Fri,06:52,Tennis Court,Fri,06:00,Fri,03:46,False,True,False,False,1,False
B-009226,R-0253,34,Tennis Court,Kids Play Area,0.339,"Kids Play Area, Swimming Pool, Tennis Court",Fri,10:00,Fri,04:10,Kids Play Area,Fri,10:15,Fri,04:54,True,True,True,True,4,True
B-009227,R-0052,85,Tennis Court,Multipurpose Hall,0.202,"Multipurpose Hall, Badminton Court, Kids Play Area",Fri,10:00,Mon,01:01,Gym,Fri,11:00,Fri,06:36,False,True,False,False,1,False
B-009228,R-0232,63,Kids Play Area,Kids Play Area,0.677,"Kids Play Area, Badminton Court, Multipurpose Hall",Fri,10:00,Fri,07:22,Kids Play Area,Fri,10:45,Fri,08:20,True,True,True,True,4,True
B-009229,R-0035,22,Swimming Pool,Swimming Pool,0.318,"Swimming Pool, Gym, Squash Court",Fri,16:00,Thu,06:45,Gym,Sat,15:45,Fri,09:14,False,False,False,True,1,False
B-009230,R-0278,52,Swimming Pool,Tennis Court,0.337,"Tennis Court, Swimming Pool, Squash Court",Fri,07:00,Thu,20:52,Tennis Court,Sat,07:45,Fri,12:12,True,False,True,False,2,False
B-009231,R-0194,68,Multipurpose Hall,Swimming Pool,0.343,"Swimming Pool, Multipurpose Hall, Kids Play Area",Fri,08:00,Thu,03:36,Tennis Court,Sun,19:15,Fri,12:26,False,False,False,False,0,False
B-009232,R-0148,13,Kids Play Area,Kids Play Area,0.216,"Kids Play Area, Tennis Court, Multipurpose Hall",Fri,18:00,Fri,13:22,Badminton Court,Fri,18:45,Fri,13:59,False,True,True,True,3,False
B-009233,R-0036,78,Swimming Pool,Multipurpose Hall,0.3,"Multipurpose Hall, Tennis Court, Kids Play Area",Fri,10:00,Wed,04:03,Multipurpose Hall,Mon,10:15,Fri,18:28,True,False,True,False,2,False
B-009234,R-0060,30,Clubhouse,Clubhouse,0.253,"Clubhouse, Badminton Court, Gym",Fri,18:00,Fri,11:42,Clubhouse,Wed,18:15,Fri,20:23,True,False,True,False,2,False
B-009235,R-0229,45,Tennis Court,Squash Court,0.479,"Squash Court, Tennis Court, Badminton Court",Sat,07:00,Thu,23:18,Squash Court,Mon,07:00,Fri,21:16,True,False,True,False,2,False
B-009236,R-0319,12,Swimming Pool,Swimming Pool,0.52,"Swimming Pool, Clubhouse, Gym",Sat,18:00,Sat,02:14,Badminton Court,Sat,21:15,Sat,02:21,False,True,False,False,1,False
B-009237,R-0018,38,Squash Court,Tennis Court,0.416,"Tennis Court, Squash Court, Swimming Pool",Sun,19:00,Sat,14:54,Swimming Pool,Sat,16:00,Sat,06:35,False,False,False,False,0,False
B-009238,R-0114,39,Kids Play Area,Kids Play Area,0.386,"Kids Play Area, Swimming Pool, Clubhouse",Sat,10:00,Fri,23:50,Kids Play Area,Sat,10:45,Sat,08:28,True,True,True,False,3,False
B-009239,R-0059,26,Kids Play Area,Kids Play Area,0.602,"Kids Play Area, Gym, Badminton Court",Sat,10:00,Sat,07:09,Kids Play Area,Sun,10:00,Sat,09:38,True,False,True,False,2,False
B-009240,R-0083,48,Gym,Multipurpose Hall,0.432,"Multipurpose Hall, Clubhouse, Gym",Mon,17:00,Mon,14:54,Multipurpose Hall,Fri,17:15,Sat,09:48,True,False,True,False,2,False
B-009241,R-0127,43,Tennis Court,Tennis Court,0.171,"Tennis Court, Kids Play Area, Squash Court",Sat,07:00,Fri,19:37,Gym,Sun,07:15,Sat,10:39,False,False,True,False,1,False
B-009242,R-0157,45,Clubhouse,Kids Play Area,0.452,"Kids Play Area, Badminton Court, Swimming Pool",Sat,16:00,Sat,11:35,Kids Play Area,Sat,16:15,Sat,12:57,True,True,True,True,4,True
B-009243,R-0187,51,Tennis Court,Multipurpose Hall,0.171,"Multipurpose Hall, Tennis Court, Badminton Court",Mon,17:00,Mon,22:40,Tennis Court,Fri,18:30,Sat,15:50,False,False,False,True,1,False
B-009244,R-0221,43,Kids Play Area,Gym,0.216,"Gym, Clubhouse, Squash Court",Mon,16:00,Sun,08:03,Gym,Mon,16:45,Sat,17:28,True,True,True,False,3,False
B-009245,R-0122,57,Gym,Gym,0.272,"Gym, Badminton Court, Kids Play Area",Sun,20:00,Sun,01:27,Gym,Sun,20:15,Sat,18:43,True,True,True,False,3,False
B-009246,R-0064,73,Tennis Court,Tennis Court,0.201,"Tennis Court, Swimming Pool, Gym",Sun,18:00,Sat,13:12,Tennis Court,Sun,18:45,Sat,21:10,True,True,True,False,3,False
B-009247,R-0198,28,Clubhouse,Clubhouse,0.253,"Clubhouse, Multipurpose Hall, Gym",Sun,11:00,Tue,23:24,Gym,Sun,18:00,Sat,21:25,False,True,False,False,1,False
B-009248,R-0078,20,Gym,Swimming Pool,0.253,"Swimming Pool, Squash Court, Gym",Mon,19:00,Sun,08:24,Gym,Mon,08:00,Sun,05:15,False,True,False,False,1,False
B-009249,R-0309,25,Multipurpose Hall,Kids Play Area,0.536,"Kids Play Area, Gym, Tennis Court",Sun,10:00,Sun,08:18,Kids Play Area,Sun,10:15,Sun,08:10,True,True,True,True,4,True
B-009250,R-0101,51,Badminton Court,Badminton Court,0.46,"Badminton Court, Squash Court, Clubhouse",Sun,19:00,Sun,00:08,Badminton Court,Sun,19:30,Sun,10:18,True,True,True,False,3,False
B-009251,R-0092,40,Gym,Kids Play Area,0.399,"Kids Play Area, Gym, Multipurpose Hall",Sun,16:00,Sun,07:21,Multipurpose Hall,Wed,19:30,Sun,10:25,False,False,False,False,0,False
B-009252,R-0168,25,Kids Play Area,Kids Play Area,0.724,"Kids Play Area, Tennis Court, Gym",Sun,18:00,Sun,11:44,Kids Play Area,Sun,17:15,Sun,10:43,True,True,False,True,3,False
B-009253,R-0312,12,Gym,Gym,0.458,"Gym, Squash Court, Badminton Court",Mon,11:00,Sun,04:07,Gym,Mon,11:30,Sun,11:04,True,True,True,False,3,False
B-009254,R-0163,47,Gym,Kids Play Area,0.38,"Kids Play Area, Gym, Badminton Court",Sun,18:00,Sun,12:32,Gym,Mon,17:15,Sun,11:08,False,False,False,False,0,False
B-009255,R-0154,27,Multipurpose Hall,Multipurpose Hall,0.425,"Multipurpose Hall, Kids Play Area, Gym",Mon,17:00,Mon,00:03,Badminton Court,Mon,21:30,Sun,11:47,False,True,False,False,1,False
B-009256,R-0098,45,Clubhouse,Kids Play Area,0.289,"Kids Play Area, Clubhouse, Gym",Mon,10:00,Mon,02:32,Gym,Mon,09:45,Sun,12:00,False,True,False,False,1,False
B-009257,R-0279,52,Badminton Court,Multipurpose Hall,0.272,"Multipurpose Hall, Badminton Court, Squash Court",Sun,11:00,Thu,19:21,Clubhouse,Sat,17:45,Sun,13:02,False,False,False,False,0,False
B-009258,R-0206,35,Badminton Court,Swimming Pool,0.215,"Swimming Pool, Tennis Court, Badminton Court",Sun,19:00,Sun,02:59,Kids Play Area,Sun,18:15,Sun,13:15,False,True,False,False,1,False
B-009259,R-0238,30,Badminton Court,Tennis Court,0.349,"Tennis Court, Multipurpose Hall, Squash Court",Mon,19:00,Mon,10:15,Multipurpose Hall,Tue,17:30,Sun,13:53,False,False,False,False,0,False
B-009260,R-0142,30,Tennis Court,Swimming Pool,0.296,"Swimming Pool, Tennis Court, Kids Play Area",Mon,07:00,Mon,01:24,Swimming Pool,Sun,16:30,Sun,13:54,True,False,False,False,1,False
B-009261,R-0297,43,Clubhouse,Clubhouse,0.212,"Clubhouse, Multipurpose Hall, Gym",Mon,11:00,Sun,12:44,Gym,Tue,08:45,Sun,14:06,False,False,False,False,0,False
B-009262,R-0295,19,Clubhouse,Gym,0.208,"Gym, Squash Court, Badminton Court",Mon,11:00,Sun,18:02,Gym,Mon,10:45,Sun,18:04,True,True,False,True,3,False
B-009263,R-0189,37,Kids Play Area,Swimming Pool,0.319,"Swimming Pool, Squash Court, Kids Play Area",Mon,19:00,Mon,00:59,Badminton Court,Mon,17:45,Sun,23:10,False,True,False,True,2,False
B-009264,R-0062,51,Badminton Court,Badminton Court,0.55,"Badminton Court, Squash Court, Clubhouse",Tue,20:00,Sun,16:34,Squash Court,Tue,18:45,Mon,05:02,False,True,False,False,1,False
B-009265,R-0220,58,Badminton Court,Badminton Court,0.425,"Badminton Court, Gym, Multipurpose Hall",Wed,18:00,Mon,19:10,Badminton Court,Mon,18:15,Mon,05:59,True,False,True,False,2,False
B-009266,R-0143,26,Kids Play Area,Kids Play Area,0.644,"Kids Play Area, Swimming Pool, Badminton Court",Tue,18:00,Tue,12:55,Multipurpose Hall,Fri,18:00,Mon,09:59,False,False,True,False,1,False
B-009267,R-0020,27,Gym,Gym,0.429,"Gym, Clubhouse, Squash Court",Tue,09:00,Mon,17:34,Gym,Tue,09:00,Mon,11:33,True,True,True,False,3,False
B-009268,R-0259,74,Multipurpose Hall,Clubhouse,0.165,"Clubhouse, Kids Play Area, Gym",Tue,19:00,Sun,17:40,Multipurpose Hall,Mon,19:00,Mon,20:36,False,False,True,False,1,False
B-009269,R-0167,40,Swimming Pool,Gym,0.244,"Gym, Swimming Pool, Squash Court",Tue,10:00,Mon,21:12,Swimming Pool,Tue,07:30,Mon,21:35,False,True,False,True,2,False
B-009270,R-0203,44,Gym,Tennis Court,0.271,"Tennis Court, Swimming Pool, Gym",Tue,07:00,Mon,00:04,Multipurpose Hall,Sun,18:00,Mon,21:44,False,False,False,False,0,False
B-009271,R-0259,75,Multipurpose Hall,Clubhouse,0.201,"Clubhouse, Multipurpose Hall, Kids Play Area",Tue,19:00,Sat,16:31,Multipurpose Hall,Fri,19:45,Mon,22:39,False,False,True,False,1,False
B-009272,R-0320,4,Kids Play Area,Kids Play Area,0.345,"Kids Play Area, Squash Court, Tennis Court",Tue,17:00,Tue,03:04,Clubhouse,Tue,11:45,Mon,23:05,False,True,False,False,1,False
B-009273,R-0096,60,Clubhouse,Gym,0.369,"Gym, Squash Court, Clubhouse",Tue,11:00,Mon,19:33,Gym,Tue,11:15,Tue,04:08,True,True,True,False,3,False
B-009274,R-0039,62,Multipurpose Hall,Multipurpose Hall,0.502,"Multipurpose Hall, Kids Play Area, Gym",Wed,10:00,Fri,08:58,Multipurpose Hall,Wed,10:00,Tue,04:25,True,True,True,False,3,False
B-009275,R-0162,11,Kids Play Area,Kids Play Area,0.348,"Kids Play Area, Badminton Court, Swimming Pool",Tue,10:00,Mon,23:58,Kids Play Area,Tue,09:00,Tue,04:53,True,True,False,False,2,False
B-009276,R-0307,22,Kids Play Area,Kids Play Area,0.572,"Kids Play Area, Badminton Court, Gym",Tue,10:00,Tue,08:29,Kids Play Area,Tue,10:45,Tue,09:56,True,True,True,True,4,True
B-009277,R-0174,43,Gym,Gym,0.276,"Gym, Tennis Court, Clubhouse",Tue,11:00,Mon,19:20,Clubhouse,Sun,11:30,Tue,12:01,False,False,True,False,1,False
B-009278,R-0177,36,Badminton Court,Gym,0.274,"Gym, Squash Court, Kids Play Area",Tue,10:00,Mon,18:25,Swimming Pool,Wed,08:00,Tue,12:18,False,False,False,False,0,False
B-009279,R-0271,31,Gym,Squash Court,0.414,"Squash Court, Tennis Court, Gym",Tue,08:00,Mon,15:47,Squash Court,Thu,08:00,Tue,14:35,True,False,True,False,2,False
B-009280,R-0110,45,Gym,Squash Court,0.201,"Squash Court, Badminton Court, Gym",Wed,08:00,Tue,15:48,Clubhouse,Fri,11:30,Tue,15:33,False,False,False,False,0,False
B-009281,R-0104,29,Squash Court,Gym,0.395,"Gym, Squash Court, Badminton Court",Sat,16:00,Fri,08:20,Badminton Court,Sun,20:30,Tue,19:55,False,False,False,False,0,False
B-009282,R-0268,41,Gym,Squash Court,0.424,"Squash Court, Clubhouse, Gym",Sat,07:00,Fri,00:19,Squash Court,Thu,07:00,Tue,23:21,True,False,True,True,3,False
B-009283,R-0016,32,Kids Play Area,Kids Play Area,0.396,"Kids Play Area, Clubhouse, Swimming Pool",Wed,16:00,Wed,02:43,Kids Play Area,Wed,16:30,Wed,03:03,True,True,True,True,4,True
B-009284,R-0192,20,Multipurpose Hall,Kids Play Area,0.425,"Kids Play Area, Swimming Pool, Tennis Court",Wed,10:00,Wed,04:44,Swimming Pool,Thu,08:45,Wed,05:27,False,False,False,False,0,False
B-009285,R-0098,46,Gym,Clubhouse,0.255,"Clubhouse, Kids Play Area, Gym",Thu,11:00,Fri,13:59,Clubhouse,Fri,18:00,Wed,06:02,True,False,False,False,1,False
B-009286,R-0314,17,Gym,Gym,0.239,"Gym, Tennis Court, Swimming Pool",Wed,18:00,Tue,09:40,Swimming Pool,Thu,07:30,Wed,08:14,False,False,False,False,0,False
B-009287,R-0130,20,Gym,Clubhouse,0.225,"Clubhouse, Swimming Pool, Tennis Court",Wed,11:00,Wed,04:44,Clubhouse,Sun,11:45,Wed,10:07,True,False,True,False,2,False
B-009288,R-0046,54,Kids Play Area,Kids Play Area,0.281,"Kids Play Area, Clubhouse, Swimming Pool",Wed,18:00,Wed,14:27,Kids Play Area,Wed,18:15,Wed,13:16,True,True,True,True,4,True
B-009289,R-0158,63,Swimming Pool,Swimming Pool,0.531,"Swimming Pool, Kids Play Area, Gym",Wed,16:00,Wed,12:47,Kids Play Area,Thu,09:00,Wed,15:23,False,False,False,False,0,False
B-009290,R-0067,17,Kids Play Area,Swimming Pool,0.329,"Swimming Pool, Clubhouse, Kids Play Area",Wed,07:00,Wed,03:54,Tennis Court,Thu,07:30,Wed,17:15,False,False,True,False,1,False
B-009291,R-0303,57,Gym,Multipurpose Hall,0.443,"Multipurpose Hall, Gym, Squash Court",Thu,18:00,Mon,13:39,Tennis Court,Fri,06:00,Wed,22:50,False,False,False,False,0,False
B-009292,R-0096,61,Gym,Gym,0.373,"Gym, Clubhouse, Squash Court",Thu,11:00,Wed,19:34,Gym,Thu,11:30,Thu,01:10,True,True,True,False,3,False
B-009293,R-0173,13,Multipurpose Hall,Gym,0.203,"Gym, Multipurpose Hall, Squash Court",Sat,11:00,Fri,12:26,Gym,Fri,10:15,Thu,02:04,True,False,False,False,1,False
B-009294,R-0254,24,Tennis Court,Gym,0.317,"Gym, Tennis Court, Badminton Court",Thu,17:00,Thu,01:38,Tennis Court,Sat,07:30,Thu,02:37,False,False,False,False,0,False
B-009295,R-0220,59,Badminton Court,Badminton Court,0.429,"Badminton Court, Gym, Multipurpose Hall",Thu,18:00,Tue,19:12,Squash Court,Fri,19:00,Thu,03:15,False,False,False,False,0,False
B-009296,R-0030,36,Gym,Gym,0.17,"Gym, Clubhouse, Squash Court",Sat,11:00,Fri,03:40,Clubhouse,Sun,11:30,Thu,03:19,False,False,True,False,1,False
B-009297,R-0195,19,Tennis Court,Tennis Court,0.392,"Tennis Court, Multipurpose Hall, Clubhouse",Fri,18:00,Thu,06:54,Multipurpose Hall,Thu,19:00,Thu,03:25,False,False,False,False,0,False
B-009298,R-0150,17,Clubhouse,Swimming Pool,0.208,"Swimming Pool, Tennis Court, Clubhouse",Thu,17:00,Thu,01:04,Clubhouse,Wed,19:00,Thu,04:27,False,False,False,False,0,False
B-009299,R-0275,44,Kids Play Area,Multipurpose Hall,0.356,"Multipurpose Hall, Kids Play Area, Swimming Pool",Sat,19:00,Wed,14:57,Gym,Fri,15:30,Thu,04:59,False,False,False,False,0,False
B-009300,R-0186,46,Gym,Clubhouse,0.304,"Clubhouse, Gym, Squash Court",Thu,11:00,Wed,05:46,Gym,Thu,17:45,Thu,07:08,False,True,False,False,1,False
B-009301,R-0260,24,Gym,Swimming Pool,0.361,"Swimming Pool, Gym, Squash Court",Thu,17:00,Thu,08:59,Gym,Thu,18:00,Thu,09:18,False,True,False,True,2,False
B-009302,R-0090,76,Squash Court,Badminton Court,0.254,"Badminton Court, Squash Court, Clubhouse",Sat,20:00,Fri,05:48,Badminton Court,Mon,20:30,Thu,09:29,True,False,True,False,2,False
B-009303,R-0307,23,Kids Play Area,Kids Play Area,0.531,"Kids Play Area, Badminton Court, Multipurpose Hall",Thu,10:00,Thu,08:29,Kids Play Area,Thu,10:15,Thu,09:54,True,True,True,True,4,True
B-009304,R-0045,48,Kids Play Area,Gym,0.164,"Gym, Clubhouse, Tennis Court",Sat,17:00,Sat,11:46,Clubhouse,Sun,17:45,Thu,13:17,False,False,True,False,1,False
B-009305,R-0103,20,Clubhouse,Gym,0.27,"Gym, Clubhouse, Swimming Pool",Thu,19:00,Thu,03:59,Clubhouse,Mon,19:15,Thu,14:39,False,False,True,False,1,False
B-009306,R-0145,31,Tennis Court,Tennis Court,0.448,"Tennis Court, Multipurpose Hall, Swimming Pool",Fri,07:00,Thu,10:47,Gym,Fri,08:15,Thu,16:53,False,True,False,False,1,False
B-009307,R-0024,38,Swimming Pool,Clubhouse,0.397,"Clubhouse, Swimming Pool, Multipurpose Hall",Sat,17:00,Fri,12:54,Squash Court,Fri,07:00,Thu,19:14,False,False,False,False,0,False
B-009308,R-0317,26,Gym,Gym,0.505,"Gym, Squash Court, Swimming Pool",Fri,10:00,Thu,22:15,Squash Court,Fri,08:45,Thu,23:31,False,True,False,True,2,False
B-009309,R-0188,50,Badminton Court,Swimming Pool,0.261,"Swimming Pool, Badminton Court, Multipurpose Hall",Fri,17:00,Thu,09:06,Gym,Sat,18:30,Fri,02:15,False,False,False,False,0,False
B-009310,R-0040,22,Tennis Court,Tennis Court,0.502,"Tennis Court, Swimming Pool, Squash Court",Fri,07:00,Wed,06:10,Kids Play Area,Fri,09:15,Fri,02:45,False,True,False,False,1,False
B-009311,R-0046,55,Kids Play Area,Kids Play Area,0.276,"Kids Play Area, Clubhouse, Swimming Pool",Fri,18:00,Fri,14:08,Badminton Court,Sat,18:30,Fri,12:41,False,False,True,False,1,False
B-009312,R-0135,39,Kids Play Area,Kids Play Area,0.218,"Kids Play Area, Gym, Badminton Court",Fri,18:00,Fri,11:52,Kids Play Area,Fri,18:45,Fri,12:54,True,True,True,True,4,True
B-009313,R-0091,25,Badminton Court,Badminton Court,0.246,"Badminton Court, Kids Play Area, Squash Court",Sat,17:00,Fri,23:34,Tennis Court,Sun,19:00,Fri,15:52,False,False,False,False,0,False
B-009314,R-0070,29,Swimming Pool,Swimming Pool,0.533,"Swimming Pool, Gym, Kids Play Area",Fri,06:00,Thu,00:12,Gym,Sat,19:15,Fri,19:24,False,False,False,False,0,False
B-009315,R-0245,38,Squash Court,Squash Court,0.597,"Squash Court, Tennis Court, Gym",Fri,18:00,Thu,09:29,Squash Court,Mon,18:15,Fri,19:49,True,False,True,False,2,False
B-009316,R-0267,78,Badminton Court,Multipurpose Hall,0.434,"Multipurpose Hall, Kids Play Area, Gym",Sun,18:00,Fri,15:15,Multipurpose Hall,Sat,18:15,Sat,00:04,True,False,True,False,2,False
B-009317,R-0248,40,Clubhouse,Clubhouse,0.601,"Clubhouse, Gym, Multipurpose Hall",Sat,11:00,Thu,07:38,Kids Play Area,Sat,09:00,Sat,04:30,False,True,False,False,1,False
B-009318,R-0197,11,Tennis Court,Swimming Pool,0.299,"Swimming Pool, Gym, Tennis Court",Sat,17:00,Sat,01:20,Swimming Pool,Sun,16:00,Sat,06:21,True,False,False,False,1,False
B-009319,R-0199,25,Badminton Court,Badminton Court,0.237,"Badminton Court, Tennis Court, Squash Court",Sat,17:00,Fri,23:22,Tennis Court,Sat,19:45,Sat,08:07,False,True,False,False,1,False
B-009320,R-0228,31,Badminton Court,Gym,0.449,"Gym, Badminton Court, Squash Court",Mon,15:00,Mon,00:09,Gym,Mon,13:00,Sat,08:11,True,True,False,False,2,False
B-009321,R-0066,60,Clubhouse,Squash Court,0.386,"Squash Court, Clubhouse, Badminton Court",Sun,19:00,Sun,02:51,Squash Court,Sun,19:30,Sat,10:46,True,True,True,False,3,False
B-009322,R-0117,38,Swimming Pool,Swimming Pool,0.423,"Swimming Pool, Clubhouse, Squash Court",Sun,08:00,Sat,15:57,Swimming Pool,Sun,08:15,Sat,13:52,True,True,True,True,4,True
B-009323,R-0146,75,Kids Play Area,Badminton Court,0.288,"Badminton Court, Kids Play Area, Clubhouse",Sat,18:00,Sat,14:11,Badminton Court,Sat,18:15,Sat,14:27,True,True,True,True,4,True
B-009324,R-0072,12,Badminton Court,Clubhouse,0.258,"Clubhouse, Squash Court, Badminton Court",Sun,17:00,Sat,18:54,Badminton Court,Mon,18:45,Sat,14:32,False,False,False,False,0,False
B-009325,R-0206,36,Kids Play Area,Swimming Pool,0.19,"Swimming Pool, Tennis Court, Kids Play Area",Sun,19:00,Sun,02:31,Clubhouse,Sun,19:15,Sat,14:44,False,True,True,False,2,False
B-009326,R-0172,19,Badminton Court,Kids Play Area,0.374,"Kids Play Area, Badminton Court, Multipurpose Hall",Sat,17:00,Sat,16:08,Kids Play Area,Sat,17:15,Sat,16:13,True,True,True,True,4,True
B-009327,R-0222,23,Tennis Court,Tennis Court,0.393,"Tennis Court, Squash Court, Clubhouse",Sun,07:00,Fri,12:12,Tennis Court,Sun,07:00,Sat,17:17,True,True,True,False,3,False
B-009328,R-0164,24,Multipurpose Hall,Multipurpose Hall,0.425,"Multipurpose Hall, Kids Play Area, Badminton Court",Sun,17:00,Wed,02:32,Multipurpose Hall,Sun,17:30,Sat,17:30,True,True,True,False,3,False
B-009329,R-0077,35,Kids Play Area,Kids Play Area,0.514,"Kids Play Area, Multipurpose Hall, Swimming Pool",Sat,17:00,Sat,10:38,Multipurpose Hall,Sat,17:45,Sat,19:52,False,True,True,False,2,False
B-009330,R-0215,55,Gym,Gym,0.504,"Gym, Badminton Court, Squash Court",Sun,07:00,Sat,14:30,Gym,Sun,07:45,Sat,19:53,True,True,True,False,3,False
B-009331,R-0146,76,Badminton Court,Badminton Court,0.271,"Badminton Court, Clubhouse, Kids Play Area",Sat,18:00,Sat,04:11,Clubhouse,Sat,11:15,Sat,20:50,False,True,False,False,1,False
B-009332,R-0166,51,Gym,Gym,0.434,"Gym, Squash Court, Tennis Court",Sun,11:00,Sat,18:34,Squash Court,Sun,07:30,Sat,22:07,False,True,False,False,1,False
B-009333,R-0261,23,Kids Play Area,Tennis Court,0.252,"Tennis Court, Kids Play Area, Multipurpose Hall",Mon,17:00,Mon,01:49,Tennis Court,Mon,17:45,Sat,23:41,True,True,True,False,3,False
B-009334,R-0054,33,Squash Court,Badminton Court,0.338,"Badminton Court, Squash Court, Swimming Pool",Sun,18:00,Sun,03:04,Squash Court,Sun,08:15,Sun,02:36,False,True,False,False,1,False
B-009335,R-0111,53,Swimming Pool,Swimming Pool,0.608,"Swimming Pool, Kids Play Area, Tennis Court",Mon,19:00,Mon,03:10,Badminton Court,Mon,20:30,Sun,04:41,False,True,False,False,1,False
B-009336,R-0255,69,Multipurpose Hall,Multipurpose Hall,0.204,"Multipurpose Hall, Gym, Tennis Court",Sun,18:00,Fri,06:16,Multipurpose Hall,Sun,10:15,Sun,04:52,True,True,False,False,2,False
B-009337,R-0161,23,Tennis Court,Tennis Court,0.408,"Tennis Court, Clubhouse, Kids Play Area",Mon,07:00,Sat,01:07,Tennis Court,Tue,07:30,Sun,05:36,True,False,True,True,3,False
B-009338,R-0038,39,Badminton Court,Multipurpose Hall,0.223,"Multipurpose Hall, Badminton Court, Kids Play Area",Mon,19:00,Mon,17:26,Multipurpose Hall,Fri,19:15,Sun,05:36,True,False,True,False,2,False
B-009339,R-0079,18,Multipurpose Hall,Kids Play Area,0.456,"Kids Play Area, Gym, Badminton Court",Sun,10:00,Sun,05:41,Kids Play Area,Sun,10:15,Sun,06:27,True,True,True,True,4,True
B-009340,R-0082,47,Gym,Gym,0.381,"Gym, Tennis Court, Clubhouse",Sun,19:00,Sun,11:08,Tennis Court,Sun,18:00,Sun,06:42,False,True,False,False,1,False
B-009341,R-0169,11,Kids Play Area,Kids Play Area,0.233,"Kids Play Area, Swimming Pool, Gym",Sun,16:00,Sun,08:02,Kids Play Area,Sun,16:30,Sun,06:56,True,True,True,True,4,True
B-009342,R-0144,55,Tennis Court,Badminton Court,0.447,"Badminton Court, Swimming Pool, Multipurpose Hall",Sun,17:00,Sat,22:19,Multipurpose Hall,Thu,11:30,Sun,07:01,False,False,False,False,0,False
B-009343,R-0239,12,Kids Play Area,Kids Play Area,0.437,"Kids Play Area, Tennis Court, Gym",Sun,17:00,Sun,09:35,Kids Play Area,Sun,17:15,Sun,07:51,True,True,True,True,4,True
B-009344,R-0267,79,Multipurpose Hall,Multipurpose Hall,0.48,"Multipurpose Hall, Kids Play Area, Gym",Sun,18:00,Fri,16:50,Badminton Court,Sun,19:00,Sun,13:28,False,True,False,False,1,False
B-009345,R-0178,38,Clubhouse,Clubhouse,0.297,"Clubhouse, Badminton Court, Kids Play Area",Sun,11:00,Thu,18:21,Gym,Sun,17:45,Sun,14:03,False,True,False,False,1,False
B-009346,R-0165,32,Squash Court,Squash Court,0.326,"Squash Court, Swimming Pool, Gym",Sun,19:00,Sun,15:10,Swimming Pool,Sun,17:30,Sun,14:24,False,True,False,True,2,False
B-009347,R-0077,36,Multipurpose Hall,Kids Play Area,0.484,"Kids Play Area, Multipurpose Hall, Badminton Court",Sun,17:00,Sun,13:43,Kids Play Area,Sun,17:15,Sun,14:29,True,True,True,True,4,True
B-009348,R-0209,37,Squash Court,Gym,0.343,"Gym, Squash Court, Swimming Pool",Sun,11:00,Sun,06:25,Badminton Court,Sun,18:45,Sun,15:10,False,True,False,True,2,False
B-009349,R-0105,45,Tennis Court,Tennis Court,0.315,"Tennis Court, Badminton Court, Swimming Pool",Mon,07:00,Fri,15:47,Gym,Mon,09:00,Sun,16:13,False,True,False,False,1,False
B-009350,R-0044,24,Gym,Squash Court,0.412,"Squash Court, Clubhouse, Gym",Sun,19:00,Sun,14:07,Gym,Sun,20:30,Sun,17:08,False,True,False,True,2,False
B-009351,R-0100,57,Tennis Court,Tennis Court,0.182,"Tennis Court, Kids Play Area, Badminton Court",Mon,17:00,Sun,03:43,Tennis Court,Mon,17:45,Sun,20:49,True,True,True,False,3,False
B-009352,R-0119,26,Clubhouse,Clubhouse,0.327,"Clubhouse, Kids Play Area, Gym",Mon,11:00,Sun,11:57,Kids Play Area,Mon,09:30,Sun,22:56,False,True,False,False,1,False
B-009353,R-0208,25,Tennis Court,Gym,0.453,"Gym, Swimming Pool, Squash Court",Mon,19:00,Mon,03:47,Gym,Mon,19:45,Mon,04:44,True,True,True,True,4,True
B-009354,R-0232,64,Kids Play Area,Kids Play Area,0.674,"Kids Play Area, Badminton Court, Gym",Tue,10:00,Tue,03:55,Kids Play Area,Mon,10:00,Mon,04:56,True,False,True,True,3,False
B-009355,R-0152,33,Tennis Court,Tennis Court,0.254,"Tennis Court, Kids Play Area, Badminton Court",Wed,18:00,Mon,06:23,Squash Court,Wed,08:15,Mon,06:16,False,True,False,False,1,False
B-009356,R-0030,37,Clubhouse,Clubhouse,0.169,"Clubhouse, Squash Court, Multipurpose Hall",Sat,11:00,Sat,22:15,Clubhouse,Sun,11:30,Mon,07:43,True,False,True,True,3,False
B-009357,R-0084,27,Swimming Pool,Swimming Pool,0.495,"Swimming Pool, Gym, Multipurpose Hall",Tue,07:00,Mon,02:39,Gym,Tue,09:15,Mon,07:58,False,True,False,True,2,False
B-009358,R-0163,48,Gym,Kids Play Area,0.373,"Kids Play Area, Badminton Court, Gym",Tue,18:00,Tue,12:28,Kids Play Area,Mon,18:30,Mon,09:05,True,False,True,False,2,False
B-009359,R-0236,24,Kids Play Area,Gym,0.254,"Gym, Kids Play Area, Squash Court",Tue,06:00,Mon,03:35,Squash Court,Tue,08:00,Mon,09:48,False,True,False,False,1,False
B-009360,R-0133,28,Clubhouse,Swimming Pool,0.443,"Swimming Pool, Clubhouse, Gym",Tue,17:00,Tue,02:45,Kids Play Area,Mon,17:00,Mon,15:24,False,False,True,False,1,False
B-009361,R-0192,21,Swimming Pool,Kids Play Area,0.388,"Kids Play Area, Swimming Pool, Clubhouse",Tue,10:00,Tue,02:21,Multipurpose Hall,Tue,10:15,Mon,16:25,False,True,True,False,2,False
B-009362,R-0125,29,Squash Court,Gym,0.321,"Gym, Squash Court, Badminton Court",Tue,09:00,Mon,00:59,Badminton Court,Thu,19:45,Mon,19:52,False,False,False,False,0,False
B-009363,R-0065,9,Tennis Court,Gym,0.232,"Gym, Clubhouse, Tennis Court",Tue,17:00,Mon,12:01,Tennis Court,Tue,07:45,Mon,20:43,False,True,False,False,1,False
B-009364,R-0279,53,Clubhouse,Multipurpose Hall,0.284,"Multipurpose Hall, Badminton Court, Squash Court",Sat,11:00,Wed,15:31,Multipurpose Hall,Mon,11:15,Tue,01:23,True,False,True,False,2,False
B-009365,R-0141,39,Swimming Pool,Swimming Pool,0.527,"Swimming Pool, Kids Play Area, Tennis Court",Tue,07:00,Mon,14:48,Swimming Pool,Wed,08:30,Tue,08:37,True,False,False,False,1,False
B-009366,R-0032,70,Tennis Court,Tennis Court,0.446,"Tennis Court, Squash Court, Multipurpose Hall",Wed,06:00,Mon,21:23,Kids Play Area,Tue,17:00,Tue,08:42,False,False,False,False,0,False
B-009367,R-0031,17,Badminton Court,Gym,0.281,"Gym, Badminton Court, Swimming Pool",Tue,19:00,Tue,03:47,Gym,Tue,16:00,Tue,10:16,True,True,False,False,2,False
B-009368,R-0018,39,Swimming Pool,Tennis Court,0.397,"Tennis Court, Swimming Pool, Squash Court",Tue,19:00,Mon,14:32,Tennis Court,Wed,19:15,Tue,10:41,True,False,True,True,3,False
B-009369,R-0062,52,Squash Court,Badminton Court,0.499,"Badminton Court, Squash Court, Gym",Tue,20:00,Sun,18:22,Badminton Court,Wed,20:15,Tue,11:32,True,False,True,False,2,False
B-009370,R-0006,22,Tennis Court,Tennis Court,0.32,"Tennis Court, Badminton Court, Swimming Pool",Tue,07:00,Sun,20:28,Tennis Court,Sun,07:30,Tue,11:36,True,False,True,False,2,False
B-009371,R-0304,22,Clubhouse,Swimming Pool,0.345,"Swimming Pool, Clubhouse, Gym",Tue,17:00,Tue,08:57,Badminton Court,Tue,20:45,Tue,11:54,False,True,False,True,2,False
B-009372,R-0224,23,Clubhouse,Badminton Court,0.287,"Badminton Court, Clubhouse, Gym",Tue,18:00,Tue,08:36,Badminton Court,Tue,18:30,Tue,13:04,True,True,True,False,3,False
B-009373,R-0058,54,Tennis Court,Swimming Pool,0.376,"Swimming Pool, Multipurpose Hall, Tennis Court",Wed,08:00,Tue,16:27,Swimming Pool,Wed,06:30,Tue,14:44,True,True,False,True,3,False
B-009374,R-0166,52,Squash Court,Gym,0.335,"Gym, Squash Court, Clubhouse",Tue,11:00,Mon,18:26,Gym,Wed,08:00,Tue,17:20,True,False,False,True,2,False
B-009375,R-0151,36,Gym,Gym,0.571,"Gym, Squash Court, Swimming Pool",Tue,17:00,Tue,00:03,Gym,Wed,17:45,Tue,18:15,True,False,True,False,2,False
B-009376,R-0189,38,Badminton Court,Swimming Pool,0.293,"Swimming Pool, Squash Court, Gym",Wed,19:00,Wed,02:40,Gym,Wed,06:00,Wed,02:19,False,True,False,False,1,False
B-009377,R-0039,63,Multipurpose Hall,Multipurpose Hall,0.489,"Multipurpose Hall, Kids Play Area, Gym",Thu,10:00,Sat,10:46,Badminton Court,Wed,18:00,Wed,06:00,False,False,False,False,0,False
B-009378,R-0118,19,Tennis Court,Kids Play Area,0.398,"Kids Play Area, Badminton Court, Tennis Court",Wed,18:00,Wed,13:38,Gym,Thu,18:45,Wed,06:10,False,False,True,False,1,False
B-009379,R-0039,64,Badminton Court,Multipurpose Hall,0.491,"Multipurpose Hall, Kids Play Area, Gym",Thu,10:00,Sat,16:45,Kids Play Area,Wed,16:00,Wed,07:05,False,False,False,False,0,False
B-009380,R-0076,63,Tennis Court,Multipurpose Hall,0.281,"Multipurpose Hall, Tennis Court, Swimming Pool",Wed,10:00,Thu,14:58,Tennis Court,Sat,07:30,Wed,07:18,False,False,False,False,0,False
B-009381,R-0253,35,Kids Play Area,Kids Play Area,0.347,"Kids Play Area, Tennis Court, Swimming Pool",Wed,10:00,Wed,08:54,Tennis Court,Thu,06:45,Wed,17:14,False,False,False,False,0,False
B-009382,R-0188,51,Gym,Swimming Pool,0.271,"Swimming Pool, Badminton Court, Gym",Thu,16:00,Wed,06:11,Squash Court,Thu,19:15,Wed,19:54,False,True,False,False,1,False
B-009383,R-0043,18,Kids Play Area,Gym,0.343,"Gym, Squash Court, Swimming Pool",Fri,11:00,Thu,04:51,Gym,Fri,10:00,Thu,00:04,True,True,False,True,3,False
B-009384,R-0124,25,Tennis Court,Squash Court,0.362,"Squash Court, Swimming Pool, Tennis Court",Thu,18:00,Thu,08:23,Swimming Pool,Thu,08:45,Thu,02:04,False,True,False,True,2,False
B-009385,R-0088,13,Badminton Court,Tennis Court,0.409,"Tennis Court, Multipurpose Hall, Kids Play Area",Thu,07:00,Tue,17:03,Tennis Court,Fri,07:45,Thu,05:50,True,False,True,False,2,False
B-009386,R-0302,30,Gym,Multipurpose Hall,0.266,"Multipurpose Hall, Swimming Pool, Gym",Thu,19:00,Tue,17:30,Tennis Court,Thu,17:30,Thu,06:55,False,True,False,False,1,False
B-009387,R-0052,86,Gym,Badminton Court,0.189,"Badminton Court, Multipurpose Hall, Kids Play Area",Thu,17:00,Thu,07:47,Gym,Fri,11:30,Thu,08:30,False,False,False,False,0,False
B-009388,R-0165,33,Swimming Pool,Squash Court,0.324,"Squash Court, Swimming Pool, Clubhouse",Thu,19:00,Thu,10:38,Clubhouse,Sun,19:00,Thu,10:21,False,False,True,False,1,False
B-009389,R-0214,12,Badminton Court,Gym,0.153,"Gym, Squash Court, Tennis Court",Thu,17:00,Thu,13:24,Badminton Court,Thu,18:00,Thu,15:25,False,True,False,True,2,False
B-009390,R-0090,77,Badminton Court,Badminton Court,0.264,"Badminton Court, Squash Court, Clubhouse",Sat,20:00,Thu,21:22,Squash Court,Fri,08:00,Thu,19:07,False,False,False,False,0,False
B-009391,R-0060,31,Clubhouse,Clubhouse,0.252,"Clubhouse, Badminton Court, Gym",Fri,18:00,Fri,06:16,Gym,Fri,09:30,Fri,02:31,False,True,False,False,1,False
B-009392,R-0282,10,Clubhouse,Multipurpose Hall,0.297,"Multipurpose Hall, Clubhouse, Swimming Pool",Sat,18:00,Sat,11:11,Gym,Fri,13:15,Fri,05:05,False,False,False,False,0,False
B-009393,R-0274,31,Swimming Pool,Gym,0.242,"Gym, Swimming Pool, Squash Court",Fri,11:00,Fri,05:32,Squash Court,Fri,20:45,Fri,06:28,False,True,False,False,1,False
B-009394,R-0136,24,Squash Court,Swimming Pool,0.27,"Swimming Pool, Squash Court, Clubhouse",Fri,07:00,Thu,15:34,Squash Court,Sat,07:15,Fri,08:53,False,False,True,False,1,False
B-009395,R-0104,30,Badminton Court,Gym,0.379,"Gym, Badminton Court, Squash Court",Sat,16:00,Fri,08:12,Squash Court,Sat,18:00,Fri,14:37,False,True,False,False,1,False
B-009396,R-0099,26,Kids Play Area,Badminton Court,0.4,"Badminton Court, Kids Play Area, Clubhouse",Fri,18:00,Fri,14:21,Badminton Court,Fri,18:30,Fri,15:24,True,True,True,True,4,True
B-009397,R-0180,65,Kids Play Area,Badminton Court,0.281,"Badminton Court, Kids Play Area, Multipurpose Hall",Fri,21:00,Thu,20:42,Multipurpose Hall,Fri,10:15,Fri,16:36,False,True,False,False,1,False
B-009398,R-0173,14,Gym,Gym,0.215,"Gym, Squash Court, Multipurpose Hall",Sat,11:00,Fri,11:19,Gym,Sun,20:00,Fri,18:47,True,False,False,False,1,False
B-009399,R-0303,58,Tennis Court,Multipurpose Hall,0.381,"Multipurpose Hall, Gym, Tennis Court",Fri,18:00,Tue,15:23,Multipurpose Hall,Sun,19:45,Fri,19:26,True,False,False,False,1,False
B-009400,R-0270,9,Kids Play Area,Kids Play Area,0.341,"Kids Play Area, Tennis Court, Swimming Pool",Fri,10:00,Thu,22:42,Multipurpose Hall,Wed,11:45,Fri,21:08,False,False,False,False,0,False
B-009401,R-0064,74,Tennis Court,Tennis Court,0.21,"Tennis Court, Swimming Pool, Gym",Sat,18:00,Fri,12:15,Tennis Court,Sat,07:30,Fri,22:28,True,True,False,False,2,False
B-009402,R-0069,36,Gym,Gym,0.219,"Gym, Swimming Pool, Squash Court",Sat,15:00,Sat,00:17,Swimming Pool,Sat,18:15,Sat,00:05,False,True,False,False,1,False
B-009403,R-0051,2,Squash Court,Squash Court,0.356,"Squash Court, Swimming Pool, Badminton Court",Sat,07:00,Fri,15:13,Squash Court,Sat,08:45,Sat,05:19,True,True,False,False,2,False
B-009404,R-0194,69,Tennis Court,Swimming Pool,0.364,"Swimming Pool, Tennis Court, Multipurpose Hall",Mon,08:00,Sun,03:05,Swimming Pool,Mon,08:45,Sat,05:49,True,True,True,False,3,False
B-009405,R-0097,8,Multipurpose Hall,Swimming Pool,0.231,"Swimming Pool, Multipurpose Hall, Tennis Court",Sun,07:00,Sat,21:17,Clubhouse,Tue,19:45,Sat,12:34,False,False,False,False,0,False
B-009406,R-0251,12,Kids Play Area,Kids Play Area,0.433,"Kids Play Area, Clubhouse, Tennis Court",Sat,10:00,Sat,05:36,Kids Play Area,Sun,09:30,Sat,15:29,True,False,False,False,1,False
B-009407,R-0137,39,Kids Play Area,Kids Play Area,0.735,"Kids Play Area, Gym, Swimming Pool",Sat,17:00,Sat,15:28,Kids Play Area,Sat,17:15,Sat,15:46,True,True,True,True,4,True
B-009408,R-0028,39,Gym,Gym,0.436,"Gym, Swimming Pool, Badminton Court",Sat,20:00,Sat,16:25,Gym,Sat,20:30,Sat,16:21,True,True,True,True,4,True
B-009409,R-0204,13,Gym,Gym,0.422,"Gym, Swimming Pool, Badminton Court",Sun,17:00,Sun,13:31,Multipurpose Hall,Mon,10:00,Sat,17:15,False,False,False,False,0,False
B-009410,R-0061,34,Swimming Pool,Swimming Pool,0.441,"Swimming Pool, Badminton Court, Multipurpose Hall",Sun,19:00,Sun,00:15,Multipurpose Hall,Sat,18:30,Sat,21:32,False,False,False,False,0,False
B-009411,R-0128,25,Swimming Pool,Tennis Court,0.244,"Tennis Court, Squash Court, Swimming Pool",Mon,17:00,Sun,08:43,Squash Court,Sun,19:00,Sat,22:46,False,False,False,False,0,False
B-009412,R-0269,58,Multipurpose Hall,Badminton Court,0.371,"Badminton Court, Multipurpose Hall, Tennis Court",Sun,19:00,Sun,02:05,Kids Play Area,Sun,16:00,Sun,02:13,False,True,False,False,1,False
B-009413,R-0066,61,Squash Court,Squash Court,0.444,"Squash Court, Tennis Court, Badminton Court",Sun,19:00,Sun,01:59,Badminton Court,Sun,20:30,Sun,02:19,False,True,False,True,2,False
B-009414,R-0293,56,Tennis Court,Tennis Court,0.425,"Tennis Court, Multipurpose Hall, Kids Play Area",Mon,07:00,Sat,19:58,Kids Play Area,Sun,10:45,Sun,02:23,False,False,False,False,0,False
B-009415,R-0235,28,Badminton Court,Swimming Pool,0.28,"Swimming Pool, Squash Court, Multipurpose Hall",Sun,19:00,Sun,03:26,Swimming Pool,Sun,19:30,Sun,02:29,True,True,True,True,4,True
B-009416,R-0199,26,Tennis Court,Tennis Court,0.232,"Tennis Court, Badminton Court, Multipurpose Hall",Sun,19:00,Sat,11:35,Badminton Court,Sun,18:30,Sun,04:34,False,True,False,False,1,False
B-009417,R-0319,13,Badminton Court,Swimming Pool,0.405,"Swimming Pool, Kids Play Area, Squash Court",Sun,19:00,Sun,03:08,Kids Play Area,Sun,16:30,Sun,06:40,False,True,False,False,1,False
B-009418,R-0139,65,Tennis Court,Tennis Court,0.466,"Tennis Court, Squash Court, Multipurpose Hall",Mon,18:00,Sat,06:27,Tennis Court,Mon,17:30,Sun,06:57,True,True,False,False,2,False
B-009419,R-0311,67,Multipurpose Hall,Clubhouse,0.279,"Clubhouse, Multipurpose Hall, Kids Play Area",Mon,11:00,Wed,06:51,Squash Court,Tue,08:45,Sun,07:45,False,False,False,False,0,False
B-009420,R-0145,32,Gym,Tennis Court,0.36,"Tennis Court, Multipurpose Hall, Gym",Mon,07:00,Sun,11:22,Multipurpose Hall,Mon,19:00,Sun,07:58,False,True,False,False,1,False
B-009421,R-0220,60,Squash Court,Badminton Court,0.39,"Badminton Court, Squash Court, Tennis Court",Mon,18:00,Sun,01:46,Badminton Court,Thu,18:45,Sun,09:06,True,False,True,False,2,False
B-009422,R-0082,48,Tennis Court,Gym,0.367,"Gym, Clubhouse, Tennis Court",Sun,19:00,Sun,11:20,Gym,Sun,19:00,Sun,10:32,True,True,True,True,4,True
B-009423,R-0022,27,Tennis Court,Kids Play Area,0.376,"Kids Play Area, Tennis Court, Squash Court",Mon,10:00,Mon,04:14,Swimming Pool,Mon,08:30,Sun,14:01,False,True,False,False,1,False
B-009424,R-0075,21,Clubhouse,Gym,0.286,"Gym, Tennis Court, Clubhouse",Sun,09:00,Sat,05:20,Squash Court,Fri,08:00,Sun,14:15,False,False,False,False,0,False
B-009425,R-0164,25,Multipurpose Hall,Multipurpose Hall,0.439,"Multipurpose Hall, Kids Play Area, Badminton Court",Sun,17:00,Tue,08:38,Tennis Court,Sun,19:45,Sun,14:51,False,True,False,False,1,False
B-009426,R-0137,40,Kids Play Area,Kids Play Area,0.689,"Kids Play Area, Multipurpose Hall, Badminton Court",Sun,17:00,Sun,15:59,Kids Play Area,Sun,17:30,Sun,16:34,True,True,True,True,4,True
B-009427,R-0245,39,Squash Court,Squash Court,0.585,"Squash Court, Tennis Court, Gym",Mon,18:00,Sun,08:00,Tennis Court,Mon,06:00,Sun,20:47,False,True,False,False,1,False
B-009428,R-0317,27,Squash Court,Gym,0.423,"Gym, Squash Court, Clubhouse",Mon,10:00,Sun,22:08,Gym,Mon,10:00,Sun,23:14,True,True,True,True,4,True
B-009429,R-0102,37,Squash Court,Tennis Court,0.484,"Tennis Court, Squash Court, Gym",Tue,06:00,Mon,20:22,Squash Court,Mon,07:45,Mon,01:36,False,False,False,False,0,False
B-009430,R-0068,13,Kids Play Area,Swimming Pool,0.278,"Swimming Pool, Kids Play Area, Squash Court",Mon,19:00,Mon,02:43,Squash Court,Mon,20:15,Mon,03:39,False,True,False,True,2,False
B-009431,R-0309,26,Kids Play Area,Kids Play Area,0.713,"Kids Play Area, Badminton Court, Gym",Mon,10:00,Mon,05:13,Kids Play Area,Mon,10:00,Mon,05:46,True,True,True,True,4,True
B-009432,R-0106,27,Kids Play Area,Swimming Pool,0.335,"Swimming Pool, Kids Play Area, Gym",Tue,08:00,Tue,02:36,Multipurpose Hall,Wed,10:45,Mon,08:11,False,False,False,False,0,False
B-009433,R-0307,24,Kids Play Area,Kids Play Area,0.568,"Kids Play Area, Badminton Court, Gym",Mon,10:00,Mon,07:20,Kids Play Area,Mon,10:45,Mon,10:00,True,True,True,True,4,True
B-009434,R-0070,30,Gym,Swimming Pool,0.488,"Swimming Pool, Gym, Kids Play Area",Tue,06:00,Sun,22:19,Swimming Pool,Thu,06:45,Mon,11:11,True,False,True,False,2,False
B-009435,R-0049,13,Gym,Gym,0.271,"Gym, Kids Play Area, Badminton Court",Tue,10:00,Mon,01:34,Kids Play Area,Wed,10:15,Mon,12:15,False,False,True,False,1,False
B-009436,R-0313,25,Kids Play Area,Gym,0.18,"Gym, Kids Play Area, Badminton Court",Tue,11:00,Tue,05:35,Swimming Pool,Mon,16:45,Mon,12:28,False,False,False,True,1,False
B-009437,R-0047,26,Squash Court,Squash Court,0.41,"Squash Court, Swimming Pool, Gym",Mon,19:00,Mon,13:39,Swimming Pool,Mon,17:45,Mon,12:38,False,True,False,True,2,False
B-009438,R-0111,54,Badminton Court,Swimming Pool,0.468,"Swimming Pool, Tennis Court, Kids Play Area",Tue,19:00,Tue,02:55,Kids Play Area,Mon,16:00,Mon,12:57,False,False,False,False,0,False
B-009439,R-0003,31,Swimming Pool,Tennis Court,0.38,"Tennis Court, Swimming Pool, Badminton Court",Tue,18:00,Sun,14:23,Badminton Court,Mon,19:15,Mon,12:57,False,False,False,False,0,False
B-009440,R-0275,45,Gym,Multipurpose Hall,0.444,"Multipurpose Hall, Kids Play Area, Swimming Pool",Sat,19:00,Mon,13:57,Kids Play Area,Mon,17:15,Mon,13:17,False,False,False,False,0,False
B-009441,R-0315,18,Badminton Court,Badminton Court,0.285,"Badminton Court, Squash Court, Tennis Court",Tue,20:00,Tue,03:17,Kids Play Area,Mon,16:30,Mon,13:30,False,False,False,False,0,False
B-009442,R-0306,11,Badminton Court,Kids Play Area,0.517,"Kids Play Area, Badminton Court, Squash Court",Mon,16:00,Mon,12:57,Kids Play Area,Mon,16:45,Mon,13:42,True,True,True,True,4,True
B-009443,R-0020,28,Gym,Gym,0.438,"Gym, Swimming Pool, Squash Court",Tue,09:00,Mon,17:23,Gym,Wed,09:15,Mon,16:23,True,False,True,False,2,False
B-009444,R-0138,33,Tennis Court,Tennis Court,0.289,"Tennis Court, Swimming Pool, Squash Court",Tue,19:00,Mon,05:31,Swimming Pool,Tue,16:45,Mon,20:58,False,True,False,False,1,False
B-009445,R-0159,35,Kids Play Area,Kids Play Area,0.178,"Kids Play Area, Multipurpose Hall, Tennis Court",Tue,10:00,Mon,21:14,Clubhouse,Fri,20:45,Mon,21:24,False,False,False,False,0,False
B-009446,R-0024,39,Squash Court,Clubhouse,0.358,"Clubhouse, Swimming Pool, Multipurpose Hall",Sat,17:00,Fri,23:39,Clubhouse,Thu,17:45,Mon,21:34,True,False,True,False,2,False
B-009447,R-0188,52,Squash Court,Swimming Pool,0.239,"Swimming Pool, Badminton Court, Multipurpose Hall",Wed,16:00,Tue,06:10,Badminton Court,Sat,17:00,Mon,22:09,False,False,False,False,0,False
B-009448,R-0263,53,Squash Court,Tennis Court,0.24,"Tennis Court, Squash Court, Kids Play Area",Wed,07:00,Mon,00:02,Tennis Court,Wed,07:15,Mon,23:01,True,True,True,False,3,False
B-009449,R-0297,44,Gym,Clubhouse,0.184,"Clubhouse, Multipurpose Hall, Tennis Court",Tue,11:00,Mon,06:01,Gym,Wed,08:45,Mon,23:22,False,False,False,False,0,False
B-009450,R-0280,32,Clubhouse,Squash Court,0.193,"Squash Court, Tennis Court, Multipurpose Hall",Wed,18:00,Wed,01:20,Tennis Court,Wed,17:00,Tue,07:25,False,True,False,False,1,False
B-009451,R-0248,41,Kids Play Area,Clubhouse,0.472,"Clubhouse, Gym, Squash Court",Sat,11:00,Fri,03:03,Kids Play Area,Tue,10:45,Tue,09:02,False,False,False,False,0,False
B-009452,R-0163,49,Kids Play Area,Kids Play Area,0.556,"Kids Play Area, Badminton Court, Gym",Tue,18:00,Tue,13:52,Kids Play Area,Tue,18:30,Tue,14:17,True,True,True,True,4,True
B-009453,R-0032,71,Kids Play Area,Tennis Court,0.362,"Tennis Court, Kids Play Area, Multipurpose Hall",Wed,06:00,Mon,17:40,Tennis Court,Wed,19:15,Tue,16:40,True,True,False,False,2,False
B-009454,R-0290,36,Swimming Pool,Swimming Pool,0.317,"Swimming Pool, Gym, Squash Court",Tue,19:00,Tue,16:34,Swimming Pool,Tue,19:45,Tue,16:46,True,True,True,True,4,True
B-009455,R-0120,34,Gym,Kids Play Area,0.161,"Kids Play Area, Swimming Pool, Gym",Tue,16:00,Tue,03:53,Tennis Court,Wed,17:00,Tue,17:39,False,False,False,False,0,False
B-009456,R-0073,19,Swimming Pool,Kids Play Area,0.385,"Kids Play Area, Swimming Pool, Squash Court",Tue,10:00,Tue,09:07,Kids Play Area,Tue,18:15,Tue,17:42,True,True,False,True,3,False
B-009457,R-0284,12,Gym,Gym,0.44,"Gym, Badminton Court, Squash Court",Wed,11:00,Tue,03:58,Gym,Wed,09:15,Tue,18:04,True,True,False,False,2,False
B-009458,R-0170,36,Swimming Pool,Swimming Pool,0.546,"Swimming Pool, Clubhouse, Gym",Wed,18:00,Tue,23:36,Swimming Pool,Wed,18:15,Tue,18:05,True,True,True,False,3,False
B-009459,R-0248,42,Kids Play Area,Clubhouse,0.446,"Clubhouse, Gym, Multipurpose Hall",Sat,11:00,Wed,12:54,Clubhouse,Sun,11:45,Tue,22:58,True,False,True,True,3,False
B-009460,R-0234,45,Squash Court,Squash Court,0.543,"Squash Court, Tennis Court, Multipurpose Hall",Wed,19:00,Wed,02:47,Squash Court,Wed,19:15,Wed,04:49,True,True,True,True,4,True
B-009461,R-0125,30,Badminton Court,Gym,0.345,"Gym, Badminton Court, Squash Court",Thu,07:00,Tue,21:03,Gym,Thu,06:15,Wed,05:08,True,True,False,False,2,False
B-009462,R-0255,70,Multipurpose Hall,Multipurpose Hall,0.201,"Multipurpose Hall, Gym, Tennis Court",Sat,11:00,Wed,22:37,Tennis Court,Sat,06:30,Wed,05:25,False,True,False,False,1,False
B-009463,R-0177,37,Swimming Pool,Gym,0.236,"Gym, Squash Court, Kids Play Area",Thu,10:00,Wed,18:16,Squash Court,Thu,18:15,Wed,07:56,False,True,False,False,1,False
B-009464,R-0193,33,Badminton Court,Badminton Court,0.508,"Badminton Court, Kids Play Area, Swimming Pool",Wed,20:00,Wed,10:56,Badminton Court,Wed,20:15,Wed,09:12,True,True,True,True,4,True
B-009465,R-0133,29,Kids Play Area,Swimming Pool,0.427,"Swimming Pool, Clubhouse, Kids Play Area",Wed,17:00,Wed,06:13,Swimming Pool,Wed,17:00,Wed,10:59,True,True,True,False,3,False
B-009466,R-0149,31,Tennis Court,Tennis Court,0.419,"Tennis Court, Squash Court, Clubhouse",Thu,17:00,Wed,05:18,Tennis Court,Thu,07:30,Wed,14:04,True,True,False,False,2,False
B-009467,R-0076,64,Tennis Court,Multipurpose Hall,0.282,"Multipurpose Hall, Tennis Court, Swimming Pool",Thu,10:00,Fri,07:41,Multipurpose Hall,Wed,10:15,Wed,21:54,True,False,True,False,2,False
B-009468,R-0194,70,Swimming Pool,Swimming Pool,0.407,"Swimming Pool, Multipurpose Hall, Kids Play Area",Thu,08:00,Wed,01:27,Kids Play Area,Thu,09:15,Thu,00:01,False,True,False,False,1,False
B-009469,R-0234,46,Squash Court,Squash Court,0.468,"Squash Court, Multipurpose Hall, Tennis Court",Thu,19:00,Thu,02:20,Squash Court,Fri,19:15,Thu,00:30,True,False,True,False,2,False
B-009470,R-0287,22,Swimming Pool,Swimming Pool,0.344,"Swimming Pool, Gym, Squash Court",Thu,19:00,Thu,03:12,Gym,Thu,15:45,Thu,00:30,False,True,False,True,2,False
B-009471,R-0154,28,Badminton Court,Multipurpose Hall,0.374,"Multipurpose Hall, Kids Play Area, Gym",Thu,17:00,Sun,21:44,Multipurpose Hall,Tue,19:30,Thu,05:24,True,False,False,False,1,False
B-009472,R-0226,10,Badminton Court,Clubhouse,0.254,"Clubhouse, Badminton Court, Tennis Court",Sat,19:00,Tue,15:13,Clubhouse,Sun,19:00,Thu,05:53,True,False,True,True,3,False
B-009473,R-0052,87,Gym,Badminton Court,0.186,"Badminton Court, Multipurpose Hall, Kids Play Area",Thu,17:00,Thu,06:11,Badminton Court,Thu,17:30,Thu,06:52,True,True,True,True,4,True
B-009474,R-0229,46,Squash Court,Squash Court,0.52,"Squash Court, Tennis Court, Badminton Court",Fri,07:00,Thu,00:04,Kids Play Area,Fri,09:00,Thu,12:35,False,True,False,False,1,False
B-009475,R-0210,23,Squash Court,Squash Court,0.219,"Squash Court, Badminton Court, Tennis Court",Thu,07:00,Thu,02:38,Badminton Court,Thu,20:00,Thu,14:17,False,True,False,True,2,False
B-009476,R-0215,56,Gym,Gym,0.489,"Gym, Badminton Court, Squash Court",Sat,07:00,Fri,15:10,Gym,Sat,07:15,Thu,16:04,True,True,True,False,3,False
B-009477,R-0036,79,Multipurpose Hall,Multipurpose Hall,0.273,"Multipurpose Hall, Tennis Court, Kids Play Area",Fri,10:00,Wed,10:36,Kids Play Area,Thu,18:15,Thu,16:09,False,False,False,False,0,False
B-009478,R-0203,45,Multipurpose Hall,Tennis Court,0.283,"Tennis Court, Swimming Pool, Gym",Fri,07:00,Thu,00:25,Tennis Court,Fri,07:15,Thu,16:27,True,True,True,False,3,False
B-009479,R-0011,38,Multipurpose Hall,Multipurpose Hall,0.564,"Multipurpose Hall, Swimming Pool, Kids Play Area",Sat,19:00,Sat,11:33,Multipurpose Hall,Sat,18:45,Thu,17:51,True,True,False,False,2,False
B-009480,R-0057,41,Kids Play Area,Kids Play Area,0.144,"Kids Play Area, Badminton Court, Gym",Sat,17:00,Sat,00:09,Squash Court,Sat,08:00,Thu,18:30,False,True,False,False,1,False
B-009481,R-0050,21,Clubhouse,Clubhouse,0.392,"Clubhouse, Swimming Pool, Tennis Court",Sat,20:00,Tue,02:10,Clubhouse,Fri,20:15,Thu,20:15,True,False,True,False,2,False
B-009482,R-0026,38,Tennis Court,Tennis Court,0.361,"Tennis Court, Multipurpose Hall, Squash Court",Fri,18:00,Thu,03:14,Multipurpose Hall,Tue,19:45,Thu,21:45,False,False,False,False,0,False
B-009483,R-0101,52,Badminton Court,Badminton Court,0.436,"Badminton Court, Squash Court, Clubhouse",Sat,19:00,Fri,23:08,Badminton Court,Fri,19:00,Fri,02:34,True,False,True,False,2,False
B-009484,R-0183,36,Squash Court,Multipurpose Hall,0.246,"Multipurpose Hall, Badminton Court, Squash Court",Sat,11:00,Wed,08:06,Tennis Court,Fri,07:45,Fri,04:42,False,False,False,False,0,False
B-009485,R-0048,30,Tennis Court,Kids Play Area,0.21,"Kids Play Area, Clubhouse, Tennis Court",Sat,17:00,Sat,09:22,Badminton Court,Fri,18:30,Fri,06:36,False,False,False,False,0,False
B-009486,R-0190,59,Squash Court,Squash Court,0.292,"Squash Court, Tennis Court, Multipurpose Hall",Fri,08:00,Thu,15:39,Squash Court,Sat,19:15,Fri,06:39,True,False,False,False,1,False
B-009487,R-0171,11,Squash Court,Swimming Pool,0.301,"Swimming Pool, Badminton Court, Squash Court",Fri,19:00,Fri,03:22,Squash Court,Sat,08:00,Fri,07:31,False,False,False,False,0,False
B-009488,R-0292,35,Badminton Court,Badminton Court,0.355,"Badminton Court, Swimming Pool, Multipurpose Hall",Sat,18:00,Fri,20:13,Swimming Pool,Sun,16:30,Fri,08:09,False,False,False,False,0,False
B-009489,R-0283,36,Badminton Court,Swimming Pool,0.147,"Swimming Pool, Kids Play Area, Badminton Court",Fri,17:00,Thu,09:39,Gym,Sun,07:45,Fri,10:41,False,False,False,False,0,False
B-009490,R-0086,44,Squash Court,Squash Court,0.544,"Squash Court, Tennis Court, Gym",Fri,19:00,Fri,11:54,Squash Court,Sat,08:45,Fri,11:46,True,False,False,False,1,False
B-009491,R-0288,37,Badminton Court,Tennis Court,0.378,"Tennis Court, Squash Court, Badminton Court",Fri,07:00,Wed,15:42,Clubhouse,Wed,11:45,Fri,18:29,False,False,False,False,0,False
B-009492,R-0092,41,Multipurpose Hall,Kids Play Area,0.372,"Kids Play Area, Multipurpose Hall, Gym",Fri,16:00,Fri,00:01,Squash Court,Mon,08:15,Fri,20:18,False,False,False,False,0,False
B-009493,R-0233,42,Clubhouse,Badminton Court,0.332,"Badminton Court, Gym, Squash Court",Sat,17:00,Fri,05:21,Badminton Court,Sat,17:00,Fri,21:29,True,True,True,False,3,False
B-009494,R-0071,4,Tennis Court,Tennis Court,0.367,"Tennis Court, Squash Court, Swimming Pool",Sat,19:00,Fri,13:57,Tennis Court,Sat,18:15,Fri,21:49,True,True,False,False,2,False
B-009495,R-0166,53,Gym,Gym,0.428,"Gym, Squash Court, Clubhouse",Sat,11:00,Fri,18:18,Gym,Sat,11:45,Fri,23:29,True,True,True,False,3,False
B-009496,R-0161,24,Tennis Court,Tennis Court,0.399,"Tennis Court, Clubhouse, Kids Play Area",Mon,07:00,Fri,23:58,Tennis Court,Tue,07:30,Sat,03:03,True,False,True,False,2,False
B-009497,R-0151,37,Gym,Gym,0.597,"Gym, Squash Court, Swimming Pool",Mon,17:00,Mon,01:55,Gym,Sat,17:00,Sat,03:37,True,False,True,True,3,False
B-009498,R-0128,26,Squash Court,Tennis Court,0.245,"Tennis Court, Squash Court, Kids Play Area",Mon,17:00,Sun,10:30,Tennis Court,Sat,17:00,Sat,03:39,True,False,True,False,2,False
B-009499,R-0276,44,Kids Play Area,Kids Play Area,0.428,"Kids Play Area, Tennis Court, Badminton Court",Sat,16:00,Sat,07:19,Kids Play Area,Sat,16:00,Sat,05:24,True,True,True,True,4,True
B-009500,R-0064,75,Tennis Court,Tennis Court,0.198,"Tennis Court, Gym, Swimming Pool",Sat,18:00,Fri,12:42,Tennis Court,Sun,18:15,Sat,05:25,True,False,True,False,2,False
B-009501,R-0090,78,Squash Court,Badminton Court,0.274,"Badminton Court, Clubhouse, Squash Court",Sun,20:00,Sat,00:54,Badminton Court,Sat,21:15,Sat,05:29,True,False,False,False,1,False
B-009502,R-0104,31,Squash Court,Gym,0.393,"Gym, Squash Court, Tennis Court",Sun,16:00,Sat,08:59,Squash Court,Sat,18:15,Sat,07:32,False,False,False,False,0,False
B-009503,R-0157,46,Kids Play Area,Kids Play Area,0.59,"Kids Play Area, Badminton Court, Swimming Pool",Sat,16:00,Sat,12:02,Kids Play Area,Sat,16:45,Sat,08:13,True,True,True,False,3,False
B-009504,R-0044,25,Gym,Squash Court,0.392,"Squash Court, Clubhouse, Gym",Sun,19:00,Sun,15:52,Gym,Sat,20:45,Sat,17:47,False,False,False,True,1,False
B-009505,R-0259,76,Multipurpose Hall,Clubhouse,0.154,"Clubhouse, Multipurpose Hall, Kids Play Area",Mon,19:00,Sat,00:32,Multipurpose Hall,Mon,19:30,Sat,18:58,False,True,True,True,3,False
B-009506,R-0178,39,Gym,Clubhouse,0.32,"Clubhouse, Badminton Court, Kids Play Area",Sun,11:00,Thu,17:11,Tennis Court,Sun,07:00,Sat,20:50,False,True,False,False,1,False
B-009507,R-0232,65,Kids Play Area,Kids Play Area,0.513,"Kids Play Area, Badminton Court, Swimming Pool",Mon,10:00,Sun,19:48,Kids Play Area,Sun,10:15,Sat,21:04,True,False,True,True,3,False
B-009508,R-0298,7,Swimming Pool,Swimming Pool,0.428,"Swimming Pool, Tennis Court, Gym",Mon,17:00,Mon,01:47,Swimming Pool,Sun,17:45,Sat,21:58,True,False,True,False,2,False
B-009509,R-0091,26,Tennis Court,Badminton Court,0.234,"Badminton Court, Kids Play Area, Tennis Court",Sun,19:00,Sun,01:52,Squash Court,Sun,20:00,Sun,03:05,False,True,False,True,2,False
B-009510,R-0287,23,Gym,Swimming Pool,0.278,"Swimming Pool, Gym, Clubhouse",Sun,19:00,Sun,02:50,Kids Play Area,Sun,16:30,Sun,03:13,False,True,False,True,2,False
B-009511,R-0270,10,Multipurpose Hall,Kids Play Area,0.215,"Kids Play Area, Multipurpose Hall, Tennis Court",Mon,10:00,Mon,00:07,Badminton Court,Mon,20:15,Sun,03:29,False,True,False,False,1,False
B-009512,R-0205,26,Clubhouse,Gym,0.287,"Gym, Clubhouse, Squash Court",Sun,17:00,Sun,02:17,Clubhouse,Sun,20:30,Sun,03:53,False,True,False,False,1,False
B-009513,R-0231,22,Clubhouse,Multipurpose Hall,0.23,"Multipurpose Hall, Clubhouse, Gym",Mon,18:00,Wed,19:50,Gym,Mon,20:30,Sun,05:38,False,True,False,False,1,False
B-009514,R-0014,19,Gym,Swimming Pool,0.309,"Swimming Pool, Gym, Kids Play Area",Mon,08:00,Sun,15:53,Tennis Court,Mon,07:45,Sun,07:01,False,True,False,False,1,False
B-009515,R-0254,25,Tennis Court,Gym,0.323,"Gym, Tennis Court, Badminton Court",Sun,17:00,Sun,01:31,Kids Play Area,Sun,16:45,Sun,07:25,False,True,False,False,1,False
B-009516,R-0100,58,Tennis Court,Tennis Court,0.187,"Tennis Court, Kids Play Area, Badminton Court",Sun,17:00,Sat,06:23,Kids Play Area,Sun,17:45,Sun,07:28,False,True,True,False,2,False
B-009517,R-0166,54,Gym,Gym,0.366,"Gym, Clubhouse, Multipurpose Hall",Sun,11:00,Sat,19:43,Gym,Sun,11:45,Sun,08:43,True,True,True,False,3,False
B-009518,R-0122,58,Gym,Gym,0.281,"Gym, Badminton Court, Kids Play Area",Sun,20:00,Sun,04:01,Badminton Court,Sun,21:45,Sun,09:52,False,True,False,False,1,False
B-009519,R-0054,34,Squash Court,Badminton Court,0.338,"Badminton Court, Squash Court, Swimming Pool",Sun,18:00,Sun,09:31,Badminton Court,Sun,20:00,Sun,11:33,True,True,False,True,3,False
B-009520,R-0135,40,Kids Play Area,Kids Play Area,0.217,"Kids Play Area, Gym, Badminton Court",Mon,18:00,Mon,10:16,Kids Play Area,Sun,18:45,Sun,11:49,True,False,True,True,3,False
B-009521,R-0056,56,Squash Court,Swimming Pool,0.349,"Swimming Pool, Squash Court, Kids Play Area",Mon,08:00,Sun,16:05,Swimming Pool,Mon,08:15,Sun,12:03,True,True,True,False,3,False
B-009522,R-0101,53,Badminton Court,Badminton Court,0.439,"Badminton Court, Squash Court, Clubhouse",Sun,19:00,Sat,22:25,Badminton Court,Sun,19:15,Sun,12:06,True,True,True,False,3,False
B-009523,R-0123,5,Badminton Court,Badminton Court,0.317,"Badminton Court, Clubhouse, Squash Court",Sun,19:00,Sun,10:57,Badminton Court,Sun,17:30,Sun,12:27,True,True,False,True,3,False
B-009524,R-0194,71,Kids Play Area,Swimming Pool,0.392,"Swimming Pool, Multipurpose Hall, Kids Play Area",Mon,08:00,Sun,02:10,Kids Play Area,Mon,10:00,Sun,14:19,False,True,False,False,1,False
B-009525,R-0209,38,Badminton Court,Gym,0.343,"Gym, Swimming Pool, Badminton Court",Sun,11:00,Sun,06:06,Kids Play Area,Sun,16:30,Sun,14:44,False,True,False,False,1,False
B-009526,R-0129,37,Squash Court,Squash Court,0.405,"Squash Court, Tennis Court, Badminton Court",Sun,08:00,Sat,15:37,Swimming Pool,Mon,08:30,Sun,14:59,False,False,True,True,2,False
B-009527,R-0218,13,Kids Play Area,Squash Court,0.372,"Squash Court, Kids Play Area, Gym",Sun,19:00,Sun,15:22,Squash Court,Sun,19:30,Sun,16:30,True,True,True,True,4,True
B-009528,R-0152,34,Squash Court,Tennis Court,0.23,"Tennis Court, Kids Play Area, Squash Court",Mon,07:00,Fri,13:35,Kids Play Area,Mon,09:15,Sun,17:31,False,True,False,False,1,False
B-009529,R-0045,49,Clubhouse,Clubhouse,0.217,"Clubhouse, Gym, Tennis Court",Sun,17:00,Thu,09:57,Clubhouse,Mon,20:15,Sun,20:15,True,False,False,False,1,False
B-009530,R-0158,64,Kids Play Area,Swimming Pool,0.364,"Swimming Pool, Kids Play Area, Squash Court",Sun,16:00,Sat,23:31,Gym,Mon,09:30,Sun,20:41,False,False,False,False,0,False
B-009531,R-0240,63,Clubhouse,Kids Play Area,0.191,"Kids Play Area, Gym, Clubhouse",Mon,17:00,Sun,22:00,Gym,Mon,16:15,Sun,20:58,False,True,False,True,2,False
B-009532,R-0023,28,Tennis Court,Tennis Court,0.489,"Tennis Court, Multipurpose Hall, Swimming Pool",Tue,06:00,Mon,20:02,Tennis Court,Mon,06:00,Mon,00:28,True,False,True,False,2,False
B-009533,R-0098,47,Clubhouse,Kids Play Area,0.309,"Kids Play Area, Clubhouse, Gym",Mon,10:00,Sun,21:47,Gym,Tue,07:30,Mon,00:42,False,False,False,False,0,False
B-009534,R-0187,52,Tennis Court,Multipurpose Hall,0.167,"Multipurpose Hall, Tennis Court, Badminton Court",Tue,17:00,Tue,19:42,Squash Court,Mon,20:00,Mon,01:26,False,False,False,False,0,False
B-009535,R-0096,62,Gym,Gym,0.461,"Gym, Clubhouse, Badminton Court",Tue,11:00,Mon,19:52,Gym,Mon,07:15,Mon,01:40,True,False,False,False,1,False
B-009536,R-0305,31,Clubhouse,Gym,0.278,"Gym, Clubhouse, Tennis Court",Tue,11:00,Tue,03:34,Gym,Mon,09:45,Mon,02:24,True,False,False,True,2,False
B-009537,R-0217,17,Squash Court,Tennis Court,0.287,"Tennis Court, Squash Court, Kids Play Area",Mon,17:00,Mon,04:19,Tennis Court,Mon,17:15,Mon,03:37,True,True,True,True,4,True
B-009538,R-0135,41,Kids Play Area,Kids Play Area,0.217,"Kids Play Area, Gym, Clubhouse",Mon,18:00,Mon,04:03,Kids Play Area,Mon,16:45,Mon,04:07,True,True,False,True,3,False
B-009539,R-0038,40,Multipurpose Hall,Multipurpose Hall,0.269,"Multipurpose Hall, Swimming Pool, Kids Play Area",Mon,19:00,Sun,21:09,Kids Play Area,Mon,17:00,Mon,04:16,False,True,False,False,1,False
B-009540,R-0187,53,Squash Court,Squash Court,0.17,"Squash Court, Tennis Court, Multipurpose Hall",Tue,19:00,Tue,01:48,Squash Court,Tue,07:45,Mon,05:16,True,True,False,False,2,False
B-009541,R-0062,53,Badminton Court,Badminton Court,0.571,"Badminton Court, Squash Court, Gym",Tue,20:00,Mon,00:06,Squash Court,Tue,18:00,Mon,10:13,False,True,False,False,1,False
B-009542,R-0032,72,Tennis Court,Tennis Court,0.448,"Tennis Court, Squash Court, Multipurpose Hall",Wed,06:00,Mon,21:39,Kids Play Area,Mon,17:30,Mon,10:51,False,False,False,False,0,False
B-009543,R-0180,66,Multipurpose Hall,Badminton Court,0.291,"Badminton Court, Kids Play Area, Multipurpose Hall",Tue,21:00,Mon,21:34,Kids Play Area,Mon,16:15,Mon,12:47,False,False,False,False,0,False
B-009544,R-0221,44,Gym,Gym,0.276,"Gym, Clubhouse, Kids Play Area",Tue,16:00,Mon,09:04,Kids Play Area,Tue,17:00,Mon,13:29,False,True,False,True,2,False
B-009545,R-0078,21,Gym,Swimming Pool,0.222,"Swimming Pool, Gym, Squash Court",Tue,19:00,Mon,10:02,Swimming Pool,Sun,16:00,Mon,16:00,True,False,False,False,1,False
B-009546,R-0092,42,Squash Court,Kids Play Area,0.345,"Kids Play Area, Multipurpose Hall, Gym",Tue,16:00,Mon,22:42,Kids Play Area,Thu,17:15,Mon,18:12,True,False,False,False,1,False
B-009547,R-0120,35,Tennis Court,Kids Play Area,0.169,"Kids Play Area, Tennis Court, Swimming Pool",Tue,17:00,Tue,03:57,Kids Play Area,Tue,09:00,Tue,03:17,True,True,False,False,2,False
B-009548,R-0175,33,Multipurpose Hall,Squash Court,0.256,"Squash Court, Tennis Court, Gym",Tue,08:00,Mon,16:17,Squash Court,Tue,08:30,Tue,04:30,True,True,True,False,3,False
B-009549,R-0035,23,Gym,Gym,0.336,"Gym, Swimming Pool, Squash Court",Tue,15:00,Mon,05:54,Swimming Pool,Thu,16:15,Tue,09:45,False,False,False,False,0,False
B-009550,R-0057,42,Squash Court,Squash Court,0.165,"Squash Court, Gym, Swimming Pool",Tue,08:00,Mon,15:18,Badminton Court,Wed,21:00,Tue,12:14,False,False,False,False,0,False
B-009551,R-0124,26,Swimming Pool,Squash Court,0.438,"Squash Court, Swimming Pool, Gym",Tue,18:00,Tue,12:54,Swimming Pool,Tue,17:30,Tue,13:13,False,True,False,True,2,False
B-009552,R-0296,33,Squash Court,Squash Court,0.468,"Squash Court, Gym, Tennis Court",Tue,18:00,Mon,08:52,Squash Court,Wed,18:15,Tue,13:53,True,False,True,False,2,False
B-009553,R-0087,16,Clubhouse,Clubhouse,0.411,"Clubhouse, Multipurpose Hall, Gym",Tue,19:00,Sun,00:24,Multipurpose Hall,Fri,19:00,Tue,14:22,False,False,True,True,2,False
B-009554,R-0084,28,Gym,Swimming Pool,0.421,"Swimming Pool, Gym, Squash Court",Tue,07:00,Mon,01:21,Swimming Pool,Wed,07:00,Tue,14:31,True,False,True,False,2,False
B-009555,R-0016,33,Kids Play Area,Kids Play Area,0.397,"Kids Play Area, Clubhouse, Swimming Pool",Tue,16:00,Tue,09:19,Squash Court,Thu,19:30,Tue,15:50,False,False,False,False,0,False
B-009556,R-0114,40,Kids Play Area,Kids Play Area,0.381,"Kids Play Area, Swimming Pool, Badminton Court",Tue,10:00,Mon,18:54,Kids Play Area,Thu,10:30,Tue,17:09,True,False,True,False,2,False
B-009557,R-0207,33,Clubhouse,Multipurpose Hall,0.31,"Multipurpose Hall, Clubhouse, Swimming Pool",Wed,10:00,Fri,23:43,Gym,Wed,08:00,Tue,18:18,False,True,False,False,1,False
B-009558,R-0131,17,Badminton Court,Badminton Court,0.377,"Badminton Court, Swimming Pool, Squash Court",Wed,19:00,Tue,22:41,Gym,Wed,08:30,Tue,18:27,False,True,False,False,1,False
B-009559,R-0185,11,Tennis Court,Tennis Court,0.447,"Tennis Court, Squash Court, Multipurpose Hall",Wed,18:00,Tue,14:41,Tennis Court,Thu,18:15,Wed,04:21,True,False,True,False,2,False
B-009560,R-0096,63,Gym,Gym,0.386,"Gym, Clubhouse, Squash Court",Thu,11:00,Wed,19:29,Gym,Thu,11:15,Wed,08:34,True,True,True,False,3,False
B-009561,R-0138,34,Swimming Pool,Swimming Pool,0.246,"Swimming Pool, Tennis Court, Squash Court",Wed,19:00,Wed,02:49,Badminton Court,Wed,21:30,Wed,08:45,False,True,False,False,1,False
B-009562,R-0269,59,Kids Play Area,Badminton Court,0.352,"Badminton Court, Multipurpose Hall, Tennis Court",Sat,19:00,Sat,01:10,Kids Play Area,Wed,16:45,Wed,08:48,False,False,False,False,0,False
B-009563,R-0109,13,Gym,Gym,0.263,"Gym, Clubhouse, Multipurpose Hall",Thu,11:00,Wed,19:18,Badminton Court,Thu,20:00,Wed,09:31,False,True,False,False,1,False
B-009564,R-0244,26,Swimming Pool,Badminton Court,0.392,"Badminton Court, Swimming Pool, Squash Court",Wed,19:00,Wed,00:47,Squash Court,Wed,20:45,Wed,10:00,False,True,False,False,1,False
B-009565,R-0118,20,Gym,Kids Play Area,0.354,"Kids Play Area, Badminton Court, Gym",Wed,18:00,Wed,14:26,Gym,Wed,18:30,Wed,12:58,False,True,True,True,3,False
B-009566,R-0003,32,Badminton Court,Tennis Court,0.397,"Tennis Court, Swimming Pool, Badminton Court",Wed,18:00,Mon,10:38,Swimming Pool,Sat,19:15,Wed,14:41,False,False,False,False,0,False
B-009567,R-0210,24,Badminton Court,Badminton Court,0.217,"Badminton Court, Squash Court, Tennis Court",Wed,20:00,Wed,16:01,Kids Play Area,Wed,18:45,Wed,15:29,False,True,False,True,2,False
B-009568,R-0240,64,Gym,Kids Play Area,0.166,"Kids Play Area, Gym, Clubhouse",Wed,17:00,Wed,09:56,Tennis Court,Tue,17:30,Wed,16:12,False,False,True,False,1,False
B-009569,R-0046,56,Badminton Court,Kids Play Area,0.213,"Kids Play Area, Clubhouse, Badminton Court",Wed,18:00,Wed,16:52,Kids Play Area,Wed,18:45,Wed,17:44,True,True,True,True,4,True
B-009570,R-0146,77,Clubhouse,Badminton Court,0.24,"Badminton Court, Clubhouse, Kids Play Area",Thu,18:00,Thu,05:42,Clubhouse,Sat,11:30,Wed,19:26,False,False,False,False,0,False
B-009571,R-0023,29,Tennis Court,Tennis Court,0.51,"Tennis Court, Swimming Pool, Squash Court",Thu,06:00,Wed,18:26,Tennis Court,Thu,06:00,Wed,20:35,True,True,True,True,4,True
B-009572,R-0055,23,Swimming Pool,Swimming Pool,0.38,"Swimming Pool, Multipurpose Hall, Tennis Court",Thu,18:00,Thu,08:05,Multipurpose Hall,Sat,18:15,Thu,01:02,False,False,True,False,1,False
B-009573,R-0278,53,Tennis Court,Tennis Court,0.374,"Tennis Court, Squash Court, Gym",Thu,07:00,Wed,21:57,Squash Court,Thu,19:45,Thu,03:35,False,True,False,False,1,False
B-009574,R-0301,17,Swimming Pool,Swimming Pool,0.173,"Swimming Pool, Kids Play Area, Gym",Thu,08:00,Wed,22:19,Kids Play Area,Thu,09:00,Thu,06:31,False,True,False,False,1,False
B-009575,R-0151,38,Gym,Gym,0.54,"Gym, Clubhouse, Squash Court",Thu,17:00,Thu,01:53,Gym,Thu,17:45,Thu,06:47,True,True,True,False,3,False
B-009576,R-0159,36,Clubhouse,Kids Play Area,0.179,"Kids Play Area, Multipurpose Hall, Tennis Court",Thu,10:00,Thu,07:26,Tennis Court,Thu,19:45,Thu,07:41,False,True,False,False,1,False
B-009577,R-0280,33,Tennis Court,Tennis Court,0.238,"Tennis Court, Squash Court, Badminton Court",Thu,17:00,Wed,06:12,Tennis Court,Fri,17:45,Thu,10:08,True,False,True,True,3,False
B-009578,R-0045,50,Clubhouse,Clubhouse,0.233,"Clubhouse, Gym, Tennis Court",Sat,17:00,Wed,00:32,Clubhouse,Sat,17:30,Thu,10:21,True,True,True,False,3,False
B-009579,R-0172,20,Kids Play Area,Kids Play Area,0.461,"Kids Play Area, Badminton Court, Multipurpose Hall",Thu,17:00,Thu,13:05,Kids Play Area,Thu,17:00,Thu,12:46,True,True,True,True,4,True
B-009580,R-0105,46,Gym,Tennis Court,0.276,"Tennis Court, Badminton Court, Gym",Fri,07:00,Tue,11:28,Squash Court,Mon,08:15,Thu,16:52,False,False,False,False,0,False
B-009581,R-0091,27,Squash Court,Badminton Court,0.217,"Badminton Court, Squash Court, Tennis Court",Sat,19:00,Fri,22:49,Tennis Court,Sat,06:45,Thu,21:28,False,True,False,False,1,False
B-009582,R-0264,16,Multipurpose Hall,Tennis Court,0.296,"Tennis Court, Multipurpose Hall, Squash Court",Fri,07:00,Thu,04:20,Tennis Court,Sat,06:30,Fri,01:45,True,False,False,True,2,False
B-009583,R-0094,14,Badminton Court,Badminton Court,0.296,"Badminton Court, Clubhouse, Kids Play Area",Fri,17:00,Fri,02:36,Clubhouse,Wed,17:00,Fri,03:37,False,False,True,False,1,False
B-009584,R-0229,47,Kids Play Area,Squash Court,0.392,"Squash Court, Tennis Court, Badminton Court",Sat,07:00,Thu,22:52,Squash Court,Mon,07:00,Fri,05:04,True,False,True,False,2,False
B-009585,R-0166,55,Gym,Gym,0.425,"Gym, Clubhouse, Squash Court",Sat,11:00,Fri,19:43,Tennis Court,Sat,07:45,Fri,05:15,False,True,False,False,1,False
B-009586,R-0111,55,Kids Play Area,Swimming Pool,0.458,"Swimming Pool, Kids Play Area, Squash Court",Fri,19:00,Fri,02:53,Squash Court,Fri,19:15,Fri,10:14,False,True,True,False,2,False
B-009587,R-0139,66,Tennis Court,Tennis Court,0.47,"Tennis Court, Squash Court, Kids Play Area",Fri,18:00,Wed,02:22,Tennis Court,Mon,18:15,Fri,10:44,True,False,True,False,2,False
B-009588,R-0198,29,Gym,Multipurpose Hall,0.223,"Multipurpose Hall, Gym, Clubhouse",Sat,17:00,Fri,02:29,Squash Court,Sun,18:45,Fri,11:12,False,False,False,False,0,False
B-009589,R-0306,12,Kids Play Area,Kids Play Area,0.661,"Kids Play Area, Badminton Court, Multipurpose Hall",Fri,16:00,Fri,11:41,Kids Play Area,Fri,16:45,Fri,11:49,True,True,True,True,4,True
B-009590,R-0235,29,Swimming Pool,Swimming Pool,0.37,"Swimming Pool, Squash Court, Clubhouse",Sat,19:00,Sat,03:14,Swimming Pool,Sat,19:00,Fri,12:32,True,True,True,False,3,False
B-009591,R-0083,49,Multipurpose Hall,Multipurpose Hall,0.418,"Multipurpose Hall, Clubhouse, Swimming Pool",Fri,17:00,Fri,12:32,Multipurpose Hall,Wed,17:45,Fri,12:51,True,False,True,False,2,False
B-009592,R-0291,26,Badminton Court,Badminton Court,0.498,"Badminton Court, Squash Court, Tennis Court",Fri,21:00,Fri,01:41,Tennis Court,Sat,07:45,Fri,15:10,False,False,False,True,1,False
B-009593,R-0163,50,Kids Play Area,Kids Play Area,0.532,"Kids Play Area, Multipurpose Hall, Badminton Court",Fri,18:00,Fri,14:21,Kids Play Area,Fri,18:00,Fri,16:42,True,True,True,True,4,True
B-009594,R-0027,32,Tennis Court,Gym,0.3,"Gym, Clubhouse, Squash Court",Sat,09:00,Fri,17:04,Swimming Pool,Sat,06:30,Fri,17:21,False,True,False,True,2,False
B-009595,R-0181,36,Badminton Court,Badminton Court,0.235,"Badminton Court, Gym, Tennis Court",Sat,18:00,Fri,06:56,Tennis Court,Sun,06:15,Fri,17:26,False,False,False,True,1,False
B-009596,R-0125,31,Gym,Gym,0.352,"Gym, Squash Court, Badminton Court",Fri,09:00,Thu,00:33,Gym,Wed,07:15,Fri,19:15,True,False,False,False,1,False
B-009597,R-0062,54,Squash Court,Badminton Court,0.459,"Badminton Court, Squash Court, Gym",Fri,20:00,Wed,17:38,Badminton Court,Mon,20:15,Fri,22:29,True,False,True,False,2,False
B-009598,R-0122,59,Badminton Court,Gym,0.263,"Gym, Badminton Court, Swimming Pool",Sat,20:00,Sat,01:51,Gym,Sat,06:45,Fri,23:53,True,True,False,False,2,False
B-009599,R-0019,37,Tennis Court,Tennis Court,0.358,"Tennis Court, Squash Court, Multipurpose Hall",Sat,17:00,Sat,05:01,Multipurpose Hall,Sun,19:30,Sat,01:02,False,False,False,False,0,False
B-009600,R-0069,37,Swimming Pool,Swimming Pool,0.214,"Swimming Pool, Gym, Clubhouse",Sat,17:00,Sat,01:27,Gym,Sat,15:45,Sat,01:23,False,True,False,True,2,False
B-009601,R-0180,67,Kids Play Area,Badminton Court,0.275,"Badminton Court, Kids Play Area, Multipurpose Hall",Sat,21:00,Fri,22:27,Badminton Court,Sat,21:15,Sat,03:40,True,True,True,False,3,False
B-009602,R-0271,32,Squash Court,Squash Court,0.436,"Squash Court, Tennis Court, Gym",Sun,08:00,Sat,15:37,Kids Play Area,Sun,09:30,Sat,03:46,False,True,False,False,1,False
B-009603,R-0090,79,Badminton Court,Badminton Court,0.292,"Badminton Court, Squash Court, Clubhouse",Sat,20:00,Thu,21:30,Tennis Court,Tue,18:45,Sat,07:03,False,False,False,False,0,False
B-009604,R-0126,19,Tennis Court,Tennis Court,0.192,"Tennis Court, Gym, Squash Court",Sun,17:00,Sat,10:04,Gym,Sat,17:30,Sat,07:05,False,False,True,False,1,False
B-009605,R-0086,45,Squash Court,Squash Court,0.501,"Squash Court, Multipurpose Hall, Tennis Court",Sat,19:00,Sat,12:10,Squash Court,Sat,19:30,Sat,08:51,True,True,True,False,3,False
B-009606,R-0054,35,Badminton Court,Badminton Court,0.343,"Badminton Court, Squash Court, Clubhouse",Sat,18:00,Sat,09:00,Badminton Court,Sat,18:45,Sat,09:31,True,True,True,True,4,True
B-009607,R-0018,40,Tennis Court,Tennis Court,0.467,"Tennis Court, Squash Court, Swimming Pool",Sun,19:00,Sat,17:39,Tennis Court,Sun,19:30,Sat,10:12,True,True,True,False,3,False
B-009608,R-0132,18,Clubhouse,Tennis Court,0.389,"Tennis Court, Swimming Pool, Squash Court",Mon,07:00,Fri,22:28,Swimming Pool,Mon,06:00,Sat,10:30,False,True,False,False,1,False
B-009609,R-0225,44,Kids Play Area,Clubhouse,0.427,"Clubhouse, Kids Play Area, Multipurpose Hall",Mon,11:00,Sat,23:16,Kids Play Area,Sat,16:30,Sat,11:13,False,False,False,False,0,False
B-009610,R-0272,25,Badminton Court,Badminton Court,0.321,"Badminton Court, Tennis Court, Multipurpose Hall",Sat,21:00,Fri,07:15,Squash Court,Sun,20:30,Sat,11:25,False,False,False,True,1,False
B-009611,R-0028,40,Gym,Gym,0.418,"Gym, Swimming Pool, Badminton Court",Sat,20:00,Sat,14:17,Gym,Sat,20:30,Sat,13:22,True,True,True,True,4,True
B-009612,R-0100,59,Kids Play Area,Kids Play Area,0.191,"Kids Play Area, Tennis Court, Badminton Court",Sun,17:00,Sat,21:17,Badminton Court,Sun,18:30,Sat,19:31,False,True,False,True,2,False
B-009613,R-0006,23,Tennis Court,Tennis Court,0.332,"Tennis Court, Badminton Court, Swimming Pool",Sun,07:00,Fri,20:45,Swimming Pool,Sun,16:30,Sat,21:07,False,True,False,False,1,False
B-009614,R-0129,38,Swimming Pool,Squash Court,0.319,"Squash Court, Tennis Court, Swimming Pool",Sun,08:00,Sat,13:55,Squash Court,Sun,08:30,Sat,21:35,True,True,True,False,3,False
B-009615,R-0048,31,Badminton Court,Kids Play Area,0.199,"Kids Play Area, Clubhouse, Tennis Court",Sun,16:00,Sun,00:07,Tennis Court,Wed,18:45,Sat,22:07,False,False,False,False,0,False
B-009616,R-0075,22,Squash Court,Gym,0.281,"Gym, Clubhouse, Tennis Court",Sun,09:00,Sat,01:58,Squash Court,Tue,07:15,Sat,23:36,False,False,False,False,0,False
B-009617,R-0155,28,Kids Play Area,Gym,0.27,"Gym, Kids Play Area, Swimming Pool",Sun,17:00,Sun,00:51,Badminton Court,Sun,17:15,Sun,02:58,False,True,True,True,3,False
B-009618,R-0057,43,Badminton Court,Gym,0.153,"Gym, Swimming Pool, Badminton Court",Sun,11:00,Sat,19:23,Gym,Sun,08:45,Sun,04:34,True,True,False,False,2,False
B-009619,R-0182,30,Gym,Gym,0.587,"Gym, Squash Court, Badminton Court",Mon,08:00,Sun,16:47,Gym,Sun,19:15,Sun,06:16,True,False,False,True,2,False
B-009620,R-0043,19,Gym,Gym,0.459,"Gym, Swimming Pool, Badminton Court",Sun,11:00,Sat,03:10,Tennis Court,Tue,07:15,Sun,07:04,False,False,False,False,0,False
B-009621,R-0209,39,Kids Play Area,Gym,0.301,"Gym, Multipurpose Hall, Badminton Court",Sun,11:00,Sun,05:38,Gym,Sun,11:45,Sun,07:15,True,True,True,True,4,True
B-009622,R-0124,27,Swimming Pool,Squash Court,0.403,"Squash Court, Swimming Pool, Gym",Sun,18:00,Sun,10:03,Squash Court,Sun,18:15,Sun,09:44,True,True,True,True,4,True
B-009623,R-0082,49,Gym,Gym,0.375,"Gym, Clubhouse, Swimming Pool",Sun,19:00,Sun,11:20,Gym,Sun,19:45,Sun,10:03,True,True,True,True,4,True
B-009624,R-0217,18,Tennis Court,Tennis Court,0.351,"Tennis Court, Squash Court, Kids Play Area",Sun,17:00,Sun,05:13,Squash Court,Sun,20:00,Sun,10:57,False,True,False,True,2,False
B-009625,R-0120,36,Kids Play Area,Kids Play Area,0.192,"Kids Play Area, Multipurpose Hall, Clubhouse",Sun,16:00,Sun,08:40,Kids Play Area,Sun,17:45,Sun,11:35,True,True,False,True,3,False
B-009626,R-0038,41,Kids Play Area,Multipurpose Hall,0.267,"Multipurpose Hall, Kids Play Area, Clubhouse",Mon,17:00,Sun,13:07,Tennis Court,Mon,17:30,Mon,02:33,False,True,True,False,2,False
B-009627,R-0036,80,Kids Play Area,Multipurpose Hall,0.303,"Multipurpose Hall, Tennis Court, Kids Play Area",Tue,10:00,Sun,13:04,Swimming Pool,Mon,06:00,Mon,03:43,False,False,False,False,0,False
B-009628,R-0159,37,Tennis Court,Multipurpose Hall,0.173,"Multipurpose Hall, Tennis Court, Kids Play Area",Tue,19:00,Thu,07:58,Kids Play Area,Mon,10:00,Mon,07:03,False,False,False,False,0,False
B-009629,R-0178,40,Tennis Court,Clubhouse,0.239,"Clubhouse, Badminton Court, Kids Play Area",Tue,19:00,Sat,16:50,Kids Play Area,Mon,10:45,Mon,08:15,False,False,False,False,0,False
B-009630,R-0290,37,Swimming Pool,Swimming Pool,0.321,"Swimming Pool, Gym, Squash Court",Tue,19:00,Tue,13:35,Swimming Pool,Mon,19:15,Mon,12:41,True,False,True,True,3,False
B-009631,R-0058,55,Swimming Pool,Swimming Pool,0.453,"Swimming Pool, Kids Play Area, Tennis Court",Tue,08:00,Mon,16:22,Swimming Pool,Tue,08:30,Mon,12:43,True,True,True,False,3,False
B-009632,R-0042,18,Kids Play Area,Badminton Court,0.411,"Badminton Court, Kids Play Area, Squash Court",Tue,20:00,Tue,13:56,Badminton Court,Mon,17:30,Mon,12:53,True,False,False,True,2,False
B-009633,R-0137,41,Kids Play Area,Kids Play Area,0.738,"Kids Play Area, Multipurpose Hall, Gym",Tue,17:00,Tue,15:25,Kids Play Area,Mon,17:45,Mon,15:07,True,False,True,True,3,False
B-009634,R-0214,13,Badminton Court,Badminton Court,0.159,"Badminton Court, Gym, Squash Court",Tue,17:00,Tue,13:35,Badminton Court,Mon,18:00,Mon,15:56,True,False,False,True,2,False
B-009635,R-0046,57,Kids Play Area,Kids Play Area,0.28,"Kids Play Area, Clubhouse, Swimming Pool",Mon,18:00,Mon,16:44,Kids Play Area,Mon,18:15,Mon,16:21,True,True,True,True,4,True
B-009636,R-0317,28,Gym,Gym,0.475,"Gym, Squash Court, Swimming Pool",Tue,10:00,Mon,21:46,Gym,Tue,10:15,Mon,19:05,True,True,True,True,4,True
B-009637,R-0171,12,Squash Court,Swimming Pool,0.315,"Swimming Pool, Squash Court, Clubhouse",Tue,19:00,Tue,01:12,Squash Court,Tue,20:15,Mon,20:21,False,True,False,False,1,False
B-009638,R-0212,71,Multipurpose Hall,Gym,0.266,"Gym, Clubhouse, Multipurpose Hall",Wed,08:00,Tue,00:26,Gym,Tue,08:30,Mon,20:38,True,False,True,False,2,False
B-009639,R-0022,28,Swimming Pool,Kids Play Area,0.412,"Kids Play Area, Swimming Pool, Badminton Court",Tue,09:00,Mon,21:12,Kids Play Area,Tue,09:15,Tue,01:12,True,True,True,False,3,False
B-009640,R-0275,46,Kids Play Area,Multipurpose Hall,0.383,"Multipurpose Hall, Kids Play Area, Swimming Pool",Sat,19:00,Mon,20:32,Kids Play Area,Tue,17:45,Tue,11:42,False,False,False,False,0,False
B-009641,R-0176,28,Tennis Court,Swimming Pool,0.32,"Swimming Pool, Squash Court, Tennis Court",Tue,06:00,Tue,01:48,Tennis Court,Tue,17:30,Tue,14:43,False,True,False,True,2,False
B-009642,R-0117,39,Swimming Pool,Swimming Pool,0.463,"Swimming Pool, Clubhouse, Squash Court",Tue,08:00,Mon,14:34,Swimming Pool,Tue,19:30,Tue,18:03,True,True,False,False,2,False
B-009643,R-0302,31,Tennis Court,Multipurpose Hall,0.221,"Multipurpose Hall, Clubhouse, Swimming Pool",Wed,19:00,Mon,22:16,Gym,Wed,15:00,Tue,18:58,False,True,False,False,1,False
B-009644,R-0278,54,Squash Court,Tennis Court,0.393,"Tennis Court, Squash Court, Gym",Wed,07:00,Tue,18:36,Swimming Pool,Wed,06:15,Tue,21:57,False,True,False,False,1,False
B-009645,R-0236,25,Squash Court,Gym,0.279,"Gym, Squash Court, Kids Play Area",Thu,06:00,Wed,03:12,Kids Play Area,Wed,09:30,Wed,01:42,False,False,False,False,0,False
B-009646,R-0153,15,Gym,Gym,0.461,"Gym, Badminton Court, Clubhouse",Wed,08:00,Wed,02:42,Gym,Wed,08:00,Wed,04:27,True,True,True,True,4,True
B-009647,R-0073,20,Kids Play Area,Kids Play Area,0.591,"Kids Play Area, Swimming Pool, Badminton Court",Wed,10:00,Wed,04:27,Swimming Pool,Wed,08:30,Wed,04:45,False,True,False,True,2,False
B-009648,R-0013,30,Gym,Swimming Pool,0.402,"Swimming Pool, Gym, Clubhouse",Wed,19:00,Wed,03:55,Badminton Court,Wed,18:15,Wed,05:49,False,True,False,True,2,False
B-009649,R-0311,68,Squash Court,Multipurpose Hall,0.256,"Multipurpose Hall, Clubhouse, Kids Play Area",Thu,18:00,Mon,11:23,Kids Play Area,Wed,16:45,Wed,06:44,False,False,False,False,0,False
B-009650,R-0052,88,Badminton Court,Badminton Court,0.24,"Badminton Court, Multipurpose Hall, Kids Play Area",Wed,17:00,Wed,07:37,Gym,Wed,11:45,Wed,07:09,False,True,False,False,1,False
B-009651,R-0256,39,Gym,Swimming Pool,0.33,"Swimming Pool, Gym, Kids Play Area",Wed,16:00,Wed,10:40,Swimming Pool,Wed,16:45,Wed,12:45,True,True,True,True,4,True
B-009652,R-0193,34,Badminton Court,Badminton Court,0.492,"Badminton Court, Kids Play Area, Swimming Pool",Wed,20:00,Wed,16:32,Badminton Court,Wed,20:15,Wed,15:49,True,True,True,True,4,True
